id,sexo,edad,edad_r,hab,prov,ccaa,edu,cs8,cs,lengua,p1_1,p1_2,p1_3,p1_4,p1_5,p1_6,p1_7,p1_8,p1_9,p1_10,p1_11,p1_12,p1_13,p1_14,p1_15,p1_16,p1_17,p1_18,p1_19,p1_20,p1_21,p1_22,p1_23,p1_24,p2,p3,p4,p5,p6_1,p6_2,p6_3,p6_4,p6_5,p6_6,p6_7,p6_8,p6_9,p6_10,p6_11,p6_12,p6_13,p7_1,p7_2,p7_3,p7_4,p7_5,p7_6,p7_7,p7_8,p8_1,p8_2,p8_3,p8_4,p8_5,p8_6,p8_7,p8_8,p8_9,p8_10,p8_11,p8_12,p8_13,p8_14,p8_15,p8_16,p9_1,p9_2,p9_3,p9_4,p9_5,p9_6,p9_7,p10,p11_1,p11_2,p11_3,p11_4,p11_5,p11_6,p11_7,p11_8,p11_9,p11_10,p11_11,p11_12,p11_13,p11_14,p11_15,p12_1,p12_2,p12_3,p13,p14,p15,p16,p17_1,p17_2,p17_3,p17_4,p17_5,p17_6,p18,p19,p20_1,p20_2,p21_1,p21_2,p21_3,p21_4,p21_5,p21_6,p21_7,p21_8,p21_9,p21_10,p21_11,p21_12,p21_13,p21_14,p21_15,p21_16,p21_17,p21_18,p21_19,p21_20,p22,p23,p24_1,p24_2,p24_3,p24_4,p24_5,p24_6,p24_7,p24_8,p25_1,p25_2,p25_3,p25_4,p25_5,p25_6,p25_7,p25_8,p25_9,p26_1,p26_2,p26_3,p26_4,p27,p28_1,p28_2,p28_3,p28_4,p28_5,p28_6,p28_7,p28_8,p29_1,p29_2,p30_1,p30_2,p30_3,p30_4,p30_5,p30_6,p30_7,p30_8,p30_9,p30_10,p30_11,p30_12,p30_13,p30_14,p31_1,p31_2,p31_3,p31_4,p32_1,p32_2,p32_3,p33_1,p33_2,p33_3,p33_4,p33_5,p33_6,p34_1,p34_2,p34_3,p34_4,p34_5,p34_6,p34_7,p35_1,p35_2,p35_3,p35_4,p35_5,p35_6,p35_7,p35_8,p35_9,p36,p37_1,p37_2,p37_3,p37_4,p37_5,p37_6,p37_7,p38,p39_1,p39_2,p39_3,p39_4,p39_5,p39_6,p39_7,p40,p41,p42,ccaa_otra,pais_otra,p43_1,p43_2,p43_3,p43_4,p43_5,p43_6,p43_7,p43_8,p44_1,p44_2,p44_3,p45,p46,ponde
1.0,2.0,53.0,4.0,5.0,1.0,16.0,4.0,1.0,5.0,1.0,,,,,,1.0,,1.0,,,,,,,,,,,,,,,,,1.0,2.0,2.0,4.0,3.0,3.0,3.0,3.0,3.0,3.0,3.0,3.0,3.0,3.0,3.0,3.0,3.0,3.0,4.0,4.0,3.0,4.0,4.0,3.0,3.0,6.0,7.0,7.0,8.0,7.0,4.0,9.0,8.0,9.0,99.0,99.0,3.0,8.0,99.0,5.0,9.0,2.0,1.0,1.0,3.0,1.0,1.0,1.0,3.0,1.0,,,,1.0,,,,,1.0,,,,,,4.0,5.0,2.0,5.0,2.0,,4.0,,,,,,1.0,2.0,2.0,6.0,7.0,6.0,99.0,7.0,9.0,9.0,7.0,5.0,7.0,5.0,9.0,9.0,7.0,5.0,7.0,7.0,8.0,9.0,8.0,9.0,4.0,4.0,5.0,,,,,,,,1.0,8.0,8.0,8.0,8.0,8.0,8.0,8.0,8.0,8.0,4.0,3.0,3.0,1.0,2.0,,,,,,,1.0,,1.0,3.0,3.0,3.0,3.0,3.0,3.0,3.0,3.0,3.0,3.0,3.0,3.0,3.0,3.0,3.0,1.0,1.0,1.0,1.0,4.0,3.0,2.0,1.0,,1.0,,,,1.0,1.0,1.0,1.0,1.0,,,,,,,,1.0,1.0,,,2.0,1.0,1.0,8.0,3.0,8.0,8.0,10.0,8.0,10.0,10.0,7.0,8.0,99.0,0.0,0.0,5.0,1.0,1.0,,,,1.0,,,1.0,,,,1.0,1.0,3.0,1.0,1.0,0.6097956702216201
2.0,2.0,50.0,4.0,2.0,3.0,16.0,4.0,1.0,2.0,1.0,,,,,,,,,,,,,,,,1.0,1.0,,,,1.0,,,,2.0,2.0,2.0,4.0,3.0,2.0,3.0,3.0,3.0,3.0,3.0,3.0,3.0,3.0,3.0,3.0,3.0,3.0,3.0,3.0,3.0,4.0,3.0,4.0,3.0,8.0,8.0,8.0,4.0,6.0,7.0,8.0,9.0,7.0,4.0,8.0,7.0,6.0,7.0,7.0,7.0,2.0,2.0,1.0,1.0,2.0,2.0,1.0,3.0,,,,,,1.0,,,,,1.0,,,1.0,,3.0,2.0,3.0,4.0,2.0,,2.0,1.0,1.0,,,,,3.0,2.0,7.0,8.0,6.0,4.0,8.0,7.0,6.0,7.0,9.0,7.0,4.0,8.0,8.0,7.0,5.0,7.0,3.0,6.0,7.0,6.0,7.0,6.0,4.0,2.0,,1.0,,1.0,,,1.0,,3.0,1.0,3.0,3.0,3.0,1.0,1.0,5.0,2.0,3.0,3.0,3.0,2.0,2.0,,,,,,1.0,1.0,,1.0,1.0,2.0,2.0,3.0,3.0,3.0,3.0,2.0,1.0,1.0,1.0,1.0,2.0,1.0,3.0,2.0,2.0,2.0,2.0,1.0,1.0,1.0,,,1.0,,,1.0,,,,1.0,1.0,,,,1.0,,1.0,1.0,1.0,1.0,,,3.0,6.0,9.0,4.0,1.0,8.0,8.0,10.0,7.0,9.0,10.0,7.0,7.0,8.0,0.0,0.0,5.0,5.0,1.0,,,,1.0,,,1.0,,,,2.0,3.0,2.0,3.0,3.0,0.9333405868781586
3.0,1.0,38.0,3.0,5.0,3.0,16.0,7.0,1.0,4.0,1.0,,,,,,1.0,,,,,,,,,,1.0,1.0,,,,,,,,2.0,2.0,2.0,4.0,3.0,3.0,3.0,3.0,3.0,3.0,3.0,3.0,3.0,3.0,3.0,3.0,3.0,4.0,3.0,4.0,3.0,4.0,3.0,4.0,3.0,4.0,6.0,7.0,7.0,6.0,7.0,6.0,8.0,7.0,3.0,6.0,3.0,8.0,7.0,4.0,5.0,2.0,1.0,1.0,1.0,3.0,2.0,3.0,4.0,,,1.0,,,1.0,1.0,,,,,,,,,4.0,4.0,1.0,3.0,2.0,,3.0,1.0,1.0,1.0,1.0,,,2.0,2.0,3.0,7.0,6.0,0.0,6.0,6.0,0.0,6.0,7.0,6.0,0.0,7.0,6.0,3.0,4.0,6.0,0.0,4.0,4.0,4.0,4.0,6.0,4.0,1.0,,,,1.0,1.0,,1.0,,5.0,5.0,5.0,7.0,1.0,5.0,5.0,5.0,1.0,2.0,2.0,2.0,2.0,3.0,,,,,,1.0,1.0,,2.0,2.0,3.0,2.0,3.0,3.0,3.0,3.0,3.0,3.0,3.0,3.0,3.0,2.0,2.0,2.0,1.0,1.0,1.0,3.0,4.0,1.0,1.0,,1.0,1.0,,,,,,,1.0,,,,,,,,,1.0,,,,4.0,5.0,4.0,6.0,2.0,3.0,9.0,10.0,7.0,10.0,10.0,4.0,6.0,6.0,1.0,0.0,8.0,5.0,1.0,,,,1.0,,,,,,,1.0,1.0,1.0,5.0,1.0,0.7818485918208353
4.0,1.0,58.0,5.0,5.0,2.0,16.0,3.0,2.0,5.0,1.0,,,,,,1.0,,1.0,,,,,,,,,1.0,,,,,,,,4.0,3.0,4.0,,2.0,1.0,3.0,2.0,4.0,2.0,2.0,2.0,2.0,2.0,1.0,1.0,1.0,3.0,2.0,2.0,2.0,4.0,3.0,1.0,2.0,5.0,0.0,0.0,0.0,0.0,2.0,0.0,5.0,0.0,0.0,6.0,6.0,4.0,0.0,0.0,0.0,1.0,1.0,1.0,1.0,1.0,1.0,3.0,4.0,,,,,,1.0,1.0,,1.0,,,,,,,2.0,4.0,1.0,2.0,1.0,2.0,3.0,1.0,1.0,,,,,3.0,3.0,0.0,7.0,0.0,0.0,10.0,4.0,0.0,10.0,4.0,4.0,6.0,10.0,10.0,0.0,0.0,5.0,5.0,0.0,10.0,6.0,4.0,0.0,5.0,2.0,1.0,,1.0,,,,1.0,,1.0,8.0,1.0,1.0,1.0,1.0,1.0,8.0,1.0,1.0,2.0,1.0,2.0,3.0,,,,,,,,1.0,1.0,1.0,2.0,2.0,1.0,3.0,3.0,2.0,3.0,3.0,1.0,1.0,3.0,2.0,2.0,3.0,2.0,2.0,3.0,2.0,3.0,2.0,2.0,,,,1.0,,1.0,1.0,1.0,1.0,1.0,1.0,,,1.0,1.0,,1.0,,1.0,,,,99.0,99.0,99.0,99.0,99.0,99.0,99.0,99.0,10.0,10.0,10.0,6.0,10.0,5.0,0.0,0.0,3.0,4.0,2.0,7.0,,,,,1.0,,,,,3.0,3.0,3.0,12.0,12.0,0.43473669619112765
5.0,1.0,38.0,3.0,5.0,2.0,16.0,6.0,1.0,3.0,1.0,,,,,,,,1.0,,,1.0,,,,,,1.0,,,,,,,,3.0,3.0,3.0,3.0,3.0,3.0,3.0,3.0,3.0,2.0,3.0,3.0,3.0,3.0,3.0,3.0,3.0,4.0,4.0,4.0,3.0,4.0,4.0,4.0,3.0,7.0,5.0,9.0,8.0,4.0,5.0,7.0,8.0,3.0,4.0,7.0,4.0,7.0,6.0,3.0,4.0,1.0,1.0,1.0,1.0,1.0,1.0,1.0,3.0,,1.0,1.0,,,,,,,,,,1.0,,,3.0,3.0,2.0,4.0,2.0,,3.0,1.0,1.0,,,1.0,,3.0,3.0,4.0,6.0,1.0,7.0,6.0,2.0,3.0,2.0,2.0,4.0,2.0,8.0,5.0,2.0,2.0,4.0,4.0,6.0,7.0,0.0,6.0,7.0,4.0,2.0,,1.0,,1.0,,1.0,,,6.0,6.0,6.0,6.0,6.0,6.0,6.0,6.0,6.0,4.0,2.0,2.0,2.0,2.0,,,,,,1.0,,,2.0,2.0,1.0,3.0,3.0,1.0,1.0,3.0,3.0,1.0,3.0,3.0,1.0,3.0,3.0,3.0,2.0,2.0,2.0,3.0,4.0,3.0,2.0,,1.0,1.0,,,,,1.0,,1.0,1.0,,,1.0,,1.0,,1.0,1.0,,,,6.0,8.0,0.0,3.0,0.0,1.0,7.0,10.0,6.0,9.0,9.0,4.0,9.0,2.0,3.0,2.0,8.0,1.0,1.0,,,,1.0,,,1.0,,,,2.0,1.0,2.0,6.0,5.0,0.5346637861556145
6.0,2.0,48.0,4.0,3.0,2.0,16.0,5.0,1.0,3.0,1.0,,,,,,,,,,,,,,,,,,,,,,,,1.0,6.0,4.0,2.0,4.0,3.0,2.0,3.0,3.0,3.0,3.0,3.0,3.0,3.0,2.0,3.0,3.0,2.0,2.0,3.0,3.0,3.0,2.0,3.0,3.0,2.0,99.0,99.0,99.0,99.0,99.0,99.0,99.0,99.0,99.0,99.0,99.0,99.0,99.0,99.0,99.0,99.0,1.0,1.0,1.0,1.0,1.0,1.0,1.0,5.0,,,,,1.0,1.0,,,,,,1.0,,,,4.0,5.0,4.0,5.0,2.0,,5.0,,1.0,,,,,6.0,4.0,99.0,99.0,99.0,99.0,99.0,99.0,99.0,99.0,99.0,99.0,99.0,99.0,99.0,99.0,99.0,99.0,99.0,99.0,99.0,99.0,99.0,99.0,6.0,5.0,,,,,,,,1.0,8.0,8.0,8.0,8.0,8.0,8.0,8.0,8.0,8.0,5.0,5.0,5.0,5.0,3.0,,,,,,,,1.0,5.0,5.0,3.0,3.0,3.0,3.0,3.0,3.0,3.0,3.0,3.0,3.0,3.0,3.0,3.0,3.0,5.0,5.0,5.0,5.0,5.0,3.0,3.0,,,1.0,,,1.0,,,,,,1.0,,,,,,,,1.0,,,99.0,99.0,99.0,99.0,99.0,99.0,99.0,99.0,99.0,99.0,99.0,99.0,99.0,99.0,99.0,99.0,7.0,6.0,1.0,,,,1.0,,,1.0,,,,2.0,2.0,2.0,13.0,12.0,0.5414083653018315
7.0,1.0,46.0,4.0,1.0,2.0,16.0,6.0,1.0,5.0,1.0,1.0,,1.0,,,,,,,,,,1.0,,,,,,,,,,,,2.0,1.0,2.0,4.0,3.0,3.0,3.0,3.0,3.0,1.0,3.0,3.0,3.0,3.0,1.0,1.0,3.0,4.0,4.0,4.0,4.0,4.0,4.0,4.0,3.0,10.0,7.0,7.0,9.0,8.0,7.0,8.0,8.0,6.0,6.0,4.0,6.0,3.0,8.0,8.0,6.0,2.0,2.0,1.0,2.0,1.0,2.0,3.0,3.0,,,,,,,,1.0,,1.0,,,,1.0,,2.0,2.0,2.0,2.0,2.0,,2.0,1.0,1.0,,,,,3.0,2.0,7.0,7.0,5.0,0.0,7.0,4.0,5.0,7.0,6.0,7.0,0.0,5.0,7.0,6.0,3.0,3.0,2.0,6.0,4.0,5.0,7.0,6.0,3.0,2.0,1.0,,,,,1.0,1.0,,8.0,2.0,8.0,7.0,2.0,1.0,1.0,2.0,2.0,3.0,3.0,2.0,2.0,2.0,,,,,,,1.0,,1.0,2.0,2.0,2.0,1.0,1.0,1.0,1.0,1.0,1.0,1.0,1.0,1.0,2.0,1.0,1.0,5.0,5.0,5.0,5.0,5.0,4.0,4.0,,,1.0,,1.0,,1.0,,,1.0,,,,1.0,1.0,,,,,,,,2.0,4.0,1.0,3.0,3.0,3.0,6.0,10.0,8.0,8.0,10.0,6.0,5.0,3.0,1.0,0.0,6.0,3.0,1.0,,,,,1.0,1.0,,,,,1.0,1.0,1.0,11.0,10.0,0.9431529090620364
8.0,2.0,63.0,5.0,2.0,3.0,16.0,5.0,1.0,5.0,1.0,,,,,,1.0,,,,,,,,,,,1.0,,,,1.0,,,,3.0,2.0,3.0,4.0,3.0,1.0,3.0,3.0,3.0,3.0,3.0,3.0,3.0,3.0,3.0,3.0,3.0,3.0,3.0,4.0,2.0,4.0,4.0,4.0,3.0,1.0,1.0,8.0,4.0,1.0,3.0,8.0,2.0,4.0,1.0,3.0,0.0,3.0,8.0,5.0,2.0,2.0,1.0,1.0,1.0,1.0,2.0,1.0,3.0,1.0,,,,,,,,1.0,,,,,1.0,,3.0,2.0,1.0,2.0,2.0,,1.0,1.0,1.0,,1.0,,,3.0,2.0,3.0,4.0,2.0,1.0,4.0,3.0,5.0,3.0,1.0,3.0,4.0,8.0,4.0,2.0,1.0,6.0,3.0,4.0,7.0,1.0,3.0,3.0,6.0,1.0,,1.0,1.0,1.0,,1.0,1.0,,8.0,8.0,8.0,8.0,8.0,8.0,8.0,8.0,1.0,1.0,1.0,1.0,1.0,3.0,,,,1.0,,1.0,1.0,,1.0,1.0,2.0,2.0,3.0,1.0,1.0,2.0,3.0,3.0,3.0,3.0,3.0,2.0,2.0,2.0,2.0,2.0,2.0,2.0,3.0,1.0,1.0,1.0,,,,,1.0,,,1.0,1.0,,,,,,1.0,,1.0,1.0,1.0,,,4.0,6.0,5.0,6.0,5.0,5.0,9.0,10.0,7.0,6.0,6.0,4.0,3.0,0.0,0.0,0.0,7.0,1.0,1.0,,,1.0,,,,,,,,1.0,1.0,1.0,11.0,10.0,1.1741464642145065
9.0,2.0,37.0,3.0,5.0,2.0,16.0,4.0,1.0,6.0,1.0,,,,,,,,1.0,,1.0,,,,,,,,1.0,,,,,,,1.0,2.0,2.0,3.0,3.0,2.0,3.0,3.0,3.0,2.0,3.0,3.0,3.0,3.0,3.0,3.0,3.0,2.0,3.0,2.0,2.0,3.0,2.0,3.0,2.0,9.0,10.0,9.0,9.0,8.0,3.0,8.0,8.0,9.0,8.0,9.0,9.0,7.0,6.0,5.0,8.0,2.0,3.0,3.0,3.0,3.0,1.0,3.0,4.0,1.0,,,1.0,,1.0,,,,,,,,,,1.0,2.0,1.0,2.0,1.0,5.0,2.0,1.0,1.0,,1.0,,,2.0,1.0,0.0,6.0,0.0,0.0,10.0,10.0,8.0,10.0,8.0,8.0,5.0,8.0,9.0,5.0,6.0,5.0,5.0,4.0,7.0,5.0,0.0,5.0,5.0,2.0,1.0,1.0,1.0,,,,,,2.0,2.0,2.0,2.0,2.0,2.0,2.0,2.0,2.0,1.0,1.0,1.0,1.0,3.0,,,1.0,1.0,1.0,1.0,1.0,,2.0,2.0,2.0,3.0,3.0,1.0,1.0,3.0,3.0,1.0,3.0,3.0,3.0,3.0,3.0,3.0,2.0,2.0,1.0,1.0,4.0,3.0,3.0,,1.0,1.0,,,,,,1.0,1.0,1.0,,,,,,,1.0,,1.0,,,1.0,7.0,0.0,7.0,5.0,5.0,10.0,10.0,10.0,10.0,10.0,0.0,0.0,0.0,0.0,0.0,4.0,1.0,1.0,,,,1.0,,,1.0,,,,2.0,2.0,2.0,2.0,2.0,0.40109543647029045
10.0,1.0,70.0,6.0,4.0,2.0,16.0,4.0,2.0,3.0,1.0,,,,,,1.0,,1.0,,,1.0,,,,,,,,,,,,,,3.0,2.0,4.0,,1.0,2.0,1.0,3.0,1.0,2.0,2.0,3.0,3.0,1.0,4.0,3.0,2.0,3.0,3.0,4.0,3.0,3.0,5.0,4.0,4.0,2.0,7.0,6.0,5.0,4.0,3.0,3.0,4.0,4.0,3.0,7.0,5.0,7.0,4.0,6.0,5.0,2.0,1.0,1.0,1.0,3.0,1.0,3.0,3.0,,,,,,1.0,1.0,,,,1.0,,,,,1.0,2.0,2.0,3.0,2.0,,3.0,,1.0,,,,,3.0,2.0,7.0,7.0,4.0,5.0,5.0,3.0,6.0,3.0,5.0,5.0,5.0,7.0,3.0,5.0,4.0,6.0,5.0,5.0,7.0,4.0,6.0,5.0,2.0,3.0,,,,,,1.0,1.0,,2.0,3.0,8.0,3.0,7.0,8.0,8.0,5.0,6.0,4.0,3.0,4.0,2.0,1.0,,1.0,,,,,,,4.0,2.0,3.0,2.0,1.0,1.0,3.0,3.0,1.0,1.0,1.0,1.0,3.0,2.0,3.0,2.0,3.0,3.0,3.0,3.0,3.0,3.0,3.0,,1.0,,1.0,,,,1.0,1.0,1.0,1.0,,,,,,,1.0,1.0,,,,4.0,5.0,0.0,3.0,3.0,2.0,8.0,10.0,3.0,8.0,10.0,6.0,8.0,8.0,2.0,0.0,4.0,4.0,2.0,5.0,,,1.0,,,,,,,3.0,3.0,3.0,10.0,9.0,0.848997805681662
11.0,1.0,61.0,5.0,5.0,2.0,16.0,4.0,2.0,6.0,1.0,,,,,,1.0,,,,,,,,,,,1.0,,,,1.0,,,,2.0,2.0,5.0,,3.0,1.0,3.0,3.0,3.0,3.0,3.0,3.0,3.0,3.0,3.0,3.0,3.0,3.0,4.0,4.0,3.0,3.0,3.0,4.0,2.0,6.0,8.0,7.0,6.0,4.0,6.0,6.0,7.0,7.0,4.0,5.0,5.0,5.0,7.0,6.0,6.0,2.0,1.0,1.0,1.0,1.0,2.0,1.0,2.0,1.0,,,,,,,,1.0,,,,,1.0,,3.0,3.0,3.0,5.0,1.0,3.0,3.0,1.0,,1.0,,1.0,,2.0,2.0,5.0,7.0,7.0,2.0,6.0,4.0,4.0,6.0,2.0,6.0,2.0,7.0,5.0,3.0,3.0,6.0,4.0,5.0,7.0,6.0,6.0,3.0,3.0,3.0,,1.0,,1.0,1.0,,,,3.0,3.0,3.0,3.0,3.0,3.0,3.0,3.0,1.0,3.0,3.0,3.0,2.0,1.0,,,,,,,1.0,,1.0,3.0,2.0,3.0,1.0,2.0,3.0,3.0,3.0,3.0,3.0,1.0,3.0,2.0,1.0,3.0,2.0,1.0,1.0,3.0,5.0,2.0,5.0,,1.0,1.0,,,,,,,1.0,1.0,,,,1.0,,,,1.0,,,,4.0,7.0,2.0,4.0,3.0,3.0,8.0,10.0,2.0,9.0,10.0,6.0,8.0,6.0,0.0,0.0,6.0,3.0,1.0,,,,1.0,,,,,,,3.0,3.0,3.0,3.0,3.0,0.4101278266777226
12.0,2.0,42.0,3.0,5.0,1.0,16.0,6.0,1.0,3.0,1.0,,,,,1.0,,,,,1.0,,,,,,,1.0,,,,,,,,3.0,3.0,2.0,3.0,3.0,3.0,3.0,3.0,3.0,3.0,3.0,3.0,3.0,3.0,3.0,3.0,2.0,4.0,4.0,4.0,4.0,4.0,4.0,4.0,3.0,9.0,3.0,5.0,6.0,5.0,4.0,7.0,7.0,5.0,3.0,5.0,5.0,5.0,6.0,5.0,7.0,1.0,1.0,1.0,1.0,1.0,1.0,3.0,3.0,1.0,,,,,1.0,,,1.0,,,,,,,2.0,4.0,5.0,2.0,2.0,,5.0,1.0,,,,1.0,,3.0,2.0,4.0,5.0,4.0,4.0,5.0,99.0,6.0,5.0,5.0,5.0,0.0,5.0,8.0,5.0,0.0,6.0,5.0,5.0,7.0,5.0,5.0,5.0,6.0,3.0,,,,,,,,1.0,8.0,8.0,8.0,8.0,8.0,8.0,8.0,8.0,8.0,4.0,4.0,4.0,3.0,1.0,,,,,,,1.0,,1.0,2.0,3.0,3.0,3.0,3.0,3.0,3.0,3.0,1.0,3.0,3.0,3.0,3.0,3.0,3.0,2.0,2.0,2.0,2.0,2.0,1.0,1.0,,,1.0,,,1.0,,,1.0,1.0,,,,,1.0,,,,1.0,,,,99.0,99.0,99.0,0.0,99.0,99.0,10.0,10.0,0.0,99.0,99.0,99.0,99.0,99.0,99.0,99.0,7.0,5.0,1.0,,,,1.0,,,1.0,,,,3.0,3.0,3.0,11.0,10.0,0.619550554975249
13.0,1.0,49.0,4.0,1.0,2.0,16.0,2.0,1.0,4.0,1.0,,,,,,,,1.0,,,,,,,,,1.0,,,,,,,,3.0,3.0,2.0,1.0,3.0,1.0,3.0,3.0,3.0,2.0,3.0,3.0,3.0,3.0,3.0,3.0,2.0,3.0,3.0,3.0,2.0,4.0,3.0,4.0,2.0,7.0,6.0,6.0,5.0,4.0,5.0,5.0,7.0,4.0,4.0,4.0,4.0,5.0,7.0,6.0,5.0,1.0,1.0,1.0,1.0,1.0,1.0,1.0,3.0,,,,,,1.0,,,1.0,1.0,,,,,,3.0,2.0,3.0,3.0,2.0,,4.0,,1.0,,,,,3.0,2.0,3.0,5.0,5.0,2.0,7.0,8.0,1.0,6.0,6.0,5.0,0.0,6.0,8.0,5.0,1.0,5.0,6.0,7.0,7.0,1.0,6.0,5.0,6.0,5.0,,,,1.0,,,,,1.0,8.0,1.0,7.0,1.0,1.0,8.0,8.0,8.0,5.0,5.0,3.0,2.0,1.0,,,,,,,,1.0,1.0,3.0,3.0,2.0,3.0,3.0,3.0,3.0,3.0,1.0,3.0,3.0,3.0,3.0,3.0,3.0,2.0,2.0,2.0,3.0,4.0,3.0,3.0,,,1.0,,,1.0,,,1.0,,,,,,1.0,,,,1.0,,,,6.0,5.0,6.0,2.0,5.0,2.0,6.0,5.0,3.0,7.0,6.0,2.0,5.0,3.0,4.0,5.0,2.0,3.0,1.0,,,,1.0,,,,,,,3.0,3.0,3.0,13.0,11.0,0.9685976311250727
14.0,2.0,61.0,5.0,1.0,2.0,16.0,3.0,1.0,5.0,1.0,,,,,,1.0,,,,,,,,,,1.0,,,,,1.0,,,,2.0,2.0,2.0,4.0,3.0,3.0,3.0,3.0,3.0,3.0,3.0,3.0,3.0,3.0,3.0,3.0,3.0,3.0,3.0,3.0,2.0,3.0,3.0,3.0,1.0,8.0,7.0,7.0,7.0,6.0,6.0,7.0,8.0,7.0,4.0,5.0,6.0,6.0,5.0,7.0,7.0,1.0,1.0,1.0,1.0,1.0,2.0,3.0,3.0,1.0,,,,,,,,,,1.0,,,1.0,,3.0,2.0,2.0,3.0,2.0,,3.0,1.0,,,,,,2.0,2.0,5.0,7.0,4.0,1.0,6.0,8.0,4.0,5.0,6.0,7.0,2.0,6.0,8.0,4.0,2.0,4.0,2.0,99.0,6.0,7.0,8.0,5.0,3.0,2.0,,1.0,,1.0,,,1.0,,3.0,1.0,1.0,3.0,8.0,1.0,1.0,2.0,1.0,3.0,3.0,3.0,2.0,2.0,,,,,,1.0,1.0,,1.0,3.0,3.0,3.0,1.0,3.0,3.0,3.0,3.0,3.0,3.0,3.0,3.0,3.0,3.0,3.0,1.0,2.0,2.0,2.0,3.0,1.0,3.0,,1.0,1.0,,,,,,1.0,1.0,,,,,1.0,,,,1.0,,,,99.0,5.0,1.0,3.0,4.0,5.0,8.0,10.0,5.0,9.0,6.0,6.0,5.0,5.0,2.0,1.0,3.0,1.0,1.0,,,,1.0,,,,,,,3.0,3.0,3.0,12.0,11.0,1.2080538807757273
15.0,2.0,37.0,3.0,3.0,3.0,16.0,6.0,1.0,1.0,1.0,,,,,,,,,,,,,,,1.0,,1.0,,,,1.0,,,,5.0,3.0,2.0,4.0,1.0,1.0,3.0,3.0,3.0,3.0,1.0,3.0,3.0,1.0,1.0,1.0,1.0,2.0,1.0,1.0,1.0,2.0,1.0,1.0,4.0,0.0,0.0,0.0,0.0,0.0,0.0,0.0,0.0,0.0,0.0,0.0,0.0,0.0,0.0,0.0,0.0,2.0,2.0,2.0,2.0,2.0,2.0,2.0,4.0,,,1.0,,,,,1.0,,1.0,,,,,,5.0,5.0,5.0,1.0,1.0,2.0,5.0,1.0,,,,,,5.0,3.0,0.0,0.0,0.0,0.0,0.0,0.0,10.0,0.0,0.0,0.0,99.0,0.0,0.0,0.0,0.0,0.0,0.0,0.0,0.0,0.0,0.0,0.0,6.0,5.0,,,,1.0,1.0,1.0,1.0,,8.0,8.0,8.0,8.0,8.0,8.0,8.0,8.0,8.0,5.0,5.0,5.0,5.0,1.0,,,,,,,,1.0,1.0,5.0,1.0,2.0,1.0,1.0,1.0,3.0,3.0,1.0,1.0,1.0,1.0,3.0,3.0,3.0,2.0,2.0,2.0,2.0,1.0,1.0,1.0,1.0,,,1.0,,,,1.0,1.0,1.0,1.0,,,,,1.0,1.0,,1.0,1.0,,,99.0,99.0,99.0,99.0,99.0,99.0,99.0,99.0,99.0,99.0,99.0,99.0,99.0,99.0,99.0,99.0,8.0,6.0,1.0,,,,,1.0,1.0,,1.0,,,1.0,2.0,2.0,11.0,10.0,1.9408768523201583
16.0,2.0,44.0,3.0,4.0,3.0,16.0,5.0,1.0,2.0,1.0,,,,,1.0,,1.0,,,1.0,,,,,,,,,,,,,,,3.0,2.0,2.0,4.0,1.0,1.0,3.0,3.0,3.0,1.0,2.0,3.0,3.0,3.0,3.0,3.0,1.0,3.0,3.0,3.0,3.0,3.0,3.0,3.0,3.0,6.0,4.0,6.0,4.0,4.0,6.0,4.0,4.0,4.0,4.0,0.0,4.0,4.0,7.0,4.0,7.0,3.0,3.0,3.0,3.0,3.0,3.0,3.0,2.0,1.0,,1.0,,,,1.0,,,,,,,,,2.0,2.0,2.0,3.0,1.0,7.0,2.0,1.0,,,1.0,,,3.0,2.0,4.0,7.0,3.0,0.0,5.0,2.0,0.0,5.0,5.0,2.0,0.0,5.0,7.0,5.0,3.0,5.0,4.0,3.0,5.0,5.0,5.0,2.0,4.0,4.0,,,,1.0,,1.0,1.0,,7.0,7.0,7.0,7.0,7.0,7.0,7.0,7.0,7.0,3.0,3.0,3.0,3.0,1.0,,1.0,,,1.0,,,,3.0,3.0,3.0,3.0,3.0,3.0,3.0,3.0,3.0,3.0,3.0,3.0,3.0,3.0,3.0,3.0,3.0,3.0,3.0,3.0,3.0,3.0,3.0,1.0,1.0,,,,,,,1.0,,,,,,,,,,,1.0,,,7.0,5.0,5.0,5.0,5.0,5.0,5.0,5.0,6.0,4.0,4.0,4.0,2.0,4.0,4.0,4.0,7.0,5.0,1.0,,,,1.0,,,1.0,,,,1.0,1.0,1.0,10.0,6.0,0.7703708360768753
17.0,1.0,53.0,4.0,2.0,2.0,16.0,4.0,1.0,4.0,1.0,,,,,,,,,,,,1.0,1.0,,,1.0,,,,,,,,,3.0,2.0,2.0,3.0,3.0,3.0,3.0,3.0,3.0,3.0,3.0,3.0,3.0,3.0,1.0,3.0,3.0,3.0,3.0,3.0,2.0,4.0,3.0,2.0,3.0,6.0,6.0,7.0,6.0,7.0,7.0,7.0,8.0,7.0,5.0,7.0,6.0,7.0,8.0,6.0,7.0,2.0,2.0,2.0,1.0,1.0,2.0,1.0,2.0,,,,,,,,,1.0,,,1.0,,1.0,,2.0,3.0,4.0,3.0,2.0,,2.0,1.0,1.0,,1.0,,,3.0,2.0,8.0,8.0,5.0,1.0,8.0,5.0,7.0,6.0,6.0,8.0,1.0,8.0,8.0,6.0,4.0,8.0,6.0,1.0,7.0,7.0,3.0,8.0,3.0,2.0,,,,1.0,1.0,1.0,,,5.0,2.0,2.0,4.0,2.0,1.0,1.0,4.0,2.0,3.0,2.0,2.0,2.0,2.0,1.0,,,,,1.0,1.0,,2.0,2.0,2.0,1.0,1.0,1.0,1.0,1.0,1.0,1.0,1.0,1.0,2.0,1.0,3.0,2.0,2.0,2.0,2.0,2.0,2.0,1.0,1.0,1.0,,1.0,,,,1.0,,1.0,,1.0,,,,1.0,,,,1.0,1.0,,,4.0,7.0,3.0,5.0,3.0,3.0,9.0,8.0,6.0,7.0,8.0,6.0,7.0,6.0,2.0,1.0,5.0,4.0,1.0,,,,,1.0,1.0,,,,,2.0,2.0,3.0,2.0,2.0,0.7256425679604057
18.0,1.0,51.0,4.0,2.0,3.0,16.0,4.0,2.0,5.0,1.0,,,,,,,,,,,1.0,,,,,1.0,,,,,1.0,,,,4.0,3.0,12.0,,1.0,1.0,3.0,3.0,3.0,3.0,3.0,3.0,3.0,2.0,3.0,1.0,1.0,2.0,3.0,3.0,2.0,2.0,1.0,4.0,2.0,1.0,99.0,99.0,1.0,1.0,8.0,0.0,8.0,2.0,99.0,99.0,0.0,99.0,99.0,99.0,5.0,1.0,1.0,1.0,1.0,1.0,1.0,1.0,4.0,,,1.0,,,,1.0,,,,,1.0,,,,4.0,4.0,1.0,5.0,2.0,,1.0,1.0,1.0,,,,,4.0,3.0,1.0,4.0,0.0,0.0,8.0,4.0,0.0,3.0,4.0,4.0,0.0,99.0,8.0,0.0,1.0,1.0,4.0,3.0,7.0,3.0,1.0,0.0,5.0,1.0,1.0,1.0,1.0,1.0,,,,,8.0,8.0,8.0,8.0,8.0,8.0,8.0,8.0,8.0,1.0,5.0,2.0,1.0,1.0,,,1.0,1.0,1.0,1.0,1.0,,1.0,3.0,2.0,3.0,1.0,3.0,3.0,3.0,3.0,2.0,3.0,3.0,3.0,2.0,3.0,3.0,2.0,2.0,2.0,2.0,3.0,1.0,1.0,,1.0,,,,1.0,,,,1.0,1.0,,,,,,,,1.0,,,,3.0,6.0,2.0,8.0,8.0,8.0,9.0,10.0,8.0,4.0,6.0,2.0,2.0,2.0,1.0,0.0,4.0,5.0,2.0,15.0,,,1.0,,,,,,,2.0,2.0,1.0,1.0,2.0,0.9166806803995544
19.0,2.0,52.0,4.0,3.0,2.0,16.0,5.0,1.0,3.0,1.0,,,,,,1.0,,1.0,,,,,,,,,1.0,,,,,,,,2.0,2.0,2.0,2.0,3.0,1.0,3.0,3.0,3.0,3.0,1.0,3.0,3.0,1.0,3.0,3.0,1.0,3.0,2.0,3.0,2.0,4.0,2.0,4.0,1.0,2.0,6.0,6.0,6.0,2.0,2.0,5.0,6.0,5.0,2.0,6.0,4.0,3.0,6.0,7.0,3.0,2.0,2.0,1.0,1.0,1.0,2.0,2.0,4.0,1.0,,,,,,,1.0,,,,,,1.0,,3.0,3.0,3.0,3.0,2.0,,2.0,1.0,,,1.0,,,3.0,2.0,5.0,5.0,2.0,0.0,2.0,3.0,3.0,3.0,5.0,4.0,0.0,5.0,5.0,2.0,1.0,0.0,2.0,0.0,5.0,3.0,5.0,4.0,5.0,2.0,,1.0,1.0,,,,,,2.0,2.0,2.0,8.0,8.0,2.0,8.0,4.0,2.0,2.0,5.0,1.0,3.0,3.0,,,,,,1.0,1.0,,2.0,1.0,2.0,2.0,1.0,1.0,3.0,1.0,2.0,3.0,2.0,3.0,3.0,2.0,3.0,2.0,2.0,2.0,1.0,1.0,2.0,1.0,1.0,,1.0,1.0,,,,,,1.0,,1.0,,,,1.0,,,,,,,,2.0,7.0,1.0,3.0,2.0,3.0,10.0,10.0,7.0,7.0,10.0,1.0,1.0,2.0,0.0,0.0,7.0,5.0,1.0,,,,1.0,,,1.0,,,,1.0,2.0,2.0,2.0,2.0,0.5414083653018315
20.0,1.0,40.0,3.0,5.0,1.0,16.0,4.0,1.0,4.0,1.0,,,,1.0,,,1.0,,,,,,,,,,,,,1.0,,,,,2.0,1.0,2.0,3.0,3.0,1.0,3.0,3.0,1.0,2.0,3.0,3.0,3.0,3.0,3.0,3.0,3.0,2.0,2.0,2.0,1.0,3.0,2.0,1.0,3.0,4.0,6.0,6.0,7.0,4.0,5.0,5.0,7.0,5.0,7.0,5.0,5.0,6.0,5.0,5.0,7.0,2.0,2.0,2.0,1.0,2.0,2.0,3.0,4.0,1.0,,,,,,,,,,1.0,,,1.0,,4.0,4.0,4.0,4.0,2.0,,4.0,1.0,1.0,1.0,,,,2.0,1.0,4.0,7.0,5.0,0.0,2.0,4.0,7.0,7.0,6.0,3.0,0.0,7.0,5.0,4.0,5.0,2.0,0.0,3.0,6.0,10.0,4.0,5.0,5.0,2.0,,1.0,1.0,1.0,,1.0,1.0,,2.0,2.0,2.0,2.0,8.0,2.0,2.0,2.0,8.0,4.0,3.0,2.0,2.0,1.0,1.0,,,,,1.0,1.0,,1.0,1.0,3.0,3.0,1.0,3.0,3.0,3.0,3.0,3.0,3.0,3.0,3.0,2.0,3.0,3.0,1.0,1.0,1.0,1.0,4.0,1.0,2.0,,1.0,1.0,,,,,,1.0,1.0,1.0,,,,1.0,,1.0,1.0,,1.0,,,0.0,7.0,9.0,5.0,8.0,4.0,9.0,10.0,6.0,4.0,10.0,5.0,7.0,7.0,0.0,0.0,2.0,5.0,2.0,7.0,,,1.0,,,1.0,,,,3.0,3.0,3.0,2.0,2.0,0.9638556049901917
21.0,2.0,64.0,5.0,5.0,2.0,16.0,5.0,1.0,4.0,1.0,,,,,,,,,,,,,,,,,1.0,,1.0,1.0,,,,,2.0,2.0,2.0,5.0,1.0,1.0,3.0,3.0,3.0,3.0,2.0,3.0,2.0,3.0,3.0,3.0,1.0,4.0,3.0,4.0,4.0,4.0,4.0,4.0,2.0,0.0,9.0,5.0,0.0,5.0,3.0,10.0,10.0,10.0,0.0,5.0,5.0,5.0,10.0,7.0,1.0,1.0,1.0,1.0,3.0,1.0,2.0,3.0,5.0,,,1.0,,,,,1.0,,,1.0,,,,,3.0,2.0,3.0,4.0,2.0,,3.0,1.0,,,,,,3.0,2.0,99.0,99.0,1.0,0.0,6.0,6.0,1.0,8.0,5.0,7.0,4.0,6.0,10.0,5.0,1.0,5.0,5.0,5.0,10.0,2.0,1.0,5.0,3.0,5.0,,,1.0,1.0,,,1.0,,8.0,8.0,8.0,7.0,7.0,2.0,8.0,8.0,8.0,4.0,3.0,4.0,4.0,1.0,,,,,,1.0,,,1.0,1.0,2.0,3.0,3.0,1.0,1.0,2.0,3.0,1.0,1.0,3.0,3.0,2.0,3.0,3.0,2.0,2.0,2.0,2.0,5.0,2.0,3.0,1.0,1.0,,,,,,,,,,1.0,,,,,,,,1.0,,,8.0,6.0,1.0,99.0,2.0,5.0,6.0,10.0,9.0,99.0,10.0,99.0,10.0,99.0,0.0,10.0,7.0,1.0,3.0,,9.0,,1.0,,,,,,,3.0,3.0,3.0,11.0,11.0,0.48738954746190155
22.0,1.0,50.0,4.0,2.0,2.0,16.0,4.0,1.0,3.0,1.0,,,,1.0,,,,,,,,,,,,,,,,,1.0,1.0,,,3.0,2.0,2.0,5.0,1.0,2.0,1.0,3.0,3.0,3.0,1.0,3.0,3.0,2.0,3.0,3.0,1.0,3.0,3.0,4.0,3.0,3.0,4.0,3.0,3.0,5.0,6.0,99.0,7.0,3.0,6.0,6.0,99.0,6.0,4.0,5.0,5.0,99.0,99.0,4.0,4.0,1.0,1.0,1.0,1.0,1.0,1.0,3.0,2.0,1.0,,,,,,,,,,1.0,,,1.0,,4.0,4.0,3.0,5.0,2.0,,3.0,,1.0,,,,,3.0,4.0,3.0,5.0,4.0,3.0,5.0,5.0,6.0,6.0,4.0,6.0,3.0,7.0,5.0,5.0,2.0,4.0,2.0,2.0,5.0,5.0,2.0,2.0,5.0,2.0,1.0,1.0,1.0,1.0,1.0,,,,1.0,1.0,1.0,1.0,1.0,1.0,1.0,1.0,1.0,2.0,2.0,2.0,5.0,2.0,,,1.0,,,1.0,1.0,,1.0,3.0,3.0,3.0,1.0,3.0,1.0,1.0,3.0,3.0,1.0,3.0,1.0,3.0,3.0,3.0,2.0,2.0,2.0,5.0,2.0,2.0,1.0,,1.0,1.0,,,,,,,1.0,,,,,,,1.0,,,,,,4.0,6.0,3.0,5.0,4.0,4.0,9.0,10.0,9.0,8.0,9.0,4.0,5.0,3.0,0.0,0.0,5.0,5.0,1.0,,,,1.0,,,1.0,,,,2.0,2.0,3.0,1.0,10.0,0.6437800044436122
23.0,2.0,58.0,5.0,5.0,2.0,16.0,4.0,1.0,3.0,1.0,,,,,,1.0,,1.0,,1.0,,,,,,,,,,,,,,,5.0,3.0,2.0,2.0,3.0,1.0,3.0,3.0,3.0,3.0,3.0,3.0,3.0,3.0,3.0,3.0,3.0,3.0,3.0,4.0,2.0,3.0,2.0,4.0,2.0,4.0,5.0,8.0,5.0,0.0,0.0,7.0,7.0,4.0,5.0,0.0,0.0,5.0,4.0,6.0,6.0,1.0,3.0,1.0,3.0,1.0,3.0,3.0,4.0,,1.0,,,,1.0,1.0,,,,,,,,,1.0,4.0,1.0,3.0,2.0,,4.0,,1.0,,,,,5.0,3.0,0.0,1.0,0.0,0.0,7.0,4.0,1.0,2.0,1.0,3.0,1.0,8.0,6.0,0.0,0.0,4.0,1.0,2.0,7.0,1.0,2.0,0.0,3.0,3.0,,,,,,,,1.0,8.0,8.0,8.0,7.0,7.0,8.0,8.0,8.0,7.0,4.0,4.0,4.0,4.0,1.0,,1.0,,,,,,,1.0,4.0,3.0,3.0,3.0,3.0,3.0,3.0,3.0,3.0,3.0,3.0,3.0,3.0,3.0,3.0,2.0,2.0,2.0,2.0,3.0,1.0,1.0,,1.0,,,,1.0,,,,,1.0,,,,,,,,1.0,,,,8.0,2.0,0.0,2.0,2.0,2.0,7.0,9.0,3.0,8.0,10.0,3.0,5.0,3.0,1.0,0.0,5.0,4.0,1.0,,,,1.0,,,,,,,3.0,3.0,3.0,12.0,11.0,0.4324052348702815
24.0,2.0,69.0,6.0,5.0,2.0,16.0,6.0,1.0,4.0,2.0,,,,,,,,,,,,,1.0,1.0,,,,,,,1.0,,,,3.0,2.0,1.0,2.0,1.0,1.0,3.0,3.0,3.0,2.0,1.0,3.0,3.0,2.0,3.0,3.0,3.0,4.0,4.0,4.0,4.0,4.0,3.0,4.0,4.0,9.0,6.0,9.0,7.0,5.0,9.0,5.0,9.0,6.0,5.0,5.0,5.0,5.0,7.0,10.0,10.0,1.0,2.0,2.0,1.0,2.0,1.0,2.0,5.0,1.0,,,1.0,,,,1.0,,,,,,,,4.0,4.0,2.0,4.0,2.0,,1.0,,,,1.0,,,3.0,2.0,5.0,9.0,6.0,0.0,3.0,7.0,8.0,5.0,7.0,7.0,0.0,7.0,8.0,4.0,6.0,4.0,5.0,3.0,5.0,7.0,8.0,5.0,5.0,2.0,1.0,1.0,1.0,1.0,1.0,1.0,1.0,,2.0,2.0,1.0,1.0,1.0,1.0,1.0,5.0,2.0,1.0,1.0,1.0,4.0,3.0,,,,,,1.0,1.0,,1.0,2.0,2.0,2.0,1.0,3.0,3.0,3.0,2.0,3.0,3.0,1.0,1.0,2.0,3.0,3.0,1.0,1.0,1.0,1.0,3.0,1.0,1.0,,1.0,1.0,,,,,,1.0,1.0,1.0,,,,1.0,,1.0,1.0,1.0,,,,0.0,5.0,0.0,5.0,4.0,4.0,10.0,10.0,10.0,8.0,10.0,2.0,3.0,3.0,0.0,0.0,7.0,5.0,3.0,,147.0,1.0,,,,,,,,2.0,2.0,2.0,2.0,2.0,1.8480687009804735
25.0,1.0,61.0,5.0,5.0,1.0,16.0,4.0,1.0,6.0,1.0,,,,,,1.0,,1.0,,,,,,,,,1.0,,,,,,,,2.0,2.0,12.0,,2.0,1.0,4.0,4.0,4.0,1.0,1.0,4.0,4.0,1.0,3.0,4.0,3.0,5.0,4.0,4.0,3.0,4.0,4.0,4.0,4.0,2.0,7.0,4.0,4.0,1.0,3.0,99.0,9.0,0.0,0.0,99.0,10.0,7.0,99.0,5.0,6.0,2.0,1.0,1.0,1.0,1.0,1.0,3.0,5.0,,1.0,,,,,,1.0,1.0,,,,,,,5.0,1.0,5.0,3.0,2.0,,5.0,,,,,,1.0,6.0,4.0,0.0,99.0,99.0,5.0,10.0,99.0,0.0,5.0,99.0,5.0,0.0,3.0,10.0,99.0,0.0,5.0,99.0,4.0,10.0,5.0,0.0,1.0,6.0,5.0,,,1.0,1.0,1.0,,1.0,,7.0,7.0,8.0,7.0,7.0,8.0,8.0,7.0,8.0,5.0,5.0,5.0,1.0,2.0,1.0,1.0,1.0,1.0,,,,,1.0,1.0,1.0,2.0,2.0,2.0,2.0,2.0,1.0,1.0,1.0,1.0,1.0,1.0,2.0,1.0,1.0,2.0,3.0,3.0,3.0,2.0,2.0,,1.0,,1.0,,,,,,,,1.0,,,,,,,,,1.0,,99.0,99.0,99.0,0.0,99.0,99.0,9.0,10.0,99.0,10.0,10.0,10.0,99.0,5.0,0.0,5.0,5.0,1.0,2.0,1.0,,,1.0,,,,,,,3.0,3.0,3.0,10.0,5.0,0.6559416022712563
26.0,1.0,62.0,5.0,2.0,2.0,16.0,4.0,2.0,4.0,1.0,,,,,,,,1.0,,,,,1.0,1.0,,,,,,,,,,,2.0,2.0,4.0,,3.0,3.0,3.0,3.0,3.0,2.0,3.0,3.0,3.0,3.0,3.0,3.0,3.0,4.0,4.0,4.0,4.0,4.0,4.0,4.0,4.0,9.0,8.0,8.0,8.0,8.0,7.0,9.0,8.0,8.0,7.0,8.0,7.0,7.0,9.0,9.0,8.0,1.0,1.0,1.0,1.0,1.0,1.0,3.0,3.0,,,,,,1.0,,1.0,,1.0,,,,,,2.0,2.0,1.0,3.0,2.0,,2.0,1.0,1.0,,1.0,,,2.0,2.0,7.0,9.0,6.0,6.0,9.0,7.0,7.0,9.0,8.0,9.0,8.0,8.0,9.0,7.0,5.0,8.0,7.0,6.0,8.0,7.0,7.0,8.0,3.0,2.0,,,1.0,,1.0,1.0,1.0,,1.0,1.0,1.0,1.0,1.0,1.0,1.0,1.0,1.0,2.0,2.0,2.0,2.0,1.0,,1.0,,,,1.0,1.0,,2.0,2.0,3.0,2.0,3.0,1.0,1.0,3.0,1.0,1.0,1.0,1.0,1.0,3.0,3.0,3.0,1.0,1.0,1.0,1.0,1.0,1.0,1.0,1.0,1.0,,,,,,1.0,1.0,1.0,1.0,,,1.0,,,,,1.0,1.0,,,5.0,6.0,8.0,9.0,2.0,7.0,8.0,10.0,5.0,10.0,7.0,4.0,7.0,8.0,2.0,2.0,6.0,1.0,1.0,,,,1.0,,,,,,,3.0,3.0,3.0,1.0,1.0,0.8514091853856696
27.0,1.0,49.0,4.0,5.0,2.0,16.0,4.0,1.0,4.0,1.0,,,,,,,,,,,,,,,,1.0,1.0,,,,1.0,,,,3.0,2.0,2.0,4.0,1.0,1.0,3.0,3.0,3.0,3.0,4.0,3.0,3.0,3.0,3.0,3.0,1.0,3.0,3.0,4.0,3.0,3.0,2.0,3.0,3.0,5.0,3.0,7.0,5.0,0.0,5.0,7.0,8.0,6.0,3.0,7.0,5.0,6.0,3.0,1.0,5.0,2.0,2.0,1.0,1.0,1.0,2.0,2.0,3.0,1.0,,,,1.0,,,1.0,,,,,,,,2.0,3.0,2.0,3.0,1.0,6.0,2.0,1.0,1.0,,,,,3.0,2.0,7.0,8.0,4.0,0.0,5.0,3.0,7.0,2.0,1.0,1.0,0.0,6.0,7.0,1.0,1.0,6.0,0.0,1.0,4.0,5.0,2.0,1.0,4.0,2.0,,1.0,1.0,1.0,1.0,,1.0,,8.0,8.0,8.0,8.0,8.0,1.0,8.0,8.0,2.0,3.0,3.0,3.0,3.0,1.0,1.0,,,,,1.0,1.0,,1.0,2.0,3.0,2.0,1.0,1.0,1.0,3.0,3.0,1.0,3.0,1.0,1.0,2.0,3.0,2.0,1.0,1.0,1.0,2.0,3.0,1.0,1.0,1.0,,,,,1.0,,1.0,1.0,1.0,1.0,,,,,1.0,1.0,1.0,1.0,1.0,,,2.0,9.0,2.0,6.0,3.0,4.0,10.0,10.0,3.0,8.0,9.0,0.0,5.0,0.0,0.0,0.0,6.0,5.0,1.0,,,,1.0,,,,,,,2.0,2.0,2.0,8.0,7.0,0.3805152045370245
28.0,2.0,65.0,6.0,5.0,2.0,16.0,3.0,1.0,2.0,1.0,,,,,,1.0,,,,1.0,,,,,,,,,1.0,,,,,,3.0,2.0,2.0,4.0,3.0,2.0,3.0,3.0,3.0,3.0,2.0,3.0,3.0,3.0,3.0,3.0,3.0,3.0,4.0,4.0,3.0,4.0,4.0,4.0,4.0,1.0,3.0,6.0,5.0,3.0,3.0,5.0,5.0,4.0,1.0,2.0,5.0,3.0,2.0,1.0,1.0,1.0,1.0,1.0,1.0,1.0,1.0,1.0,3.0,1.0,,,,,,,,1.0,,,,,1.0,,2.0,3.0,2.0,3.0,2.0,,2.0,1.0,1.0,,,,,3.0,2.0,5.0,5.0,2.0,3.0,4.0,4.0,0.0,5.0,4.0,4.0,0.0,5.0,2.0,3.0,0.0,2.0,4.0,2.0,5.0,0.0,2.0,2.0,1.0,1.0,,,1.0,1.0,,,1.0,,8.0,8.0,8.0,8.0,8.0,1.0,8.0,8.0,8.0,3.0,3.0,3.0,2.0,1.0,,1.0,,,1.0,,1.0,,2.0,3.0,2.0,3.0,1.0,3.0,3.0,1.0,3.0,3.0,3.0,3.0,3.0,2.0,1.0,3.0,1.0,2.0,2.0,2.0,4.0,2.0,2.0,,,1.0,,,1.0,,,1.0,1.0,1.0,,,,,,1.0,1.0,1.0,1.0,,,5.0,5.0,0.0,6.0,2.0,2.0,8.0,10.0,5.0,10.0,10.0,6.0,7.0,7.0,1.0,0.0,3.0,4.0,1.0,,,,1.0,,,1.0,,,,3.0,3.0,3.0,1.0,3.0,1.7805378720074647
29.0,2.0,69.0,6.0,3.0,2.0,16.0,4.0,2.0,6.0,1.0,,,,,,1.0,,,,,,,,,,,1.0,,,1.0,,,,,2.0,2.0,4.0,,3.0,3.0,3.0,3.0,3.0,3.0,3.0,3.0,3.0,3.0,3.0,3.0,3.0,4.0,3.0,3.0,3.0,4.0,3.0,4.0,3.0,5.0,6.0,7.0,5.0,5.0,6.0,6.0,7.0,6.0,6.0,6.0,6.0,6.0,6.0,6.0,6.0,1.0,1.0,1.0,1.0,1.0,1.0,1.0,3.0,1.0,1.0,,,,,,,1.0,,,,,,,2.0,3.0,2.0,3.0,2.0,,3.0,1.0,,,1.0,1.0,,2.0,2.0,6.0,7.0,5.0,6.0,6.0,7.0,6.0,6.0,7.0,6.0,6.0,6.0,6.0,6.0,4.0,6.0,6.0,6.0,6.0,6.0,5.0,6.0,4.0,2.0,,,,1.0,,,,,1.0,1.0,1.0,1.0,1.0,1.0,1.0,1.0,1.0,2.0,2.0,3.0,2.0,1.0,,1.0,,1.0,1.0,1.0,1.0,,1.0,2.0,2.0,2.0,1.0,1.0,1.0,2.0,2.0,1.0,1.0,1.0,1.0,2.0,2.0,2.0,1.0,1.0,1.0,1.0,1.0,1.0,1.0,,,1.0,1.0,,,,1.0,1.0,1.0,1.0,,,,,,1.0,1.0,1.0,1.0,,,5.0,4.0,2.0,5.0,3.0,3.0,8.0,9.0,6.0,8.0,9.0,4.0,3.0,3.0,2.0,1.0,5.0,1.0,1.0,,,,,,1.0,,,,,3.0,3.0,3.0,1.0,1.0,2.000067942338869
30.0,2.0,59.0,5.0,2.0,3.0,16.0,4.0,1.0,2.0,2.0,,,,,1.0,,,,,,,,,,1.0,,1.0,,,,,,,,2.0,2.0,2.0,4.0,3.0,3.0,3.0,3.0,3.0,3.0,3.0,3.0,3.0,3.0,3.0,3.0,3.0,3.0,4.0,4.0,2.0,4.0,4.0,4.0,3.0,7.0,7.0,6.0,7.0,4.0,8.0,8.0,8.0,8.0,5.0,7.0,5.0,6.0,7.0,7.0,99.0,2.0,2.0,1.0,1.0,1.0,2.0,1.0,5.0,1.0,,,,,,,,,,,1.0,,1.0,,3.0,3.0,3.0,3.0,2.0,,2.0,,,,,,1.0,2.0,2.0,3.0,7.0,4.0,0.0,5.0,8.0,99.0,7.0,8.0,8.0,5.0,7.0,7.0,2.0,3.0,6.0,5.0,3.0,8.0,7.0,6.0,6.0,4.0,1.0,1.0,1.0,1.0,1.0,1.0,1.0,1.0,,1.0,1.0,1.0,1.0,2.0,1.0,8.0,8.0,1.0,1.0,2.0,1.0,1.0,2.0,,,,,,1.0,1.0,,1.0,2.0,2.0,2.0,1.0,2.0,3.0,1.0,2.0,1.0,1.0,3.0,1.0,2.0,3.0,2.0,2.0,2.0,2.0,2.0,5.0,3.0,3.0,1.0,,1.0,,,,,,1.0,1.0,1.0,,,,1.0,,1.0,1.0,1.0,,,,4.0,6.0,2.0,5.0,2.0,3.0,10.0,10.0,10.0,9.0,10.0,3.0,4.0,4.0,0.0,0.0,6.0,1.0,1.0,,,,1.0,,,,,,,1.0,1.0,1.0,1.0,1.0,1.1617606763824788
31.0,2.0,67.0,6.0,4.0,2.0,16.0,4.0,2.0,3.0,1.0,,,,,,,,,,,,,,,1.0,,1.0,,,,,1.0,,,2.0,2.0,4.0,,3.0,3.0,3.0,3.0,3.0,3.0,3.0,3.0,3.0,3.0,3.0,3.0,3.0,2.0,3.0,3.0,3.0,4.0,4.0,3.0,2.0,8.0,8.0,9.0,8.0,3.0,8.0,8.0,9.0,7.0,8.0,9.0,8.0,8.0,9.0,8.0,8.0,2.0,2.0,2.0,2.0,2.0,2.0,2.0,2.0,1.0,,,,,,,,1.0,,,,,1.0,,3.0,3.0,3.0,3.0,2.0,,3.0,1.0,1.0,,,,,2.0,2.0,8.0,9.0,9.0,6.0,8.0,8.0,8.0,9.0,7.0,7.0,6.0,8.0,9.0,8.0,7.0,8.0,6.0,7.0,8.0,6.0,6.0,6.0,4.0,1.0,1.0,1.0,1.0,1.0,1.0,1.0,1.0,,1.0,1.0,1.0,1.0,1.0,1.0,1.0,1.0,1.0,2.0,2.0,2.0,2.0,3.0,,,1.0,1.0,1.0,1.0,1.0,,1.0,2.0,1.0,3.0,1.0,1.0,1.0,1.0,1.0,1.0,1.0,1.0,1.0,3.0,3.0,3.0,1.0,1.0,1.0,3.0,5.0,4.0,3.0,,1.0,1.0,,,,,,1.0,1.0,1.0,,,,,,1.0,1.0,1.0,1.0,,,5.0,5.0,4.0,4.0,3.0,4.0,9.0,10.0,9.0,10.0,10.0,3.0,4.0,10.0,1.0,1.0,6.0,1.0,1.0,,,,1.0,,,,,,,2.0,2.0,2.0,1.0,1.0,2.0000739462919386
32.0,1.0,29.0,2.0,2.0,1.0,16.0,4.0,1.0,4.0,1.0,,,,,,,,,,1.0,1.0,,,,,,1.0,,,,,,,,2.0,2.0,2.0,4.0,3.0,3.0,3.0,3.0,3.0,3.0,3.0,3.0,3.0,3.0,3.0,3.0,3.0,4.0,4.0,4.0,4.0,4.0,4.0,4.0,4.0,10.0,4.0,7.0,5.0,7.0,7.0,4.0,6.0,9.0,0.0,7.0,7.0,6.0,7.0,7.0,0.0,1.0,3.0,3.0,3.0,3.0,1.0,3.0,4.0,,,1.0,,,,,,,1.0,1.0,,,,,4.0,3.0,1.0,4.0,2.0,,4.0,,,,,,1.0,3.0,2.0,6.0,8.0,6.0,5.0,8.0,4.0,0.0,7.0,7.0,6.0,0.0,9.0,10.0,7.0,0.0,9.0,2.0,5.0,2.0,3.0,0.0,7.0,3.0,3.0,,,,1.0,,,,,8.0,8.0,8.0,8.0,8.0,8.0,8.0,8.0,8.0,4.0,5.0,5.0,5.0,1.0,,1.0,,,,1.0,1.0,,1.0,1.0,3.0,3.0,3.0,3.0,3.0,3.0,3.0,3.0,3.0,3.0,3.0,3.0,3.0,3.0,3.0,3.0,3.0,3.0,4.0,4.0,4.0,,,1.0,1.0,,,,,,1.0,,,,,1.0,,,,,,,,5.0,5.0,2.0,5.0,2.0,3.0,10.0,10.0,5.0,10.0,5.0,4.0,4.0,4.0,0.0,0.0,6.0,5.0,1.0,,,,,,1.0,,,,,1.0,1.0,1.0,1.0,1.0,2.0000185430012585
33.0,1.0,46.0,4.0,1.0,3.0,16.0,4.0,1.0,2.0,1.0,1.0,,,,,,,,,,,,,,,1.0,1.0,,,,,,,,3.0,2.0,2.0,4.0,3.0,1.0,3.0,3.0,3.0,1.0,3.0,3.0,3.0,2.0,3.0,3.0,3.0,3.0,4.0,3.0,3.0,4.0,3.0,4.0,3.0,7.0,7.0,6.0,3.0,2.0,5.0,5.0,4.0,4.0,2.0,5.0,5.0,4.0,4.0,4.0,5.0,1.0,1.0,3.0,1.0,3.0,2.0,3.0,4.0,1.0,,,,,,,1.0,,,,,,1.0,,3.0,4.0,3.0,4.0,2.0,,2.0,1.0,,,,,,4.0,3.0,2.0,4.0,5.0,0.0,0.0,1.0,1.0,0.0,0.0,0.0,0.0,6.0,6.0,0.0,0.0,0.0,0.0,0.0,5.0,5.0,0.0,0.0,3.0,3.0,,,,,,,,1.0,4.0,4.0,4.0,4.0,4.0,4.0,4.0,4.0,4.0,3.0,3.0,3.0,3.0,2.0,,,,,,,1.0,,1.0,2.0,2.0,1.0,1.0,2.0,1.0,1.0,2.0,2.0,2.0,2.0,2.0,2.0,1.0,2.0,2.0,2.0,2.0,2.0,1.0,1.0,1.0,,1.0,1.0,,,,,1.0,1.0,1.0,1.0,,,,,,,1.0,1.0,1.0,,,0.0,9.0,3.0,7.0,1.0,8.0,10.0,10.0,0.0,3.0,7.0,0.0,7.0,0.0,0.0,0.0,4.0,4.0,1.0,,,,1.0,,,,,,,2.0,2.0,2.0,4.0,4.0,1.2106904789347501
34.0,2.0,40.0,3.0,5.0,1.0,16.0,7.0,1.0,2.0,1.0,,,,,,,,1.0,,1.0,,,,,,,1.0,,,,,,,,2.0,2.0,3.0,5.0,1.0,1.0,3.0,3.0,3.0,1.0,3.0,3.0,3.0,1.0,3.0,3.0,2.0,4.0,4.0,3.0,3.0,4.0,4.0,4.0,3.0,5.0,4.0,6.0,6.0,6.0,4.0,4.0,6.0,7.0,5.0,5.0,7.0,6.0,7.0,6.0,7.0,1.0,1.0,1.0,1.0,1.0,2.0,1.0,2.0,,1.0,,,,,,1.0,,,,,,1.0,,2.0,3.0,4.0,3.0,2.0,,4.0,1.0,1.0,,,1.0,,2.0,3.0,8.0,8.0,7.0,3.0,4.0,4.0,7.0,7.0,6.0,6.0,1.0,7.0,6.0,7.0,5.0,7.0,7.0,6.0,6.0,4.0,5.0,7.0,3.0,5.0,,,,1.0,1.0,1.0,1.0,,1.0,8.0,1.0,8.0,5.0,1.0,5.0,8.0,8.0,2.0,5.0,2.0,2.0,1.0,,1.0,,,,1.0,1.0,,1.0,3.0,2.0,3.0,1.0,2.0,1.0,3.0,3.0,1.0,2.0,3.0,3.0,2.0,1.0,3.0,2.0,2.0,1.0,1.0,4.0,3.0,2.0,,,1.0,,,1.0,,,1.0,1.0,1.0,,,,1.0,1.0,,1.0,1.0,,,,4.0,5.0,1.0,4.0,4.0,4.0,7.0,10.0,6.0,8.0,10.0,4.0,6.0,5.0,4.0,0.0,8.0,4.0,3.0,,190.0,,1.0,,,1.0,,,,3.0,3.0,3.0,3.0,10.0,0.6728141585222285
35.0,2.0,19.0,1.0,5.0,1.0,16.0,4.0,5.0,1.0,2.0,,,,,,,,1.0,,,,,,,,,1.0,,,,,1.0,,,2.0,2.0,9.0,,3.0,3.0,3.0,3.0,3.0,3.0,3.0,3.0,3.0,3.0,1.0,3.0,3.0,3.0,2.0,3.0,2.0,3.0,4.0,2.0,3.0,7.0,7.0,8.0,99.0,99.0,5.0,6.0,8.0,7.0,3.0,7.0,6.0,5.0,5.0,5.0,99.0,2.0,2.0,1.0,1.0,2.0,2.0,2.0,3.0,,,,1.0,,,,1.0,,,,,,1.0,,5.0,2.0,2.0,2.0,1.0,5.0,3.0,1.0,,1.0,,,,2.0,2.0,6.0,6.0,5.0,1.0,4.0,5.0,99.0,7.0,4.0,6.0,1.0,6.0,8.0,5.0,4.0,6.0,4.0,3.0,5.0,6.0,5.0,6.0,3.0,5.0,,,1.0,,,1.0,1.0,,8.0,8.0,8.0,8.0,8.0,8.0,8.0,8.0,8.0,3.0,1.0,1.0,1.0,3.0,,,,,,1.0,1.0,,1.0,2.0,2.0,2.0,1.0,2.0,3.0,3.0,3.0,3.0,3.0,3.0,3.0,2.0,2.0,2.0,1.0,1.0,1.0,1.0,3.0,1.0,1.0,,,1.0,,,1.0,,,1.0,1.0,1.0,,,,,1.0,1.0,1.0,1.0,1.0,,,4.0,6.0,4.0,5.0,4.0,99.0,8.0,10.0,6.0,5.0,9.0,2.0,2.0,99.0,2.0,0.0,4.0,5.0,1.0,,,,,1.0,1.0,,1.0,,,1.0,1.0,1.0,11.0,10.0,1.8664564098522136
36.0,2.0,47.0,4.0,5.0,2.0,16.0,4.0,1.0,2.0,1.0,,,1.0,,,,,,,,,,,,,,1.0,,,,,1.0,,,4.0,3.0,2.0,4.0,3.0,1.0,3.0,3.0,3.0,3.0,3.0,3.0,3.0,3.0,3.0,3.0,1.0,3.0,2.0,3.0,2.0,3.0,2.0,2.0,3.0,7.0,99.0,99.0,5.0,6.0,6.0,4.0,8.0,7.0,3.0,99.0,99.0,3.0,99.0,4.0,6.0,2.0,1.0,1.0,1.0,1.0,2.0,3.0,4.0,1.0,,1.0,,,,,,1.0,,,,,,,2.0,3.0,2.0,3.0,2.0,,3.0,1.0,,,,,,3.0,3.0,99.0,99.0,99.0,5.0,6.0,6.0,3.0,6.0,99.0,5.0,4.0,99.0,8.0,99.0,99.0,99.0,3.0,99.0,5.0,5.0,5.0,4.0,3.0,5.0,,,,1.0,,1.0,1.0,,8.0,8.0,8.0,8.0,8.0,8.0,8.0,8.0,8.0,5.0,2.0,2.0,2.0,2.0,,,,,,,,1.0,1.0,2.0,3.0,3.0,3.0,3.0,3.0,3.0,3.0,3.0,3.0,3.0,3.0,3.0,3.0,3.0,2.0,2.0,2.0,2.0,4.0,2.0,2.0,1.0,,,1.0,,,,,1.0,1.0,,,,,,,,1.0,1.0,1.0,,,99.0,99.0,99.0,99.0,99.0,99.0,99.0,99.0,99.0,99.0,99.0,99.0,99.0,99.0,99.0,99.0,4.0,1.0,1.0,,,,1.0,,,1.0,,,,1.0,1.0,1.0,13.0,10.0,0.3772530801280392
37.0,2.0,47.0,4.0,5.0,1.0,16.0,3.0,3.0,3.0,1.0,,,,,1.0,1.0,,1.0,,,,,,,,,,,,,,,,,3.0,3.0,6.0,,1.0,1.0,1.0,3.0,1.0,1.0,1.0,2.0,2.0,1.0,1.0,1.0,1.0,1.0,1.0,2.0,2.0,2.0,1.0,2.0,2.0,2.0,2.0,0.0,2.0,0.0,0.0,0.0,0.0,0.0,0.0,0.0,0.0,0.0,4.0,0.0,2.0,1.0,3.0,1.0,1.0,3.0,1.0,3.0,3.0,,,1.0,,,1.0,,,,,1.0,,,,,3.0,3.0,2.0,3.0,1.0,2.0,2.0,,,1.0,,1.0,,4.0,3.0,0.0,2.0,0.0,0.0,5.0,6.0,0.0,1.0,0.0,1.0,0.0,2.0,2.0,0.0,0.0,0.0,0.0,0.0,5.0,0.0,0.0,0.0,3.0,2.0,1.0,,,,,,1.0,,8.0,8.0,8.0,8.0,8.0,8.0,8.0,8.0,8.0,2.0,1.0,1.0,1.0,3.0,,,,,,1.0,,,1.0,4.0,2.0,2.0,3.0,3.0,3.0,3.0,3.0,3.0,3.0,3.0,2.0,3.0,3.0,3.0,2.0,2.0,2.0,2.0,1.0,1.0,1.0,,1.0,,,,1.0,,,,1.0,,,,,,,,,1.0,,,,5.0,5.0,0.0,3.0,0.0,5.0,10.0,0.0,5.0,4.0,5.0,4.0,5.0,4.0,4.0,9.0,5.0,6.0,1.0,,,,,,1.0,1.0,,,,2.0,2.0,2.0,11.0,7.0,0.5555976015921439
38.0,2.0,52.0,4.0,5.0,3.0,16.0,5.0,1.0,2.0,1.0,,,,,,1.0,,,,1.0,1.0,,,,,,,,,,,,,,3.0,2.0,2.0,4.0,3.0,3.0,3.0,3.0,3.0,3.0,3.0,3.0,3.0,3.0,3.0,3.0,3.0,2.0,2.0,2.0,1.0,3.0,1.0,1.0,1.0,5.0,5.0,5.0,0.0,0.0,2.0,0.0,2.0,5.0,2.0,5.0,0.0,5.0,5.0,5.0,2.0,2.0,3.0,3.0,1.0,1.0,1.0,3.0,5.0,1.0,1.0,,,,,1.0,,,,,,,,,2.0,1.0,2.0,2.0,1.0,7.0,2.0,1.0,,,,,,4.0,2.0,5.0,6.0,0.0,0.0,6.0,3.0,3.0,0.0,0.0,3.0,4.0,5.0,9.0,3.0,0.0,0.0,0.0,0.0,0.0,0.0,0.0,4.0,3.0,3.0,,,,,,,1.0,,8.0,8.0,8.0,7.0,7.0,8.0,8.0,8.0,1.0,4.0,4.0,4.0,4.0,1.0,,1.0,,,,,,,1.0,4.0,3.0,3.0,3.0,3.0,3.0,3.0,3.0,3.0,3.0,3.0,3.0,3.0,3.0,3.0,2.0,2.0,2.0,2.0,2.0,2.0,2.0,,1.0,,1.0,,,,,,,1.0,,,,1.0,,,,,,,,5.0,5.0,5.0,5.0,5.0,5.0,5.0,5.0,5.0,5.0,5.0,5.0,5.0,5.0,5.0,5.0,7.0,3.0,1.0,,,,1.0,,,,,,,1.0,2.0,2.0,12.0,11.0,0.4894286801791209
39.0,1.0,55.0,5.0,3.0,2.0,16.0,5.0,1.0,2.0,1.0,,,1.0,,,,,,,1.0,,,,,,,,,,,,1.0,,,2.0,1.0,2.0,3.0,3.0,3.0,2.0,2.0,3.0,1.0,2.0,1.0,2.0,3.0,3.0,3.0,2.0,3.0,3.0,3.0,2.0,4.0,3.0,3.0,3.0,7.0,6.0,7.0,5.0,7.0,6.0,6.0,6.0,6.0,5.0,4.0,6.0,6.0,5.0,6.0,5.0,1.0,1.0,1.0,1.0,1.0,1.0,1.0,3.0,,,1.0,,1.0,,,,,1.0,,,,,,3.0,4.0,4.0,2.0,1.0,2.0,3.0,,,1.0,,,,2.0,2.0,5.0,6.0,6.0,6.0,10.0,6.0,7.0,6.0,6.0,3.0,7.0,7.0,8.0,10.0,7.0,6.0,7.0,5.0,7.0,5.0,7.0,7.0,4.0,1.0,,,,,1.0,1.0,,,2.0,1.0,2.0,3.0,1.0,2.0,1.0,2.0,2.0,3.0,4.0,4.0,4.0,2.0,,,,1.0,,,,,4.0,2.0,2.0,1.0,2.0,2.0,2.0,1.0,1.0,1.0,3.0,1.0,2.0,2.0,1.0,1.0,4.0,4.0,1.0,3.0,2.0,3.0,4.0,1.0,,1.0,,,,,,,1.0,1.0,,,,,1.0,,,,1.0,,,3.0,5.0,7.0,8.0,8.0,7.0,8.0,3.0,3.0,6.0,7.0,4.0,6.0,7.0,7.0,6.0,6.0,6.0,1.0,,,,1.0,,,,,,,2.0,2.0,2.0,1.0,1.0,0.6703957268725725
40.0,1.0,48.0,4.0,5.0,2.0,16.0,6.0,1.0,1.0,1.0,1.0,,,,,1.0,,,,,,,,,,,,,,,1.0,,,,3.0,2.0,2.0,3.0,2.0,1.0,3.0,3.0,3.0,2.0,1.0,2.0,3.0,2.0,3.0,3.0,3.0,4.0,4.0,4.0,4.0,4.0,4.0,4.0,4.0,1.0,10.0,9.0,10.0,8.0,0.0,8.0,4.0,1.0,9.0,1.0,8.0,9.0,7.0,9.0,3.0,1.0,1.0,3.0,3.0,3.0,1.0,1.0,3.0,,,1.0,,,1.0,,,,,1.0,,,,,2.0,1.0,1.0,5.0,2.0,,3.0,,,,,,1.0,3.0,2.0,6.0,6.0,2.0,2.0,8.0,1.0,1.0,5.0,5.0,5.0,5.0,8.0,8.0,8.0,0.0,6.0,8.0,8.0,8.0,0.0,1.0,8.0,4.0,3.0,,,,,,,,1.0,1.0,1.0,1.0,6.0,6.0,1.0,6.0,1.0,6.0,4.0,4.0,4.0,4.0,1.0,,1.0,,1.0,1.0,,1.0,,1.0,4.0,1.0,3.0,3.0,3.0,3.0,1.0,1.0,1.0,1.0,3.0,1.0,3.0,2.0,2.0,2.0,2.0,2.0,2.0,4.0,2.0,4.0,1.0,,,,,1.0,,1.0,,1.0,,,,,,,,,,,1.0,,5.0,5.0,0.0,4.0,0.0,0.0,5.0,8.0,5.0,8.0,8.0,2.0,2.0,1.0,2.0,0.0,8.0,3.0,1.0,,,,1.0,,,1.0,,,,2.0,2.0,2.0,1.0,1.0,0.8365400861339856
41.0,1.0,77.0,6.0,5.0,2.0,16.0,5.0,2.0,3.0,1.0,,,,,,,,1.0,,,1.0,1.0,,,,,,,,,,,,,3.0,2.0,4.0,,3.0,3.0,3.0,3.0,3.0,3.0,3.0,3.0,3.0,3.0,3.0,3.0,3.0,4.0,4.0,4.0,4.0,4.0,4.0,4.0,4.0,6.0,6.0,6.0,5.0,7.0,5.0,6.0,7.0,6.0,5.0,4.0,6.0,5.0,6.0,6.0,6.0,1.0,1.0,1.0,1.0,1.0,1.0,1.0,4.0,1.0,,,,,1.0,,,1.0,,,,,,,2.0,2.0,2.0,4.0,2.0,,2.0,,1.0,,,,,3.0,3.0,6.0,6.0,2.0,7.0,7.0,5.0,7.0,4.0,6.0,5.0,6.0,7.0,6.0,8.0,5.0,7.0,6.0,5.0,7.0,2.0,6.0,7.0,3.0,3.0,,,,,,,1.0,,6.0,6.0,6.0,6.0,6.0,6.0,6.0,6.0,6.0,3.0,3.0,3.0,3.0,1.0,,1.0,,,,,,,1.0,2.0,1.0,2.0,3.0,1.0,3.0,3.0,1.0,1.0,1.0,1.0,1.0,2.0,2.0,2.0,2.0,2.0,2.0,1.0,4.0,3.0,3.0,,1.0,,1.0,,,,,1.0,1.0,1.0,,,,,,,1.0,1.0,,,,6.0,5.0,1.0,3.0,2.0,2.0,6.0,10.0,0.0,10.0,7.0,4.0,4.0,3.0,3.0,1.0,7.0,1.0,2.0,17.0,,,1.0,,,,,,,3.0,3.0,3.0,6.0,5.0,0.6014680154101033
42.0,2.0,59.0,5.0,2.0,2.0,16.0,3.0,1.0,3.0,1.0,,,,,,,,,,,1.0,,,,,,,,,,1.0,,1.0,,2.0,2.0,2.0,3.0,3.0,2.0,3.0,3.0,3.0,3.0,3.0,3.0,3.0,3.0,3.0,3.0,3.0,4.0,4.0,4.0,4.0,4.0,4.0,4.0,3.0,8.0,8.0,8.0,8.0,6.0,7.0,8.0,8.0,7.0,6.0,8.0,8.0,8.0,9.0,6.0,8.0,2.0,1.0,1.0,3.0,1.0,1.0,3.0,3.0,1.0,1.0,,,,,,,1.0,,,,,,,2.0,2.0,2.0,5.0,2.0,,3.0,1.0,,,,,,3.0,2.0,6.0,6.0,5.0,5.0,5.0,4.0,7.0,4.0,5.0,5.0,5.0,5.0,7.0,5.0,3.0,5.0,5.0,6.0,5.0,5.0,5.0,4.0,3.0,4.0,,,,1.0,1.0,,1.0,,3.0,3.0,3.0,8.0,3.0,1.0,1.0,3.0,3.0,5.0,2.0,2.0,2.0,2.0,,,,,,,1.0,,2.0,3.0,3.0,2.0,3.0,3.0,3.0,3.0,3.0,3.0,3.0,3.0,2.0,2.0,3.0,3.0,1.0,1.0,1.0,1.0,5.0,1.0,1.0,1.0,1.0,,,,,,,,1.0,,,,1.0,,,,,,1.0,,,4.0,5.0,7.0,1.0,3.0,6.0,9.0,9.0,5.0,4.0,7.0,4.0,5.0,4.0,2.0,2.0,3.0,1.0,1.0,,,,1.0,,,,,,,3.0,3.0,3.0,1.0,1.0,0.824596865748273
43.0,1.0,18.0,1.0,2.0,3.0,16.0,4.0,5.0,4.0,2.0,1.0,,,,,,,,,,,,,,,,1.0,,1.0,,,,,,1.0,1.0,8.0,,3.0,1.0,3.0,3.0,3.0,3.0,1.0,2.0,3.0,3.0,3.0,1.0,3.0,2.0,3.0,3.0,2.0,3.0,3.0,4.0,2.0,7.0,3.0,7.0,7.0,6.0,7.0,9.0,9.0,8.0,0.0,7.0,7.0,10.0,0.0,2.0,5.0,1.0,1.0,1.0,1.0,2.0,2.0,3.0,2.0,,,,,,,,1.0,,1.0,1.0,,,,,4.0,4.0,2.0,3.0,2.0,,1.0,1.0,1.0,,,,,4.0,1.0,2.0,6.0,0.0,0.0,0.0,10.0,6.0,5.0,5.0,8.0,0.0,7.0,9.0,3.0,4.0,6.0,6.0,8.0,10.0,7.0,4.0,4.0,5.0,2.0,1.0,,1.0,1.0,,1.0,1.0,,2.0,2.0,2.0,2.0,2.0,2.0,2.0,2.0,2.0,2.0,1.0,1.0,1.0,1.0,,,,,,,1.0,,1.0,2.0,3.0,3.0,1.0,3.0,3.0,3.0,3.0,2.0,3.0,3.0,3.0,2.0,3.0,2.0,1.0,1.0,1.0,1.0,3.0,2.0,1.0,,1.0,1.0,,,,1.0,1.0,,,,,,,1.0,,1.0,,,,,,3.0,6.0,2.0,6.0,6.0,5.0,7.0,10.0,6.0,5.0,7.0,0.0,2.0,2.0,3.0,3.0,4.0,5.0,1.0,,,,,,1.0,,,,,1.0,1.0,1.0,11.0,10.0,2.0000067578026375
44.0,2.0,49.0,4.0,1.0,3.0,16.0,4.0,1.0,4.0,1.0,,,,,,1.0,,,,,,,,,,,1.0,,,,1.0,,,,3.0,3.0,2.0,5.0,3.0,1.0,3.0,3.0,3.0,1.0,3.0,3.0,3.0,3.0,3.0,3.0,1.0,3.0,3.0,4.0,3.0,4.0,4.0,5.0,4.0,5.0,5.0,7.0,2.0,5.0,4.0,9.0,3.0,2.0,2.0,3.0,4.0,4.0,10.0,10.0,3.0,2.0,2.0,1.0,1.0,1.0,2.0,3.0,4.0,1.0,,,,,,,,,1.0,1.0,,,,,2.0,3.0,3.0,2.0,2.0,,4.0,1.0,1.0,,,,,2.0,2.0,4.0,7.0,3.0,0.0,5.0,6.0,4.0,6.0,5.0,6.0,5.0,4.0,3.0,5.0,1.0,5.0,6.0,5.0,7.0,8.0,3.0,3.0,4.0,1.0,1.0,1.0,,1.0,1.0,,1.0,,2.0,1.0,1.0,1.0,1.0,1.0,1.0,1.0,1.0,2.0,3.0,3.0,2.0,1.0,,,,,,,1.0,,1.0,1.0,2.0,2.0,1.0,3.0,1.0,1.0,1.0,1.0,1.0,1.0,1.0,2.0,3.0,3.0,2.0,2.0,2.0,2.0,3.0,1.0,1.0,,1.0,,1.0,,,,,1.0,1.0,1.0,,,,,,,,1.0,,,,4.0,3.0,0.0,4.0,4.0,3.0,10.0,10.0,5.0,7.0,10.0,3.0,5.0,5.0,0.0,0.0,5.0,3.0,1.0,,,,1.0,,,1.0,,,,1.0,1.0,1.0,1.0,1.0,1.2930868616518532
45.0,1.0,52.0,4.0,2.0,2.0,16.0,5.0,1.0,2.0,1.0,,,,,,,,1.0,,,,,,,,,1.0,,,,1.0,,,,2.0,2.0,2.0,3.0,3.0,3.0,3.0,3.0,3.0,3.0,3.0,3.0,3.0,3.0,3.0,3.0,3.0,3.0,4.0,4.0,4.0,4.0,4.0,4.0,2.0,3.0,4.0,6.0,4.0,1.0,3.0,2.0,5.0,7.0,1.0,5.0,3.0,3.0,2.0,0.0,0.0,1.0,3.0,1.0,1.0,3.0,1.0,3.0,4.0,1.0,,,,,1.0,,,,,,,,1.0,,1.0,1.0,1.0,3.0,2.0,,3.0,1.0,1.0,,,,,2.0,2.0,4.0,5.0,2.0,0.0,4.0,1.0,1.0,3.0,3.0,4.0,0.0,8.0,3.0,3.0,2.0,1.0,3.0,3.0,7.0,0.0,0.0,1.0,4.0,2.0,,,,1.0,,1.0,1.0,,8.0,8.0,3.0,6.0,8.0,1.0,8.0,8.0,1.0,4.0,4.0,4.0,2.0,1.0,,1.0,,,,,1.0,,1.0,1.0,3.0,3.0,3.0,3.0,3.0,3.0,3.0,3.0,3.0,3.0,3.0,3.0,3.0,3.0,2.0,2.0,2.0,2.0,1.0,1.0,1.0,,1.0,1.0,,,,,1.0,1.0,,,,,,1.0,,,,1.0,1.0,,,5.0,8.0,1.0,3.0,1.0,4.0,8.0,10.0,0.0,8.0,10.0,5.0,1.0,1.0,0.0,0.0,7.0,5.0,1.0,,,,1.0,,,1.0,,,,3.0,3.0,3.0,3.0,1.0,0.6991266467035439
46.0,2.0,34.0,2.0,5.0,3.0,16.0,6.0,1.0,2.0,1.0,,,,,,,,,,1.0,1.0,,,,,,,,,,1.0,,,,4.0,3.0,2.0,3.0,3.0,2.0,3.0,3.0,3.0,3.0,3.0,3.0,3.0,3.0,3.0,3.0,3.0,1.0,1.0,2.0,1.0,2.0,1.0,2.0,2.0,4.0,4.0,3.0,1.0,0.0,0.0,0.0,1.0,2.0,0.0,1.0,1.0,99.0,99.0,5.0,2.0,1.0,1.0,1.0,1.0,1.0,1.0,3.0,4.0,,,1.0,,,1.0,1.0,,,,,,,,,2.0,2.0,1.0,3.0,2.0,,2.0,1.0,1.0,,1.0,,,4.0,3.0,0.0,1.0,0.0,0.0,4.0,1.0,0.0,0.0,0.0,0.0,0.0,0.0,3.0,0.0,0.0,0.0,3.0,99.0,99.0,0.0,0.0,0.0,3.0,5.0,,,1.0,1.0,,,,,8.0,8.0,8.0,8.0,8.0,8.0,8.0,8.0,8.0,4.0,5.0,5.0,2.0,1.0,,1.0,1.0,1.0,1.0,1.0,,,2.0,3.0,3.0,2.0,2.0,3.0,1.0,3.0,3.0,3.0,3.0,3.0,3.0,3.0,2.0,2.0,2.0,2.0,2.0,2.0,2.0,1.0,1.0,1.0,,,,,1.0,,,1.0,1.0,1.0,,,,,,,1.0,1.0,1.0,,,6.0,6.0,0.0,2.0,1.0,2.0,7.0,8.0,5.0,7.0,7.0,0.0,3.0,0.0,0.0,0.0,8.0,4.0,1.0,,,,1.0,,,1.0,,,,1.0,1.0,1.0,12.0,11.0,0.6729052829575184
47.0,1.0,69.0,6.0,1.0,1.0,16.0,4.0,2.0,7.0,1.0,,,,,,1.0,,,,,,1.0,,,,1.0,,,,,,,,,5.0,3.0,4.0,,1.0,1.0,3.0,2.0,3.0,1.0,1.0,3.0,3.0,1.0,3.0,3.0,2.0,2.0,1.0,1.0,1.0,2.0,3.0,3.0,3.0,1.0,8.0,1.0,0.0,0.0,0.0,0.0,7.0,6.0,0.0,0.0,0.0,0.0,0.0,0.0,1.0,2.0,2.0,2.0,2.0,2.0,2.0,2.0,4.0,1.0,,,,,,,1.0,,,,,,1.0,,4.0,4.0,4.0,3.0,1.0,2.0,3.0,1.0,,,1.0,,,5.0,3.0,0.0,0.0,0.0,0.0,0.0,1.0,2.0,0.0,0.0,0.0,0.0,2.0,2.0,0.0,0.0,0.0,0.0,0.0,5.0,3.0,1.0,0.0,6.0,4.0,,,1.0,1.0,1.0,1.0,1.0,,4.0,2.0,4.0,4.0,4.0,8.0,8.0,4.0,8.0,2.0,3.0,2.0,2.0,1.0,1.0,,1.0,,,1.0,1.0,,3.0,4.0,2.0,3.0,1.0,3.0,3.0,3.0,2.0,3.0,3.0,3.0,2.0,2.0,3.0,3.0,2.0,2.0,2.0,2.0,1.0,1.0,1.0,,1.0,1.0,,,,,1.0,1.0,1.0,1.0,,,,1.0,,1.0,1.0,1.0,,,,2.0,8.0,4.0,6.0,4.0,4.0,10.0,10.0,1.0,7.0,7.0,0.0,0.0,0.0,0.0,0.0,5.0,5.0,1.0,,,1.0,,,,,,,,2.0,2.0,2.0,11.0,10.0,2.0000347183273086
48.0,2.0,55.0,5.0,5.0,2.0,16.0,4.0,1.0,3.0,1.0,1.0,,,,,1.0,,,,,,,,,,,1.0,,,,,,,,2.0,1.0,2.0,3.0,2.0,2.0,3.0,3.0,3.0,2.0,3.0,3.0,3.0,2.0,3.0,3.0,2.0,2.0,3.0,2.0,1.0,3.0,1.0,4.0,1.0,10.0,10.0,10.0,10.0,10.0,10.0,10.0,10.0,10.0,10.0,10.0,10.0,10.0,10.0,10.0,10.0,1.0,1.0,1.0,1.0,1.0,1.0,1.0,1.0,1.0,,,,,,,,1.0,,,1.0,,,,4.0,4.0,4.0,1.0,1.0,5.0,4.0,,,,,1.0,,1.0,1.0,6.0,8.0,10.0,10.0,10.0,10.0,10.0,9.0,10.0,10.0,8.0,10.0,10.0,10.0,9.0,9.0,10.0,6.0,10.0,6.0,9.0,10.0,3.0,1.0,,1.0,1.0,1.0,,,,,1.0,1.0,1.0,1.0,1.0,1.0,1.0,1.0,1.0,3.0,3.0,1.0,5.0,1.0,,,1.0,,1.0,,1.0,,1.0,2.0,2.0,2.0,1.0,2.0,1.0,1.0,2.0,1.0,1.0,1.0,1.0,2.0,1.0,2.0,2.0,2.0,2.0,2.0,1.0,1.0,1.0,,1.0,,1.0,,,,,1.0,1.0,,,,,1.0,,,,1.0,1.0,,,6.0,7.0,5.0,7.0,4.0,2.0,8.0,10.0,10.0,10.0,10.0,0.0,10.0,0.0,1.0,0.0,4.0,1.0,1.0,,,,1.0,,,1.0,,,,1.0,1.0,1.0,1.0,1.0,0.4324052348702815
49.0,1.0,40.0,3.0,3.0,2.0,16.0,4.0,1.0,4.0,1.0,,,,1.0,,,,1.0,,1.0,,,,,,,,,,,,,,,3.0,2.0,10.0,,3.0,3.0,3.0,3.0,3.0,3.0,3.0,3.0,3.0,3.0,3.0,3.0,3.0,3.0,4.0,3.0,3.0,3.0,3.0,4.0,2.0,7.0,6.0,7.0,5.0,0.0,2.0,5.0,7.0,7.0,5.0,6.0,5.0,99.0,5.0,5.0,3.0,2.0,3.0,3.0,1.0,3.0,2.0,3.0,4.0,,,,,,1.0,1.0,,,,1.0,,,,,1.0,4.0,1.0,3.0,2.0,,3.0,1.0,1.0,,1.0,,,3.0,2.0,1.0,5.0,0.0,0.0,7.0,5.0,4.0,5.0,6.0,6.0,0.0,6.0,7.0,0.0,4.0,0.0,1.0,1.0,5.0,6.0,3.0,0.0,5.0,5.0,1.0,1.0,1.0,1.0,1.0,,1.0,,8.0,8.0,8.0,7.0,8.0,1.0,8.0,8.0,1.0,1.0,1.0,2.0,5.0,2.0,,1.0,,1.0,1.0,1.0,1.0,,4.0,1.0,3.0,2.0,3.0,1.0,3.0,2.0,2.0,1.0,1.0,3.0,1.0,2.0,2.0,2.0,2.0,2.0,2.0,3.0,4.0,2.0,2.0,,,1.0,,1.0,,1.0,1.0,1.0,1.0,1.0,,,,1.0,1.0,,1.0,1.0,,,,5.0,5.0,3.0,5.0,2.0,2.0,8.0,10.0,8.0,9.0,9.0,1.0,2.0,1.0,0.0,0.0,6.0,5.0,1.0,,,,1.0,,,1.0,,,,2.0,2.0,2.0,1.0,1.0,0.939239993098137
50.0,1.0,31.0,2.0,5.0,2.0,16.0,8.0,1.0,4.0,1.0,,,,1.0,,,,,,,,,,,,,,,,1.0,1.0,,,,3.0,1.0,2.0,4.0,2.0,3.0,3.0,2.0,3.0,3.0,2.0,3.0,3.0,3.0,3.0,3.0,3.0,5.0,3.0,4.0,3.0,3.0,5.0,3.0,4.0,5.0,10.0,10.0,6.0,9.0,8.0,10.0,5.0,7.0,7.0,5.0,6.0,10.0,6.0,10.0,7.0,2.0,2.0,1.0,1.0,2.0,2.0,3.0,1.0,,,1.0,,,,,,1.0,,,,1.0,,,1.0,3.0,2.0,5.0,1.0,6.0,3.0,,,1.0,,1.0,,2.0,2.0,7.0,7.0,8.0,7.0,6.0,7.0,4.0,10.0,2.0,8.0,2.0,7.0,9.0,6.0,8.0,4.0,5.0,6.0,7.0,8.0,6.0,7.0,3.0,3.0,,,,1.0,,1.0,1.0,,5.0,5.0,6.0,6.0,3.0,7.0,3.0,4.0,1.0,2.0,3.0,2.0,3.0,2.0,,,,,1.0,,,,3.0,2.0,1.0,2.0,2.0,2.0,1.0,3.0,2.0,1.0,1.0,2.0,1.0,2.0,2.0,2.0,3.0,1.0,3.0,2.0,1.0,2.0,3.0,,1.0,1.0,,,,1.0,,,1.0,,,,,1.0,,,1.0,,,,,6.0,1.0,6.0,5.0,4.0,6.0,7.0,4.0,6.0,7.0,4.0,5.0,4.0,5.0,4.0,4.0,8.0,1.0,1.0,,,1.0,,,,,,,,1.0,1.0,1.0,5.0,4.0,0.8633460946941646
51.0,2.0,49.0,4.0,5.0,1.0,16.0,5.0,1.0,2.0,2.0,1.0,,,,1.0,1.0,,,,,,,,,,,,,,,,,,,3.0,3.0,2.0,4.0,2.0,1.0,2.0,3.0,3.0,3.0,2.0,3.0,3.0,3.0,3.0,3.0,2.0,3.0,3.0,3.0,3.0,4.0,3.0,4.0,2.0,2.0,3.0,6.0,3.0,4.0,5.0,4.0,5.0,3.0,3.0,6.0,4.0,3.0,3.0,5.0,2.0,2.0,1.0,1.0,2.0,1.0,2.0,1.0,3.0,,,1.0,,,,,,,,1.0,,,1.0,,2.0,3.0,3.0,3.0,2.0,,3.0,1.0,1.0,,1.0,,,3.0,3.0,2.0,3.0,0.0,0.0,2.0,5.0,5.0,1.0,2.0,2.0,2.0,5.0,3.0,4.0,0.0,5.0,3.0,6.0,6.0,2.0,1.0,1.0,4.0,5.0,,,,1.0,,1.0,1.0,,8.0,8.0,8.0,8.0,8.0,8.0,8.0,8.0,2.0,2.0,3.0,2.0,3.0,2.0,,,,,,1.0,1.0,,2.0,3.0,3.0,2.0,3.0,3.0,3.0,3.0,3.0,3.0,3.0,1.0,3.0,2.0,2.0,2.0,2.0,2.0,2.0,2.0,2.0,1.0,1.0,,1.0,1.0,,,,,,1.0,1.0,1.0,,,,,1.0,1.0,1.0,1.0,1.0,,,4.0,8.0,5.0,6.0,6.0,6.0,8.0,10.0,5.0,7.0,7.0,4.0,6.0,4.0,2.0,0.0,7.0,3.0,1.0,,,,1.0,,,1.0,,,,1.0,1.0,1.0,8.0,7.0,0.6033630827868764
52.0,1.0,28.0,2.0,5.0,2.0,16.0,7.0,1.0,4.0,1.0,,,,,1.0,,,1.0,,,,,,,,,1.0,,,,,,,,3.0,2.0,2.0,3.0,1.0,1.0,3.0,3.0,3.0,3.0,2.0,3.0,3.0,3.0,3.0,2.0,1.0,3.0,3.0,4.0,3.0,3.0,3.0,2.0,2.0,4.0,7.0,6.0,8.0,6.0,6.0,5.0,8.0,7.0,2.0,5.0,6.0,8.0,5.0,2.0,5.0,1.0,1.0,3.0,1.0,3.0,1.0,3.0,4.0,,,1.0,,,1.0,1.0,,,,,,,,,2.0,2.0,1.0,3.0,1.0,5.0,3.0,1.0,1.0,,,,,3.0,2.0,6.0,6.0,4.0,4.0,6.0,4.0,2.0,5.0,5.0,7.0,1.0,9.0,6.0,5.0,2.0,5.0,2.0,3.0,7.0,5.0,3.0,5.0,3.0,3.0,,,,1.0,,,1.0,,7.0,2.0,2.0,7.0,7.0,1.0,8.0,2.0,1.0,3.0,3.0,4.0,3.0,1.0,,,,,,,,1.0,3.0,3.0,2.0,2.0,3.0,2.0,3.0,3.0,2.0,3.0,2.0,3.0,3.0,2.0,2.0,2.0,2.0,2.0,2.0,2.0,4.0,1.0,2.0,1.0,,,,,1.0,,,1.0,1.0,1.0,,,,1.0,,,,1.0,,,,4.0,4.0,2.0,6.0,2.0,2.0,7.0,8.0,5.0,9.0,10.0,3.0,3.0,3.0,2.0,0.0,8.0,5.0,1.0,,,,,1.0,1.0,,,,,1.0,1.0,1.0,3.0,3.0,0.8633460946941646
53.0,1.0,46.0,4.0,3.0,2.0,16.0,7.0,1.0,2.0,2.0,,,,,,1.0,1.0,,,,,,,,,,,,1.0,,,,,,2.0,2.0,3.0,4.0,3.0,3.0,3.0,3.0,3.0,3.0,3.0,3.0,3.0,3.0,3.0,3.0,3.0,3.0,2.0,4.0,3.0,4.0,3.0,2.0,4.0,6.0,7.0,8.0,6.0,4.0,7.0,7.0,8.0,8.0,99.0,5.0,6.0,6.0,7.0,5.0,99.0,2.0,1.0,1.0,1.0,1.0,2.0,3.0,3.0,,,,,1.0,,,1.0,,,,,,1.0,,3.0,2.0,3.0,4.0,2.0,,2.0,,,,1.0,1.0,,2.0,3.0,5.0,7.0,6.0,3.0,5.0,7.0,6.0,7.0,7.0,5.0,4.0,8.0,6.0,3.0,5.0,7.0,5.0,5.0,6.0,5.0,5.0,3.0,5.0,2.0,1.0,1.0,1.0,1.0,1.0,1.0,1.0,,2.0,2.0,2.0,1.0,1.0,1.0,1.0,1.0,2.0,2.0,1.0,1.0,2.0,3.0,,,,,,1.0,1.0,,2.0,1.0,2.0,3.0,1.0,3.0,3.0,3.0,2.0,3.0,3.0,3.0,3.0,2.0,3.0,3.0,1.0,1.0,5.0,3.0,4.0,3.0,1.0,,,1.0,,,1.0,,1.0,1.0,1.0,1.0,,,,1.0,1.0,1.0,,1.0,,,,4.0,6.0,4.0,5.0,3.0,3.0,8.0,10.0,8.0,6.0,8.0,4.0,4.0,3.0,2.0,0.0,8.0,5.0,1.0,,,,1.0,,,,,,,1.0,1.0,1.0,1.0,1.0,0.5713676633370325
54.0,1.0,50.0,4.0,5.0,1.0,16.0,5.0,1.0,2.0,1.0,,,,,,1.0,,1.0,,1.0,,,,,,,,,,,,,,,2.0,3.0,3.0,4.0,3.0,2.0,3.0,3.0,3.0,3.0,3.0,3.0,3.0,3.0,3.0,3.0,3.0,3.0,3.0,4.0,3.0,4.0,4.0,4.0,4.0,5.0,7.0,7.0,8.0,6.0,4.0,7.0,7.0,5.0,5.0,7.0,8.0,7.0,6.0,7.0,7.0,2.0,3.0,3.0,3.0,1.0,2.0,1.0,4.0,1.0,,,,,1.0,1.0,,,,,,,,,3.0,3.0,2.0,4.0,2.0,,3.0,,,,,1.0,,2.0,2.0,6.0,8.0,4.0,5.0,6.0,7.0,7.0,6.0,7.0,7.0,5.0,8.0,7.0,7.0,5.0,7.0,7.0,6.0,8.0,6.0,7.0,7.0,3.0,3.0,,,,,1.0,1.0,1.0,,1.0,1.0,3.0,6.0,6.0,1.0,6.0,4.0,1.0,4.0,4.0,3.0,2.0,1.0,,1.0,,,,,,,1.0,2.0,1.0,3.0,1.0,1.0,1.0,1.0,1.0,1.0,1.0,1.0,1.0,2.0,3.0,2.0,1.0,1.0,1.0,1.0,3.0,1.0,1.0,,,,,1.0,1.0,1.0,1.0,1.0,1.0,1.0,,,1.0,1.0,,1.0,1.0,1.0,,,,5.0,6.0,1.0,4.0,1.0,1.0,7.0,9.0,6.0,8.0,9.0,4.0,5.0,5.0,4.0,1.0,7.0,5.0,1.0,,,,1.0,,,1.0,,,,2.0,2.0,2.0,10.0,10.0,0.586342073234104
55.0,1.0,57.0,5.0,5.0,2.0,16.0,3.0,1.0,6.0,1.0,,,,,,1.0,,,,,,,,,,,,,,1.0,1.0,,,,2.0,2.0,2.0,4.0,3.0,2.0,3.0,3.0,3.0,3.0,3.0,3.0,3.0,3.0,3.0,3.0,3.0,4.0,4.0,4.0,4.0,4.0,4.0,4.0,4.0,5.0,5.0,6.0,2.0,2.0,4.0,4.0,7.0,5.0,3.0,5.0,5.0,1.0,4.0,4.0,5.0,2.0,1.0,1.0,1.0,1.0,2.0,2.0,4.0,,,1.0,,,,,1.0,,,,,,1.0,,3.0,3.0,3.0,4.0,2.0,,3.0,1.0,,,,,,2.0,2.0,6.0,6.0,5.0,5.0,5.0,5.0,5.0,5.0,5.0,5.0,5.0,5.0,5.0,5.0,5.0,5.0,5.0,5.0,5.0,5.0,5.0,5.0,5.0,2.0,,1.0,1.0,1.0,,,,,8.0,8.0,8.0,8.0,8.0,8.0,8.0,8.0,8.0,2.0,2.0,2.0,2.0,3.0,1.0,,,,,1.0,1.0,,1.0,2.0,3.0,3.0,3.0,3.0,3.0,3.0,3.0,3.0,3.0,3.0,3.0,3.0,3.0,3.0,2.0,2.0,2.0,2.0,3.0,1.0,1.0,1.0,,1.0,,,,,,,,1.0,,,,,1.0,,1.0,1.0,,,,3.0,8.0,2.0,4.0,2.0,2.0,8.0,10.0,8.0,2.0,8.0,1.0,3.0,5.0,1.0,0.0,3.0,5.0,1.0,,,,1.0,,,,,,,3.0,3.0,3.0,2.0,2.0,0.4101278266777226
56.0,1.0,35.0,3.0,4.0,3.0,16.0,7.0,1.0,1.0,1.0,,,,,,,1.0,,,,,,,,,,,,1.0,,1.0,,,,2.0,2.0,2.0,2.0,1.0,1.0,1.0,1.0,3.0,3.0,1.0,2.0,1.0,2.0,2.0,2.0,2.0,1.0,2.0,2.0,2.0,2.0,1.0,1.0,2.0,8.0,4.0,7.0,6.0,5.0,5.0,4.0,5.0,7.0,8.0,7.0,7.0,6.0,6.0,7.0,6.0,2.0,3.0,1.0,1.0,3.0,3.0,3.0,4.0,,,,,,,1.0,,,1.0,1.0,,,,,2.0,5.0,2.0,2.0,2.0,,2.0,1.0,,1.0,,1.0,,4.0,3.0,7.0,6.0,6.0,6.0,7.0,4.0,7.0,5.0,5.0,6.0,6.0,6.0,6.0,5.0,6.0,5.0,7.0,7.0,7.0,6.0,7.0,5.0,2.0,2.0,,,,,1.0,,,,3.0,1.0,7.0,2.0,2.0,2.0,1.0,7.0,3.0,1.0,2.0,2.0,3.0,1.0,,,,,,,1.0,,2.0,2.0,1.0,2.0,2.0,1.0,2.0,1.0,1.0,2.0,2.0,2.0,2.0,1.0,2.0,1.0,2.0,2.0,1.0,2.0,2.0,1.0,2.0,,,1.0,,1.0,,1.0,,,,1.0,,,,,,1.0,,,1.0,,,6.0,6.0,5.0,5.0,6.0,5.0,7.0,5.0,7.0,6.0,6.0,5.0,5.0,7.0,6.0,6.0,7.0,1.0,1.0,,,,1.0,,,,,,,1.0,1.0,1.0,7.0,6.0,2.0000208345712456
57.0,2.0,64.0,5.0,5.0,2.0,16.0,6.0,3.0,5.0,1.0,,,1.0,,,,,,,,,,,,,,1.0,,,1.0,,,,,3.0,1.0,6.0,,3.0,2.0,3.0,3.0,3.0,3.0,2.0,3.0,3.0,3.0,3.0,3.0,1.0,3.0,1.0,1.0,1.0,4.0,1.0,1.0,1.0,6.0,5.0,5.0,0.0,2.0,9.0,5.0,9.0,2.0,0.0,0.0,0.0,0.0,5.0,5.0,0.0,1.0,1.0,1.0,1.0,1.0,1.0,1.0,3.0,1.0,,,,,,,,,1.0,,,,1.0,,3.0,4.0,2.0,2.0,1.0,2.0,1.0,1.0,1.0,,,,,4.0,2.0,4.0,4.0,0.0,5.0,8.0,0.0,5.0,3.0,5.0,2.0,1.0,6.0,8.0,2.0,0.0,7.0,2.0,0.0,0.0,5.0,7.0,1.0,3.0,5.0,,,,,1.0,1.0,1.0,,4.0,4.0,4.0,4.0,4.0,4.0,4.0,4.0,4.0,4.0,4.0,3.0,1.0,1.0,1.0,1.0,,,,1.0,1.0,,1.0,3.0,2.0,2.0,1.0,1.0,1.0,2.0,3.0,1.0,3.0,3.0,1.0,2.0,3.0,3.0,1.0,1.0,1.0,1.0,1.0,1.0,1.0,,1.0,,,,1.0,,,1.0,,1.0,,,,1.0,1.0,,,,,,,4.0,8.0,1.0,6.0,4.0,5.0,8.0,10.0,7.0,8.0,8.0,6.0,8.0,6.0,6.0,0.0,8.0,4.0,1.0,,,1.0,,,,,,,,2.0,3.0,2.0,11.0,10.0,0.4745859939809871
58.0,1.0,47.0,4.0,5.0,2.0,16.0,4.0,3.0,6.0,1.0,,,,,,,,1.0,,1.0,,,,,,,,1.0,,,,,,,5.0,3.0,6.0,,3.0,3.0,3.0,3.0,3.0,3.0,3.0,3.0,3.0,3.0,3.0,3.0,3.0,2.0,2.0,2.0,2.0,2.0,2.0,2.0,2.0,7.0,8.0,8.0,8.0,7.0,0.0,4.0,2.0,3.0,7.0,0.0,7.0,5.0,2.0,5.0,7.0,1.0,1.0,1.0,1.0,1.0,1.0,1.0,4.0,,,,,,1.0,,,1.0,1.0,,,,,,1.0,1.0,1.0,2.0,2.0,,4.0,,,,,,1.0,5.0,3.0,0.0,0.0,0.0,0.0,5.0,0.0,0.0,0.0,0.0,5.0,5.0,5.0,5.0,5.0,0.0,0.0,0.0,0.0,5.0,0.0,0.0,5.0,3.0,1.0,,1.0,1.0,1.0,,,1.0,,8.0,8.0,8.0,7.0,7.0,8.0,8.0,8.0,8.0,4.0,4.0,4.0,4.0,1.0,,1.0,,1.0,1.0,,1.0,,1.0,1.0,1.0,2.0,2.0,1.0,1.0,1.0,1.0,1.0,1.0,1.0,2.0,3.0,2.0,3.0,1.0,1.0,1.0,1.0,1.0,1.0,1.0,,1.0,,,,1.0,1.0,1.0,1.0,,1.0,,,1.0,1.0,1.0,1.0,,,,,,4.0,7.0,0.0,4.0,0.0,0.0,6.0,8.0,1.0,10.0,10.0,5.0,5.0,5.0,5.0,5.0,6.0,1.0,1.0,,,,,1.0,,,,,,3.0,3.0,3.0,3.0,3.0,0.3495454529394512
59.0,1.0,64.0,5.0,5.0,3.0,16.0,4.0,1.0,4.0,1.0,,,,,,,,,,1.0,,,,,,,,,,,1.0,,1.0,,3.0,2.0,2.0,4.0,3.0,3.0,3.0,3.0,3.0,3.0,3.0,3.0,3.0,3.0,3.0,3.0,3.0,4.0,4.0,4.0,4.0,4.0,4.0,4.0,4.0,5.0,5.0,5.0,5.0,5.0,5.0,5.0,8.0,5.0,5.0,5.0,5.0,5.0,5.0,5.0,5.0,1.0,1.0,1.0,1.0,1.0,1.0,1.0,3.0,,,1.0,,,,,1.0,1.0,,,,,,,2.0,2.0,2.0,4.0,2.0,,1.0,1.0,1.0,1.0,1.0,,,3.0,2.0,5.0,5.0,5.0,5.0,5.0,7.0,7.0,5.0,5.0,5.0,0.0,7.0,5.0,5.0,0.0,5.0,7.0,5.0,7.0,5.0,7.0,5.0,6.0,5.0,,,,,,,,1.0,8.0,8.0,8.0,8.0,8.0,8.0,8.0,8.0,8.0,2.0,2.0,2.0,5.0,2.0,1.0,1.0,1.0,1.0,1.0,1.0,1.0,,1.0,3.0,3.0,3.0,3.0,3.0,3.0,3.0,3.0,3.0,3.0,3.0,3.0,3.0,3.0,3.0,5.0,5.0,5.0,5.0,2.0,2.0,2.0,1.0,1.0,,,,,1.0,1.0,1.0,1.0,1.0,,,,,,1.0,,,,,,99.0,0.0,0.0,0.0,0.0,0.0,0.0,0.0,10.0,7.0,8.0,0.0,7.0,7.0,0.0,0.0,5.0,5.0,1.0,,,,1.0,,,,,,,1.0,1.0,1.0,12.0,11.0,0.5792208883356296
60.0,1.0,64.0,5.0,5.0,2.0,16.0,5.0,1.0,2.0,1.0,1.0,,,,,,,,,,,,,,,,,,,,1.0,1.0,,,3.0,3.0,2.0,3.0,3.0,2.0,3.0,3.0,3.0,3.0,3.0,3.0,3.0,3.0,3.0,3.0,3.0,2.0,2.0,4.0,3.0,2.0,1.0,3.0,3.0,6.0,3.0,7.0,7.0,8.0,8.0,5.0,10.0,7.0,4.0,5.0,7.0,5.0,3.0,6.0,2.0,1.0,3.0,3.0,1.0,1.0,1.0,3.0,5.0,,,1.0,,,1.0,1.0,,,,,,,,,4.0,4.0,1.0,4.0,2.0,,4.0,,,,,,1.0,3.0,2.0,3.0,7.0,0.0,4.0,9.0,6.0,1.0,7.0,7.0,7.0,6.0,7.0,7.0,1.0,4.0,2.0,5.0,5.0,8.0,2.0,4.0,8.0,3.0,5.0,,,1.0,1.0,,,1.0,,1.0,1.0,6.0,7.0,7.0,1.0,1.0,1.0,8.0,4.0,4.0,4.0,4.0,1.0,,1.0,,1.0,1.0,,,,1.0,4.0,3.0,2.0,3.0,1.0,3.0,3.0,3.0,2.0,3.0,1.0,1.0,3.0,3.0,3.0,1.0,2.0,1.0,1.0,4.0,1.0,1.0,1.0,,,,,1.0,,,,1.0,1.0,,,1.0,,1.0,,,1.0,1.0,,,7.0,8.0,2.0,2.0,0.0,1.0,6.0,9.0,3.0,7.0,8.0,2.0,6.0,6.0,2.0,2.0,7.0,4.0,1.0,,,,1.0,,,1.0,,,,2.0,3.0,2.0,1.0,1.0,0.4301507636469946
61.0,2.0,70.0,6.0,4.0,2.0,16.0,6.0,2.0,4.0,1.0,,,,,1.0,,,,,,,,,1.0,,,,,,,,1.0,,,2.0,1.0,4.0,,3.0,3.0,3.0,3.0,3.0,3.0,3.0,3.0,3.0,3.0,3.0,3.0,3.0,3.0,3.0,4.0,3.0,4.0,4.0,4.0,2.0,7.0,8.0,8.0,10.0,5.0,6.0,6.0,8.0,6.0,0.0,8.0,8.0,0.0,1.0,8.0,9.0,2.0,1.0,1.0,1.0,1.0,2.0,2.0,2.0,1.0,,,,,,,1.0,,,,,,1.0,,3.0,3.0,3.0,3.0,2.0,,3.0,1.0,1.0,,1.0,,,2.0,2.0,8.0,10.0,6.0,4.0,7.0,8.0,9.0,8.0,6.0,8.0,6.0,9.0,8.0,5.0,5.0,7.0,9.0,8.0,7.0,7.0,7.0,5.0,4.0,1.0,,1.0,1.0,1.0,1.0,1.0,1.0,,1.0,1.0,1.0,1.0,1.0,1.0,1.0,1.0,1.0,2.0,1.0,1.0,1.0,2.0,,1.0,,1.0,,1.0,1.0,,1.0,2.0,2.0,2.0,1.0,1.0,1.0,3.0,3.0,1.0,1.0,1.0,3.0,2.0,3.0,2.0,1.0,1.0,1.0,1.0,2.0,1.0,1.0,,,1.0,,,1.0,,,1.0,1.0,1.0,,,,1.0,,1.0,1.0,1.0,1.0,,,7.0,8.0,0.0,4.0,0.0,4.0,9.0,10.0,5.0,10.0,10.0,6.0,6.0,2.0,0.0,0.0,7.0,1.0,1.0,,,,1.0,,,,,,,2.0,2.0,2.0,1.0,1.0,2.0000756648250273
62.0,1.0,72.0,6.0,5.0,2.0,16.0,4.0,2.0,6.0,1.0,,,,,,1.0,,,,,,,,,1.0,,,,,,1.0,,,,2.0,2.0,4.0,,3.0,3.0,3.0,3.0,3.0,3.0,3.0,3.0,3.0,3.0,3.0,3.0,3.0,4.0,4.0,4.0,4.0,4.0,4.0,4.0,4.0,6.0,8.0,9.0,7.0,3.0,6.0,7.0,9.0,6.0,2.0,5.0,5.0,6.0,6.0,6.0,7.0,1.0,3.0,3.0,1.0,1.0,1.0,3.0,5.0,1.0,,,,,,,,1.0,,,1.0,,,,1.0,2.0,3.0,4.0,1.0,3.0,4.0,1.0,1.0,,,,,2.0,2.0,1.0,9.0,0.0,0.0,10.0,8.0,3.0,8.0,8.0,3.0,2.0,10.0,5.0,3.0,0.0,2.0,0.0,0.0,10.0,0.0,6.0,0.0,4.0,3.0,,1.0,,1.0,,,,,1.0,1.0,1.0,1.0,1.0,1.0,1.0,1.0,1.0,5.0,1.0,1.0,1.0,1.0,,1.0,,1.0,1.0,1.0,1.0,,1.0,1.0,3.0,2.0,1.0,1.0,1.0,1.0,1.0,1.0,1.0,1.0,1.0,2.0,3.0,3.0,2.0,2.0,2.0,2.0,1.0,1.0,1.0,,,1.0,,,1.0,,,,,,1.0,,,,,,,,,1.0,,5.0,6.0,1.0,5.0,1.0,3.0,10.0,10.0,6.0,10.0,10.0,5.0,2.0,0.0,0.0,0.0,4.0,3.0,1.0,,,,1.0,,,,,,,2.0,2.0,2.0,1.0,1.0,0.6227725296645248
63.0,1.0,74.0,6.0,5.0,2.0,16.0,7.0,2.0,4.0,1.0,,,,,,1.0,,,,,,,,1.0,1.0,,,,,,,,,,2.0,2.0,4.0,,3.0,3.0,3.0,3.0,3.0,3.0,3.0,3.0,3.0,3.0,3.0,3.0,3.0,3.0,3.0,5.0,3.0,4.0,4.0,4.0,4.0,5.0,8.0,7.0,9.0,6.0,8.0,8.0,10.0,7.0,8.0,7.0,8.0,8.0,9.0,8.0,8.0,2.0,2.0,1.0,2.0,2.0,2.0,2.0,3.0,1.0,,,,,,,1.0,,,,,,1.0,,2.0,2.0,4.0,2.0,2.0,,3.0,1.0,1.0,1.0,,,,2.0,2.0,7.0,8.0,6.0,5.0,6.0,7.0,5.0,8.0,8.0,7.0,5.0,7.0,7.0,7.0,6.0,5.0,5.0,5.0,7.0,4.0,6.0,5.0,4.0,3.0,1.0,1.0,1.0,1.0,1.0,,,,2.0,2.0,2.0,2.0,2.0,2.0,2.0,2.0,2.0,2.0,2.0,2.0,1.0,3.0,,1.0,,,,,,,1.0,2.0,3.0,2.0,1.0,3.0,1.0,1.0,3.0,1.0,1.0,1.0,3.0,2.0,1.0,2.0,4.0,4.0,1.0,4.0,2.0,1.0,1.0,,1.0,1.0,,,,,,,1.0,,,,,,1.0,1.0,,1.0,1.0,,,1.0,6.0,9.0,7.0,3.0,7.0,9.0,10.0,8.0,7.0,10.0,6.0,8.0,4.0,1.0,0.0,8.0,5.0,1.0,,,,1.0,,,,,,,3.0,3.0,3.0,2.0,2.0,0.67795021938502
64.0,1.0,55.0,5.0,5.0,2.0,16.0,5.0,1.0,6.0,1.0,,,,1.0,,,,,,,,,,,,,1.0,,,,1.0,,,,3.0,3.0,2.0,4.0,3.0,3.0,3.0,2.0,3.0,3.0,3.0,3.0,3.0,3.0,3.0,3.0,3.0,3.0,3.0,4.0,3.0,4.0,4.0,3.0,1.0,5.0,99.0,6.0,8.0,1.0,4.0,5.0,8.0,6.0,2.0,5.0,5.0,6.0,99.0,7.0,99.0,2.0,1.0,1.0,1.0,2.0,2.0,3.0,4.0,,,,,1.0,,,,1.0,,,,1.0,,,1.0,2.0,5.0,3.0,2.0,,1.0,,,,1.0,,,3.0,2.0,6.0,8.0,1.0,2.0,99.0,2.0,7.0,99.0,99.0,99.0,6.0,99.0,6.0,4.0,1.0,1.0,2.0,99.0,99.0,4.0,1.0,2.0,3.0,3.0,,,,1.0,,,,,2.0,2.0,8.0,8.0,3.0,2.0,3.0,5.0,1.0,4.0,5.0,4.0,4.0,1.0,,,,,,1.0,1.0,,2.0,2.0,2.0,2.0,1.0,3.0,1.0,1.0,3.0,1.0,3.0,1.0,1.0,2.0,3.0,3.0,2.0,2.0,2.0,1.0,1.0,1.0,1.0,,,1.0,,,1.0,1.0,,,,,,,,,1.0,,,1.0,,,,3.0,6.0,3.0,6.0,4.0,4.0,10.0,10.0,3.0,8.0,10.0,5.0,8.0,2.0,0.0,0.0,5.0,1.0,1.0,,,1.0,,,,,,,,3.0,3.0,3.0,2.0,1.0,0.4101278266777226
65.0,1.0,52.0,4.0,3.0,2.0,16.0,4.0,3.0,4.0,1.0,,,,,,,,1.0,,1.0,,,,,1.0,,,,,,,,,,2.0,1.0,6.0,,3.0,3.0,3.0,3.0,3.0,3.0,3.0,3.0,3.0,3.0,3.0,3.0,3.0,4.0,4.0,4.0,4.0,4.0,4.0,4.0,4.0,5.0,5.0,5.0,5.0,5.0,5.0,5.0,5.0,5.0,5.0,5.0,5.0,5.0,5.0,5.0,5.0,2.0,2.0,2.0,1.0,1.0,2.0,3.0,1.0,1.0,,,,1.0,,,1.0,,,,,,,,1.0,2.0,1.0,5.0,2.0,,4.0,1.0,,,,,,2.0,1.0,4.0,6.0,0.0,0.0,6.0,8.0,7.0,7.0,7.0,6.0,0.0,7.0,6.0,7.0,0.0,6.0,5.0,5.0,6.0,0.0,6.0,6.0,3.0,1.0,,,,1.0,1.0,,,,1.0,1.0,1.0,1.0,1.0,1.0,1.0,1.0,1.0,5.0,5.0,5.0,5.0,2.0,,1.0,1.0,1.0,1.0,1.0,1.0,,1.0,1.0,3.0,3.0,3.0,3.0,3.0,3.0,3.0,3.0,3.0,3.0,3.0,3.0,3.0,3.0,1.0,1.0,1.0,1.0,1.0,1.0,1.0,1.0,,1.0,,,,,,1.0,1.0,1.0,,,1.0,1.0,,1.0,,1.0,,,,0.0,7.0,4.0,6.0,3.0,3.0,8.0,10.0,6.0,10.0,10.0,5.0,6.0,6.0,0.0,0.0,6.0,3.0,1.0,,,,,1.0,1.0,,,,,1.0,1.0,3.0,11.0,10.0,0.5930380431476111
66.0,1.0,53.0,4.0,5.0,2.0,16.0,6.0,1.0,2.0,1.0,,,,,,,,,,1.0,,1.0,,,,,,,,,,1.0,,,3.0,2.0,2.0,3.0,3.0,1.0,3.0,3.0,3.0,2.0,3.0,3.0,3.0,1.0,3.0,3.0,2.0,3.0,3.0,4.0,3.0,3.0,3.0,4.0,3.0,2.0,7.0,7.0,5.0,7.0,4.0,6.0,5.0,3.0,2.0,7.0,3.0,8.0,4.0,7.0,5.0,1.0,1.0,1.0,1.0,1.0,1.0,1.0,1.0,,,,1.0,,1.0,,,1.0,,,,,,,3.0,4.0,2.0,3.0,2.0,,2.0,1.0,,,1.0,,,3.0,3.0,1.0,3.0,2.0,3.0,3.0,5.0,5.0,3.0,4.0,5.0,5.0,4.0,5.0,6.0,1.0,1.0,2.0,4.0,6.0,3.0,4.0,6.0,3.0,3.0,,,,,,,1.0,,4.0,1.0,5.0,7.0,7.0,4.0,5.0,6.0,2.0,4.0,4.0,3.0,2.0,1.0,,,,,,,,1.0,1.0,3.0,2.0,1.0,2.0,1.0,2.0,1.0,1.0,2.0,1.0,2.0,2.0,2.0,2.0,1.0,2.0,2.0,2.0,2.0,3.0,1.0,1.0,1.0,,,,,1.0,,,,1.0,,,,,,,,,1.0,,,,5.0,7.0,7.0,7.0,7.0,6.0,2.0,2.0,5.0,8.0,7.0,3.0,3.0,3.0,10.0,2.0,7.0,4.0,1.0,,,,1.0,,,1.0,,,,3.0,3.0,3.0,11.0,10.0,0.3666106850862128
67.0,2.0,22.0,1.0,3.0,2.0,16.0,5.0,3.0,3.0,1.0,,1.0,,,,,,1.0,,1.0,,,,,,,,,,,,,,,4.0,3.0,6.0,,2.0,2.0,2.0,2.0,2.0,2.0,3.0,3.0,3.0,3.0,2.0,3.0,4.0,2.0,3.0,3.0,2.0,4.0,3.0,2.0,1.0,7.0,7.0,7.0,8.0,7.0,7.0,9.0,6.0,8.0,9.0,7.0,7.0,7.0,7.0,8.0,6.0,3.0,3.0,3.0,3.0,3.0,1.0,3.0,2.0,,,,,,,1.0,,1.0,1.0,,,,,,3.0,2.0,3.0,2.0,1.0,4.0,2.0,,,1.0,1.0,,,4.0,3.0,6.0,7.0,5.0,5.0,6.0,7.0,5.0,7.0,6.0,7.0,6.0,8.0,7.0,6.0,7.0,7.0,5.0,7.0,5.0,5.0,8.0,6.0,2.0,2.0,,,1.0,1.0,,,,,4.0,7.0,2.0,4.0,4.0,5.0,3.0,2.0,7.0,3.0,2.0,3.0,5.0,2.0,1.0,,,,1.0,,,,3.0,3.0,1.0,2.0,2.0,2.0,2.0,3.0,3.0,1.0,2.0,1.0,2.0,2.0,3.0,2.0,5.0,4.0,2.0,4.0,3.0,4.0,4.0,,,1.0,1.0,,,,1.0,,,1.0,,,1.0,,,1.0,1.0,,,,,8.0,2.0,6.0,2.0,2.0,3.0,7.0,3.0,7.0,8.0,7.0,6.0,7.0,6.0,7.0,8.0,6.0,4.0,1.0,,,,,1.0,1.0,,,,,2.0,1.0,1.0,11.0,10.0,0.7339769834730295
68.0,2.0,75.0,6.0,2.0,2.0,16.0,3.0,6.0,6.0,1.0,,,,,,,,,,,1.0,,,,1.0,,,,,,1.0,,,,3.0,3.0,5.0,,1.0,1.0,1.0,3.0,2.0,1.0,1.0,3.0,3.0,1.0,3.0,4.0,1.0,5.0,5.0,5.0,5.0,5.0,5.0,5.0,5.0,99.0,99.0,99.0,99.0,99.0,99.0,99.0,99.0,99.0,99.0,99.0,99.0,99.0,99.0,99.0,99.0,1.0,1.0,1.0,1.0,1.0,1.0,1.0,4.0,1.0,,,,,,,1.0,1.0,,,,,,,3.0,3.0,3.0,3.0,1.0,2.0,3.0,,,,,1.0,,2.0,2.0,99.0,99.0,3.0,4.0,8.0,3.0,4.0,4.0,3.0,6.0,4.0,2.0,8.0,3.0,2.0,3.0,3.0,3.0,4.0,3.0,4.0,3.0,3.0,3.0,,,,1.0,1.0,,,,8.0,8.0,8.0,8.0,8.0,8.0,8.0,8.0,8.0,5.0,5.0,5.0,5.0,1.0,,,,,,1.0,1.0,,5.0,5.0,3.0,3.0,3.0,3.0,3.0,1.0,3.0,3.0,3.0,3.0,3.0,3.0,2.0,3.0,2.0,2.0,2.0,2.0,1.0,1.0,1.0,1.0,,,,1.0,,,,,1.0,,,,,,,,,,,1.0,,99.0,99.0,99.0,99.0,99.0,99.0,99.0,99.0,99.0,99.0,99.0,99.0,99.0,99.0,99.0,99.0,3.0,6.0,1.0,,,,1.0,,,,,,,3.0,3.0,3.0,12.0,11.0,2.0000644247093544
69.0,2.0,60.0,5.0,1.0,2.0,16.0,4.0,1.0,4.0,1.0,,,,,1.0,,,,,,,,,,,,1.0,,,1.0,,,,,2.0,2.0,2.0,4.0,3.0,3.0,3.0,3.0,3.0,3.0,3.0,3.0,3.0,3.0,3.0,3.0,3.0,3.0,3.0,3.0,3.0,4.0,3.0,3.0,3.0,7.0,7.0,8.0,6.0,6.0,7.0,7.0,8.0,7.0,6.0,7.0,6.0,6.0,7.0,6.0,6.0,1.0,1.0,1.0,1.0,1.0,1.0,3.0,3.0,1.0,,,1.0,,,,,1.0,,,,,,,2.0,4.0,2.0,3.0,2.0,,2.0,1.0,1.0,,,,,2.0,2.0,5.0,6.0,6.0,2.0,6.0,7.0,5.0,7.0,6.0,7.0,5.0,8.0,9.0,6.0,4.0,6.0,6.0,5.0,6.0,5.0,7.0,6.0,5.0,2.0,1.0,,1.0,1.0,,,,,1.0,1.0,1.0,1.0,1.0,1.0,1.0,1.0,1.0,3.0,2.0,2.0,2.0,2.0,,,,,,1.0,1.0,,2.0,2.0,3.0,3.0,1.0,3.0,3.0,3.0,3.0,3.0,3.0,3.0,3.0,3.0,3.0,3.0,2.0,2.0,2.0,2.0,3.0,2.0,2.0,,1.0,1.0,,,,,,1.0,1.0,,,,,,,1.0,,,1.0,,,3.0,4.0,2.0,5.0,5.0,5.0,9.0,10.0,10.0,10.0,10.0,5.0,5.0,5.0,2.0,0.0,3.0,1.0,1.0,,,,1.0,,,,,,,1.0,2.0,1.0,1.0,1.0,1.240645197558156
70.0,2.0,54.0,4.0,5.0,2.0,16.0,4.0,1.0,4.0,1.0,,,,1.0,,1.0,,1.0,,,,,,,,,,,,,,,,,3.0,2.0,2.0,4.0,3.0,1.0,3.0,3.0,3.0,2.0,3.0,3.0,3.0,3.0,3.0,3.0,3.0,2.0,3.0,4.0,2.0,3.0,3.0,3.0,2.0,3.0,4.0,7.0,5.0,6.0,5.0,4.0,5.0,9.0,4.0,3.0,6.0,5.0,6.0,6.0,7.0,1.0,1.0,1.0,1.0,1.0,1.0,1.0,3.0,1.0,,,,,1.0,,,1.0,,,,,,,3.0,4.0,5.0,3.0,2.0,,3.0,1.0,,,,,,3.0,2.0,6.0,6.0,0.0,0.0,5.0,5.0,5.0,3.0,6.0,3.0,0.0,7.0,5.0,7.0,1.0,7.0,1.0,2.0,2.0,3.0,5.0,4.0,1.0,4.0,,,,,,,1.0,,3.0,3.0,3.0,3.0,3.0,3.0,3.0,3.0,3.0,5.0,5.0,4.0,2.0,1.0,,,,,,1.0,,,2.0,2.0,3.0,2.0,3.0,3.0,3.0,3.0,3.0,3.0,1.0,1.0,3.0,3.0,3.0,3.0,4.0,5.0,5.0,1.0,3.0,2.0,3.0,,1.0,1.0,,,,,,1.0,,,,,,,,,,1.0,,,,2.0,8.0,0.0,3.0,3.0,4.0,9.0,10.0,3.0,10.0,10.0,5.0,2.0,5.0,0.0,10.0,4.0,1.0,1.0,,,,1.0,,,,,,,3.0,3.0,3.0,3.0,3.0,0.3915612359017463
71.0,2.0,49.0,4.0,2.0,2.0,16.0,7.0,1.0,2.0,1.0,,,,,,,,,,,1.0,,,,,1.0,1.0,,,,,,,,1.0,2.0,1.0,3.0,3.0,3.0,3.0,3.0,3.0,3.0,3.0,3.0,3.0,3.0,3.0,3.0,3.0,4.0,4.0,4.0,3.0,4.0,4.0,4.0,2.0,8.0,6.0,7.0,6.0,6.0,8.0,7.0,8.0,8.0,5.0,7.0,8.0,99.0,99.0,5.0,99.0,2.0,1.0,1.0,1.0,1.0,2.0,3.0,3.0,,,,,,,,1.0,,,,1.0,,1.0,,3.0,3.0,5.0,5.0,2.0,,4.0,,,,,,1.0,2.0,2.0,6.0,6.0,2.0,1.0,6.0,5.0,3.0,2.0,3.0,3.0,2.0,9.0,9.0,4.0,2.0,3.0,3.0,5.0,5.0,4.0,4.0,6.0,4.0,5.0,,,,1.0,,,,,8.0,8.0,8.0,8.0,8.0,8.0,8.0,8.0,8.0,5.0,5.0,5.0,2.0,2.0,,,,,,1.0,1.0,,1.0,2.0,3.0,3.0,3.0,3.0,1.0,3.0,3.0,1.0,1.0,3.0,1.0,3.0,3.0,3.0,1.0,1.0,1.0,3.0,3.0,1.0,1.0,1.0,,1.0,,,,,,1.0,,,,,,,,,1.0,1.0,1.0,,,3.0,6.0,2.0,4.0,3.0,3.0,8.0,10.0,8.0,9.0,9.0,5.0,6.0,6.0,1.0,0.0,8.0,4.0,3.0,,51.0,,1.0,,,1.0,,,,3.0,3.0,3.0,11.0,10.0,0.7194216960874332
72.0,2.0,43.0,3.0,3.0,3.0,16.0,8.0,1.0,2.0,1.0,,,,,,1.0,,,,,,,,,,,1.0,,,,1.0,,,,2.0,2.0,3.0,3.0,2.0,1.0,2.0,3.0,3.0,3.0,2.0,3.0,3.0,3.0,3.0,3.0,2.0,3.0,4.0,3.0,2.0,5.0,3.0,4.0,4.0,6.0,3.0,8.0,6.0,4.0,3.0,6.0,6.0,4.0,0.0,8.0,1.0,3.0,5.0,7.0,99.0,1.0,1.0,1.0,1.0,1.0,1.0,1.0,4.0,,,,,,1.0,,,,,1.0,,,1.0,,2.0,2.0,5.0,3.0,1.0,7.0,2.0,1.0,1.0,,1.0,,,4.0,3.0,3.0,3.0,3.0,0.0,3.0,0.0,3.0,3.0,4.0,3.0,0.0,8.0,7.0,2.0,1.0,5.0,3.0,5.0,5.0,7.0,0.0,4.0,3.0,3.0,,,,1.0,,,1.0,,5.0,8.0,5.0,8.0,3.0,1.0,8.0,2.0,1.0,2.0,3.0,2.0,2.0,2.0,,,,1.0,,,1.0,,1.0,2.0,3.0,3.0,1.0,3.0,3.0,3.0,3.0,3.0,3.0,3.0,3.0,3.0,3.0,3.0,2.0,1.0,1.0,2.0,1.0,1.0,1.0,,,1.0,1.0,,,,,1.0,1.0,1.0,,,,1.0,1.0,,,1.0,,,,4.0,7.0,2.0,5.0,3.0,4.0,8.0,10.0,7.0,7.0,10.0,3.0,4.0,3.0,0.0,0.0,8.0,5.0,1.0,,,,1.0,,,,,,,1.0,1.0,1.0,2.0,3.0,0.8505823023800679
73.0,2.0,75.0,6.0,3.0,2.0,16.0,3.0,6.0,6.0,1.0,,,,,,,,,,,1.0,,,1.0,,,1.0,,,,,,,,3.0,2.0,11.0,3.0,1.0,1.0,3.0,3.0,3.0,2.0,1.0,3.0,3.0,2.0,3.0,3.0,3.0,3.0,3.0,3.0,2.0,4.0,4.0,4.0,3.0,6.0,5.0,7.0,5.0,6.0,6.0,5.0,7.0,4.0,5.0,4.0,5.0,5.0,5.0,6.0,5.0,2.0,2.0,1.0,1.0,1.0,2.0,1.0,4.0,,1.0,,1.0,,,,1.0,,,,,,,,2.0,2.0,3.0,2.0,2.0,,3.0,1.0,1.0,,,,,3.0,2.0,6.0,6.0,4.0,4.0,7.0,5.0,5.0,6.0,5.0,5.0,3.0,7.0,7.0,5.0,4.0,5.0,4.0,5.0,6.0,4.0,5.0,4.0,5.0,2.0,1.0,,1.0,,1.0,,,,1.0,1.0,6.0,3.0,6.0,1.0,8.0,8.0,8.0,4.0,3.0,5.0,1.0,3.0,,1.0,,1.0,1.0,,1.0,,1.0,2.0,3.0,3.0,3.0,3.0,3.0,3.0,3.0,3.0,3.0,3.0,3.0,3.0,3.0,3.0,2.0,2.0,2.0,1.0,2.0,1.0,1.0,,1.0,,1.0,,,,,,,,1.0,,,,,1.0,1.0,,,,,10.0,10.0,10.0,10.0,10.0,10.0,9.0,10.0,5.0,8.0,5.0,3.0,3.0,6.0,5.0,6.0,2.0,1.0,2.0,7.0,,,1.0,,,,,,,3.0,3.0,3.0,10.0,8.0,2.000067942338869
74.0,2.0,45.0,4.0,5.0,1.0,16.0,5.0,1.0,4.0,1.0,1.0,,,,,1.0,,,,,,,,,,,,,,,1.0,,,,2.0,2.0,2.0,3.0,1.0,1.0,3.0,3.0,3.0,1.0,1.0,3.0,3.0,3.0,3.0,3.0,1.0,3.0,3.0,4.0,3.0,4.0,4.0,4.0,3.0,7.0,7.0,8.0,8.0,8.0,6.0,7.0,7.0,7.0,7.0,6.0,7.0,6.0,6.0,6.0,7.0,1.0,1.0,1.0,1.0,1.0,1.0,1.0,3.0,1.0,,1.0,1.0,,,,,,,,,,,,2.0,2.0,2.0,4.0,2.0,,4.0,1.0,,,,1.0,,2.0,2.0,6.0,9.0,8.0,7.0,8.0,8.0,8.0,8.0,7.0,8.0,7.0,8.0,7.0,8.0,7.0,8.0,7.0,7.0,8.0,8.0,7.0,8.0,4.0,2.0,1.0,,,,,,,,3.0,3.0,3.0,3.0,3.0,3.0,3.0,3.0,3.0,3.0,2.0,2.0,2.0,2.0,,,1.0,,,,,,2.0,2.0,2.0,2.0,1.0,3.0,3.0,2.0,3.0,1.0,1.0,1.0,1.0,2.0,3.0,2.0,2.0,1.0,1.0,1.0,1.0,1.0,1.0,,1.0,,,,1.0,,,1.0,,1.0,,,,,,1.0,,1.0,,,,2.0,5.0,6.0,1.0,4.0,4.0,8.0,10.0,6.0,5.0,6.0,3.0,6.0,4.0,5.0,0.0,6.0,4.0,1.0,,,,1.0,,,1.0,,,,2.0,2.0,2.0,3.0,3.0,0.6262469595035056
75.0,2.0,55.0,5.0,5.0,2.0,16.0,4.0,1.0,3.0,1.0,1.0,,,,,,,,,1.0,,,,,,,1.0,,,,,,,,2.0,1.0,2.0,3.0,3.0,1.0,3.0,3.0,3.0,2.0,3.0,3.0,3.0,2.0,3.0,3.0,3.0,3.0,3.0,2.0,2.0,3.0,2.0,3.0,2.0,9.0,9.0,9.0,9.0,9.0,9.0,9.0,9.0,9.0,9.0,9.0,9.0,9.0,9.0,9.0,9.0,1.0,1.0,1.0,1.0,1.0,1.0,1.0,1.0,,,,,,,,1.0,1.0,,,,1.0,,,3.0,2.0,1.0,1.0,1.0,5.0,3.0,,1.0,,1.0,,,2.0,1.0,10.0,10.0,10.0,10.0,10.0,10.0,10.0,10.0,10.0,10.0,10.0,10.0,10.0,10.0,10.0,10.0,10.0,10.0,10.0,10.0,10.0,10.0,3.0,1.0,,,,,,,1.0,,1.0,1.0,1.0,1.0,1.0,1.0,1.0,1.0,1.0,4.0,2.0,2.0,2.0,2.0,1.0,,,,,,,,1.0,2.0,2.0,2.0,1.0,2.0,2.0,1.0,2.0,1.0,1.0,1.0,1.0,2.0,2.0,2.0,2.0,4.0,4.0,4.0,4.0,1.0,1.0,,1.0,,1.0,,,1.0,1.0,1.0,1.0,1.0,,,1.0,1.0,1.0,1.0,1.0,1.0,1.0,,,10.0,7.0,2.0,4.0,4.0,3.0,8.0,10.0,10.0,10.0,4.0,3.0,3.0,3.0,4.0,4.0,4.0,1.0,1.0,,,,1.0,,,1.0,,,,1.0,2.0,2.0,1.0,1.0,0.4324052348702815
76.0,1.0,36.0,3.0,5.0,3.0,16.0,4.0,1.0,4.0,1.0,,,,,,,,,,,1.0,1.0,,,,,1.0,,,,,,,,5.0,3.0,2.0,3.0,3.0,1.0,3.0,3.0,3.0,3.0,3.0,3.0,3.0,3.0,3.0,3.0,1.0,1.0,3.0,3.0,1.0,1.0,3.0,4.0,3.0,1.0,0.0,0.0,0.0,0.0,0.0,0.0,5.0,0.0,0.0,0.0,0.0,99.0,5.0,0.0,5.0,1.0,3.0,3.0,3.0,3.0,1.0,3.0,4.0,,,1.0,,,1.0,1.0,,,,,,,,,1.0,4.0,1.0,2.0,1.0,1.0,3.0,1.0,1.0,1.0,1.0,,,5.0,3.0,0.0,0.0,0.0,0.0,1.0,0.0,0.0,0.0,0.0,0.0,0.0,0.0,0.0,0.0,0.0,0.0,0.0,0.0,3.0,0.0,0.0,0.0,1.0,1.0,,,,,,,,1.0,8.0,8.0,8.0,8.0,8.0,8.0,8.0,8.0,8.0,4.0,4.0,4.0,4.0,1.0,1.0,1.0,1.0,1.0,1.0,1.0,1.0,,5.0,4.0,1.0,3.0,3.0,3.0,1.0,3.0,3.0,2.0,3.0,2.0,3.0,1.0,3.0,3.0,5.0,5.0,5.0,5.0,1.0,1.0,1.0,1.0,,,,,1.0,,,,,,1.0,,,,,,,,,1.0,,10.0,4.0,4.0,5.0,4.0,4.0,5.0,5.0,0.0,5.0,5.0,5.0,5.0,5.0,5.0,5.0,4.0,2.0,2.0,3.0,,,1.0,,,,,,,3.0,3.0,3.0,11.0,10.0,0.7818485918208353
77.0,2.0,37.0,3.0,3.0,2.0,16.0,4.0,1.0,3.0,1.0,,,,,,,1.0,,,,,,,,,,,,,,,,,,4.0,3.0,2.0,1.0,1.0,1.0,1.0,1.0,1.0,1.0,1.0,1.0,4.0,1.0,2.0,1.0,1.0,1.0,1.0,1.0,1.0,1.0,1.0,1.0,1.0,6.0,6.0,6.0,4.0,4.0,4.0,6.0,4.0,2.0,4.0,3.0,5.0,4.0,3.0,3.0,5.0,1.0,1.0,1.0,1.0,1.0,1.0,3.0,3.0,,,,,,,,,1.0,1.0,1.0,,,,,1.0,2.0,2.0,4.0,1.0,2.0,4.0,,,1.0,,,,3.0,3.0,9.0,6.0,9.0,6.0,3.0,4.0,5.0,6.0,6.0,4.0,2.0,2.0,5.0,6.0,5.0,3.0,4.0,1.0,6.0,99.0,5.0,6.0,1.0,5.0,,,,,,,,1.0,7.0,7.0,7.0,8.0,7.0,7.0,8.0,8.0,7.0,4.0,4.0,4.0,4.0,1.0,,,,1.0,,,,,1.0,3.0,3.0,1.0,1.0,3.0,1.0,1.0,3.0,2.0,2.0,3.0,3.0,1.0,1.0,3.0,2.0,2.0,2.0,2.0,4.0,2.0,2.0,,,,1.0,,1.0,,,,,1.0,,,,1.0,,,,,,,,5.0,0.0,1.0,2.0,0.0,0.0,2.0,6.0,0.0,0.0,0.0,0.0,0.0,0.0,0.0,5.0,5.0,1.0,3.0,,190.0,,1.0,,,1.0,,,,3.0,3.0,3.0,11.0,6.0,0.6037280438752255
78.0,2.0,47.0,4.0,5.0,3.0,16.0,5.0,1.0,2.0,1.0,,,,,,1.0,,,,,,,,,,,1.0,,,,1.0,,,,2.0,2.0,2.0,4.0,3.0,3.0,3.0,3.0,3.0,3.0,3.0,3.0,3.0,3.0,3.0,3.0,3.0,2.0,3.0,4.0,3.0,4.0,4.0,4.0,3.0,8.0,10.0,8.0,5.0,5.0,9.0,10.0,8.0,8.0,3.0,6.0,6.0,10.0,10.0,10.0,6.0,1.0,1.0,1.0,1.0,1.0,1.0,1.0,3.0,1.0,,,,,,,1.0,,,,,,1.0,,3.0,3.0,4.0,5.0,2.0,,4.0,,,,,,1.0,2.0,2.0,8.0,9.0,6.0,5.0,7.0,5.0,7.0,5.0,5.0,5.0,1.0,7.0,7.0,5.0,0.0,5.0,0.0,0.0,6.0,7.0,5.0,5.0,3.0,5.0,,,,1.0,1.0,1.0,1.0,,8.0,8.0,8.0,8.0,8.0,8.0,8.0,8.0,8.0,4.0,4.0,4.0,4.0,1.0,1.0,,,,,1.0,1.0,,1.0,2.0,3.0,2.0,1.0,3.0,1.0,3.0,2.0,1.0,1.0,1.0,1.0,2.0,3.0,2.0,1.0,1.0,1.0,1.0,3.0,2.0,1.0,,,1.0,,,1.0,,1.0,1.0,1.0,1.0,,,,,1.0,,,1.0,1.0,,,4.0,8.0,3.0,5.0,3.0,4.0,9.0,10.0,0.0,9.0,8.0,0.0,5.0,0.0,0.0,0.0,7.0,3.0,2.0,15.0,,,1.0,,,,,,,3.0,3.0,3.0,4.0,4.0,0.4894286801791209
79.0,2.0,75.0,6.0,5.0,2.0,16.0,3.0,2.0,2.0,1.0,,,,,,,,1.0,,1.0,,,,,,,1.0,,,,,,,,3.0,2.0,4.0,,3.0,1.0,3.0,3.0,3.0,3.0,3.0,3.0,3.0,3.0,3.0,3.0,1.0,3.0,3.0,2.0,2.0,4.0,3.0,3.0,2.0,6.0,4.0,3.0,4.0,10.0,1.0,2.0,7.0,5.0,5.0,0.0,6.0,9.0,7.0,8.0,5.0,1.0,1.0,3.0,3.0,1.0,1.0,3.0,5.0,,,,,,1.0,1.0,,1.0,,,,,,,1.0,2.0,1.0,1.0,1.0,1.0,4.0,,,,,,1.0,3.0,2.0,5.0,4.0,2.0,3.0,10.0,0.0,0.0,0.0,4.0,4.0,5.0,2.0,6.0,10.0,5.0,3.0,8.0,9.0,10.0,0.0,8.0,10.0,2.0,4.0,,,,1.0,,,,,6.0,6.0,6.0,7.0,6.0,6.0,6.0,6.0,8.0,4.0,4.0,4.0,2.0,1.0,,1.0,1.0,1.0,1.0,,,,1.0,4.0,1.0,2.0,2.0,1.0,2.0,2.0,1.0,1.0,1.0,1.0,1.0,1.0,2.0,2.0,2.0,2.0,2.0,1.0,5.0,3.0,2.0,1.0,,,1.0,,,1.0,1.0,,,,,,1.0,1.0,1.0,1.0,1.0,,,,,6.0,8.0,0.0,1.0,0.0,2.0,7.0,9.0,0.0,10.0,10.0,9.0,8.0,9.0,5.0,1.0,3.0,1.0,1.0,,,,1.0,,,1.0,,,,3.0,3.0,3.0,6.0,5.0,1.7805378720074647
80.0,1.0,60.0,5.0,5.0,2.0,16.0,3.0,1.0,5.0,1.0,,,,,,1.0,,1.0,,1.0,,,,,,,,,,,,,,,3.0,2.0,2.0,3.0,3.0,3.0,3.0,3.0,3.0,3.0,3.0,3.0,3.0,3.0,3.0,3.0,3.0,4.0,4.0,4.0,4.0,4.0,4.0,4.0,4.0,2.0,3.0,99.0,4.0,3.0,3.0,6.0,4.0,2.0,3.0,99.0,99.0,3.0,99.0,3.0,3.0,1.0,3.0,3.0,3.0,3.0,1.0,1.0,3.0,,,,,,1.0,1.0,,,,1.0,,,,,1.0,2.0,1.0,5.0,2.0,,4.0,1.0,1.0,,,,,2.0,2.0,5.0,6.0,0.0,0.0,9.0,7.0,0.0,4.0,4.0,1.0,4.0,8.0,4.0,3.0,0.0,4.0,2.0,5.0,8.0,0.0,7.0,5.0,3.0,2.0,,,,1.0,,1.0,1.0,,8.0,8.0,8.0,8.0,8.0,8.0,8.0,8.0,8.0,5.0,5.0,5.0,2.0,1.0,,1.0,,,,1.0,1.0,,1.0,3.0,3.0,3.0,3.0,3.0,3.0,3.0,3.0,3.0,3.0,3.0,3.0,3.0,3.0,3.0,2.0,2.0,2.0,5.0,3.0,1.0,1.0,,1.0,1.0,,,,,1.0,,1.0,1.0,,,,1.0,,,,1.0,1.0,,,5.0,9.0,0.0,2.0,1.0,1.0,10.0,99.0,8.0,10.0,10.0,5.0,9.0,2.0,0.0,0.0,3.0,1.0,1.0,,,,1.0,,,,,,,3.0,3.0,3.0,9.0,8.0,0.43473669619112765
81.0,1.0,44.0,3.0,3.0,2.0,16.0,3.0,1.0,6.0,1.0,,,,,,,,1.0,,,,,,,,,1.0,,,,1.0,,,,3.0,2.0,2.0,3.0,1.0,1.0,3.0,3.0,3.0,3.0,1.0,3.0,3.0,3.0,3.0,3.0,3.0,3.0,3.0,3.0,2.0,3.0,2.0,4.0,3.0,6.0,6.0,99.0,6.0,5.0,5.0,6.0,6.0,5.0,5.0,5.0,6.0,5.0,99.0,5.0,4.0,2.0,1.0,1.0,1.0,1.0,2.0,1.0,3.0,,,1.0,,,1.0,,,1.0,,,,,,,3.0,3.0,5.0,3.0,1.0,2.0,3.0,1.0,,,,,,3.0,2.0,5.0,6.0,5.0,6.0,6.0,5.0,5.0,6.0,6.0,5.0,7.0,5.0,7.0,5.0,6.0,6.0,5.0,5.0,5.0,5.0,5.0,5.0,3.0,5.0,,,1.0,1.0,,,1.0,,8.0,8.0,8.0,8.0,8.0,8.0,8.0,8.0,8.0,5.0,3.0,5.0,2.0,1.0,,,,,,,1.0,,1.0,3.0,3.0,3.0,3.0,3.0,3.0,3.0,3.0,1.0,3.0,3.0,3.0,3.0,3.0,3.0,2.0,2.0,2.0,2.0,1.0,1.0,1.0,1.0,,1.0,,,,,,,1.0,,,,,,,,,,1.0,,,99.0,6.0,0.0,4.0,0.0,3.0,6.0,10.0,5.0,10.0,10.0,5.0,5.0,5.0,5.0,5.0,2.0,1.0,1.0,,,,1.0,,,,,,,3.0,3.0,3.0,3.0,3.0,0.8627961902489247
82.0,2.0,21.0,1.0,5.0,1.0,16.0,4.0,5.0,1.0,1.0,1.0,,,,,,,,,1.0,,,,,,,1.0,,,,,,,,2.0,2.0,9.0,,3.0,1.0,3.0,3.0,3.0,2.0,3.0,2.0,2.0,3.0,1.0,3.0,3.0,3.0,3.0,4.0,3.0,3.0,1.0,2.0,2.0,8.0,7.0,7.0,5.0,8.0,4.0,7.0,9.0,6.0,4.0,9.0,7.0,8.0,99.0,7.0,7.0,2.0,1.0,1.0,1.0,1.0,1.0,1.0,4.0,,,1.0,,,1.0,,,,1.0,,,,,,2.0,3.0,2.0,3.0,2.0,,3.0,1.0,1.0,,,,,3.0,2.0,7.0,8.0,7.0,0.0,99.0,99.0,3.0,7.0,3.0,6.0,3.0,8.0,99.0,6.0,3.0,3.0,99.0,8.0,7.0,4.0,6.0,6.0,3.0,5.0,,,1.0,1.0,,,,,8.0,6.0,8.0,8.0,8.0,8.0,8.0,8.0,8.0,5.0,3.0,4.0,3.0,2.0,,1.0,1.0,,1.0,,1.0,,3.0,3.0,1.0,2.0,3.0,1.0,1.0,3.0,3.0,1.0,1.0,1.0,1.0,2.0,2.0,2.0,1.0,2.0,1.0,1.0,4.0,2.0,1.0,1.0,,,,,1.0,1.0,1.0,1.0,,1.0,,,1.0,1.0,1.0,,,1.0,1.0,,,6.0,99.0,4.0,4.0,2.0,2.0,6.0,8.0,4.0,99.0,8.0,1.0,2.0,2.0,0.0,0.0,4.0,4.0,3.0,,190.0,,,,1.0,,,,,3.0,3.0,3.0,6.0,5.0,1.8664564098522136
83.0,2.0,22.0,1.0,5.0,1.0,16.0,4.0,5.0,4.0,2.0,,,,1.0,1.0,1.0,,,,,,,,,,,,,,,,,,,3.0,2.0,10.0,,2.0,2.0,2.0,1.0,3.0,3.0,1.0,3.0,3.0,3.0,3.0,1.0,1.0,2.0,1.0,3.0,2.0,3.0,2.0,4.0,2.0,4.0,10.0,10.0,6.0,8.0,9.0,6.0,7.0,7.0,5.0,7.0,7.0,6.0,5.0,7.0,6.0,1.0,1.0,1.0,1.0,1.0,1.0,1.0,4.0,,1.0,1.0,,,,1.0,,,,,,,,,1.0,1.0,2.0,1.0,2.0,,1.0,,,1.0,,,,3.0,2.0,6.0,5.0,2.0,4.0,1.0,5.0,4.0,5.0,5.0,4.0,5.0,7.0,4.0,5.0,3.0,3.0,4.0,0.0,5.0,3.0,5.0,4.0,5.0,2.0,,,,1.0,1.0,,1.0,,7.0,2.0,2.0,7.0,7.0,2.0,2.0,7.0,2.0,3.0,1.0,2.0,3.0,3.0,,,,,,,1.0,,1.0,2.0,3.0,3.0,1.0,1.0,1.0,3.0,1.0,1.0,1.0,1.0,1.0,2.0,2.0,2.0,3.0,1.0,1.0,1.0,3.0,4.0,2.0,,,,1.0,1.0,,,,1.0,1.0,,,,,,,,1.0,,1.0,,,5.0,99.0,7.0,8.0,99.0,99.0,3.0,0.0,8.0,99.0,8.0,10.0,99.0,99.0,5.0,0.0,4.0,1.0,2.0,9.0,,,,,1.0,,1.0,,,1.0,3.0,2.0,3.0,3.0,0.8489910457687293
84.0,2.0,74.0,6.0,1.0,2.0,16.0,2.0,2.0,4.0,1.0,,,,,,1.0,,,,,,,,,,,,,,1.0,1.0,,,,3.0,2.0,4.0,,3.0,1.0,3.0,3.0,3.0,3.0,3.0,3.0,3.0,3.0,3.0,3.0,1.0,3.0,4.0,4.0,4.0,4.0,4.0,3.0,4.0,7.0,7.0,99.0,3.0,4.0,8.0,7.0,5.0,5.0,99.0,8.0,99.0,8.0,99.0,99.0,6.0,2.0,1.0,1.0,1.0,1.0,2.0,1.0,2.0,1.0,,,1.0,,,,,1.0,,,,,,,4.0,4.0,2.0,4.0,2.0,,4.0,,1.0,,,,,2.0,1.0,3.0,7.0,5.0,0.0,7.0,7.0,5.0,7.0,6.0,7.0,0.0,7.0,8.0,6.0,6.0,7.0,3.0,4.0,8.0,5.0,4.0,2.0,4.0,5.0,,,1.0,,,,,,2.0,8.0,2.0,8.0,8.0,2.0,8.0,2.0,2.0,4.0,5.0,3.0,5.0,2.0,,,,,,1.0,1.0,,1.0,2.0,2.0,3.0,1.0,1.0,1.0,1.0,3.0,1.0,1.0,1.0,1.0,2.0,3.0,2.0,5.0,2.0,2.0,2.0,5.0,1.0,1.0,,1.0,,1.0,,,,,1.0,1.0,1.0,,,,1.0,,1.0,,1.0,,,,3.0,7.0,2.0,5.0,4.0,4.0,9.0,10.0,6.0,8.0,7.0,2.0,3.0,3.0,0.0,0.0,2.0,5.0,1.0,,,,1.0,,,,,,,3.0,3.0,3.0,2.0,3.0,2.0000697577864375
85.0,1.0,57.0,5.0,5.0,2.0,16.0,6.0,1.0,3.0,1.0,,1.0,,,,,,,,1.0,,1.0,,,,,,,,,,,,,2.0,2.0,2.0,4.0,3.0,3.0,3.0,3.0,3.0,3.0,3.0,3.0,3.0,3.0,3.0,3.0,3.0,3.0,4.0,4.0,3.0,4.0,4.0,4.0,3.0,6.0,6.0,6.0,8.0,5.0,5.0,1.0,7.0,5.0,2.0,3.0,2.0,1.0,5.0,6.0,6.0,2.0,1.0,1.0,3.0,1.0,2.0,1.0,3.0,1.0,,,,,1.0,1.0,,,,,,,,,2.0,2.0,2.0,3.0,2.0,,3.0,1.0,1.0,,1.0,,,3.0,2.0,4.0,5.0,0.0,9.0,9.0,5.0,5.0,5.0,6.0,5.0,7.0,7.0,8.0,3.0,3.0,5.0,5.0,7.0,8.0,4.0,6.0,8.0,3.0,3.0,,1.0,,1.0,1.0,1.0,1.0,,8.0,1.0,1.0,8.0,1.0,1.0,8.0,8.0,1.0,4.0,4.0,2.0,2.0,1.0,,1.0,,1.0,1.0,,,,1.0,3.0,3.0,3.0,3.0,3.0,3.0,3.0,3.0,3.0,3.0,3.0,3.0,3.0,3.0,3.0,1.0,1.0,1.0,1.0,3.0,1.0,1.0,,1.0,,,,1.0,,,1.0,1.0,1.0,,,,1.0,1.0,,,,1.0,,,8.0,7.0,0.0,5.0,1.0,1.0,7.0,9.0,4.0,8.0,9.0,5.0,3.0,4.0,5.0,0.0,8.0,1.0,1.0,,,,1.0,,,1.0,,,,3.0,3.0,3.0,7.0,1.0,0.39609770538400135
86.0,2.0,68.0,6.0,5.0,2.0,16.0,4.0,2.0,4.0,1.0,,,,,,1.0,,,,1.0,,,,,,,,,,,1.0,,,,2.0,2.0,4.0,,1.0,1.0,3.0,3.0,3.0,3.0,3.0,3.0,3.0,2.0,4.0,4.0,1.0,3.0,4.0,4.0,3.0,4.0,4.0,4.0,3.0,7.0,6.0,5.0,7.0,0.0,6.0,5.0,8.0,8.0,5.0,7.0,5.0,7.0,7.0,7.0,99.0,2.0,1.0,1.0,1.0,1.0,2.0,3.0,2.0,1.0,,,,,1.0,,,,,,,,1.0,,3.0,4.0,3.0,4.0,1.0,2.0,4.0,,,,,,1.0,2.0,2.0,4.0,5.0,4.0,0.0,7.0,6.0,1.0,5.0,6.0,6.0,0.0,5.0,8.0,5.0,1.0,7.0,0.0,0.0,0.0,4.0,5.0,3.0,4.0,2.0,,1.0,1.0,1.0,,1.0,1.0,,8.0,8.0,8.0,1.0,1.0,1.0,8.0,2.0,1.0,3.0,5.0,2.0,1.0,2.0,,,,,,1.0,1.0,,1.0,3.0,2.0,2.0,3.0,3.0,3.0,3.0,2.0,3.0,3.0,3.0,3.0,2.0,2.0,2.0,1.0,1.0,1.0,1.0,5.0,2.0,2.0,,1.0,,,,1.0,,,1.0,1.0,,,,,,,,,1.0,1.0,,,3.0,5.0,2.0,6.0,5.0,5.0,9.0,0.0,8.0,10.0,10.0,3.0,3.0,0.0,0.0,0.0,6.0,4.0,1.0,,,1.0,,,,,,,,3.0,3.0,3.0,1.0,1.0,1.8480687009804735
87.0,2.0,39.0,3.0,5.0,1.0,16.0,8.0,1.0,4.0,2.0,,,,,,,,1.0,,,,,,,,,1.0,,,,1.0,,,,2.0,2.0,3.0,2.0,3.0,3.0,3.0,3.0,3.0,3.0,3.0,3.0,3.0,3.0,3.0,3.0,1.0,4.0,3.0,4.0,3.0,4.0,4.0,4.0,3.0,4.0,7.0,7.0,5.0,5.0,4.0,4.0,4.0,6.0,4.0,4.0,5.0,5.0,7.0,4.0,4.0,2.0,1.0,1.0,1.0,1.0,2.0,1.0,3.0,1.0,,1.0,,,,,,,1.0,,,,,,4.0,4.0,4.0,3.0,1.0,4.0,3.0,1.0,,,,,,2.0,2.0,5.0,6.0,4.0,1.0,5.0,5.0,5.0,5.0,5.0,5.0,4.0,6.0,6.0,4.0,3.0,5.0,4.0,3.0,5.0,4.0,4.0,4.0,4.0,2.0,,1.0,1.0,1.0,,,,,1.0,1.0,1.0,1.0,1.0,1.0,1.0,1.0,1.0,2.0,3.0,1.0,2.0,3.0,,,,,,1.0,1.0,,1.0,2.0,2.0,2.0,1.0,2.0,1.0,1.0,3.0,1.0,1.0,1.0,1.0,2.0,3.0,2.0,1.0,1.0,1.0,1.0,3.0,2.0,1.0,1.0,,1.0,,,,,,,1.0,,,,,,,,,1.0,,,,2.0,5.0,1.0,5.0,3.0,4.0,10.0,10.0,9.0,7.0,8.0,1.0,1.0,1.0,0.0,0.0,8.0,4.0,1.0,,,1.0,,,,,,,,1.0,1.0,1.0,2.0,1.0,0.6983321205853205
88.0,2.0,68.0,6.0,3.0,2.0,16.0,4.0,6.0,5.0,1.0,,,,,,1.0,,,,,,,,,,,1.0,,,,1.0,,,,2.0,2.0,4.0,,3.0,3.0,3.0,3.0,3.0,3.0,3.0,3.0,3.0,3.0,3.0,3.0,3.0,4.0,4.0,4.0,4.0,4.0,4.0,4.0,4.0,3.0,5.0,5.0,5.0,3.0,5.0,5.0,5.0,5.0,3.0,5.0,5.0,5.0,5.0,5.0,5.0,1.0,1.0,1.0,1.0,1.0,1.0,3.0,3.0,1.0,,,,,,,,1.0,,,,,1.0,,4.0,4.0,4.0,5.0,2.0,,4.0,1.0,1.0,,1.0,,,2.0,2.0,5.0,7.0,5.0,1.0,5.0,5.0,3.0,5.0,5.0,5.0,2.0,5.0,4.0,2.0,4.0,5.0,3.0,1.0,5.0,3.0,2.0,1.0,4.0,2.0,,1.0,1.0,1.0,1.0,1.0,1.0,,1.0,1.0,1.0,1.0,1.0,1.0,1.0,1.0,1.0,1.0,2.0,2.0,2.0,3.0,,,,1.0,1.0,1.0,1.0,,1.0,2.0,3.0,3.0,3.0,3.0,3.0,3.0,3.0,3.0,3.0,3.0,3.0,3.0,3.0,3.0,2.0,2.0,2.0,5.0,5.0,1.0,1.0,,1.0,,,,1.0,,,1.0,,1.0,,,,,,,1.0,1.0,1.0,,,5.0,5.0,0.0,5.0,5.0,5.0,10.0,10.0,5.0,10.0,10.0,4.0,4.0,3.0,0.0,0.0,4.0,3.0,2.0,7.0,,,1.0,,,,,,,2.0,2.0,2.0,1.0,1.0,2.0000691258158385
89.0,1.0,60.0,5.0,5.0,1.0,16.0,7.0,1.0,2.0,1.0,,,,1.0,,,,,,,,,,,,,1.0,,,,1.0,,,,2.0,1.0,2.0,2.0,2.0,1.0,3.0,2.0,1.0,1.0,2.0,3.0,2.0,1.0,2.0,3.0,1.0,1.0,1.0,1.0,1.0,1.0,1.0,1.0,3.0,10.0,8.0,5.0,5.0,10.0,10.0,8.0,10.0,10.0,2.0,2.0,5.0,5.0,5.0,8.0,3.0,2.0,1.0,1.0,1.0,1.0,2.0,3.0,2.0,1.0,,,,,,,,,1.0,1.0,,,,,2.0,3.0,4.0,4.0,1.0,6.0,4.0,1.0,1.0,,,,,2.0,1.0,7.0,10.0,6.0,10.0,10.0,5.0,7.0,7.0,5.0,5.0,8.0,8.0,10.0,8.0,1.0,8.0,5.0,8.0,7.0,5.0,7.0,9.0,3.0,2.0,,,,1.0,,1.0,,,8.0,1.0,1.0,1.0,2.0,1.0,8.0,3.0,1.0,5.0,4.0,4.0,4.0,1.0,,,1.0,1.0,1.0,,1.0,,1.0,1.0,3.0,2.0,3.0,3.0,3.0,3.0,3.0,1.0,1.0,1.0,1.0,2.0,3.0,2.0,2.0,3.0,4.0,4.0,4.0,3.0,1.0,1.0,,,1.0,,,1.0,1.0,,,,,,1.0,,1.0,,1.0,,1.0,,,6.0,3.0,99.0,3.0,0.0,2.0,8.0,10.0,7.0,10.0,9.0,4.0,2.0,2.0,0.0,0.0,8.0,1.0,3.0,,190.0,,1.0,,,1.0,,,,2.0,3.0,3.0,1.0,11.0,0.6879654653292517
90.0,2.0,74.0,6.0,5.0,2.0,16.0,4.0,2.0,2.0,1.0,,,,,,1.0,,,,,,,,,,,1.0,,,,1.0,,,,2.0,2.0,4.0,,3.0,3.0,3.0,3.0,3.0,3.0,3.0,3.0,3.0,3.0,3.0,3.0,3.0,4.0,4.0,4.0,4.0,4.0,3.0,4.0,3.0,7.0,9.0,10.0,8.0,8.0,7.0,8.0,10.0,7.0,5.0,8.0,7.0,8.0,8.0,8.0,7.0,2.0,2.0,1.0,1.0,2.0,2.0,1.0,5.0,1.0,,1.0,,,,,,,,,,,1.0,,2.0,3.0,4.0,3.0,2.0,,4.0,1.0,,,,1.0,,2.0,2.0,9.0,10.0,7.0,9.0,9.0,8.0,8.0,9.0,9.0,9.0,8.0,10.0,8.0,8.0,6.0,10.0,8.0,8.0,9.0,7.0,8.0,8.0,3.0,5.0,,1.0,1.0,1.0,1.0,1.0,1.0,,3.0,1.0,1.0,3.0,1.0,1.0,1.0,3.0,1.0,3.0,3.0,3.0,2.0,1.0,,1.0,,,,1.0,1.0,,1.0,2.0,3.0,2.0,3.0,3.0,3.0,3.0,1.0,1.0,1.0,3.0,3.0,2.0,2.0,3.0,2.0,2.0,1.0,1.0,4.0,3.0,2.0,1.0,,1.0,,,,,,1.0,1.0,,,,,,,1.0,1.0,1.0,1.0,,,4.0,5.0,1.0,4.0,4.0,4.0,6.0,10.0,5.0,9.0,9.0,6.0,4.0,5.0,0.0,0.0,3.0,1.0,1.0,,,,1.0,,,1.0,,,,3.0,3.0,3.0,3.0,3.0,1.7805378720074647
91.0,1.0,73.0,6.0,3.0,2.0,16.0,4.0,2.0,5.0,1.0,,,,,,,,,,,,,,,1.0,,1.0,,,,,,1.0,,2.0,2.0,4.0,,3.0,3.0,3.0,3.0,3.0,3.0,3.0,3.0,3.0,3.0,3.0,3.0,1.0,2.0,3.0,4.0,2.0,4.0,2.0,4.0,3.0,9.0,8.0,8.0,7.0,5.0,8.0,8.0,8.0,7.0,5.0,7.0,8.0,7.0,8.0,7.0,7.0,1.0,2.0,1.0,1.0,1.0,1.0,1.0,3.0,,,1.0,,,,,1.0,1.0,,,,,,,2.0,2.0,2.0,2.0,1.0,6.0,3.0,1.0,1.0,,1.0,,,2.0,2.0,6.0,8.0,6.0,7.0,8.0,6.0,6.0,8.0,8.0,7.0,6.0,8.0,8.0,6.0,6.0,6.0,5.0,6.0,6.0,6.0,7.0,5.0,4.0,1.0,,1.0,1.0,1.0,,,1.0,,1.0,1.0,1.0,3.0,1.0,1.0,1.0,3.0,2.0,3.0,2.0,1.0,2.0,2.0,,,,,,1.0,1.0,,1.0,1.0,2.0,2.0,1.0,1.0,1.0,1.0,3.0,1.0,1.0,1.0,1.0,2.0,3.0,2.0,2.0,2.0,2.0,2.0,3.0,3.0,3.0,,1.0,1.0,,,,,,1.0,1.0,1.0,,,,1.0,,1.0,1.0,1.0,,,,4.0,8.0,3.0,3.0,3.0,5.0,10.0,3.0,7.0,8.0,3.0,4.0,7.0,5.0,10.0,10.0,4.0,1.0,2.0,7.0,,,1.0,,,,,,,3.0,3.0,3.0,3.0,3.0,1.0288381287620303
92.0,1.0,70.0,6.0,4.0,2.0,16.0,4.0,2.0,4.0,1.0,,,,,,,,,,,,,,,,1.0,,,,1.0,1.0,,,,3.0,3.0,4.0,,3.0,4.0,3.0,3.0,3.0,3.0,3.0,3.0,3.0,3.0,3.0,3.0,2.0,3.0,3.0,4.0,3.0,4.0,3.0,3.0,3.0,4.0,7.0,7.0,4.0,3.0,4.0,6.0,8.0,6.0,5.0,4.0,6.0,4.0,7.0,6.0,4.0,2.0,1.0,1.0,1.0,1.0,2.0,1.0,3.0,1.0,,1.0,,,,,,,,,,,1.0,,2.0,2.0,5.0,4.0,2.0,,3.0,,,,,,1.0,3.0,2.0,4.0,5.0,4.0,6.0,7.0,8.0,7.0,5.0,5.0,4.0,5.0,8.0,8.0,7.0,3.0,7.0,5.0,6.0,7.0,4.0,8.0,3.0,4.0,2.0,,1.0,,1.0,1.0,,1.0,,8.0,8.0,8.0,1.0,1.0,1.0,8.0,2.0,3.0,3.0,3.0,3.0,2.0,1.0,,1.0,,1.0,1.0,,1.0,,1.0,2.0,3.0,2.0,1.0,1.0,1.0,1.0,1.0,1.0,1.0,1.0,1.0,2.0,2.0,2.0,2.0,2.0,1.0,1.0,1.0,1.0,1.0,,,1.0,,,1.0,,1.0,1.0,1.0,1.0,,,1.0,1.0,1.0,1.0,1.0,1.0,1.0,,,6.0,6.0,2.0,4.0,2.0,3.0,8.0,10.0,5.0,8.0,10.0,4.0,6.0,5.0,2.0,10.0,4.0,5.0,1.0,,,,1.0,,,,,,,3.0,3.0,3.0,11.0,10.0,0.9569557048296796
93.0,2.0,68.0,6.0,5.0,3.0,16.0,4.0,2.0,5.0,1.0,,,,,,1.0,,,,,,,,,,,1.0,,1.0,,,,,,2.0,2.0,4.0,,3.0,3.0,3.0,3.0,3.0,3.0,1.0,3.0,3.0,3.0,3.0,3.0,3.0,2.0,3.0,3.0,3.0,4.0,3.0,4.0,2.0,7.0,7.0,8.0,8.0,6.0,5.0,7.0,10.0,9.0,3.0,9.0,4.0,8.0,8.0,7.0,7.0,2.0,1.0,1.0,1.0,2.0,2.0,2.0,3.0,1.0,,,,,,,1.0,1.0,,,,,,,2.0,2.0,3.0,4.0,2.0,,2.0,1.0,1.0,,1.0,,,2.0,2.0,7.0,9.0,6.0,3.0,5.0,7.0,7.0,6.0,8.0,7.0,5.0,8.0,9.0,6.0,5.0,5.0,4.0,7.0,8.0,7.0,7.0,5.0,3.0,3.0,1.0,1.0,1.0,1.0,1.0,1.0,1.0,,3.0,1.0,3.0,3.0,3.0,1.0,3.0,3.0,1.0,5.0,5.0,2.0,2.0,2.0,,,,,,,1.0,,1.0,2.0,2.0,2.0,1.0,1.0,3.0,2.0,3.0,1.0,1.0,1.0,3.0,2.0,3.0,3.0,2.0,2.0,3.0,3.0,3.0,1.0,1.0,,1.0,1.0,,,,,,1.0,1.0,1.0,,,,,1.0,1.0,1.0,,1.0,,,3.0,9.0,1.0,4.0,4.0,5.0,8.0,10.0,4.0,8.0,1.0,2.0,1.0,1.0,5.0,2.0,5.0,1.0,2.0,15.0,,,1.0,,,,,,,3.0,3.0,3.0,3.0,11.0,2.000061868849234
94.0,1.0,53.0,4.0,5.0,1.0,16.0,7.0,1.0,2.0,1.0,,1.0,,,,,,,,1.0,,1.0,,,,,,,,,,,,,2.0,2.0,2.0,3.0,3.0,2.0,3.0,3.0,3.0,3.0,3.0,3.0,3.0,3.0,3.0,3.0,3.0,3.0,3.0,2.0,2.0,4.0,4.0,4.0,4.0,7.0,2.0,2.0,4.0,3.0,6.0,5.0,5.0,7.0,3.0,5.0,3.0,5.0,6.0,6.0,2.0,1.0,1.0,1.0,1.0,3.0,2.0,3.0,3.0,1.0,,,,,1.0,,,,,,1.0,,,,4.0,4.0,2.0,3.0,1.0,4.0,1.0,1.0,,,1.0,,,3.0,2.0,3.0,4.0,3.0,4.0,5.0,2.0,6.0,5.0,4.0,4.0,5.0,2.0,6.0,3.0,2.0,4.0,3.0,6.0,4.0,3.0,2.0,4.0,3.0,4.0,,,,,,,,1.0,8.0,8.0,8.0,8.0,8.0,8.0,8.0,8.0,8.0,4.0,4.0,4.0,3.0,1.0,,,,,,,,1.0,1.0,3.0,3.0,3.0,3.0,3.0,3.0,3.0,3.0,1.0,1.0,3.0,3.0,3.0,3.0,3.0,3.0,3.0,3.0,3.0,4.0,3.0,3.0,1.0,,,,,1.0,,,1.0,1.0,1.0,,,,,,,,1.0,,,,5.0,5.0,5.0,5.0,5.0,5.0,5.0,5.0,5.0,5.0,5.0,5.0,5.0,5.0,5.0,5.0,8.0,1.0,1.0,,,,1.0,,,,,,,2.0,2.0,3.0,11.0,10.0,0.586342073234104
95.0,1.0,58.0,5.0,5.0,2.0,16.0,7.0,1.0,1.0,1.0,,,,,,1.0,,,,,,,1.0,,,,1.0,,,,,,,,2.0,2.0,2.0,4.0,3.0,3.0,3.0,3.0,3.0,3.0,3.0,3.0,3.0,3.0,3.0,3.0,3.0,4.0,4.0,4.0,3.0,4.0,4.0,4.0,4.0,2.0,6.0,7.0,5.0,3.0,5.0,7.0,7.0,7.0,2.0,6.0,3.0,4.0,6.0,3.0,6.0,2.0,2.0,2.0,1.0,2.0,2.0,2.0,4.0,1.0,,,,,,,,,,1.0,,,1.0,,4.0,4.0,4.0,5.0,2.0,,3.0,1.0,1.0,,1.0,,,3.0,2.0,2.0,6.0,1.0,0.0,2.0,5.0,7.0,4.0,5.0,5.0,4.0,6.0,7.0,0.0,2.0,1.0,0.0,1.0,4.0,4.0,4.0,1.0,5.0,1.0,1.0,1.0,1.0,1.0,1.0,1.0,1.0,,2.0,2.0,2.0,2.0,8.0,2.0,2.0,5.0,2.0,1.0,2.0,1.0,3.0,3.0,,,,,,1.0,1.0,,1.0,1.0,2.0,3.0,1.0,2.0,3.0,3.0,2.0,2.0,2.0,1.0,3.0,2.0,3.0,3.0,2.0,2.0,2.0,2.0,4.0,1.0,1.0,,1.0,1.0,,,,,,1.0,1.0,1.0,,,,,,1.0,1.0,1.0,1.0,,,2.0,8.0,2.0,7.0,2.0,2.0,8.0,10.0,10.0,8.0,10.0,4.0,3.0,6.0,0.0,0.0,8.0,1.0,1.0,,,,1.0,,,1.0,,,,2.0,3.0,2.0,2.0,2.0,0.9815271935874873
96.0,2.0,70.0,6.0,5.0,3.0,16.0,3.0,2.0,6.0,1.0,,,,,,1.0,,,,,,,1.0,,,,1.0,,,,,,,,2.0,2.0,4.0,,3.0,1.0,3.0,3.0,3.0,3.0,3.0,3.0,3.0,3.0,3.0,3.0,3.0,3.0,4.0,4.0,4.0,4.0,4.0,4.0,4.0,9.0,8.0,99.0,8.0,6.0,7.0,8.0,8.0,6.0,6.0,8.0,7.0,7.0,8.0,7.0,99.0,2.0,2.0,2.0,1.0,2.0,2.0,2.0,3.0,,,,,1.0,,,,,,1.0,,,1.0,,4.0,4.0,4.0,4.0,2.0,,3.0,1.0,,,,,,2.0,2.0,7.0,8.0,7.0,3.0,5.0,8.0,6.0,7.0,7.0,8.0,4.0,8.0,8.0,3.0,7.0,6.0,3.0,3.0,8.0,8.0,7.0,6.0,4.0,2.0,,1.0,1.0,1.0,1.0,1.0,1.0,,2.0,1.0,2.0,3.0,1.0,1.0,2.0,3.0,1.0,2.0,2.0,1.0,2.0,2.0,,,,,,1.0,1.0,,1.0,1.0,2.0,2.0,1.0,1.0,1.0,3.0,2.0,3.0,2.0,3.0,3.0,2.0,2.0,2.0,2.0,2.0,2.0,1.0,5.0,1.0,1.0,,1.0,1.0,,,,,,,1.0,1.0,,,,,1.0,,1.0,1.0,,,,3.0,8.0,2.0,4.0,3.0,2.0,9.0,10.0,9.0,10.0,10.0,5.0,5.0,5.0,0.0,0.0,6.0,3.0,1.0,,,1.0,,,,,,,,2.0,2.0,2.0,2.0,2.0,2.0000606853765586
97.0,2.0,40.0,3.0,5.0,1.0,16.0,5.0,1.0,2.0,1.0,,,,1.0,,,,,,,,,,,,,1.0,,,,1.0,,,,2.0,2.0,2.0,3.0,3.0,1.0,3.0,3.0,3.0,3.0,3.0,3.0,3.0,3.0,3.0,3.0,3.0,4.0,4.0,3.0,3.0,4.0,3.0,4.0,2.0,8.0,7.0,6.0,8.0,5.0,6.0,7.0,7.0,7.0,3.0,8.0,7.0,7.0,99.0,8.0,7.0,2.0,1.0,1.0,2.0,1.0,2.0,2.0,2.0,,,1.0,1.0,1.0,,,,,,,,,,,3.0,4.0,4.0,4.0,2.0,,2.0,1.0,1.0,,1.0,,,3.0,2.0,7.0,8.0,5.0,0.0,5.0,7.0,6.0,5.0,6.0,7.0,2.0,7.0,8.0,99.0,5.0,5.0,3.0,5.0,7.0,6.0,7.0,5.0,4.0,3.0,,,,1.0,1.0,,1.0,,2.0,2.0,4.0,4.0,8.0,1.0,2.0,2.0,2.0,3.0,3.0,2.0,3.0,2.0,,,,,,1.0,1.0,,1.0,2.0,3.0,2.0,1.0,3.0,3.0,3.0,3.0,3.0,3.0,3.0,3.0,2.0,3.0,3.0,1.0,1.0,1.0,3.0,4.0,3.0,2.0,,1.0,1.0,,,,,,1.0,,1.0,,,,1.0,,1.0,1.0,,,,,2.0,6.0,1.0,6.0,2.0,2.0,9.0,10.0,6.0,8.0,10.0,4.0,5.0,5.0,0.0,0.0,7.0,5.0,1.0,,,,1.0,,,1.0,,,,1.0,1.0,1.0,2.0,1.0,0.6728141585222285
98.0,1.0,33.0,2.0,5.0,2.0,16.0,7.0,1.0,2.0,2.0,,,,,,1.0,,,,,,,,,1.0,,,,1.0,,,,,,2.0,1.0,2.0,4.0,2.0,1.0,3.0,3.0,3.0,3.0,3.0,3.0,1.0,2.0,3.0,3.0,3.0,2.0,3.0,4.0,2.0,4.0,4.0,3.0,2.0,8.0,6.0,9.0,7.0,4.0,10.0,8.0,8.0,7.0,5.0,8.0,5.0,8.0,8.0,3.0,7.0,2.0,2.0,2.0,1.0,1.0,2.0,2.0,3.0,,,1.0,,,,,,,,1.0,,,1.0,,1.0,3.0,2.0,3.0,1.0,2.0,4.0,1.0,,1.0,,,,2.0,1.0,3.0,8.0,7.0,0.0,2.0,8.0,0.0,6.0,7.0,7.0,9.0,8.0,10.0,0.0,7.0,2.0,2.0,4.0,7.0,3.0,5.0,3.0,5.0,1.0,1.0,1.0,1.0,,,,,,2.0,2.0,2.0,2.0,2.0,1.0,2.0,1.0,2.0,1.0,4.0,1.0,1.0,3.0,,,1.0,,,1.0,1.0,,1.0,1.0,2.0,2.0,1.0,2.0,1.0,2.0,2.0,3.0,3.0,1.0,1.0,2.0,3.0,3.0,2.0,2.0,2.0,3.0,5.0,2.0,1.0,1.0,,1.0,,,,1.0,1.0,,,,,,,,,,,,,,1.0,3.0,7.0,1.0,6.0,6.0,4.0,10.0,10.0,10.0,3.0,10.0,0.0,0.0,0.0,0.0,0.0,8.0,1.0,1.0,,,,1.0,,,,,,,2.0,2.0,1.0,2.0,2.0,0.831798307842747
99.0,2.0,40.0,3.0,1.0,1.0,16.0,5.0,1.0,2.0,1.0,,,,,1.0,,,,,,,,,,,,1.0,,,,1.0,,,,2.0,2.0,2.0,3.0,3.0,3.0,3.0,3.0,3.0,3.0,3.0,3.0,3.0,3.0,3.0,3.0,1.0,4.0,2.0,1.0,1.0,4.0,1.0,4.0,1.0,0.0,1.0,3.0,1.0,1.0,3.0,1.0,3.0,6.0,99.0,99.0,99.0,99.0,99.0,5.0,1.0,1.0,1.0,1.0,1.0,1.0,2.0,3.0,4.0,,,1.0,,,,,,1.0,,1.0,,,,,2.0,5.0,5.0,5.0,2.0,,5.0,1.0,,,1.0,,,2.0,2.0,99.0,99.0,5.0,0.0,7.0,99.0,6.0,3.0,99.0,5.0,0.0,6.0,2.0,99.0,4.0,99.0,4.0,99.0,5.0,0.0,0.0,5.0,4.0,5.0,,1.0,,1.0,,,1.0,,8.0,8.0,8.0,8.0,8.0,1.0,8.0,8.0,8.0,5.0,2.0,2.0,2.0,3.0,,,,,,1.0,1.0,,1.0,1.0,2.0,2.0,1.0,3.0,3.0,2.0,3.0,3.0,3.0,1.0,3.0,2.0,3.0,3.0,2.0,2.0,2.0,2.0,2.0,1.0,1.0,,1.0,1.0,,,,,,1.0,,1.0,,,,,,1.0,,1.0,,,,99.0,5.0,0.0,2.0,2.0,2.0,10.0,10.0,99.0,99.0,99.0,99.0,99.0,99.0,99.0,99.0,8.0,6.0,1.0,,,,1.0,,,,,,,1.0,1.0,1.0,13.0,12.0,1.7126416825444644
100.0,1.0,76.0,6.0,5.0,1.0,16.0,5.0,2.0,5.0,1.0,,,,,,,,1.0,,,,,,,,1.0,1.0,,,,,,,,3.0,2.0,4.0,,3.0,1.0,3.0,3.0,4.0,2.0,3.0,3.0,3.0,3.0,4.0,3.0,2.0,3.0,4.0,4.0,3.0,4.0,4.0,4.0,4.0,0.0,0.0,3.0,1.0,1.0,0.0,0.0,6.0,7.0,0.0,1.0,3.0,0.0,9.0,5.0,99.0,1.0,1.0,1.0,1.0,1.0,1.0,1.0,4.0,,,1.0,,,1.0,,,1.0,,,,,,,2.0,2.0,3.0,3.0,1.0,2.0,3.0,1.0,,,1.0,,,4.0,3.0,3.0,2.0,0.0,7.0,8.0,3.0,8.0,3.0,3.0,5.0,6.0,6.0,2.0,2.0,1.0,5.0,7.0,7.0,8.0,1.0,3.0,4.0,3.0,3.0,,,,1.0,1.0,1.0,1.0,,3.0,3.0,3.0,3.0,3.0,6.0,3.0,3.0,8.0,4.0,4.0,4.0,1.0,1.0,,1.0,,1.0,1.0,,,,1.0,2.0,1.0,2.0,2.0,1.0,1.0,3.0,1.0,1.0,1.0,1.0,1.0,2.0,3.0,3.0,2.0,2.0,2.0,2.0,2.0,1.0,1.0,1.0,,,,,1.0,1.0,1.0,1.0,1.0,1.0,,,1.0,1.0,,,1.0,1.0,1.0,,,5.0,9.0,0.0,6.0,0.0,0.0,8.0,9.0,7.0,10.0,99.0,7.0,3.0,2.0,4.0,5.0,7.0,1.0,1.0,,,,1.0,,,,,,,2.0,3.0,3.0,3.0,5.0,1.0558019295620964
101.0,1.0,49.0,4.0,5.0,1.0,16.0,4.0,1.0,2.0,1.0,,,,,,1.0,,1.0,,,,,,,,,,,,1.0,,,,,3.0,2.0,2.0,3.0,3.0,1.0,3.0,3.0,3.0,3.0,2.0,3.0,3.0,1.0,3.0,3.0,2.0,3.0,3.0,4.0,4.0,4.0,4.0,3.0,3.0,0.0,6.0,99.0,1.0,0.0,0.0,99.0,4.0,5.0,2.0,1.0,1.0,5.0,5.0,5.0,99.0,1.0,1.0,1.0,3.0,3.0,1.0,1.0,4.0,1.0,,1.0,,,,,,,,,,,1.0,,2.0,2.0,5.0,4.0,2.0,,1.0,1.0,,,1.0,,,3.0,2.0,0.0,0.0,0.0,0.0,0.0,0.0,99.0,0.0,0.0,0.0,0.0,99.0,0.0,0.0,0.0,0.0,0.0,0.0,8.0,0.0,0.0,0.0,5.0,2.0,1.0,1.0,,1.0,,,,,2.0,2.0,2.0,3.0,2.0,2.0,2.0,2.0,2.0,2.0,2.0,1.0,1.0,3.0,1.0,,,,,1.0,1.0,,1.0,3.0,2.0,2.0,1.0,1.0,3.0,2.0,3.0,2.0,3.0,3.0,2.0,2.0,3.0,2.0,2.0,2.0,2.0,2.0,1.0,1.0,1.0,,1.0,1.0,,,,1.0,1.0,,,,,,,1.0,,,,1.0,,,,0.0,7.0,0.0,6.0,5.0,5.0,10.0,10.0,10.0,5.0,9.0,0.0,4.0,0.0,0.0,0.0,6.0,4.0,1.0,,,,1.0,,,,,,,1.0,1.0,1.0,2.0,2.0,0.586342073234104
102.0,1.0,49.0,4.0,3.0,2.0,16.0,4.0,1.0,3.0,1.0,,,,,,,,,,,,,,,,1.0,1.0,,,,1.0,,,,2.0,2.0,2.0,4.0,3.0,3.0,3.0,3.0,3.0,3.0,3.0,3.0,3.0,3.0,3.0,3.0,3.0,3.0,4.0,4.0,3.0,4.0,4.0,4.0,4.0,8.0,8.0,7.0,8.0,8.0,8.0,5.0,10.0,8.0,5.0,7.0,7.0,6.0,7.0,5.0,5.0,2.0,2.0,2.0,1.0,2.0,2.0,2.0,3.0,,,1.0,,,,,,,1.0,1.0,,,,,3.0,3.0,2.0,5.0,2.0,,4.0,1.0,1.0,,,,,2.0,2.0,9.0,10.0,8.0,0.0,10.0,5.0,5.0,8.0,9.0,6.0,0.0,5.0,10.0,7.0,6.0,6.0,7.0,10.0,10.0,8.0,7.0,10.0,3.0,4.0,,,,1.0,,1.0,1.0,,5.0,3.0,3.0,4.0,1.0,1.0,1.0,8.0,2.0,4.0,4.0,3.0,3.0,2.0,,,,,,1.0,1.0,,1.0,2.0,3.0,2.0,1.0,1.0,1.0,1.0,1.0,1.0,1.0,1.0,1.0,2.0,2.0,2.0,2.0,2.0,2.0,3.0,2.0,1.0,1.0,,,,1.0,,1.0,,,,,1.0,,,,1.0,,,,1.0,1.0,,,2.0,7.0,1.0,3.0,4.0,2.0,9.0,10.0,0.0,1.0,10.0,3.0,6.0,3.0,2.0,0.0,6.0,5.0,1.0,,,,1.0,,,1.0,,,,3.0,3.0,3.0,3.0,4.0,0.5261351123954906
103.0,2.0,50.0,4.0,1.0,3.0,16.0,5.0,1.0,4.0,1.0,,,,,,1.0,,,,,,,,,,1.0,,,,,1.0,,,,3.0,2.0,2.0,1.0,1.0,1.0,3.0,2.0,3.0,1.0,1.0,1.0,3.0,1.0,3.0,3.0,2.0,3.0,2.0,3.0,2.0,4.0,1.0,2.0,1.0,3.0,4.0,5.0,6.0,5.0,5.0,5.0,3.0,3.0,5.0,5.0,99.0,99.0,99.0,99.0,8.0,2.0,1.0,1.0,2.0,2.0,2.0,3.0,3.0,1.0,,1.0,,,,,,,,,,,1.0,,3.0,4.0,3.0,3.0,2.0,,2.0,,,,,,1.0,2.0,2.0,5.0,5.0,8.0,2.0,5.0,5.0,5.0,8.0,5.0,5.0,2.0,8.0,5.0,5.0,5.0,4.0,3.0,2.0,7.0,5.0,3.0,4.0,3.0,3.0,,,,1.0,,,,,4.0,4.0,4.0,4.0,4.0,2.0,4.0,4.0,2.0,3.0,3.0,3.0,3.0,2.0,,,,,,1.0,1.0,,1.0,3.0,2.0,3.0,3.0,3.0,3.0,3.0,3.0,3.0,3.0,3.0,3.0,2.0,3.0,3.0,2.0,2.0,2.0,2.0,3.0,1.0,1.0,,1.0,1.0,,,,,,,1.0,1.0,,,,,,,,1.0,1.0,,,3.0,6.0,3.0,5.0,2.0,4.0,8.0,10.0,5.0,10.0,9.0,5.0,5.0,5.0,2.0,0.0,7.0,3.0,1.0,,,,1.0,,,1.0,,,,2.0,2.0,2.0,4.0,4.0,1.2930868616518532
104.0,1.0,21.0,1.0,5.0,2.0,16.0,5.0,5.0,4.0,2.0,,,,,,,,1.0,,,,,,,,,1.0,,,,,1.0,,,2.0,2.0,8.0,,2.0,2.0,3.0,3.0,3.0,3.0,3.0,3.0,3.0,3.0,1.0,3.0,2.0,2.0,2.0,3.0,2.0,3.0,1.0,2.0,2.0,6.0,4.0,5.0,7.0,4.0,4.0,5.0,7.0,5.0,3.0,6.0,4.0,7.0,5.0,5.0,6.0,2.0,1.0,1.0,1.0,2.0,2.0,1.0,3.0,1.0,,1.0,,,,,1.0,,,,,,,,4.0,4.0,3.0,1.0,2.0,,1.0,1.0,1.0,,1.0,,,3.0,2.0,6.0,8.0,5.0,0.0,0.0,9.0,7.0,7.0,8.0,7.0,0.0,8.0,10.0,5.0,4.0,3.0,0.0,1.0,9.0,10.0,6.0,4.0,5.0,1.0,1.0,1.0,1.0,1.0,1.0,1.0,1.0,,2.0,2.0,2.0,2.0,2.0,2.0,2.0,2.0,2.0,1.0,2.0,1.0,2.0,3.0,,1.0,,,,,,,3.0,2.0,2.0,3.0,1.0,2.0,3.0,1.0,3.0,1.0,2.0,3.0,2.0,2.0,3.0,3.0,2.0,1.0,2.0,2.0,2.0,1.0,1.0,1.0,1.0,,,,,,1.0,1.0,,1.0,,,,1.0,1.0,,,1.0,1.0,,,0.0,8.0,2.0,5.0,4.0,4.0,7.0,10.0,10.0,8.0,9.0,0.0,0.0,0.0,0.0,0.0,6.0,4.0,1.0,,,,,1.0,1.0,,,,,1.0,2.0,2.0,3.0,10.0,1.0659398652082324
105.0,2.0,65.0,6.0,3.0,2.0,16.0,5.0,6.0,5.0,1.0,,,,,,1.0,,,,1.0,,,,,,,1.0,,,,,,,,3.0,2.0,11.0,4.0,2.0,1.0,3.0,3.0,3.0,2.0,3.0,3.0,2.0,3.0,3.0,3.0,3.0,4.0,4.0,4.0,3.0,4.0,4.0,4.0,3.0,3.0,7.0,7.0,3.0,5.0,3.0,3.0,6.0,5.0,2.0,5.0,3.0,5.0,6.0,6.0,4.0,2.0,3.0,3.0,1.0,2.0,1.0,1.0,2.0,1.0,,1.0,,,,,,,,1.0,,,,,2.0,3.0,3.0,3.0,1.0,5.0,2.0,1.0,1.0,,,,,3.0,2.0,3.0,6.0,4.0,0.0,7.0,5.0,3.0,7.0,6.0,4.0,4.0,9.0,5.0,6.0,2.0,6.0,5.0,7.0,4.0,3.0,6.0,5.0,4.0,2.0,,1.0,1.0,1.0,,1.0,1.0,,2.0,1.0,1.0,2.0,1.0,1.0,1.0,1.0,2.0,3.0,2.0,2.0,2.0,1.0,,,,,,1.0,1.0,,2.0,2.0,2.0,2.0,3.0,3.0,3.0,2.0,1.0,1.0,3.0,1.0,2.0,2.0,3.0,2.0,2.0,1.0,2.0,2.0,3.0,1.0,2.0,,1.0,,1.0,,,,1.0,1.0,1.0,1.0,,,,,,,,1.0,,,,3.0,3.0,2.0,5.0,5.0,4.0,9.0,10.0,5.0,10.0,10.0,5.0,4.0,6.0,2.0,1.0,6.0,1.0,1.0,,,,1.0,,,1.0,,,,3.0,3.0,3.0,1.0,1.0,2.0000691258158385
106.0,2.0,61.0,5.0,1.0,2.0,16.0,5.0,6.0,6.0,1.0,,,,,,,1.0,,,,,,,1.0,,,,,,,1.0,,,,3.0,4.0,12.0,,3.0,1.0,3.0,1.0,3.0,1.0,1.0,3.0,3.0,1.0,4.0,3.0,1.0,1.0,1.0,3.0,1.0,2.0,1.0,1.0,1.0,10.0,99.0,99.0,5.0,99.0,7.0,99.0,10.0,10.0,4.0,99.0,99.0,6.0,99.0,99.0,99.0,1.0,1.0,1.0,2.0,1.0,2.0,3.0,3.0,1.0,1.0,,,,,,1.0,,,,,,,,2.0,5.0,3.0,4.0,1.0,7.0,5.0,1.0,1.0,,,,,6.0,4.0,0.0,99.0,0.0,0.0,9.0,99.0,99.0,99.0,0.0,6.0,8.0,99.0,10.0,0.0,0.0,8.0,0.0,4.0,99.0,0.0,8.0,0.0,6.0,5.0,,,,,1.0,,1.0,,8.0,1.0,8.0,8.0,8.0,1.0,8.0,8.0,8.0,5.0,5.0,5.0,5.0,2.0,,,,,,1.0,,,1.0,5.0,3.0,3.0,3.0,3.0,3.0,3.0,3.0,1.0,1.0,3.0,1.0,3.0,3.0,3.0,5.0,5.0,5.0,5.0,3.0,3.0,1.0,,1.0,,1.0,,,,1.0,1.0,1.0,1.0,,,1.0,,,,,1.0,,,,99.0,99.0,99.0,99.0,99.0,99.0,10.0,99.0,0.0,8.0,10.0,99.0,99.0,99.0,0.0,99.0,5.0,3.0,3.0,,190.0,,,,1.0,,1.0,,,3.0,3.0,3.0,13.0,11.0,1.1396703268277004
107.0,2.0,54.0,4.0,5.0,3.0,16.0,5.0,1.0,2.0,1.0,,,,,,,,1.0,,1.0,,,,,,,1.0,,,,,,,,4.0,3.0,2.0,5.0,1.0,1.0,3.0,1.0,1.0,2.0,3.0,3.0,3.0,1.0,3.0,3.0,1.0,2.0,2.0,2.0,2.0,3.0,2.0,2.0,1.0,3.0,0.0,1.0,2.0,2.0,2.0,2.0,2.0,2.0,1.0,0.0,0.0,99.0,99.0,99.0,99.0,3.0,3.0,3.0,3.0,3.0,3.0,3.0,4.0,,1.0,1.0,,,1.0,,,,,,,,,,4.0,4.0,1.0,3.0,1.0,2.0,4.0,1.0,1.0,,,,,4.0,3.0,0.0,0.0,0.0,0.0,5.0,0.0,0.0,0.0,1.0,0.0,0.0,2.0,5.0,0.0,0.0,0.0,0.0,5.0,8.0,0.0,0.0,0.0,1.0,5.0,,,,,,,,1.0,8.0,8.0,8.0,8.0,8.0,8.0,8.0,8.0,8.0,4.0,4.0,4.0,4.0,1.0,,1.0,,1.0,1.0,,,,1.0,3.0,3.0,3.0,3.0,3.0,3.0,3.0,3.0,3.0,3.0,3.0,3.0,3.0,3.0,3.0,2.0,2.0,2.0,5.0,1.0,1.0,1.0,1.0,,,,,1.0,,,,,,,1.0,,1.0,,,,,,,,5.0,3.0,0.0,3.0,0.0,0.0,8.0,10.0,0.0,8.0,10.0,7.0,10.0,0.0,5.0,3.0,7.0,1.0,1.0,,,,1.0,,,1.0,,,,3.0,3.0,3.0,1.0,1.0,0.4894286801791209
108.0,1.0,67.0,6.0,1.0,2.0,16.0,4.0,2.0,6.0,1.0,,,,,,,,,,,,,,,,,1.0,1.0,,,,1.0,,,2.0,1.0,4.0,,2.0,1.0,3.0,3.0,2.0,3.0,3.0,3.0,3.0,3.0,1.0,3.0,1.0,2.0,2.0,1.0,2.0,3.0,2.0,3.0,3.0,8.0,7.0,9.0,6.0,7.0,6.0,8.0,8.0,7.0,8.0,7.0,6.0,6.0,8.0,5.0,8.0,2.0,2.0,2.0,2.0,2.0,2.0,2.0,2.0,1.0,,,,,,,1.0,,,,,1.0,,,4.0,2.0,2.0,3.0,2.0,,3.0,1.0,,1.0,,1.0,,2.0,2.0,7.0,9.0,8.0,4.0,7.0,8.0,5.0,7.0,7.0,7.0,8.0,6.0,8.0,7.0,7.0,6.0,5.0,4.0,8.0,7.0,5.0,3.0,4.0,2.0,,1.0,,1.0,1.0,1.0,1.0,,3.0,1.0,1.0,1.0,1.0,3.0,1.0,1.0,1.0,3.0,2.0,2.0,1.0,2.0,,,,,,,1.0,,1.0,2.0,3.0,3.0,1.0,1.0,1.0,1.0,3.0,1.0,3.0,1.0,1.0,2.0,3.0,3.0,3.0,3.0,2.0,3.0,3.0,1.0,1.0,,1.0,1.0,,,,,,1.0,1.0,1.0,,,,1.0,,1.0,1.0,1.0,1.0,,,5.0,6.0,5.0,5.0,4.0,5.0,8.0,10.0,7.0,9.0,7.0,6.0,6.0,5.0,3.0,1.0,5.0,1.0,1.0,,,,1.0,,,,,,,2.0,3.0,2.0,3.0,1.0,1.5852612189222897
109.0,2.0,33.0,2.0,5.0,2.0,16.0,7.0,5.0,4.0,1.0,,,,,,,,,,,,,,,,1.0,1.0,1.0,,,,,,,4.0,2.0,8.0,,1.0,1.0,3.0,3.0,3.0,3.0,1.0,3.0,3.0,3.0,3.0,2.0,1.0,2.0,1.0,3.0,1.0,3.0,1.0,3.0,2.0,6.0,7.0,7.0,1.0,99.0,5.0,4.0,8.0,99.0,0.0,2.0,0.0,2.0,2.0,99.0,1.0,2.0,1.0,2.0,2.0,1.0,2.0,3.0,3.0,1.0,,1.0,,,,,,,,1.0,,,,,3.0,4.0,4.0,4.0,1.0,2.0,2.0,1.0,,,1.0,,,3.0,2.0,2.0,5.0,0.0,0.0,1.0,1.0,5.0,1.0,1.0,1.0,0.0,7.0,9.0,2.0,1.0,0.0,0.0,0.0,5.0,5.0,2.0,0.0,4.0,2.0,,,1.0,1.0,1.0,1.0,1.0,,2.0,2.0,2.0,2.0,2.0,1.0,8.0,2.0,2.0,2.0,5.0,2.0,2.0,2.0,1.0,,1.0,,,1.0,1.0,,5.0,3.0,2.0,3.0,1.0,3.0,3.0,1.0,3.0,2.0,2.0,3.0,2.0,2.0,2.0,3.0,2.0,2.0,2.0,2.0,1.0,1.0,1.0,1.0,1.0,,,,,,1.0,1.0,,1.0,,,,1.0,,1.0,1.0,1.0,,,,2.0,7.0,1.0,6.0,3.0,4.0,10.0,10.0,3.0,10.0,9.0,0.0,0.0,0.0,0.0,0.0,8.0,5.0,1.0,,,,1.0,,,,,,,1.0,1.0,2.0,2.0,2.0,0.5383493753231432
110.0,1.0,68.0,6.0,5.0,3.0,16.0,4.0,2.0,6.0,1.0,,,,,,1.0,,,,,,,1.0,,,,1.0,,,,,,,,2.0,2.0,4.0,,3.0,3.0,3.0,3.0,3.0,3.0,3.0,3.0,3.0,3.0,3.0,3.0,3.0,3.0,4.0,4.0,3.0,4.0,4.0,4.0,4.0,5.0,7.0,6.0,7.0,4.0,7.0,8.0,8.0,6.0,5.0,6.0,4.0,5.0,8.0,5.0,7.0,2.0,2.0,1.0,2.0,1.0,2.0,2.0,2.0,1.0,1.0,,,,,,,1.0,,,,,,,4.0,4.0,4.0,4.0,2.0,,4.0,1.0,1.0,,,,,3.0,2.0,5.0,7.0,6.0,2.0,4.0,8.0,6.0,6.0,6.0,7.0,3.0,7.0,6.0,7.0,5.0,4.0,2.0,4.0,7.0,7.0,4.0,4.0,4.0,2.0,,1.0,,1.0,,,,,1.0,8.0,4.0,1.0,8.0,1.0,8.0,2.0,1.0,1.0,2.0,1.0,1.0,2.0,,,,,,1.0,1.0,,1.0,1.0,3.0,2.0,1.0,2.0,3.0,3.0,3.0,1.0,1.0,1.0,1.0,2.0,3.0,2.0,1.0,2.0,1.0,1.0,2.0,1.0,1.0,,1.0,1.0,,,,,,,1.0,1.0,,,,,,,,1.0,1.0,,,4.0,6.0,1.0,5.0,2.0,3.0,9.0,10.0,5.0,8.0,8.0,2.0,4.0,3.0,0.0,0.0,6.0,1.0,1.0,,,,1.0,,,,,,,3.0,3.0,2.0,13.0,12.0,0.8079529453863475
111.0,2.0,45.0,4.0,5.0,2.0,16.0,8.0,1.0,1.0,1.0,,1.0,,,,1.0,,,,1.0,,,,,,,,,,,,,,,3.0,2.0,2.0,3.0,3.0,3.0,3.0,3.0,3.0,3.0,3.0,3.0,3.0,3.0,3.0,3.0,3.0,1.0,1.0,1.0,1.0,3.0,2.0,2.0,1.0,0.0,0.0,99.0,0.0,0.0,0.0,6.0,0.0,0.0,0.0,99.0,99.0,99.0,99.0,99.0,0.0,1.0,1.0,1.0,3.0,1.0,1.0,3.0,4.0,1.0,,1.0,,,1.0,,,,,,,,,,1.0,1.0,1.0,2.0,2.0,,3.0,1.0,,1.0,,,,4.0,2.0,99.0,99.0,0.0,2.0,0.0,0.0,0.0,0.0,0.0,0.0,0.0,0.0,0.0,0.0,0.0,0.0,0.0,0.0,6.0,0.0,0.0,0.0,1.0,4.0,,,,,,,,1.0,7.0,8.0,8.0,7.0,7.0,8.0,7.0,8.0,8.0,4.0,4.0,4.0,5.0,1.0,1.0,1.0,1.0,1.0,1.0,,,,1.0,4.0,2.0,1.0,1.0,2.0,1.0,3.0,1.0,1.0,1.0,1.0,3.0,2.0,1.0,3.0,1.0,1.0,1.0,1.0,4.0,4.0,4.0,,,,1.0,1.0,,,,,1.0,,,,,,,,,,,,1.0,10.0,0.0,0.0,0.0,0.0,0.0,5.0,10.0,0.0,10.0,10.0,10.0,10.0,10.0,5.0,0.0,8.0,1.0,2.0,13.0,,,1.0,,,1.0,,,,1.0,2.0,2.0,7.0,6.0,0.8608241302907117
112.0,1.0,65.0,6.0,2.0,2.0,16.0,6.0,1.0,4.0,1.0,,,,,,,,,,,,,,,,,1.0,,,,1.0,1.0,,,3.0,2.0,2.0,5.0,1.0,2.0,2.0,3.0,3.0,3.0,2.0,3.0,3.0,3.0,3.0,3.0,3.0,4.0,4.0,4.0,3.0,4.0,4.0,4.0,3.0,10.0,10.0,10.0,10.0,10.0,10.0,10.0,10.0,10.0,10.0,10.0,10.0,10.0,10.0,10.0,10.0,2.0,1.0,2.0,3.0,3.0,2.0,3.0,4.0,1.0,,1.0,,,,,,,1.0,,,,,,2.0,2.0,2.0,4.0,1.0,2.0,5.0,1.0,1.0,,,,,2.0,2.0,8.0,8.0,7.0,3.0,9.0,8.0,8.0,10.0,10.0,10.0,6.0,10.0,10.0,8.0,8.0,3.0,8.0,6.0,10.0,7.0,5.0,8.0,3.0,4.0,,,,1.0,,,,,8.0,8.0,8.0,8.0,8.0,8.0,8.0,8.0,8.0,2.0,2.0,2.0,2.0,2.0,,,,,,,,1.0,1.0,1.0,3.0,3.0,3.0,3.0,3.0,3.0,3.0,3.0,3.0,2.0,2.0,2.0,3.0,3.0,2.0,2.0,2.0,2.0,3.0,4.0,4.0,1.0,,,,,1.0,,,,,,1.0,,,,,,,1.0,,,,8.0,5.0,5.0,6.0,5.0,6.0,5.0,8.0,4.0,6.0,7.0,6.0,7.0,8.0,5.0,6.0,7.0,2.0,2.0,13.0,,,1.0,,,,,,,3.0,3.0,3.0,3.0,3.0,1.292851198265321
113.0,1.0,65.0,6.0,3.0,3.0,16.0,4.0,2.0,4.0,1.0,,,,,,1.0,,1.0,,,,,,,,,,,,,1.0,,,,2.0,2.0,4.0,,3.0,3.0,3.0,3.0,3.0,3.0,3.0,3.0,3.0,3.0,3.0,3.0,3.0,3.0,4.0,4.0,4.0,4.0,4.0,4.0,2.0,3.0,3.0,1.0,10.0,4.0,2.0,5.0,7.0,4.0,2.0,2.0,0.0,99.0,6.0,4.0,0.0,2.0,1.0,1.0,3.0,1.0,1.0,3.0,3.0,1.0,,,,,1.0,,,,,,,,1.0,,4.0,3.0,2.0,3.0,2.0,,3.0,,,,,,1.0,3.0,2.0,6.0,6.0,6.0,3.0,5.0,5.0,4.0,5.0,6.0,0.0,3.0,2.0,2.0,5.0,3.0,6.0,0.0,3.0,8.0,5.0,5.0,3.0,3.0,3.0,,,,1.0,,1.0,1.0,,5.0,3.0,3.0,3.0,3.0,3.0,5.0,5.0,8.0,3.0,4.0,3.0,2.0,1.0,,1.0,,,,1.0,1.0,,1.0,4.0,2.0,2.0,3.0,3.0,3.0,2.0,2.0,1.0,2.0,1.0,3.0,2.0,2.0,2.0,2.0,2.0,2.0,2.0,2.0,1.0,1.0,,,1.0,,,1.0,,1.0,,,1.0,,,,1.0,1.0,,,1.0,,,,3.0,7.0,1.0,3.0,1.0,2.0,9.0,10.0,5.0,10.0,10.0,5.0,8.0,5.0,0.0,0.0,6.0,4.0,1.0,,,,1.0,,,,,,,3.0,3.0,3.0,3.0,3.0,1.3707711819963728
114.0,2.0,38.0,3.0,1.0,2.0,16.0,4.0,1.0,4.0,1.0,,,1.0,,,,,,,,,,,,,,,,,,,,,,3.0,1.0,2.0,4.0,1.0,2.0,1.0,1.0,3.0,1.0,1.0,1.0,2.0,1.0,1.0,2.0,1.0,1.0,1.0,1.0,2.0,1.0,1.0,1.0,2.0,3.0,6.0,5.0,4.0,5.0,7.0,2.0,6.0,9.0,5.0,5.0,4.0,2.0,5.0,7.0,8.0,2.0,2.0,2.0,1.0,2.0,2.0,3.0,2.0,1.0,1.0,,,1.0,,,,,,,,,,,1.0,1.0,2.0,3.0,1.0,6.0,2.0,,,1.0,,,,2.0,1.0,6.0,4.0,5.0,5.0,4.0,3.0,7.0,6.0,5.0,8.0,9.0,9.0,3.0,5.0,4.0,6.0,4.0,7.0,3.0,9.0,9.0,5.0,2.0,2.0,,,1.0,,,,,,5.0,8.0,5.0,5.0,5.0,5.0,5.0,5.0,5.0,1.0,2.0,4.0,1.0,1.0,,,,,,,,1.0,1.0,3.0,3.0,3.0,3.0,3.0,3.0,3.0,3.0,3.0,3.0,3.0,3.0,3.0,3.0,3.0,1.0,1.0,1.0,1.0,1.0,1.0,1.0,1.0,,,1.0,,,,1.0,,1.0,,,,,,,,,,1.0,,,99.0,99.0,99.0,99.0,99.0,99.0,99.0,99.0,6.0,99.0,99.0,99.0,6.0,99.0,99.0,99.0,3.0,1.0,3.0,,190.0,,1.0,,,,,,,3.0,3.0,3.0,13.0,12.0,1.11144369452718
115.0,1.0,51.0,4.0,1.0,2.0,16.0,4.0,1.0,6.0,1.0,,,1.0,,,,,,,,,,,,,,1.0,,,,1.0,,,,2.0,1.0,2.0,4.0,3.0,3.0,3.0,3.0,3.0,3.0,1.0,3.0,3.0,3.0,3.0,3.0,3.0,4.0,4.0,4.0,4.0,4.0,4.0,4.0,3.0,9.0,9.0,9.0,8.0,2.0,9.0,8.0,8.0,3.0,2.0,1.0,1.0,1.0,7.0,8.0,9.0,2.0,1.0,1.0,1.0,1.0,2.0,1.0,1.0,,,,,,,1.0,,,1.0,1.0,,,,,2.0,4.0,2.0,5.0,2.0,,5.0,,,,,,1.0,2.0,1.0,10.0,99.0,5.0,10.0,9.0,10.0,10.0,9.0,9.0,9.0,5.0,9.0,9.0,5.0,1.0,99.0,5.0,10.0,9.0,8.0,9.0,2.0,3.0,4.0,,,,,,,,1.0,8.0,8.0,8.0,8.0,8.0,1.0,8.0,8.0,8.0,2.0,5.0,4.0,5.0,1.0,,,,,,,1.0,,1.0,1.0,1.0,3.0,1.0,3.0,1.0,1.0,3.0,1.0,1.0,1.0,3.0,2.0,2.0,3.0,2.0,1.0,2.0,1.0,3.0,1.0,3.0,,1.0,,1.0,,,,1.0,,,,,,,,,,,,,,1.0,99.0,99.0,99.0,99.0,99.0,99.0,99.0,99.0,99.0,99.0,99.0,99.0,99.0,99.0,99.0,99.0,6.0,1.0,1.0,,,1.0,,,,,,,,3.0,3.0,3.0,12.0,11.0,0.8897644395041506
116.0,1.0,67.0,6.0,3.0,3.0,16.0,5.0,2.0,6.0,1.0,1.0,,,,,,,1.0,,,,,,,,,,,,,1.0,,,,4.0,3.0,4.0,,1.0,1.0,1.0,1.0,1.0,1.0,1.0,1.0,2.0,1.0,2.0,2.0,1.0,1.0,3.0,3.0,1.0,1.0,4.0,4.0,2.0,8.0,0.0,99.0,5.0,0.0,2.0,0.0,5.0,4.0,0.0,0.0,99.0,99.0,99.0,99.0,0.0,1.0,1.0,3.0,3.0,1.0,1.0,3.0,4.0,,,,,,1.0,1.0,,1.0,,,,,,,4.0,4.0,1.0,1.0,1.0,2.0,1.0,1.0,1.0,,1.0,,,5.0,3.0,0.0,0.0,0.0,0.0,8.0,0.0,0.0,0.0,0.0,0.0,5.0,0.0,8.0,0.0,0.0,0.0,8.0,6.0,8.0,0.0,0.0,0.0,3.0,1.0,,1.0,,1.0,,,,,8.0,1.0,8.0,7.0,7.0,1.0,8.0,8.0,1.0,3.0,5.0,2.0,1.0,1.0,,1.0,1.0,1.0,1.0,,1.0,,1.0,4.0,2.0,2.0,2.0,1.0,1.0,3.0,3.0,2.0,1.0,3.0,2.0,2.0,2.0,2.0,2.0,2.0,2.0,2.0,1.0,1.0,1.0,1.0,,,,,1.0,,,,,,1.0,,,,1.0,,,,,,,5.0,9.0,0.0,1.0,0.0,1.0,9.0,10.0,0.0,10.0,10.0,0.0,0.0,0.0,0.0,0.0,6.0,1.0,1.0,,,,1.0,,,,,,,3.0,3.0,3.0,10.0,9.0,1.2592054876499605
117.0,1.0,65.0,6.0,1.0,2.0,16.0,4.0,2.0,6.0,1.0,,,,,,,1.0,,,,,,,,,,,,,,1.0,,1.0,,2.0,2.0,4.0,,3.0,3.0,3.0,3.0,3.0,3.0,3.0,3.0,3.0,3.0,3.0,3.0,3.0,3.0,4.0,4.0,3.0,4.0,4.0,4.0,4.0,6.0,8.0,8.0,6.0,3.0,7.0,5.0,8.0,7.0,6.0,5.0,7.0,6.0,6.0,6.0,3.0,2.0,1.0,1.0,1.0,1.0,2.0,3.0,5.0,,1.0,,,1.0,,,,,,,,,1.0,,2.0,2.0,3.0,3.0,2.0,,4.0,,,,,,1.0,2.0,2.0,4.0,7.0,3.0,3.0,8.0,6.0,5.0,7.0,5.0,7.0,2.0,8.0,7.0,3.0,5.0,5.0,6.0,4.0,7.0,3.0,5.0,4.0,3.0,3.0,,1.0,,1.0,,,1.0,,1.0,1.0,1.0,8.0,1.0,1.0,1.0,3.0,1.0,3.0,3.0,3.0,3.0,2.0,,1.0,,,,,1.0,,1.0,2.0,2.0,2.0,3.0,2.0,3.0,3.0,2.0,1.0,3.0,3.0,1.0,2.0,2.0,2.0,2.0,2.0,2.0,2.0,3.0,3.0,2.0,,,,1.0,,1.0,,,1.0,1.0,,,,,1.0,,,,1.0,1.0,,,4.0,5.0,0.0,4.0,3.0,3.0,8.0,10.0,6.0,8.0,10.0,6.0,5.0,5.0,1.0,0.0,6.0,5.0,1.0,,,,1.0,,,,,,,2.0,3.0,3.0,1.0,1.0,1.5852612189222897
118.0,1.0,70.0,6.0,4.0,2.0,16.0,4.0,2.0,4.0,1.0,,,,,,,,,,,1.0,,,,,1.0,,,,,1.0,,,,3.0,3.0,4.0,,3.0,3.0,3.0,3.0,3.0,3.0,3.0,3.0,3.0,3.0,3.0,3.0,3.0,3.0,3.0,4.0,3.0,4.0,4.0,3.0,3.0,4.0,7.0,7.0,4.0,3.0,5.0,4.0,8.0,5.0,5.0,4.0,6.0,4.0,6.0,6.0,3.0,2.0,2.0,1.0,1.0,1.0,2.0,1.0,3.0,1.0,,1.0,,,,,,,,,,,1.0,,2.0,2.0,2.0,4.0,2.0,,3.0,1.0,,,,1.0,,3.0,2.0,3.0,4.0,4.0,6.0,7.0,6.0,7.0,5.0,5.0,5.0,5.0,7.0,7.0,4.0,4.0,6.0,6.0,5.0,7.0,6.0,6.0,4.0,4.0,2.0,,1.0,,1.0,1.0,,1.0,,8.0,2.0,8.0,8.0,1.0,1.0,8.0,8.0,3.0,3.0,3.0,3.0,2.0,1.0,,1.0,,,,,1.0,,1.0,1.0,2.0,2.0,3.0,3.0,1.0,3.0,3.0,1.0,1.0,1.0,1.0,2.0,2.0,2.0,1.0,1.0,1.0,1.0,1.0,1.0,1.0,,,1.0,,,1.0,,1.0,1.0,1.0,1.0,,,,,1.0,1.0,1.0,1.0,1.0,,,6.0,6.0,1.0,4.0,3.0,3.0,8.0,10.0,5.0,8.0,10.0,4.0,3.0,4.0,4.0,0.0,4.0,3.0,1.0,,,,1.0,,,,,,,3.0,3.0,3.0,11.0,10.0,0.9569557048296796
119.0,2.0,54.0,4.0,5.0,1.0,16.0,7.0,1.0,2.0,1.0,,,,,1.0,1.0,,,,,,,,,,,1.0,,,,,,,,3.0,3.0,2.0,4.0,3.0,3.0,3.0,3.0,3.0,3.0,3.0,3.0,3.0,3.0,3.0,3.0,3.0,4.0,3.0,4.0,4.0,4.0,4.0,4.0,3.0,4.0,5.0,4.0,5.0,4.0,4.0,5.0,6.0,6.0,5.0,7.0,6.0,6.0,5.0,5.0,4.0,1.0,1.0,1.0,1.0,3.0,1.0,3.0,3.0,,,,,,1.0,,,1.0,1.0,,,,,,2.0,2.0,2.0,3.0,2.0,,2.0,,,,1.0,,,3.0,3.0,4.0,4.0,0.0,0.0,2.0,3.0,0.0,4.0,0.0,4.0,2.0,4.0,2.0,1.0,0.0,1.0,2.0,0.0,3.0,0.0,3.0,1.0,5.0,1.0,,,1.0,,,,,,1.0,8.0,8.0,8.0,8.0,8.0,8.0,8.0,8.0,2.0,3.0,2.0,2.0,2.0,,,1.0,1.0,1.0,1.0,1.0,,1.0,1.0,3.0,3.0,3.0,3.0,3.0,3.0,3.0,3.0,3.0,3.0,3.0,3.0,3.0,3.0,1.0,1.0,1.0,3.0,4.0,2.0,2.0,1.0,,1.0,,,,,,,,1.0,,,,,1.0,,,,,,,4.0,7.0,4.0,6.0,5.0,5.0,8.0,9.0,7.0,4.0,7.0,0.0,2.0,1.0,0.0,0.0,8.0,3.0,1.0,,,,1.0,,,,,,,2.0,2.0,2.0,11.0,10.0,0.6033630827868764
120.0,2.0,65.0,6.0,3.0,2.0,16.0,4.0,6.0,4.0,1.0,,,,,,1.0,,,,,,,,,,1.0,1.0,,,,,,,,2.0,2.0,11.0,5.0,2.0,1.0,3.0,3.0,3.0,3.0,1.0,3.0,3.0,3.0,3.0,3.0,1.0,2.0,4.0,4.0,2.0,4.0,2.0,4.0,2.0,7.0,10.0,10.0,6.0,7.0,8.0,8.0,8.0,6.0,6.0,7.0,7.0,7.0,7.0,8.0,6.0,1.0,1.0,1.0,1.0,1.0,1.0,1.0,4.0,,,1.0,1.0,,,,,,,1.0,,,,,5.0,5.0,2.0,4.0,2.0,,5.0,1.0,1.0,1.0,,,,2.0,2.0,8.0,8.0,99.0,99.0,8.0,8.0,8.0,8.0,99.0,8.0,99.0,9.0,9.0,99.0,0.0,99.0,99.0,0.0,8.0,99.0,8.0,99.0,3.0,5.0,1.0,1.0,1.0,1.0,1.0,1.0,1.0,,8.0,8.0,8.0,8.0,8.0,8.0,8.0,8.0,8.0,5.0,2.0,2.0,2.0,1.0,,,,,,,1.0,,1.0,3.0,3.0,3.0,3.0,3.0,3.0,1.0,3.0,1.0,3.0,3.0,3.0,3.0,2.0,3.0,1.0,1.0,1.0,1.0,2.0,1.0,1.0,,,,,1.0,1.0,,1.0,1.0,1.0,1.0,,,,,,,,,,,1.0,99.0,99.0,99.0,99.0,99.0,99.0,99.0,99.0,99.0,99.0,99.0,99.0,99.0,99.0,99.0,99.0,5.0,1.0,1.0,,,,1.0,,,1.0,,,,3.0,3.0,3.0,11.0,10.0,2.0000704308165775
121.0,2.0,34.0,2.0,1.0,2.0,16.0,7.0,1.0,2.0,1.0,,,,,1.0,,,,,1.0,,,,,,,,,,,1.0,,,,2.0,2.0,2.0,4.0,3.0,3.0,3.0,3.0,3.0,3.0,3.0,3.0,3.0,3.0,3.0,3.0,3.0,3.0,3.0,4.0,4.0,4.0,3.0,4.0,4.0,8.0,6.0,7.0,2.0,99.0,6.0,5.0,7.0,6.0,5.0,99.0,3.0,5.0,99.0,5.0,3.0,2.0,1.0,3.0,1.0,3.0,1.0,1.0,3.0,1.0,,1.0,,,,1.0,,,,,,,,,3.0,4.0,1.0,4.0,2.0,,3.0,1.0,1.0,,,,,3.0,4.0,99.0,99.0,3.0,0.0,99.0,99.0,2.0,99.0,99.0,99.0,0.0,99.0,6.0,99.0,0.0,3.0,99.0,2.0,99.0,3.0,3.0,99.0,4.0,5.0,,,1.0,1.0,,1.0,1.0,,8.0,2.0,2.0,7.0,8.0,2.0,8.0,8.0,2.0,4.0,2.0,2.0,5.0,2.0,,,1.0,,,1.0,1.0,,1.0,2.0,2.0,2.0,1.0,1.0,1.0,2.0,1.0,1.0,1.0,3.0,3.0,2.0,3.0,2.0,2.0,2.0,2.0,2.0,4.0,2.0,2.0,,1.0,1.0,,,,,,,1.0,,,,,,1.0,,,1.0,,,,5.0,6.0,2.0,4.0,4.0,99.0,8.0,10.0,8.0,6.0,10.0,2.0,3.0,3.0,1.0,0.0,8.0,5.0,1.0,,,,1.0,,,1.0,,,,1.0,1.0,1.0,12.0,11.0,1.3202880875326126
122.0,2.0,50.0,4.0,1.0,2.0,16.0,4.0,3.0,7.0,1.0,1.0,,,,,,,,,1.0,,,,,,,,,,,1.0,,,,3.0,3.0,6.0,,2.0,1.0,1.0,3.0,1.0,1.0,1.0,1.0,1.0,1.0,3.0,2.0,1.0,2.0,1.0,3.0,1.0,2.0,2.0,3.0,2.0,9.0,3.0,2.0,1.0,7.0,1.0,0.0,3.0,1.0,1.0,2.0,2.0,1.0,2.0,2.0,1.0,1.0,1.0,1.0,1.0,1.0,1.0,1.0,4.0,,,1.0,,,1.0,,,1.0,,,,,,,3.0,2.0,1.0,3.0,2.0,,3.0,,,,1.0,,,3.0,3.0,1.0,3.0,2.0,6.0,5.0,5.0,2.0,5.0,5.0,3.0,2.0,3.0,8.0,5.0,0.0,5.0,2.0,1.0,1.0,3.0,2.0,7.0,5.0,1.0,1.0,,,,,,,,8.0,8.0,8.0,8.0,8.0,8.0,8.0,8.0,8.0,3.0,2.0,3.0,3.0,2.0,,,,,,,,1.0,1.0,5.0,3.0,3.0,3.0,3.0,1.0,3.0,3.0,3.0,3.0,3.0,3.0,3.0,3.0,3.0,2.0,2.0,2.0,2.0,5.0,2.0,2.0,1.0,1.0,,,,,,1.0,,1.0,,,,1.0,,,,,,,,,5.0,5.0,5.0,4.0,5.0,5.0,5.0,5.0,5.0,5.0,5.0,5.0,5.0,5.0,5.0,5.0,5.0,5.0,1.0,,,,1.0,,,1.0,,,,2.0,3.0,3.0,13.0,12.0,2.0000133948227616
123.0,2.0,54.0,4.0,5.0,1.0,16.0,4.0,1.0,2.0,1.0,,,,,,1.0,,,,,,,,,,,1.0,,,,1.0,,,,2.0,3.0,2.0,4.0,3.0,3.0,3.0,3.0,3.0,3.0,3.0,3.0,3.0,3.0,3.0,3.0,3.0,3.0,3.0,3.0,3.0,4.0,3.0,4.0,3.0,4.0,6.0,7.0,6.0,6.0,6.0,6.0,6.0,6.0,6.0,6.0,6.0,6.0,7.0,7.0,6.0,2.0,2.0,2.0,1.0,2.0,2.0,2.0,3.0,1.0,,1.0,,,,,,,,,,,1.0,,4.0,4.0,4.0,3.0,2.0,,2.0,1.0,,,1.0,,,2.0,3.0,6.0,7.0,5.0,4.0,6.0,6.0,7.0,5.0,6.0,5.0,4.0,7.0,5.0,3.0,5.0,4.0,4.0,4.0,7.0,6.0,5.0,4.0,5.0,2.0,1.0,1.0,1.0,1.0,1.0,1.0,1.0,,2.0,2.0,2.0,2.0,2.0,2.0,2.0,2.0,2.0,2.0,2.0,2.0,2.0,2.0,1.0,,,,,1.0,1.0,,1.0,3.0,2.0,2.0,1.0,2.0,3.0,3.0,2.0,3.0,3.0,1.0,3.0,2.0,2.0,2.0,2.0,2.0,2.0,2.0,2.0,1.0,1.0,,,1.0,,,1.0,,,1.0,1.0,1.0,,,,1.0,1.0,1.0,1.0,1.0,1.0,,,2.0,8.0,1.0,5.0,4.0,3.0,9.0,10.0,8.0,9.0,8.0,5.0,7.0,6.0,4.0,0.0,6.0,1.0,1.0,,,,1.0,,,1.0,,,,2.0,2.0,2.0,2.0,3.0,0.6033630827868764
124.0,1.0,74.0,6.0,3.0,2.0,16.0,4.0,2.0,6.0,1.0,,,,,,1.0,,,,,,,,,,1.0,,,1.0,,,,,,4.0,4.0,4.0,,4.0,4.0,4.0,4.0,4.0,4.0,4.0,4.0,4.0,4.0,4.0,4.0,4.0,5.0,3.0,4.0,3.0,4.0,3.0,3.0,3.0,3.0,3.0,3.0,3.0,0.0,5.0,3.0,7.0,3.0,0.0,0.0,0.0,3.0,99.0,2.0,99.0,2.0,2.0,2.0,3.0,2.0,2.0,2.0,5.0,1.0,,,,,,,1.0,,,,,,1.0,,3.0,4.0,1.0,3.0,2.0,,1.0,1.0,1.0,1.0,1.0,,,5.0,3.0,2.0,1.0,2.0,2.0,0.0,1.0,8.0,2.0,1.0,1.0,0.0,8.0,1.0,7.0,0.0,4.0,0.0,0.0,9.0,2.0,8.0,8.0,1.0,1.0,,,1.0,,,1.0,1.0,,8.0,8.0,8.0,8.0,8.0,8.0,8.0,8.0,8.0,4.0,4.0,4.0,4.0,1.0,,,,,,,,1.0,1.0,4.0,3.0,3.0,1.0,3.0,3.0,3.0,3.0,3.0,3.0,1.0,3.0,3.0,3.0,3.0,2.0,2.0,2.0,2.0,1.0,1.0,1.0,,1.0,1.0,,,,,,,1.0,1.0,,,,1.0,1.0,,1.0,1.0,1.0,,,99.0,99.0,99.0,99.0,99.0,99.0,99.0,99.0,0.0,99.0,99.0,99.0,99.0,99.0,99.0,99.0,6.0,3.0,2.0,3.0,,,1.0,,,,,,,3.0,3.0,2.0,11.0,10.0,0.9705993293164235
125.0,2.0,61.0,5.0,2.0,3.0,16.0,4.0,1.0,3.0,1.0,,,,,,,,,,,1.0,,,1.0,,,1.0,,,,,,,,3.0,3.0,2.0,3.0,3.0,1.0,3.0,3.0,3.0,3.0,1.0,3.0,3.0,3.0,3.0,3.0,1.0,2.0,1.0,3.0,1.0,3.0,2.0,2.0,2.0,7.0,4.0,4.0,4.0,0.0,3.0,4.0,8.0,4.0,2.0,3.0,5.0,4.0,7.0,4.0,5.0,2.0,1.0,1.0,1.0,1.0,2.0,1.0,4.0,1.0,,,,,,,1.0,1.0,,,,,,,3.0,4.0,2.0,2.0,1.0,2.0,4.0,,,,,,1.0,3.0,2.0,3.0,5.0,1.0,1.0,6.0,6.0,6.0,3.0,3.0,4.0,3.0,7.0,6.0,0.0,0.0,0.0,0.0,3.0,5.0,4.0,5.0,0.0,6.0,2.0,,,,1.0,,,1.0,,2.0,8.0,8.0,1.0,1.0,1.0,8.0,8.0,8.0,4.0,3.0,3.0,2.0,2.0,,,,,,,1.0,,1.0,3.0,2.0,2.0,3.0,3.0,3.0,3.0,3.0,3.0,1.0,3.0,3.0,2.0,2.0,3.0,2.0,2.0,2.0,2.0,2.0,1.0,1.0,,1.0,,1.0,,,,,1.0,1.0,,,,,,,,1.0,1.0,,,,99.0,5.0,2.0,3.0,4.0,4.0,7.0,10.0,99.0,10.0,10.0,2.0,2.0,2.0,0.0,0.0,6.0,1.0,1.0,,,,,,,,,1.0,,1.0,1.0,1.0,11.0,10.0,1.0697894250354212
126.0,1.0,46.0,4.0,5.0,2.0,16.0,7.0,1.0,1.0,2.0,,,,1.0,1.0,,,,,,,,,,1.0,,,,,,,,,,2.0,2.0,12.0,,3.0,2.0,3.0,2.0,3.0,3.0,3.0,3.0,3.0,3.0,3.0,3.0,3.0,3.0,3.0,3.0,2.0,3.0,3.0,3.0,3.0,7.0,7.0,7.0,8.0,7.0,7.0,7.0,7.0,7.0,7.0,7.0,8.0,7.0,10.0,7.0,7.0,1.0,1.0,1.0,1.0,1.0,1.0,1.0,5.0,1.0,,,,,,,1.0,,,1.0,,,,,2.0,2.0,2.0,3.0,2.0,,2.0,1.0,,1.0,,,,3.0,2.0,7.0,7.0,7.0,7.0,7.0,7.0,7.0,7.0,7.0,7.0,7.0,7.0,7.0,7.0,7.0,7.0,7.0,7.0,7.0,7.0,7.0,7.0,4.0,5.0,,,,1.0,,1.0,,,1.0,1.0,1.0,1.0,1.0,1.0,1.0,1.0,1.0,1.0,1.0,1.0,1.0,2.0,1.0,,,,,,,,1.0,3.0,3.0,3.0,3.0,3.0,3.0,3.0,3.0,3.0,3.0,3.0,3.0,3.0,3.0,3.0,1.0,1.0,1.0,1.0,2.0,2.0,2.0,,1.0,,,1.0,,,,,,1.0,,,,1.0,,,1.0,,,,,4.0,4.0,3.0,5.0,5.0,5.0,9.0,10.0,8.0,10.0,10.0,5.0,5.0,5.0,0.0,0.0,8.0,3.0,1.0,,,,1.0,,,1.0,,,,1.0,1.0,1.0,1.0,1.0,0.8365400861339856
127.0,2.0,43.0,3.0,1.0,3.0,16.0,7.0,1.0,2.0,2.0,,,,,1.0,1.0,,,,,,,,,,,1.0,,,,,,,,2.0,2.0,2.0,3.0,3.0,3.0,3.0,3.0,3.0,3.0,3.0,3.0,3.0,3.0,3.0,3.0,3.0,3.0,3.0,4.0,5.0,4.0,3.0,4.0,3.0,7.0,6.0,7.0,6.0,5.0,6.0,6.0,6.0,7.0,4.0,5.0,4.0,5.0,7.0,5.0,5.0,2.0,1.0,1.0,1.0,1.0,2.0,2.0,3.0,,,,,,,,1.0,1.0,,1.0,,,,,4.0,3.0,3.0,4.0,2.0,,3.0,1.0,1.0,,,,,4.0,2.0,6.0,7.0,5.0,0.0,5.0,5.0,5.0,6.0,5.0,7.0,0.0,7.0,7.0,5.0,1.0,4.0,3.0,1.0,7.0,4.0,4.0,6.0,4.0,2.0,1.0,,,1.0,,1.0,1.0,,8.0,8.0,8.0,8.0,8.0,8.0,8.0,8.0,8.0,5.0,2.0,1.0,2.0,2.0,,,1.0,1.0,1.0,1.0,1.0,,1.0,3.0,3.0,3.0,1.0,3.0,1.0,1.0,3.0,1.0,2.0,1.0,1.0,3.0,3.0,3.0,2.0,2.0,2.0,3.0,3.0,2.0,1.0,,,1.0,,,1.0,,,,1.0,1.0,,,,,,1.0,1.0,1.0,,,,3.0,7.0,3.0,5.0,4.0,3.0,10.0,10.0,8.0,7.0,8.0,0.0,0.0,0.0,0.0,0.0,8.0,5.0,1.0,,,,1.0,,,,,,,1.0,1.0,1.0,2.0,2.0,1.3892397168813293
128.0,2.0,41.0,3.0,5.0,1.0,16.0,4.0,1.0,6.0,1.0,,,,,,1.0,,,,,,,,,,,1.0,,,,1.0,,,,2.0,1.0,2.0,4.0,3.0,3.0,3.0,3.0,3.0,3.0,1.0,3.0,2.0,3.0,3.0,3.0,3.0,3.0,3.0,3.0,2.0,3.0,4.0,4.0,3.0,9.0,8.0,9.0,8.0,9.0,8.0,7.0,9.0,9.0,7.0,9.0,9.0,7.0,8.0,7.0,8.0,2.0,1.0,1.0,1.0,1.0,2.0,1.0,2.0,,,,,1.0,,,,,1.0,,,1.0,,,2.0,1.0,2.0,2.0,2.0,,1.0,,,1.0,1.0,1.0,,1.0,2.0,9.0,8.0,8.0,8.0,8.0,10.0,9.0,7.0,9.0,8.0,7.0,8.0,8.0,8.0,8.0,7.0,7.0,9.0,7.0,8.0,7.0,8.0,5.0,1.0,,,1.0,1.0,1.0,,,,2.0,4.0,2.0,4.0,4.0,2.0,2.0,2.0,4.0,1.0,2.0,2.0,1.0,1.0,,,,,,1.0,1.0,,2.0,1.0,2.0,2.0,2.0,1.0,1.0,1.0,1.0,1.0,1.0,1.0,1.0,2.0,2.0,2.0,3.0,2.0,1.0,2.0,2.0,2.0,1.0,,1.0,,,,1.0,1.0,1.0,,,1.0,,,1.0,,1.0,,1.0,1.0,,,,3.0,5.0,2.0,6.0,4.0,4.0,6.0,10.0,7.0,7.0,6.0,6.0,5.0,5.0,5.0,7.0,6.0,1.0,1.0,,,1.0,,,,,,,,1.0,1.0,1.0,2.0,2.0,0.6414955683286288
129.0,1.0,73.0,6.0,5.0,2.0,16.0,2.0,2.0,5.0,1.0,,,,,,,,,,1.0,1.0,1.0,,,,,,,,,,,,,3.0,2.0,4.0,,3.0,3.0,3.0,3.0,3.0,3.0,3.0,3.0,3.0,3.0,3.0,3.0,3.0,4.0,4.0,4.0,4.0,4.0,4.0,4.0,4.0,2.0,6.0,6.0,7.0,2.0,1.0,4.0,8.0,6.0,4.0,3.0,6.0,7.0,7.0,4.0,6.0,1.0,3.0,3.0,3.0,3.0,1.0,3.0,3.0,,,,,,1.0,1.0,,1.0,,,,,,,2.0,3.0,1.0,4.0,2.0,,2.0,1.0,,1.0,1.0,,,3.0,2.0,3.0,5.0,0.0,4.0,3.0,5.0,2.0,5.0,5.0,2.0,6.0,5.0,2.0,2.0,0.0,2.0,4.0,4.0,5.0,0.0,5.0,2.0,3.0,3.0,,1.0,1.0,1.0,,1.0,1.0,,8.0,8.0,8.0,8.0,6.0,1.0,8.0,8.0,1.0,3.0,4.0,4.0,4.0,1.0,,,1.0,,,,,,2.0,2.0,2.0,2.0,1.0,1.0,1.0,1.0,3.0,2.0,1.0,2.0,1.0,2.0,1.0,2.0,2.0,2.0,2.0,2.0,3.0,1.0,1.0,,,,1.0,,1.0,,1.0,1.0,1.0,1.0,,,,,1.0,,,,,,,5.0,9.0,0.0,7.0,2.0,3.0,8.0,10.0,6.0,10.0,9.0,1.0,4.0,1.0,1.0,0.0,2.0,1.0,1.0,,,,1.0,,,,,,,3.0,3.0,3.0,11.0,10.0,0.660140703492659
130.0,2.0,75.0,6.0,5.0,2.0,16.0,1.0,6.0,7.0,1.0,,,,,,,1.0,,,,1.0,,,,,1.0,,,,,,,,,2.0,2.0,11.0,3.0,2.0,3.0,2.0,3.0,2.0,2.0,3.0,3.0,2.0,1.0,2.0,2.0,3.0,3.0,3.0,3.0,3.0,4.0,4.0,3.0,4.0,6.0,6.0,6.0,6.0,3.0,5.0,5.0,6.0,4.0,5.0,5.0,4.0,4.0,5.0,4.0,6.0,2.0,2.0,2.0,1.0,2.0,1.0,1.0,3.0,,,,,,1.0,,1.0,1.0,,,,,,,2.0,3.0,2.0,2.0,2.0,,2.0,1.0,,,,,,2.0,2.0,6.0,6.0,4.0,3.0,6.0,6.0,5.0,6.0,4.0,5.0,6.0,4.0,6.0,4.0,3.0,3.0,5.0,5.0,5.0,4.0,5.0,4.0,2.0,1.0,,,,,1.0,,,,3.0,6.0,3.0,6.0,3.0,3.0,6.0,6.0,1.0,4.0,2.0,1.0,2.0,1.0,,,,1.0,,,,,1.0,2.0,3.0,2.0,2.0,1.0,1.0,3.0,2.0,3.0,2.0,2.0,1.0,2.0,2.0,1.0,2.0,1.0,3.0,2.0,3.0,2.0,3.0,,1.0,1.0,,,,,,,1.0,,,,,,,,,1.0,,,,4.0,6.0,5.0,5.0,5.0,6.0,6.0,3.0,5.0,6.0,3.0,6.0,4.0,5.0,6.0,4.0,2.0,1.0,3.0,,186.0,,1.0,,,,,,,3.0,3.0,3.0,1.0,5.0,2.000069562103196
131.0,1.0,53.0,4.0,2.0,2.0,16.0,6.0,1.0,1.0,1.0,,,,,,1.0,,1.0,,,,,,,,,1.0,,,,,,,,2.0,2.0,3.0,4.0,1.0,1.0,1.0,1.0,1.0,1.0,1.0,1.0,1.0,1.0,1.0,1.0,1.0,3.0,3.0,4.0,4.0,3.0,4.0,4.0,2.0,10.0,6.0,9.0,7.0,8.0,5.0,9.0,10.0,7.0,5.0,8.0,7.0,10.0,8.0,8.0,8.0,2.0,1.0,1.0,1.0,1.0,1.0,2.0,3.0,1.0,,1.0,,,,1.0,,,,,,,,,3.0,4.0,2.0,3.0,1.0,7.0,3.0,1.0,,,1.0,,,4.0,2.0,2.0,5.0,7.0,0.0,5.0,7.0,5.0,7.0,6.0,7.0,0.0,8.0,8.0,5.0,8.0,4.0,0.0,4.0,9.0,2.0,1.0,1.0,4.0,2.0,,,1.0,1.0,,,,,8.0,3.0,2.0,1.0,3.0,1.0,2.0,2.0,2.0,2.0,3.0,3.0,1.0,1.0,,,,,,1.0,1.0,,1.0,3.0,3.0,1.0,1.0,3.0,1.0,3.0,3.0,3.0,3.0,1.0,3.0,2.0,3.0,2.0,2.0,2.0,2.0,1.0,3.0,2.0,1.0,,1.0,1.0,,,,,,,1.0,,,,,,,,,,1.0,,,3.0,7.0,3.0,4.0,2.0,3.0,8.0,10.0,6.0,7.0,9.0,4.0,3.0,4.0,1.0,0.0,8.0,3.0,2.0,12.0,,,1.0,,,1.0,,,,2.0,3.0,2.0,1.0,1.0,1.5952821045420789
132.0,2.0,65.0,6.0,3.0,2.0,16.0,3.0,2.0,6.0,1.0,,,,,,1.0,,,,,,,,,,,,,,,1.0,1.0,,,3.0,3.0,4.0,,1.0,2.0,3.0,3.0,3.0,3.0,3.0,3.0,3.0,3.0,3.0,3.0,3.0,3.0,3.0,3.0,3.0,3.0,3.0,3.0,2.0,3.0,6.0,6.0,5.0,6.0,4.0,5.0,6.0,6.0,6.0,6.0,6.0,6.0,6.0,5.0,5.0,3.0,3.0,3.0,3.0,3.0,3.0,3.0,4.0,,,,,,1.0,1.0,,1.0,,,,,,,3.0,3.0,3.0,3.0,2.0,,3.0,,1.0,,1.0,,,3.0,2.0,3.0,5.0,3.0,3.0,4.0,5.0,4.0,4.0,2.0,5.0,3.0,4.0,2.0,5.0,3.0,3.0,3.0,4.0,5.0,3.0,4.0,4.0,3.0,4.0,,,,1.0,,,,,8.0,8.0,8.0,8.0,8.0,8.0,8.0,8.0,8.0,3.0,3.0,3.0,2.0,1.0,,,,,1.0,,1.0,,2.0,3.0,2.0,2.0,3.0,3.0,3.0,3.0,3.0,3.0,3.0,2.0,3.0,3.0,2.0,2.0,3.0,2.0,3.0,3.0,4.0,4.0,3.0,,1.0,,,,1.0,,,,1.0,,,,,,,,,1.0,,,,4.0,6.0,3.0,6.0,5.0,99.0,8.0,10.0,5.0,6.0,3.0,4.0,99.0,99.0,6.0,99.0,4.0,3.0,1.0,,,,1.0,,,,,,,2.0,2.0,2.0,2.0,11.0,2.000067942338869
133.0,1.0,73.0,6.0,5.0,2.0,16.0,5.0,2.0,4.0,1.0,,,,,,,,,,,,,1.0,,,,1.0,,,,1.0,,,,2.0,2.0,4.0,,3.0,1.0,3.0,3.0,3.0,3.0,3.0,3.0,3.0,3.0,3.0,3.0,2.0,3.0,3.0,4.0,3.0,4.0,4.0,4.0,4.0,8.0,8.0,8.0,5.0,6.0,8.0,7.0,9.0,8.0,5.0,8.0,7.0,8.0,7.0,8.0,8.0,2.0,2.0,2.0,1.0,2.0,2.0,2.0,3.0,,,,,1.0,,,1.0,,,,,,1.0,,3.0,4.0,4.0,5.0,2.0,,4.0,1.0,,,,1.0,,2.0,2.0,7.0,8.0,7.0,7.0,7.0,7.0,5.0,8.0,7.0,7.0,5.0,8.0,8.0,6.0,7.0,7.0,2.0,6.0,7.0,7.0,6.0,4.0,5.0,1.0,1.0,1.0,1.0,1.0,1.0,1.0,1.0,,2.0,1.0,2.0,2.0,1.0,1.0,1.0,2.0,1.0,2.0,3.0,2.0,2.0,2.0,,,,,,1.0,1.0,,1.0,1.0,2.0,2.0,1.0,2.0,1.0,3.0,2.0,1.0,1.0,1.0,1.0,2.0,3.0,2.0,2.0,2.0,2.0,2.0,4.0,1.0,1.0,1.0,,1.0,,,,1.0,1.0,1.0,1.0,1.0,,,,1.0,1.0,1.0,1.0,1.0,1.0,,,3.0,5.0,2.0,4.0,2.0,3.0,9.0,10.0,10.0,9.0,10.0,4.0,4.0,6.0,0.0,0.0,7.0,1.0,1.0,,,1.0,,,,,,,,3.0,3.0,3.0,1.0,1.0,0.67795021938502
134.0,2.0,60.0,5.0,5.0,2.0,16.0,6.0,1.0,4.0,2.0,,,,,,1.0,,,,1.0,,,,,,,,,,1.0,,,,,2.0,2.0,1.0,4.0,3.0,3.0,3.0,3.0,3.0,3.0,3.0,3.0,3.0,3.0,3.0,3.0,3.0,3.0,3.0,3.0,3.0,2.0,2.0,4.0,2.0,8.0,6.0,8.0,5.0,6.0,7.0,6.0,5.0,7.0,6.0,5.0,7.0,7.0,5.0,7.0,6.0,2.0,1.0,1.0,1.0,1.0,2.0,1.0,1.0,1.0,,,,,1.0,,,,,1.0,,,,,2.0,2.0,2.0,3.0,2.0,,3.0,1.0,1.0,,,,,2.0,2.0,2.0,7.0,5.0,4.0,8.0,7.0,6.0,7.0,7.0,7.0,5.0,8.0,8.0,7.0,6.0,6.0,7.0,7.0,6.0,5.0,7.0,7.0,3.0,3.0,,,,1.0,1.0,1.0,,,1.0,1.0,1.0,2.0,1.0,1.0,1.0,1.0,1.0,3.0,3.0,3.0,2.0,1.0,1.0,,,,,,,,1.0,3.0,2.0,2.0,1.0,1.0,1.0,2.0,2.0,1.0,1.0,1.0,1.0,2.0,2.0,2.0,2.0,2.0,2.0,2.0,1.0,1.0,1.0,1.0,1.0,,,,,1.0,,1.0,1.0,,,,,,1.0,,,1.0,1.0,,,4.0,6.0,4.0,6.0,5.0,5.0,8.0,10.0,7.0,7.0,10.0,6.0,5.0,5.0,2.0,0.0,7.0,4.0,1.0,,,1.0,,,,,,,,2.0,2.0,2.0,12.0,11.0,0.48738954746190155
135.0,1.0,39.0,3.0,1.0,3.0,16.0,7.0,1.0,2.0,1.0,,,,,,,,1.0,,1.0,1.0,,,,,,,,,,,,,,3.0,3.0,3.0,3.0,3.0,3.0,3.0,3.0,3.0,3.0,2.0,3.0,3.0,3.0,3.0,3.0,3.0,2.0,3.0,3.0,2.0,4.0,2.0,4.0,1.0,5.0,1.0,2.0,3.0,5.0,4.0,3.0,5.0,5.0,0.0,5.0,1.0,0.0,1.0,0.0,5.0,1.0,1.0,3.0,3.0,3.0,1.0,3.0,3.0,,,1.0,,1.0,1.0,,,,,,,,,,1.0,1.0,1.0,4.0,1.0,2.0,1.0,1.0,,,,,,3.0,3.0,1.0,1.0,0.0,0.0,5.0,0.0,0.0,3.0,1.0,1.0,0.0,7.0,7.0,1.0,0.0,0.0,0.0,0.0,1.0,0.0,0.0,1.0,3.0,3.0,,1.0,,1.0,,,,,5.0,1.0,1.0,1.0,1.0,1.0,1.0,5.0,1.0,4.0,4.0,4.0,1.0,2.0,,,,,,1.0,,,1.0,4.0,2.0,2.0,2.0,2.0,2.0,1.0,2.0,2.0,1.0,2.0,2.0,2.0,3.0,3.0,2.0,2.0,2.0,2.0,1.0,1.0,1.0,1.0,1.0,,,,,,,,1.0,,,,,,1.0,,,,1.0,,,5.0,5.0,5.0,5.0,5.0,1.0,5.0,6.0,0.0,10.0,5.0,5.0,5.0,5.0,0.0,0.0,8.0,4.0,1.0,,,,1.0,,,1.0,,,,1.0,1.0,1.0,3.0,3.0,1.9174636943074075
136.0,2.0,54.0,4.0,5.0,1.0,16.0,6.0,1.0,2.0,1.0,,,,,,1.0,,,,,,,,,,,1.0,,,,1.0,,,,3.0,1.0,2.0,3.0,3.0,3.0,3.0,3.0,3.0,3.0,3.0,3.0,3.0,3.0,3.0,3.0,3.0,3.0,4.0,4.0,3.0,4.0,4.0,4.0,3.0,5.0,7.0,7.0,7.0,7.0,7.0,6.0,7.0,7.0,6.0,7.0,8.0,8.0,7.0,8.0,7.0,2.0,1.0,1.0,1.0,1.0,2.0,1.0,3.0,1.0,,,,1.0,1.0,,,,,,,,,,2.0,3.0,1.0,5.0,2.0,,3.0,1.0,1.0,,,,,3.0,2.0,5.0,7.0,5.0,5.0,6.0,6.0,7.0,6.0,6.0,5.0,2.0,6.0,5.0,6.0,2.0,7.0,5.0,5.0,6.0,6.0,6.0,7.0,4.0,2.0,1.0,,,1.0,1.0,,1.0,,4.0,1.0,1.0,5.0,1.0,1.0,8.0,2.0,1.0,2.0,2.0,1.0,2.0,2.0,,,1.0,1.0,1.0,1.0,1.0,,1.0,2.0,1.0,2.0,3.0,1.0,1.0,3.0,1.0,1.0,1.0,1.0,1.0,3.0,2.0,3.0,1.0,1.0,1.0,3.0,3.0,2.0,2.0,1.0,,,1.0,,,,,,1.0,1.0,,,,,1.0,,,1.0,1.0,,,3.0,4.0,1.0,3.0,2.0,2.0,9.0,10.0,8.0,10.0,10.0,3.0,5.0,5.0,0.0,0.0,7.0,5.0,1.0,,,,,,,1.0,,,,1.0,1.0,1.0,1.0,1.0,0.6033630827868764
137.0,2.0,72.0,6.0,1.0,2.0,16.0,4.0,2.0,4.0,1.0,,,,,,1.0,,,,,,,,,,,1.0,1.0,,,,,,,3.0,2.0,4.0,,2.0,3.0,3.0,3.0,3.0,3.0,2.0,3.0,3.0,1.0,3.0,3.0,3.0,1.0,3.0,3.0,3.0,2.0,4.0,4.0,2.0,3.0,5.0,5.0,4.0,5.0,8.0,5.0,8.0,6.0,3.0,5.0,4.0,6.0,5.0,4.0,99.0,2.0,2.0,2.0,2.0,2.0,2.0,2.0,5.0,1.0,,,,,,,1.0,,,,,,1.0,,4.0,4.0,4.0,3.0,1.0,5.0,2.0,1.0,,,1.0,,,2.0,2.0,3.0,7.0,4.0,0.0,0.0,4.0,5.0,5.0,5.0,7.0,0.0,7.0,5.0,3.0,6.0,3.0,0.0,0.0,5.0,5.0,5.0,3.0,5.0,1.0,1.0,1.0,1.0,1.0,1.0,1.0,1.0,,2.0,2.0,2.0,2.0,8.0,2.0,2.0,2.0,2.0,1.0,1.0,1.0,2.0,3.0,1.0,,1.0,,1.0,1.0,1.0,,5.0,2.0,2.0,3.0,1.0,2.0,1.0,3.0,3.0,3.0,3.0,3.0,3.0,2.0,3.0,3.0,2.0,2.0,2.0,1.0,2.0,1.0,1.0,,,1.0,,,1.0,,,1.0,1.0,1.0,,,,,,1.0,1.0,1.0,1.0,,,2.0,7.0,2.0,5.0,3.0,4.0,8.0,10.0,10.0,6.0,10.0,4.0,5.0,5.0,0.0,0.0,3.0,3.0,1.0,,,,1.0,,,,,,,2.0,2.0,2.0,2.0,2.0,2.0000697577864375
138.0,1.0,61.0,5.0,5.0,2.0,16.0,6.0,3.0,4.0,1.0,,,,,,1.0,,,,,,,,,,,1.0,,,,1.0,,,,2.0,2.0,6.0,,3.0,3.0,3.0,3.0,3.0,3.0,3.0,3.0,3.0,3.0,3.0,3.0,3.0,4.0,4.0,4.0,3.0,4.0,4.0,4.0,3.0,7.0,6.0,7.0,6.0,6.0,5.0,7.0,7.0,7.0,4.0,6.0,7.0,7.0,7.0,6.0,5.0,1.0,1.0,1.0,3.0,1.0,1.0,1.0,4.0,1.0,,,,,,,,,,,,1.0,1.0,,2.0,2.0,1.0,4.0,2.0,,4.0,1.0,,,,,,2.0,4.0,1.0,4.0,5.0,8.0,6.0,6.0,5.0,6.0,6.0,6.0,7.0,7.0,6.0,5.0,2.0,6.0,5.0,6.0,6.0,5.0,6.0,6.0,3.0,4.0,,,,,,,,1.0,8.0,3.0,8.0,3.0,6.0,1.0,8.0,5.0,8.0,4.0,4.0,4.0,5.0,1.0,,,,,,,,1.0,1.0,3.0,3.0,3.0,3.0,3.0,3.0,3.0,3.0,3.0,3.0,3.0,3.0,3.0,3.0,3.0,2.0,2.0,2.0,2.0,5.0,3.0,4.0,1.0,1.0,,,,,,,1.0,1.0,,,,,,,,,1.0,,,,4.0,6.0,3.0,4.0,3.0,3.0,6.0,8.0,0.0,10.0,10.0,2.0,6.0,5.0,0.0,0.0,8.0,1.0,1.0,,,,1.0,,,,,,,3.0,3.0,3.0,11.0,3.0,0.4464651808290927
139.0,1.0,50.0,4.0,1.0,3.0,16.0,5.0,1.0,2.0,1.0,,,,,,,,,,1.0,,,,,,,1.0,,,,1.0,,,,2.0,3.0,2.0,2.0,1.0,1.0,3.0,4.0,1.0,2.0,1.0,3.0,4.0,1.0,3.0,3.0,1.0,3.0,4.0,3.0,2.0,3.0,2.0,3.0,2.0,3.0,5.0,8.0,5.0,3.0,3.0,10.0,8.0,3.0,4.0,10.0,5.0,8.0,5.0,8.0,0.0,2.0,3.0,3.0,1.0,1.0,2.0,3.0,4.0,1.0,,,,,,1.0,,,1.0,,,,,,2.0,1.0,1.0,2.0,1.0,5.0,3.0,,,,,,1.0,3.0,2.0,2.0,5.0,0.0,2.0,5.0,5.0,2.0,6.0,6.0,4.0,5.0,5.0,5.0,5.0,0.0,5.0,5.0,4.0,4.0,8.0,3.0,5.0,3.0,3.0,,1.0,,1.0,,,,,1.0,2.0,1.0,7.0,6.0,1.0,6.0,4.0,1.0,4.0,3.0,3.0,2.0,1.0,,1.0,,1.0,,,1.0,,1.0,3.0,1.0,2.0,3.0,3.0,1.0,2.0,1.0,1.0,1.0,3.0,1.0,1.0,3.0,2.0,2.0,2.0,2.0,2.0,1.0,1.0,1.0,,,,1.0,1.0,,,,,1.0,,,,,,,,,,,,1.0,6.0,7.0,3.0,3.0,0.0,2.0,8.0,9.0,5.0,9.0,10.0,3.0,3.0,2.0,3.0,2.0,7.0,1.0,1.0,,,,1.0,,,1.0,,,,2.0,2.0,2.0,1.0,1.0,1.2106904789347501
140.0,2.0,50.0,4.0,2.0,3.0,16.0,4.0,1.0,4.0,1.0,,,,,,1.0,,,,1.0,,,,,,,,,,,1.0,,,,3.0,2.0,2.0,4.0,3.0,1.0,3.0,3.0,3.0,3.0,3.0,3.0,3.0,3.0,3.0,3.0,3.0,3.0,3.0,4.0,3.0,4.0,4.0,4.0,3.0,4.0,7.0,6.0,5.0,4.0,5.0,7.0,6.0,4.0,6.0,99.0,6.0,5.0,6.0,6.0,5.0,2.0,1.0,1.0,1.0,1.0,2.0,3.0,3.0,,1.0,,,,,,1.0,1.0,,,,,,,5.0,5.0,2.0,2.0,2.0,,4.0,1.0,,,1.0,,,3.0,2.0,4.0,5.0,4.0,4.0,6.0,5.0,5.0,4.0,5.0,4.0,4.0,5.0,5.0,4.0,2.0,4.0,5.0,99.0,6.0,4.0,5.0,2.0,3.0,5.0,,,,1.0,1.0,1.0,1.0,,8.0,8.0,8.0,8.0,8.0,8.0,8.0,8.0,8.0,3.0,2.0,2.0,2.0,2.0,,,,,,,1.0,,1.0,5.0,3.0,3.0,3.0,3.0,3.0,3.0,3.0,3.0,3.0,3.0,3.0,3.0,3.0,3.0,1.0,1.0,1.0,1.0,3.0,2.0,2.0,1.0,,,1.0,,,1.0,1.0,1.0,1.0,1.0,,,1.0,1.0,1.0,1.0,1.0,1.0,1.0,,,99.0,99.0,3.0,4.0,99.0,0.0,8.0,10.0,99.0,99.0,99.0,99.0,99.0,99.0,99.0,99.0,4.0,1.0,1.0,,,,1.0,,,1.0,,,,1.0,1.0,1.0,2.0,11.0,0.9687395887960318
141.0,1.0,57.0,5.0,1.0,3.0,16.0,4.0,3.0,6.0,1.0,,,,,,,,,,,1.0,1.0,,,,,,,,,1.0,,,,3.0,2.0,6.0,,3.0,2.0,3.0,3.0,3.0,3.0,3.0,3.0,3.0,3.0,3.0,3.0,3.0,3.0,3.0,3.0,3.0,3.0,2.0,3.0,3.0,7.0,9.0,8.0,8.0,0.0,7.0,7.0,8.0,7.0,7.0,7.0,7.0,7.0,8.0,6.0,6.0,2.0,1.0,1.0,1.0,1.0,2.0,1.0,2.0,1.0,,,,,,,1.0,,,,,,1.0,,5.0,5.0,5.0,2.0,1.0,5.0,2.0,1.0,1.0,,1.0,,,3.0,2.0,8.0,8.0,6.0,4.0,6.0,6.0,8.0,5.0,6.0,4.0,0.0,8.0,8.0,0.0,4.0,6.0,4.0,5.0,6.0,7.0,6.0,0.0,4.0,5.0,,,,1.0,1.0,1.0,,,3.0,3.0,3.0,3.0,3.0,3.0,3.0,3.0,8.0,5.0,3.0,3.0,3.0,1.0,1.0,1.0,,1.0,,1.0,1.0,,1.0,3.0,2.0,2.0,1.0,3.0,3.0,3.0,3.0,1.0,1.0,1.0,1.0,2.0,3.0,2.0,2.0,2.0,2.0,2.0,2.0,1.0,1.0,,1.0,1.0,,,,,,,1.0,1.0,,,,1.0,,,,1.0,,,,2.0,8.0,2.0,4.0,0.0,99.0,9.0,10.0,6.0,8.0,99.0,5.0,4.0,99.0,2.0,1.0,3.0,4.0,1.0,,,,1.0,,,,,,,3.0,3.0,3.0,3.0,3.0,1.354400935663273
142.0,1.0,54.0,4.0,5.0,1.0,16.0,3.0,1.0,6.0,1.0,,,,,,1.0,,,,1.0,,,,,,,1.0,,,,,,,,3.0,3.0,2.0,3.0,2.0,1.0,3.0,1.0,3.0,1.0,3.0,3.0,3.0,1.0,3.0,3.0,3.0,3.0,4.0,2.0,2.0,3.0,2.0,3.0,2.0,2.0,3.0,6.0,4.0,2.0,3.0,4.0,3.0,2.0,3.0,1.0,99.0,2.0,99.0,2.0,2.0,2.0,3.0,3.0,3.0,3.0,1.0,3.0,4.0,1.0,,,,,,1.0,,,,,1.0,,,,3.0,4.0,2.0,5.0,2.0,,3.0,1.0,1.0,,,,,3.0,2.0,2.0,3.0,2.0,0.0,4.0,99.0,0.0,4.0,5.0,2.0,0.0,6.0,5.0,3.0,0.0,2.0,0.0,2.0,6.0,1.0,2.0,2.0,3.0,3.0,,,1.0,1.0,,,1.0,,1.0,1.0,8.0,7.0,5.0,1.0,8.0,1.0,8.0,3.0,4.0,4.0,2.0,1.0,,1.0,1.0,1.0,1.0,1.0,,,2.0,3.0,2.0,2.0,2.0,1.0,1.0,1.0,3.0,2.0,1.0,3.0,3.0,3.0,3.0,2.0,2.0,2.0,1.0,2.0,2.0,1.0,1.0,1.0,,,1.0,,,,,1.0,1.0,,,,,,,,,1.0,1.0,,,99.0,3.0,7.0,3.0,6.0,2.0,1.0,8.0,4.0,7.0,9.0,6.0,5.0,5.0,2.0,0.0,3.0,5.0,1.0,,,1.0,,,,,,,,3.0,3.0,3.0,9.0,8.0,0.5590486417979732
143.0,1.0,66.0,6.0,5.0,2.0,16.0,4.0,2.0,4.0,1.0,,,,,,,,1.0,,1.0,,,,,,,,,,,1.0,,,,2.0,2.0,4.0,,3.0,3.0,3.0,3.0,3.0,3.0,3.0,3.0,3.0,3.0,3.0,3.0,3.0,4.0,4.0,4.0,4.0,4.0,4.0,4.0,3.0,7.0,7.0,8.0,6.0,7.0,5.0,8.0,8.0,8.0,6.0,6.0,7.0,7.0,8.0,7.0,6.0,1.0,3.0,3.0,1.0,3.0,1.0,3.0,2.0,,,,,,1.0,1.0,,1.0,,,,,,,2.0,2.0,2.0,3.0,2.0,,4.0,1.0,,,,,,2.0,2.0,5.0,8.0,7.0,5.0,7.0,7.0,5.0,6.0,7.0,7.0,3.0,8.0,6.0,4.0,4.0,8.0,5.0,4.0,8.0,7.0,8.0,3.0,3.0,3.0,,,,1.0,,,1.0,,3.0,3.0,3.0,3.0,3.0,3.0,3.0,3.0,3.0,3.0,3.0,3.0,2.0,1.0,1.0,,,,,1.0,1.0,,1.0,2.0,2.0,2.0,1.0,2.0,1.0,1.0,2.0,1.0,3.0,1.0,3.0,2.0,2.0,2.0,1.0,1.0,1.0,1.0,2.0,1.0,2.0,,,1.0,1.0,,,,,,1.0,,,,,1.0,1.0,1.0,,1.0,,,,3.0,7.0,1.0,4.0,2.0,2.0,10.0,10.0,3.0,8.0,9.0,5.0,7.0,7.0,0.0,0.0,4.0,1.0,1.0,,,,1.0,,,,,,,3.0,3.0,3.0,3.0,3.0,0.67795021938502
144.0,2.0,68.0,6.0,2.0,2.0,16.0,3.0,2.0,6.0,1.0,,,,,,,,,,,,,,,1.0,,1.0,,,,,1.0,,,2.0,2.0,12.0,,3.0,1.0,3.0,3.0,3.0,3.0,3.0,3.0,3.0,3.0,3.0,3.0,3.0,3.0,3.0,4.0,3.0,4.0,4.0,4.0,2.0,6.0,7.0,7.0,6.0,3.0,5.0,6.0,7.0,5.0,5.0,6.0,6.0,6.0,6.0,5.0,6.0,2.0,1.0,1.0,3.0,1.0,2.0,3.0,3.0,1.0,,,,,,,1.0,,,,,,1.0,,3.0,4.0,3.0,2.0,1.0,1.0,3.0,,,,,,1.0,2.0,4.0,4.0,6.0,5.0,2.0,6.0,6.0,5.0,7.0,6.0,5.0,1.0,6.0,6.0,4.0,5.0,5.0,4.0,4.0,6.0,1.0,5.0,4.0,4.0,3.0,,,,1.0,1.0,,,,8.0,1.0,1.0,1.0,1.0,1.0,1.0,1.0,1.0,2.0,3.0,3.0,2.0,3.0,,1.0,,1.0,,1.0,1.0,,1.0,2.0,2.0,2.0,3.0,3.0,3.0,3.0,3.0,3.0,3.0,3.0,3.0,2.0,3.0,3.0,2.0,2.0,2.0,3.0,3.0,4.0,3.0,,,1.0,,,1.0,,,1.0,1.0,1.0,,,,1.0,,1.0,,1.0,,,,5.0,5.0,0.0,4.0,2.0,2.0,10.0,10.0,8.0,10.0,10.0,3.0,3.0,3.0,0.0,0.0,3.0,5.0,1.0,,,,1.0,,,,,,,2.0,2.0,3.0,1.0,1.0,2.0000644247093544
145.0,2.0,77.0,6.0,5.0,3.0,16.0,5.0,2.0,3.0,1.0,,,,,,1.0,,,,,,,,,,,1.0,,,,1.0,,,,2.0,2.0,4.0,,3.0,1.0,3.0,3.0,3.0,3.0,2.0,3.0,3.0,3.0,3.0,3.0,3.0,3.0,3.0,4.0,3.0,4.0,4.0,3.0,4.0,6.0,6.0,6.0,8.0,5.0,5.0,7.0,8.0,6.0,5.0,5.0,7.0,6.0,7.0,5.0,6.0,1.0,1.0,1.0,1.0,1.0,1.0,3.0,3.0,1.0,1.0,,,,,,,1.0,,,,,,,2.0,3.0,3.0,3.0,2.0,,4.0,1.0,,,,1.0,,2.0,2.0,5.0,7.0,5.0,8.0,7.0,5.0,7.0,6.0,6.0,6.0,7.0,7.0,7.0,7.0,3.0,8.0,7.0,6.0,7.0,6.0,5.0,7.0,3.0,2.0,,,,1.0,,1.0,1.0,,8.0,1.0,8.0,8.0,8.0,8.0,8.0,8.0,8.0,4.0,5.0,3.0,2.0,1.0,,1.0,,1.0,,,1.0,,2.0,2.0,3.0,3.0,3.0,3.0,3.0,3.0,3.0,3.0,3.0,3.0,3.0,3.0,3.0,3.0,1.0,1.0,1.0,1.0,3.0,2.0,2.0,,1.0,,,,1.0,,,1.0,,1.0,,,,1.0,,,,1.0,,,,5.0,4.0,1.0,6.0,2.0,2.0,8.0,10.0,3.0,8.0,9.0,6.0,7.0,7.0,4.0,0.0,6.0,1.0,1.0,,,,,,,,1.0,,,3.0,3.0,3.0,3.0,3.0,2.000061455322882
146.0,1.0,60.0,5.0,5.0,1.0,16.0,4.0,1.0,2.0,2.0,,,,,,1.0,,,,,,,,,,,1.0,,1.0,,,,,,4.0,3.0,2.0,3.0,2.0,1.0,2.0,3.0,3.0,3.0,3.0,3.0,3.0,2.0,3.0,3.0,1.0,2.0,2.0,3.0,2.0,2.0,2.0,3.0,3.0,1.0,2.0,1.0,2.0,1.0,0.0,2.0,1.0,1.0,0.0,1.0,1.0,1.0,3.0,2.0,0.0,2.0,2.0,2.0,2.0,2.0,2.0,3.0,3.0,1.0,,,,,,,1.0,,,,,,1.0,,4.0,4.0,4.0,3.0,2.0,,2.0,1.0,1.0,,1.0,,,5.0,3.0,1.0,2.0,1.0,0.0,0.0,1.0,2.0,1.0,1.0,2.0,0.0,4.0,2.0,0.0,0.0,1.0,0.0,0.0,4.0,4.0,1.0,0.0,5.0,1.0,1.0,1.0,1.0,1.0,1.0,1.0,1.0,,8.0,8.0,8.0,8.0,8.0,8.0,8.0,8.0,8.0,1.0,1.0,1.0,1.0,3.0,1.0,1.0,1.0,1.0,1.0,1.0,1.0,,4.0,2.0,2.0,3.0,3.0,2.0,3.0,3.0,3.0,2.0,3.0,2.0,2.0,2.0,3.0,3.0,1.0,1.0,1.0,1.0,1.0,1.0,1.0,,1.0,1.0,,,,,,1.0,,,,,,,,1.0,1.0,,,,,1.0,8.0,5.0,6.0,6.0,6.0,10.0,10.0,1.0,2.0,5.0,0.0,0.0,0.0,0.0,0.0,6.0,5.0,1.0,,,,1.0,,,,,,,2.0,2.0,2.0,11.0,10.0,0.6879654653292517
147.0,1.0,68.0,6.0,5.0,2.0,16.0,4.0,2.0,4.0,1.0,,,,,,,,,,,1.0,,,,1.0,,,,,,1.0,,,,3.0,2.0,4.0,,3.0,2.0,3.0,3.0,3.0,3.0,3.0,3.0,3.0,3.0,3.0,3.0,3.0,3.0,3.0,4.0,3.0,3.0,4.0,4.0,2.0,3.0,5.0,6.0,5.0,2.0,4.0,5.0,7.0,5.0,1.0,2.0,5.0,2.0,4.0,5.0,5.0,1.0,1.0,1.0,1.0,1.0,1.0,1.0,4.0,1.0,,,,,,,,,,1.0,,1.0,,,2.0,2.0,3.0,5.0,2.0,,3.0,1.0,1.0,,,,,4.0,2.0,3.0,5.0,0.0,0.0,3.0,3.0,3.0,0.0,0.0,0.0,7.0,6.0,3.0,0.0,0.0,3.0,2.0,4.0,7.0,0.0,3.0,0.0,3.0,3.0,,1.0,,1.0,,1.0,,,8.0,8.0,8.0,8.0,8.0,8.0,8.0,8.0,8.0,4.0,4.0,4.0,1.0,1.0,1.0,1.0,1.0,1.0,1.0,1.0,1.0,,1.0,3.0,2.0,2.0,1.0,2.0,3.0,3.0,1.0,3.0,3.0,1.0,3.0,2.0,3.0,2.0,2.0,2.0,2.0,1.0,5.0,2.0,2.0,,,1.0,,,1.0,,,1.0,1.0,1.0,,,,1.0,1.0,,1.0,,1.0,,,99.0,7.0,0.0,3.0,3.0,2.0,5.0,10.0,0.0,10.0,0.0,4.0,1.0,0.0,3.0,0.0,5.0,1.0,1.0,,,,1.0,,,,,,,3.0,3.0,3.0,11.0,10.0,0.67795021938502
148.0,1.0,62.0,5.0,2.0,3.0,16.0,4.0,2.0,5.0,1.0,,,,,,1.0,,1.0,,,,,,,,,1.0,,,,,,,,2.0,2.0,4.0,,3.0,3.0,3.0,3.0,3.0,3.0,3.0,3.0,3.0,3.0,3.0,3.0,3.0,3.0,2.0,3.0,3.0,4.0,4.0,4.0,3.0,8.0,6.0,7.0,7.0,3.0,5.0,5.0,8.0,6.0,3.0,5.0,8.0,7.0,5.0,5.0,6.0,2.0,1.0,1.0,1.0,1.0,1.0,1.0,4.0,1.0,,1.0,,,,,,,,,,,1.0,,2.0,3.0,1.0,4.0,2.0,,3.0,,1.0,,,,,3.0,2.0,7.0,7.0,6.0,6.0,8.0,7.0,4.0,6.0,5.0,4.0,3.0,6.0,6.0,4.0,3.0,7.0,4.0,5.0,8.0,3.0,4.0,4.0,3.0,3.0,,,,,,,1.0,,1.0,1.0,3.0,7.0,1.0,1.0,3.0,3.0,1.0,3.0,3.0,3.0,3.0,1.0,,,,,,,,1.0,1.0,2.0,3.0,3.0,3.0,3.0,3.0,3.0,3.0,3.0,3.0,3.0,3.0,3.0,3.0,3.0,2.0,2.0,2.0,5.0,3.0,1.0,1.0,,1.0,,1.0,,,,,1.0,1.0,,,,,,,1.0,1.0,1.0,1.0,,,6.0,4.0,4.0,0.0,3.0,3.0,10.0,7.0,4.0,10.0,8.0,6.0,7.0,3.0,0.0,0.0,5.0,3.0,3.0,,146.0,,1.0,,,,,,,3.0,3.0,3.0,13.0,12.0,1.0755575621086664
149.0,1.0,64.0,5.0,5.0,1.0,16.0,4.0,2.0,4.0,1.0,,,,,,,,,,,1.0,1.0,,,,,,,,,1.0,,,,2.0,2.0,4.0,,3.0,1.0,3.0,3.0,2.0,3.0,3.0,3.0,3.0,3.0,3.0,3.0,3.0,3.0,4.0,4.0,3.0,3.0,3.0,4.0,4.0,4.0,3.0,3.0,5.0,5.0,6.0,4.0,6.0,2.0,3.0,3.0,5.0,5.0,5.0,5.0,4.0,1.0,1.0,1.0,3.0,1.0,2.0,3.0,2.0,,,1.0,,,,1.0,,1.0,,,,,,,2.0,2.0,2.0,4.0,2.0,,4.0,,,,,,1.0,4.0,2.0,2.0,2.0,1.0,2.0,4.0,1.0,4.0,4.0,3.0,3.0,1.0,3.0,3.0,4.0,2.0,8.0,4.0,3.0,5.0,4.0,3.0,7.0,3.0,3.0,,,,,,,1.0,,6.0,6.0,8.0,6.0,1.0,1.0,8.0,5.0,6.0,4.0,5.0,4.0,2.0,1.0,,1.0,,,,,1.0,,3.0,1.0,3.0,3.0,3.0,3.0,3.0,3.0,3.0,3.0,3.0,3.0,3.0,3.0,3.0,3.0,1.0,1.0,1.0,1.0,1.0,1.0,1.0,,,,1.0,,1.0,,1.0,,,1.0,,,,1.0,,,,1.0,,,,4.0,7.0,2.0,4.0,2.0,2.0,6.0,8.0,5.0,7.0,9.0,5.0,5.0,5.0,3.0,1.0,6.0,3.0,1.0,,,,1.0,,,,,,,3.0,3.0,3.0,1.0,1.0,0.7140580741464422
150.0,1.0,42.0,3.0,5.0,2.0,16.0,3.0,1.0,4.0,1.0,1.0,,,,,,,,,,,,,,,,1.0,,,,1.0,,,,3.0,3.0,2.0,3.0,2.0,2.0,3.0,3.0,3.0,3.0,3.0,3.0,3.0,3.0,3.0,3.0,3.0,4.0,4.0,4.0,3.0,4.0,4.0,4.0,4.0,8.0,5.0,7.0,3.0,5.0,3.0,1.0,7.0,4.0,2.0,4.0,4.0,4.0,5.0,5.0,4.0,2.0,2.0,2.0,2.0,2.0,2.0,2.0,4.0,1.0,,,,,1.0,,,1.0,,,,,,,3.0,3.0,4.0,3.0,2.0,,3.0,1.0,1.0,,,,,3.0,2.0,0.0,0.0,0.0,0.0,2.0,2.0,1.0,0.0,0.0,2.0,0.0,5.0,6.0,0.0,0.0,0.0,0.0,2.0,3.0,0.0,3.0,0.0,3.0,3.0,,1.0,1.0,1.0,,1.0,1.0,,8.0,8.0,8.0,8.0,8.0,8.0,8.0,8.0,8.0,4.0,4.0,4.0,4.0,1.0,,,,,,1.0,1.0,,1.0,1.0,2.0,2.0,3.0,3.0,3.0,3.0,3.0,1.0,3.0,3.0,2.0,3.0,3.0,3.0,2.0,2.0,2.0,2.0,2.0,1.0,1.0,,1.0,,1.0,,,,,,1.0,,,,,,,1.0,,1.0,1.0,,,4.0,1.0,2.0,2.0,3.0,5.0,10.0,10.0,0.0,10.0,10.0,6.0,5.0,0.0,0.0,0.0,3.0,5.0,1.0,,,,1.0,,,1.0,,,,3.0,3.0,3.0,9.0,8.0,0.602651216414683
151.0,1.0,62.0,5.0,3.0,2.0,16.0,4.0,3.0,7.0,1.0,1.0,,,,,,,,,,,1.0,,,,,1.0,,,,,,,,3.0,2.0,6.0,,1.0,1.0,2.0,3.0,1.0,1.0,1.0,2.0,4.0,1.0,1.0,1.0,1.0,2.0,3.0,2.0,1.0,3.0,3.0,2.0,2.0,5.0,8.0,5.0,6.0,5.0,5.0,3.0,8.0,4.0,3.0,2.0,5.0,5.0,4.0,5.0,5.0,1.0,3.0,3.0,3.0,3.0,1.0,3.0,3.0,,,1.0,,,,1.0,,,1.0,,,,,,2.0,5.0,1.0,3.0,2.0,,3.0,1.0,1.0,,1.0,,,3.0,2.0,4.0,4.0,1.0,8.0,5.0,5.0,2.0,99.0,3.0,3.0,99.0,5.0,5.0,4.0,4.0,5.0,5.0,99.0,6.0,3.0,99.0,99.0,3.0,2.0,,,,1.0,,1.0,1.0,,8.0,8.0,8.0,8.0,8.0,8.0,8.0,8.0,8.0,5.0,3.0,3.0,2.0,1.0,,,,,,,,1.0,1.0,2.0,3.0,2.0,3.0,1.0,3.0,3.0,3.0,1.0,3.0,3.0,3.0,3.0,3.0,2.0,2.0,2.0,2.0,2.0,2.0,1.0,1.0,,,,1.0,,1.0,1.0,1.0,1.0,1.0,1.0,,,,,1.0,,1.0,1.0,1.0,,,99.0,99.0,99.0,0.0,99.0,99.0,99.0,99.0,5.0,99.0,99.0,99.0,99.0,10.0,10.0,99.0,4.0,3.0,1.0,,,,,,1.0,,1.0,,,3.0,3.0,3.0,13.0,12.0,1.7627770643446785
152.0,1.0,65.0,6.0,2.0,3.0,16.0,5.0,2.0,3.0,2.0,,,,,,1.0,,,,,,,,,1.0,,1.0,,,,,,,,2.0,2.0,4.0,,3.0,3.0,3.0,3.0,3.0,3.0,3.0,3.0,3.0,3.0,3.0,3.0,3.0,3.0,3.0,4.0,3.0,4.0,3.0,4.0,4.0,6.0,6.0,7.0,6.0,4.0,5.0,5.0,9.0,6.0,4.0,5.0,4.0,4.0,9.0,5.0,5.0,2.0,2.0,1.0,1.0,1.0,2.0,2.0,3.0,1.0,,,,,,,1.0,,,,,,1.0,,3.0,3.0,4.0,3.0,2.0,,3.0,1.0,,,,1.0,,3.0,2.0,2.0,4.0,3.0,3.0,5.0,6.0,5.0,5.0,5.0,4.0,5.0,6.0,6.0,5.0,3.0,2.0,4.0,3.0,7.0,4.0,3.0,5.0,4.0,3.0,,1.0,1.0,1.0,1.0,1.0,1.0,,8.0,1.0,3.0,1.0,1.0,1.0,1.0,1.0,1.0,2.0,2.0,2.0,2.0,2.0,,,,,,,1.0,,1.0,2.0,1.0,3.0,1.0,1.0,1.0,1.0,3.0,1.0,1.0,3.0,1.0,2.0,3.0,3.0,1.0,1.0,1.0,1.0,3.0,1.0,1.0,1.0,,1.0,,,,,1.0,1.0,1.0,1.0,,,,,1.0,1.0,1.0,1.0,1.0,,,5.0,6.0,3.0,4.0,2.0,3.0,8.0,10.0,8.0,6.0,5.0,3.0,3.0,3.0,0.0,0.0,7.0,1.0,1.0,,,,1.0,,,,,,,1.0,2.0,1.0,1.0,1.0,1.4880581234771568
153.0,2.0,47.0,4.0,3.0,3.0,16.0,4.0,1.0,4.0,1.0,,,,,,1.0,,,,,,,,,,1.0,1.0,,,,,,,,3.0,1.0,2.0,5.0,1.0,1.0,1.0,4.0,3.0,2.0,1.0,3.0,4.0,1.0,1.0,4.0,1.0,1.0,2.0,2.0,2.0,1.0,2.0,3.0,1.0,5.0,9.0,99.0,8.0,99.0,7.0,3.0,7.0,6.0,99.0,99.0,99.0,99.0,99.0,99.0,4.0,1.0,3.0,3.0,3.0,3.0,1.0,3.0,4.0,,,1.0,,,1.0,,,,,1.0,,,,,2.0,5.0,1.0,2.0,2.0,,5.0,1.0,,,,,,6.0,4.0,99.0,99.0,5.0,5.0,5.0,5.0,5.0,5.0,5.0,5.0,5.0,5.0,5.0,5.0,5.0,5.0,5.0,5.0,5.0,5.0,5.0,5.0,6.0,5.0,,,,1.0,,,1.0,,8.0,8.0,8.0,8.0,8.0,8.0,8.0,8.0,8.0,5.0,5.0,5.0,1.0,1.0,,,,,,,,1.0,1.0,4.0,3.0,3.0,3.0,3.0,3.0,3.0,3.0,3.0,3.0,3.0,3.0,3.0,3.0,3.0,2.0,2.0,2.0,2.0,5.0,1.0,1.0,,1.0,,1.0,,,,,,,,,1.0,,,,,,1.0,,,,99.0,99.0,99.0,99.0,99.0,99.0,99.0,99.0,99.0,99.0,99.0,99.0,99.0,99.0,99.0,99.0,5.0,3.0,1.0,,,,,,,,1.0,,,2.0,2.0,2.0,13.0,12.0,0.7917113127389842
154.0,2.0,52.0,4.0,5.0,3.0,16.0,6.0,1.0,1.0,1.0,,,,,,,,,,,,,,,,,1.0,,,1.0,1.0,,,,2.0,2.0,2.0,4.0,3.0,1.0,3.0,3.0,3.0,1.0,3.0,3.0,3.0,3.0,3.0,3.0,2.0,3.0,3.0,3.0,2.0,4.0,2.0,4.0,2.0,6.0,8.0,7.0,6.0,8.0,8.0,8.0,10.0,8.0,6.0,8.0,8.0,8.0,6.0,8.0,10.0,2.0,2.0,2.0,2.0,2.0,2.0,3.0,4.0,1.0,,,,,,,,1.0,,1.0,,,,,2.0,3.0,3.0,3.0,2.0,,3.0,1.0,1.0,,,,,2.0,2.0,6.0,6.0,8.0,6.0,10.0,6.0,10.0,8.0,7.0,8.0,0.0,8.0,8.0,7.0,6.0,8.0,8.0,8.0,8.0,8.0,8.0,8.0,3.0,2.0,,,,1.0,1.0,1.0,1.0,,3.0,3.0,3.0,3.0,3.0,3.0,3.0,3.0,3.0,2.0,2.0,3.0,2.0,1.0,,,,1.0,,,,,1.0,1.0,2.0,2.0,2.0,1.0,1.0,1.0,2.0,1.0,1.0,2.0,1.0,1.0,2.0,1.0,2.0,2.0,2.0,2.0,3.0,3.0,3.0,,1.0,,,,1.0,,1.0,1.0,1.0,,,,,,,,1.0,1.0,1.0,,,5.0,5.0,6.0,8.0,5.0,5.0,8.0,4.0,10.0,5.0,5.0,8.0,5.0,5.0,5.0,4.0,6.0,3.0,3.0,,131.0,,1.0,,,,,,,2.0,2.0,2.0,3.0,11.0,1.1167888087528148
155.0,2.0,54.0,4.0,3.0,2.0,16.0,4.0,1.0,2.0,1.0,,,,,1.0,1.0,,,,,,,,,,,1.0,,,,,,,,2.0,2.0,2.0,4.0,3.0,3.0,3.0,3.0,3.0,3.0,3.0,3.0,3.0,3.0,3.0,3.0,3.0,3.0,2.0,3.0,2.0,4.0,4.0,4.0,2.0,4.0,5.0,5.0,6.0,4.0,5.0,5.0,7.0,6.0,5.0,4.0,6.0,6.0,6.0,5.0,6.0,1.0,1.0,1.0,3.0,1.0,1.0,1.0,3.0,,,1.0,,,1.0,,,,,1.0,,,,,4.0,4.0,2.0,3.0,2.0,,4.0,1.0,,,,1.0,,3.0,4.0,99.0,99.0,3.0,5.0,7.0,7.0,5.0,5.0,4.0,6.0,3.0,6.0,4.0,4.0,2.0,5.0,5.0,5.0,6.0,6.0,5.0,4.0,3.0,5.0,,,,1.0,,,,,8.0,8.0,8.0,8.0,8.0,8.0,8.0,8.0,8.0,3.0,2.0,3.0,2.0,1.0,,,,,,1.0,1.0,,2.0,4.0,2.0,3.0,3.0,3.0,3.0,3.0,3.0,3.0,3.0,3.0,3.0,2.0,2.0,3.0,2.0,2.0,2.0,2.0,2.0,2.0,2.0,,1.0,1.0,,,,,,1.0,1.0,,,,,1.0,,,,,,,,99.0,6.0,1.0,5.0,1.0,2.0,9.0,10.0,99.0,99.0,99.0,99.0,99.0,99.0,99.0,99.0,6.0,1.0,1.0,,,,1.0,,,1.0,,,,3.0,3.0,3.0,12.0,11.0,0.5879539785611176
156.0,2.0,58.0,5.0,1.0,2.0,16.0,3.0,1.0,3.0,1.0,,,1.0,,,,,1.0,,,,,,,,,,,,,,,1.0,,3.0,2.0,2.0,4.0,1.0,1.0,3.0,3.0,3.0,1.0,1.0,3.0,3.0,1.0,3.0,3.0,2.0,2.0,1.0,2.0,1.0,3.0,1.0,2.0,1.0,5.0,6.0,99.0,5.0,4.0,4.0,6.0,3.0,6.0,2.0,4.0,4.0,4.0,5.0,5.0,4.0,2.0,1.0,1.0,1.0,1.0,2.0,1.0,4.0,1.0,,,,,1.0,,,,1.0,,,,,,3.0,3.0,3.0,2.0,1.0,1.0,3.0,1.0,1.0,,1.0,,,3.0,2.0,4.0,5.0,4.0,4.0,7.0,5.0,4.0,4.0,5.0,4.0,3.0,5.0,6.0,4.0,4.0,4.0,4.0,4.0,5.0,4.0,5.0,4.0,4.0,2.0,,1.0,,1.0,,,,,8.0,1.0,8.0,8.0,8.0,8.0,8.0,8.0,8.0,3.0,3.0,3.0,2.0,2.0,,1.0,,,,1.0,1.0,,1.0,3.0,3.0,3.0,3.0,3.0,3.0,3.0,3.0,3.0,3.0,3.0,3.0,3.0,3.0,3.0,2.0,2.0,2.0,2.0,1.0,1.0,1.0,,1.0,,1.0,,,,,,1.0,,,,,,,,,1.0,1.0,,,4.0,6.0,99.0,3.0,99.0,99.0,9.0,10.0,5.0,6.0,99.0,4.0,99.0,99.0,99.0,10.0,3.0,3.0,1.0,,,,1.0,,,,,,,3.0,3.0,3.0,12.0,11.0,1.1006831821372927
157.0,1.0,63.0,5.0,3.0,2.0,16.0,5.0,2.0,5.0,1.0,1.0,,,,,1.0,,,,,,,,,,,1.0,,,,,,,,3.0,2.0,4.0,,3.0,2.0,3.0,3.0,3.0,3.0,3.0,3.0,3.0,3.0,3.0,3.0,3.0,3.0,4.0,4.0,3.0,4.0,4.0,4.0,3.0,6.0,7.0,9.0,7.0,4.0,6.0,9.0,6.0,7.0,7.0,6.0,6.0,8.0,7.0,8.0,8.0,2.0,2.0,1.0,1.0,1.0,2.0,3.0,1.0,1.0,,,,,,,,1.0,,,,,1.0,,4.0,4.0,4.0,3.0,2.0,,1.0,1.0,,,,,,3.0,2.0,7.0,7.0,6.0,0.0,4.0,5.0,7.0,8.0,6.0,7.0,4.0,8.0,8.0,2.0,4.0,4.0,2.0,2.0,6.0,8.0,4.0,2.0,5.0,2.0,1.0,,,,1.0,,1.0,,2.0,1.0,5.0,3.0,1.0,1.0,1.0,5.0,2.0,2.0,5.0,1.0,1.0,1.0,1.0,,,,,1.0,1.0,,4.0,2.0,2.0,2.0,1.0,2.0,1.0,1.0,2.0,1.0,1.0,3.0,3.0,2.0,3.0,2.0,2.0,2.0,2.0,2.0,4.0,1.0,1.0,,1.0,1.0,,,,,,1.0,1.0,1.0,,,,1.0,,1.0,,,,,,2.0,5.0,1.0,3.0,2.0,2.0,8.0,10.0,8.0,10.0,10.0,6.0,6.0,6.0,1.0,0.0,7.0,4.0,1.0,,,,1.0,,,,,,,1.0,1.0,1.0,12.0,4.0,0.6775429641696691
158.0,2.0,62.0,5.0,1.0,3.0,16.0,5.0,2.0,2.0,2.0,,,,,,,,,,,,,,,,,1.0,,,,1.0,,1.0,,3.0,2.0,4.0,,2.0,2.0,3.0,3.0,3.0,3.0,1.0,3.0,3.0,3.0,4.0,3.0,2.0,3.0,3.0,3.0,2.0,4.0,3.0,3.0,3.0,7.0,7.0,8.0,6.0,6.0,7.0,6.0,8.0,8.0,2.0,6.0,6.0,7.0,8.0,6.0,6.0,2.0,2.0,2.0,1.0,2.0,2.0,2.0,3.0,1.0,,,,,,,,1.0,,,,,1.0,,2.0,3.0,2.0,3.0,2.0,,2.0,1.0,1.0,,1.0,,,3.0,2.0,6.0,7.0,6.0,3.0,6.0,7.0,6.0,6.0,8.0,5.0,6.0,9.0,7.0,6.0,4.0,7.0,6.0,7.0,8.0,6.0,5.0,6.0,4.0,2.0,,,1.0,1.0,1.0,1.0,1.0,,4.0,4.0,8.0,4.0,3.0,1.0,1.0,6.0,2.0,2.0,2.0,1.0,2.0,3.0,,,,,,1.0,1.0,,2.0,2.0,2.0,3.0,1.0,2.0,1.0,3.0,3.0,1.0,2.0,1.0,3.0,2.0,3.0,3.0,2.0,2.0,2.0,2.0,3.0,3.0,2.0,,1.0,,,,1.0,,1.0,1.0,1.0,,,,,,1.0,,,1.0,1.0,,,4.0,7.0,4.0,5.0,3.0,3.0,9.0,10.0,8.0,8.0,8.0,3.0,4.0,6.0,1.0,0.0,7.0,3.0,1.0,,,,1.0,,,,,,,1.0,1.0,1.0,12.0,11.0,1.5507340511199605
159.0,2.0,65.0,6.0,3.0,2.0,16.0,4.0,2.0,6.0,1.0,,1.0,,,,,,,,,1.0,,,,,,,,,,,,,,3.0,2.0,4.0,,3.0,1.0,3.0,3.0,3.0,3.0,3.0,3.0,3.0,3.0,3.0,3.0,1.0,4.0,1.0,4.0,2.0,4.0,4.0,1.0,2.0,0.0,0.0,6.0,0.0,0.0,5.0,10.0,8.0,5.0,0.0,5.0,6.0,7.0,7.0,10.0,0.0,1.0,3.0,3.0,1.0,3.0,1.0,3.0,4.0,1.0,,1.0,,,,,,,,,,1.0,,,1.0,5.0,1.0,5.0,2.0,,2.0,1.0,,,1.0,1.0,,2.0,2.0,8.0,10.0,4.0,0.0,7.0,5.0,3.0,8.0,2.0,2.0,0.0,5.0,1.0,3.0,0.0,5.0,6.0,6.0,6.0,0.0,0.0,0.0,3.0,5.0,,,1.0,,,,,,1.0,1.0,1.0,1.0,1.0,1.0,1.0,1.0,1.0,5.0,5.0,5.0,1.0,1.0,,,,,,1.0,,,1.0,3.0,3.0,3.0,3.0,3.0,3.0,3.0,3.0,3.0,3.0,3.0,3.0,3.0,3.0,3.0,1.0,2.0,5.0,2.0,1.0,1.0,1.0,1.0,1.0,,,,,,,,1.0,,,,,,1.0,,,,,,,3.0,8.0,3.0,4.0,5.0,8.0,10.0,10.0,6.0,9.0,4.0,7.0,4.0,6.0,3.0,6.0,3.0,1.0,1.0,,,,1.0,,,,,,,3.0,3.0,3.0,1.0,1.0,2.000067942338869
160.0,2.0,30.0,2.0,3.0,2.0,16.0,4.0,4.0,4.0,1.0,1.0,,,1.0,,,,,,,,,,,,,,,1.0,,,,,,3.0,4.0,11.0,5.0,3.0,2.0,3.0,2.0,2.0,1.0,3.0,3.0,3.0,3.0,3.0,3.0,3.0,1.0,1.0,3.0,2.0,4.0,2.0,3.0,1.0,8.0,6.0,8.0,99.0,99.0,8.0,99.0,10.0,7.0,3.0,0.0,99.0,99.0,99.0,5.0,4.0,2.0,2.0,2.0,2.0,2.0,2.0,2.0,4.0,,,,,,1.0,,,1.0,1.0,,,,,,3.0,2.0,2.0,4.0,2.0,,4.0,,,,,,1.0,2.0,4.0,5.0,9.0,3.0,99.0,1.0,0.0,1.0,4.0,3.0,99.0,2.0,10.0,8.0,5.0,99.0,2.0,3.0,99.0,6.0,99.0,2.0,99.0,3.0,3.0,1.0,,,,1.0,1.0,,,8.0,8.0,8.0,8.0,8.0,8.0,8.0,8.0,8.0,5.0,4.0,4.0,3.0,1.0,,,,,,,,1.0,1.0,2.0,3.0,2.0,2.0,3.0,3.0,3.0,3.0,3.0,3.0,3.0,3.0,2.0,3.0,2.0,5.0,5.0,4.0,4.0,3.0,2.0,5.0,,1.0,,,1.0,,,,,,,1.0,,,1.0,,,,,,,,5.0,5.0,99.0,6.0,8.0,99.0,6.0,9.0,99.0,99.0,99.0,99.0,99.0,99.0,99.0,99.0,4.0,1.0,2.0,15.0,,,1.0,,,1.0,,,,3.0,3.0,3.0,11.0,10.0,0.83902471245485
161.0,1.0,66.0,6.0,2.0,2.0,16.0,3.0,2.0,3.0,1.0,,,,,,,,1.0,,,,,,,,,1.0,,,,,1.0,,,2.0,2.0,4.0,,3.0,3.0,3.0,3.0,3.0,3.0,3.0,3.0,3.0,3.0,3.0,3.0,3.0,3.0,3.0,4.0,3.0,4.0,4.0,4.0,4.0,8.0,7.0,99.0,5.0,5.0,8.0,4.0,8.0,8.0,4.0,5.0,5.0,8.0,8.0,5.0,5.0,2.0,1.0,2.0,1.0,1.0,2.0,1.0,4.0,,,1.0,,,,,,,,1.0,,,1.0,,3.0,4.0,4.0,4.0,2.0,,4.0,1.0,1.0,,,,,1.0,2.0,5.0,9.0,5.0,1.0,8.0,7.0,6.0,8.0,9.0,8.0,5.0,8.0,8.0,5.0,5.0,7.0,5.0,5.0,8.0,1.0,5.0,5.0,5.0,1.0,1.0,1.0,1.0,1.0,1.0,1.0,1.0,,1.0,1.0,1.0,1.0,1.0,1.0,1.0,1.0,1.0,1.0,1.0,1.0,1.0,3.0,,1.0,1.0,,1.0,1.0,1.0,,1.0,1.0,2.0,2.0,1.0,3.0,1.0,1.0,3.0,1.0,1.0,1.0,3.0,2.0,2.0,2.0,2.0,2.0,2.0,2.0,1.0,1.0,1.0,,,1.0,,,1.0,1.0,1.0,1.0,1.0,1.0,,,,,,1.0,,,1.0,,,4.0,4.0,3.0,3.0,2.0,2.0,7.0,10.0,10.0,10.0,8.0,7.0,0.0,0.0,0.0,0.0,3.0,1.0,1.0,,,,1.0,,,1.0,,,,3.0,3.0,3.0,1.0,1.0,1.1469996206308464
162.0,2.0,40.0,3.0,5.0,2.0,16.0,4.0,1.0,4.0,1.0,,,,,,1.0,,,,,,,,,,,1.0,,,,1.0,,,,3.0,2.0,2.0,4.0,1.0,1.0,3.0,3.0,3.0,3.0,3.0,3.0,3.0,3.0,3.0,3.0,2.0,4.0,4.0,4.0,3.0,4.0,3.0,4.0,4.0,6.0,8.0,99.0,7.0,99.0,7.0,5.0,7.0,9.0,6.0,6.0,99.0,7.0,99.0,7.0,4.0,2.0,2.0,2.0,1.0,2.0,2.0,2.0,3.0,1.0,,,,,,,,1.0,,,,,1.0,,4.0,4.0,3.0,4.0,2.0,,3.0,1.0,1.0,,1.0,,,4.0,2.0,8.0,8.0,4.0,0.0,3.0,9.0,0.0,7.0,7.0,7.0,0.0,99.0,7.0,6.0,0.0,0.0,0.0,1.0,8.0,7.0,6.0,7.0,4.0,2.0,,1.0,,1.0,,,,,8.0,8.0,8.0,8.0,8.0,8.0,2.0,8.0,2.0,4.0,4.0,3.0,1.0,1.0,1.0,,1.0,,,1.0,1.0,,1.0,1.0,2.0,2.0,1.0,1.0,1.0,3.0,3.0,1.0,3.0,1.0,1.0,2.0,2.0,2.0,1.0,2.0,1.0,3.0,4.0,1.0,1.0,1.0,,1.0,,,,,,1.0,1.0,1.0,,,,1.0,,1.0,,,,,,1.0,8.0,0.0,9.0,1.0,2.0,10.0,10.0,0.0,10.0,0.0,9.0,1.0,1.0,0.0,0.0,5.0,4.0,1.0,,,,1.0,,,1.0,,,,2.0,2.0,2.0,4.0,2.0,0.4366325202170412
163.0,2.0,59.0,5.0,5.0,2.0,16.0,4.0,6.0,6.0,1.0,,,,,,1.0,,,,1.0,,,,,1.0,,,,,,,,,,2.0,3.0,11.0,5.0,3.0,1.0,3.0,3.0,3.0,3.0,3.0,3.0,3.0,3.0,4.0,3.0,4.0,3.0,4.0,4.0,4.0,4.0,3.0,4.0,3.0,8.0,8.0,9.0,7.0,6.0,7.0,7.0,7.0,8.0,4.0,8.0,7.0,8.0,7.0,6.0,6.0,1.0,1.0,1.0,1.0,1.0,1.0,3.0,4.0,1.0,,,,,,1.0,1.0,,,,,,,,1.0,1.0,1.0,3.0,2.0,,1.0,1.0,1.0,,,,,3.0,2.0,4.0,6.0,5.0,6.0,9.0,7.0,4.0,7.0,6.0,7.0,6.0,8.0,8.0,6.0,7.0,7.0,6.0,7.0,6.0,6.0,6.0,6.0,6.0,2.0,,,,1.0,1.0,1.0,,,8.0,8.0,8.0,8.0,8.0,8.0,8.0,8.0,1.0,1.0,1.0,1.0,1.0,3.0,,,,,,,,1.0,1.0,1.0,2.0,2.0,2.0,3.0,3.0,3.0,3.0,3.0,3.0,2.0,3.0,2.0,2.0,3.0,2.0,5.0,5.0,5.0,2.0,1.0,1.0,,1.0,,,1.0,,,,1.0,1.0,,,,,,,,,,,1.0,,99.0,99.0,99.0,99.0,99.0,99.0,99.0,99.0,99.0,99.0,99.0,99.0,99.0,99.0,99.0,99.0,3.0,1.0,1.0,,,1.0,,,,,,,,2.0,2.0,3.0,1.0,12.0,0.4477214000760064
164.0,1.0,47.0,4.0,4.0,2.0,16.0,6.0,1.0,2.0,1.0,,,,,,1.0,,,,,,,,,,,1.0,,,,1.0,,,,2.0,2.0,2.0,3.0,3.0,1.0,3.0,3.0,3.0,3.0,3.0,3.0,3.0,3.0,3.0,3.0,3.0,3.0,3.0,4.0,3.0,4.0,4.0,4.0,4.0,5.0,7.0,7.0,8.0,8.0,8.0,8.0,8.0,8.0,4.0,9.0,8.0,9.0,6.0,9.0,7.0,2.0,2.0,1.0,1.0,2.0,2.0,2.0,3.0,1.0,,1.0,,,,,,,,,,,1.0,,3.0,3.0,3.0,3.0,2.0,,3.0,1.0,1.0,,,,,2.0,2.0,8.0,8.0,7.0,8.0,9.0,7.0,9.0,7.0,7.0,8.0,6.0,8.0,6.0,8.0,6.0,8.0,7.0,5.0,9.0,8.0,9.0,8.0,3.0,3.0,,1.0,,1.0,,1.0,,,3.0,3.0,3.0,3.0,1.0,1.0,3.0,4.0,1.0,3.0,3.0,2.0,1.0,2.0,,1.0,,,,,1.0,,1.0,2.0,3.0,2.0,1.0,2.0,1.0,1.0,1.0,1.0,1.0,1.0,1.0,2.0,2.0,2.0,2.0,2.0,1.0,1.0,3.0,1.0,1.0,,1.0,1.0,,,,,1.0,1.0,1.0,,,,,,1.0,1.0,,1.0,,,,4.0,8.0,0.0,4.0,2.0,3.0,8.0,10.0,5.0,10.0,10.0,7.0,8.0,7.0,3.0,0.0,8.0,1.0,1.0,,,,1.0,,,1.0,,,,2.0,2.0,3.0,3.0,3.0,0.5174866480064158
165.0,2.0,40.0,3.0,1.0,2.0,16.0,6.0,1.0,1.0,2.0,,,,,,1.0,,,,,,,,,,,,,,,1.0,,1.0,,2.0,2.0,3.0,4.0,3.0,1.0,3.0,3.0,3.0,1.0,1.0,3.0,3.0,2.0,3.0,3.0,2.0,1.0,2.0,3.0,2.0,3.0,2.0,2.0,1.0,6.0,7.0,7.0,5.0,7.0,7.0,6.0,6.0,6.0,3.0,4.0,6.0,6.0,7.0,9.0,5.0,2.0,1.0,1.0,1.0,3.0,1.0,3.0,4.0,,,1.0,1.0,,,,,,,,,,1.0,,2.0,3.0,3.0,3.0,2.0,,5.0,1.0,,,,,,2.0,2.0,5.0,6.0,2.0,1.0,7.0,7.0,4.0,6.0,5.0,5.0,5.0,7.0,7.0,7.0,5.0,3.0,5.0,7.0,7.0,5.0,4.0,7.0,4.0,2.0,,,,1.0,,,,,8.0,8.0,1.0,7.0,8.0,2.0,3.0,8.0,2.0,2.0,2.0,2.0,1.0,1.0,,,,,,,1.0,,1.0,2.0,3.0,2.0,2.0,2.0,3.0,2.0,1.0,1.0,1.0,1.0,1.0,1.0,2.0,2.0,2.0,2.0,2.0,5.0,5.0,2.0,1.0,1.0,,,1.0,,,,,,,1.0,,,,,1.0,,,,,,,5.0,5.0,3.0,5.0,3.0,4.0,7.0,10.0,8.0,6.0,8.0,5.0,4.0,5.0,4.0,1.0,7.0,5.0,1.0,,,,1.0,,,,1.0,,,1.0,1.0,1.0,2.0,2.0,1.998357026939483
166.0,1.0,58.0,5.0,3.0,2.0,16.0,4.0,1.0,6.0,1.0,,,,,,,,1.0,,1.0,,,,,,,1.0,,,,,,,,2.0,3.0,2.0,4.0,1.0,1.0,3.0,3.0,3.0,2.0,1.0,3.0,3.0,3.0,1.0,1.0,2.0,2.0,3.0,3.0,2.0,4.0,4.0,3.0,3.0,7.0,7.0,7.0,8.0,7.0,5.0,5.0,8.0,7.0,3.0,4.0,7.0,5.0,7.0,7.0,6.0,1.0,3.0,1.0,3.0,1.0,1.0,1.0,3.0,,,1.0,,,1.0,1.0,,,,,,,,,2.0,3.0,1.0,3.0,1.0,1.0,3.0,1.0,1.0,,,1.0,,3.0,2.0,6.0,7.0,4.0,7.0,8.0,6.0,6.0,7.0,7.0,7.0,8.0,7.0,8.0,8.0,6.0,7.0,7.0,7.0,8.0,5.0,6.0,8.0,2.0,4.0,,,,,,,,1.0,6.0,6.0,6.0,7.0,7.0,1.0,1.0,3.0,6.0,4.0,4.0,4.0,2.0,1.0,,1.0,,,,,,,1.0,3.0,1.0,2.0,2.0,1.0,1.0,2.0,3.0,1.0,1.0,1.0,2.0,3.0,2.0,2.0,2.0,2.0,2.0,2.0,3.0,1.0,1.0,1.0,,,1.0,,,,,1.0,1.0,1.0,,,,1.0,,,,1.0,1.0,,,5.0,7.0,0.0,5.0,2.0,4.0,8.0,9.0,2.0,8.0,9.0,6.0,6.0,5.0,4.0,2.0,4.0,1.0,1.0,,,1.0,,,,,,,,3.0,3.0,3.0,6.0,7.0,0.6391897114052735
167.0,1.0,81.0,6.0,3.0,2.0,16.0,6.0,2.0,3.0,1.0,,,,,1.0,1.0,,,,,,,,,1.0,,,,,,,,,,3.0,2.0,4.0,,1.0,1.0,3.0,3.0,3.0,3.0,1.0,3.0,3.0,2.0,3.0,3.0,2.0,2.0,3.0,3.0,3.0,3.0,3.0,3.0,3.0,3.0,3.0,5.0,6.0,4.0,4.0,6.0,6.0,6.0,99.0,99.0,99.0,0.0,99.0,0.0,3.0,2.0,2.0,2.0,3.0,2.0,2.0,2.0,4.0,,,,1.0,,,,1.0,,,,,,1.0,,3.0,4.0,3.0,4.0,2.0,,2.0,1.0,1.0,,1.0,,,3.0,2.0,2.0,2.0,2.0,0.0,1.0,1.0,5.0,5.0,2.0,5.0,1.0,3.0,3.0,3.0,0.0,1.0,3.0,2.0,7.0,1.0,4.0,1.0,3.0,4.0,,,,,1.0,1.0,,,5.0,5.0,5.0,5.0,2.0,1.0,8.0,5.0,5.0,3.0,4.0,2.0,5.0,1.0,1.0,,,,,1.0,1.0,,1.0,3.0,3.0,2.0,3.0,1.0,1.0,1.0,3.0,1.0,1.0,1.0,1.0,2.0,3.0,3.0,2.0,2.0,2.0,3.0,4.0,1.0,1.0,,,1.0,,,1.0,,,1.0,1.0,1.0,,,,,,1.0,1.0,,1.0,,,6.0,7.0,2.0,6.0,1.0,2.0,8.0,10.0,5.0,7.0,8.0,6.0,5.0,5.0,2.0,1.0,7.0,3.0,2.0,7.0,,,1.0,,,,,,,3.0,3.0,3.0,2.0,2.0,0.9373959584839097
168.0,2.0,63.0,5.0,4.0,2.0,16.0,5.0,3.0,7.0,1.0,,,1.0,,,,,,,,,,,1.0,,,,,,,1.0,,,,2.0,2.0,6.0,,1.0,1.0,3.0,3.0,3.0,3.0,1.0,3.0,3.0,3.0,3.0,3.0,1.0,4.0,3.0,4.0,2.0,4.0,3.0,4.0,4.0,4.0,6.0,5.0,4.0,6.0,5.0,3.0,6.0,6.0,4.0,5.0,6.0,5.0,6.0,6.0,4.0,1.0,1.0,1.0,1.0,1.0,1.0,1.0,5.0,,,1.0,,,,,,1.0,1.0,,,,,,3.0,3.0,5.0,3.0,1.0,1.0,2.0,1.0,,,,,,3.0,2.0,3.0,5.0,4.0,7.0,6.0,99.0,99.0,99.0,99.0,99.0,99.0,6.0,4.0,99.0,99.0,99.0,99.0,99.0,5.0,99.0,5.0,99.0,6.0,5.0,,,,,,,,1.0,8.0,8.0,8.0,8.0,8.0,8.0,8.0,8.0,8.0,5.0,5.0,5.0,1.0,1.0,,1.0,,,,,,,1.0,4.0,3.0,3.0,3.0,1.0,3.0,3.0,3.0,3.0,1.0,3.0,3.0,3.0,3.0,3.0,5.0,5.0,5.0,2.0,3.0,3.0,3.0,1.0,1.0,,,,,,,,,,,1.0,,,,,,,1.0,,,99.0,6.0,1.0,4.0,1.0,99.0,7.0,9.0,99.0,99.0,99.0,99.0,99.0,99.0,99.0,99.0,7.0,1.0,1.0,,,1.0,,,,,,,,3.0,3.0,3.0,13.0,12.0,1.7428880763877412
169.0,1.0,80.0,6.0,5.0,3.0,16.0,4.0,2.0,3.0,1.0,,,1.0,,,1.0,,,,,,,,,1.0,,,,,,,,,,2.0,2.0,4.0,,3.0,3.0,3.0,3.0,3.0,3.0,3.0,3.0,3.0,3.0,3.0,3.0,3.0,4.0,4.0,4.0,4.0,4.0,4.0,4.0,2.0,0.0,7.0,7.0,0.0,4.0,4.0,4.0,8.0,0.0,0.0,5.0,5.0,4.0,5.0,2.0,0.0,1.0,1.0,3.0,1.0,1.0,1.0,3.0,4.0,,,,,,1.0,,,1.0,,,,1.0,,,2.0,4.0,2.0,4.0,2.0,,2.0,1.0,,,,,,3.0,2.0,6.0,8.0,5.0,0.0,2.0,3.0,7.0,5.0,2.0,4.0,1.0,7.0,2.0,2.0,2.0,5.0,2.0,3.0,7.0,2.0,4.0,4.0,5.0,1.0,1.0,1.0,1.0,1.0,1.0,1.0,1.0,,1.0,1.0,1.0,1.0,1.0,1.0,1.0,1.0,1.0,3.0,2.0,1.0,1.0,3.0,,,,1.0,1.0,1.0,1.0,,1.0,1.0,2.0,3.0,3.0,3.0,3.0,3.0,3.0,3.0,3.0,3.0,3.0,2.0,3.0,3.0,2.0,2.0,2.0,2.0,5.0,1.0,1.0,1.0,,1.0,,,,1.0,1.0,1.0,,1.0,,,1.0,1.0,1.0,1.0,1.0,1.0,,,,2.0,5.0,1.0,4.0,4.0,4.0,9.0,10.0,8.0,7.0,10.0,4.0,6.0,4.0,0.0,0.0,6.0,4.0,2.0,12.0,,,1.0,,,,,,,2.0,2.0,2.0,1.0,2.0,0.7803135678897881
170.0,2.0,75.0,6.0,5.0,1.0,16.0,5.0,6.0,6.0,1.0,,,,,,1.0,,,,,,,,,,1.0,1.0,,,,,,,,2.0,2.0,11.0,5.0,3.0,3.0,3.0,3.0,3.0,3.0,3.0,3.0,3.0,3.0,3.0,3.0,4.0,2.0,2.0,3.0,2.0,4.0,2.0,1.0,2.0,6.0,4.0,7.0,7.0,4.0,3.0,6.0,9.0,7.0,3.0,5.0,5.0,7.0,8.0,5.0,6.0,2.0,1.0,1.0,1.0,1.0,2.0,2.0,5.0,,,1.0,,,1.0,,,,,,,,1.0,,3.0,5.0,3.0,3.0,2.0,,3.0,1.0,1.0,,1.0,,,2.0,4.0,6.0,7.0,5.0,7.0,8.0,7.0,8.0,7.0,6.0,6.0,4.0,7.0,4.0,4.0,2.0,6.0,5.0,3.0,6.0,3.0,6.0,4.0,3.0,3.0,,,,,1.0,1.0,1.0,,1.0,1.0,3.0,1.0,1.0,1.0,1.0,1.0,8.0,3.0,3.0,3.0,2.0,1.0,,1.0,,,,1.0,1.0,,1.0,2.0,3.0,2.0,1.0,1.0,3.0,3.0,1.0,1.0,1.0,1.0,1.0,2.0,3.0,2.0,1.0,1.0,1.0,1.0,4.0,2.0,2.0,1.0,,,,,1.0,,,1.0,1.0,1.0,,,,,1.0,,,1.0,1.0,,,3.0,7.0,0.0,6.0,2.0,5.0,8.0,10.0,5.0,9.0,9.0,5.0,10.0,4.0,2.0,0.0,7.0,1.0,2.0,1.0,,,1.0,,,,,,,3.0,3.0,3.0,1.0,1.0,2.0000709362303377
171.0,2.0,39.0,3.0,3.0,3.0,16.0,4.0,1.0,3.0,1.0,,,,,,1.0,,,,1.0,,,,,,,,,,,1.0,,,,3.0,3.0,3.0,3.0,3.0,2.0,3.0,3.0,3.0,3.0,3.0,3.0,3.0,3.0,3.0,3.0,3.0,3.0,3.0,3.0,2.0,4.0,2.0,4.0,2.0,6.0,6.0,6.0,8.0,6.0,6.0,6.0,7.0,7.0,7.0,7.0,7.0,8.0,6.0,7.0,6.0,1.0,3.0,3.0,1.0,1.0,1.0,3.0,3.0,,,1.0,,,1.0,1.0,,,,,,,,,2.0,2.0,1.0,2.0,1.0,1.0,3.0,,,,,,1.0,2.0,2.0,5.0,6.0,5.0,2.0,6.0,5.0,5.0,6.0,5.0,6.0,5.0,7.0,6.0,5.0,4.0,8.0,6.0,5.0,8.0,5.0,5.0,6.0,4.0,3.0,,,,1.0,1.0,,1.0,,1.0,1.0,1.0,1.0,1.0,1.0,1.0,1.0,1.0,2.0,3.0,2.0,2.0,2.0,,1.0,,1.0,1.0,,,,2.0,2.0,3.0,3.0,3.0,3.0,3.0,3.0,3.0,3.0,3.0,3.0,3.0,3.0,3.0,3.0,2.0,2.0,2.0,1.0,3.0,3.0,2.0,,,,1.0,,1.0,1.0,1.0,1.0,,1.0,,,1.0,,,,,1.0,,,,6.0,8.0,2.0,1.0,1.0,6.0,9.0,9.0,7.0,7.0,9.0,5.0,7.0,5.0,4.0,5.0,5.0,1.0,2.0,15.0,,,1.0,,,1.0,,,,2.0,2.0,2.0,1.0,1.0,0.7832456122046455
172.0,1.0,38.0,3.0,5.0,3.0,16.0,4.0,1.0,2.0,1.0,,,,1.0,,,,,,,,,1.0,,,,1.0,,,,,,,,3.0,2.0,2.0,2.0,1.0,1.0,2.0,2.0,2.0,1.0,1.0,3.0,2.0,1.0,2.0,2.0,2.0,2.0,2.0,3.0,2.0,3.0,2.0,3.0,1.0,5.0,6.0,6.0,5.0,3.0,5.0,5.0,6.0,3.0,0.0,6.0,2.0,3.0,6.0,5.0,0.0,1.0,1.0,3.0,1.0,1.0,2.0,1.0,3.0,,,1.0,,,,,,,1.0,1.0,,,,,2.0,2.0,1.0,3.0,1.0,2.0,2.0,1.0,1.0,,1.0,,,3.0,3.0,5.0,5.0,4.0,0.0,3.0,5.0,5.0,3.0,5.0,4.0,2.0,7.0,5.0,3.0,1.0,5.0,3.0,3.0,6.0,4.0,4.0,4.0,3.0,2.0,,1.0,1.0,1.0,1.0,1.0,1.0,,5.0,5.0,5.0,5.0,5.0,5.0,5.0,5.0,5.0,4.0,3.0,3.0,2.0,1.0,,,,,,1.0,1.0,,1.0,2.0,3.0,2.0,1.0,1.0,1.0,3.0,3.0,1.0,3.0,1.0,3.0,2.0,3.0,2.0,2.0,2.0,2.0,2.0,1.0,1.0,1.0,,,1.0,,,1.0,,1.0,1.0,1.0,1.0,,,,1.0,,1.0,1.0,1.0,1.0,,,2.0,7.0,2.0,6.0,1.0,2.0,9.0,10.0,5.0,9.0,9.0,3.0,5.0,5.0,1.0,0.0,6.0,4.0,1.0,,,,1.0,,,1.0,,,,2.0,2.0,2.0,5.0,4.0,0.7532788295013771
173.0,2.0,49.0,4.0,5.0,1.0,16.0,7.0,1.0,2.0,1.0,,,,,,,,,1.0,,,,1.0,,,,,,,,,1.0,,,3.0,2.0,2.0,5.0,2.0,1.0,1.0,2.0,2.0,1.0,2.0,3.0,3.0,3.0,2.0,2.0,3.0,3.0,3.0,3.0,3.0,3.0,3.0,3.0,3.0,5.0,8.0,7.0,4.0,4.0,7.0,3.0,7.0,2.0,7.0,2.0,3.0,2.0,7.0,6.0,7.0,1.0,3.0,1.0,1.0,1.0,2.0,1.0,3.0,,,,,,,,,1.0,1.0,1.0,,,,,2.0,3.0,4.0,2.0,2.0,,2.0,,,1.0,,,,4.0,3.0,7.0,6.0,7.0,8.0,8.0,8.0,6.0,7.0,4.0,8.0,2.0,6.0,7.0,6.0,4.0,9.0,8.0,7.0,10.0,3.0,5.0,6.0,3.0,4.0,,,,,1.0,,1.0,,6.0,1.0,5.0,3.0,3.0,1.0,7.0,4.0,7.0,3.0,4.0,3.0,2.0,1.0,,1.0,,,1.0,1.0,,,4.0,3.0,3.0,2.0,2.0,1.0,1.0,3.0,2.0,1.0,1.0,3.0,1.0,1.0,2.0,2.0,2.0,1.0,3.0,1.0,3.0,2.0,3.0,,,1.0,1.0,,,1.0,1.0,,,,,,,,,,1.0,,1.0,,,5.0,6.0,5.0,6.0,10.0,3.0,7.0,6.0,4.0,3.0,8.0,4.0,4.0,6.0,10.0,5.0,7.0,3.0,1.0,,,,,,,1.0,,,,2.0,2.0,2.0,1.0,11.0,0.6033630827868764
174.0,2.0,44.0,3.0,2.0,2.0,16.0,4.0,6.0,7.0,1.0,,,1.0,,,,,,,,,,,1.0,,,1.0,,,,,,,,2.0,2.0,11.0,4.0,1.0,1.0,3.0,3.0,3.0,1.0,1.0,3.0,3.0,1.0,3.0,3.0,1.0,1.0,1.0,1.0,1.0,3.0,1.0,1.0,1.0,10.0,0.0,5.0,0.0,0.0,5.0,0.0,10.0,5.0,0.0,10.0,0.0,0.0,5.0,0.0,0.0,2.0,2.0,2.0,2.0,2.0,2.0,2.0,2.0,,,,,,,,,,1.0,1.0,,,1.0,,2.0,4.0,3.0,3.0,2.0,,3.0,1.0,,,,,,3.0,2.0,0.0,8.0,0.0,0.0,0.0,8.0,10.0,0.0,0.0,8.0,0.0,10.0,8.0,0.0,0.0,0.0,0.0,0.0,5.0,0.0,5.0,0.0,4.0,5.0,,,,,1.0,1.0,1.0,,8.0,8.0,8.0,8.0,8.0,8.0,8.0,8.0,8.0,2.0,2.0,2.0,2.0,2.0,,,,,,,1.0,,2.0,3.0,2.0,3.0,1.0,3.0,3.0,3.0,3.0,3.0,3.0,3.0,3.0,2.0,3.0,3.0,2.0,2.0,2.0,2.0,2.0,2.0,2.0,,1.0,1.0,,,,,,,1.0,,,,,,,,,1.0,,,,4.0,6.0,0.0,5.0,4.0,4.0,10.0,10.0,7.0,10.0,4.0,0.0,5.0,6.0,0.0,0.0,5.0,3.0,1.0,,,,,,1.0,,,,,2.0,2.0,2.0,11.0,10.0,2.000008694529728
175.0,2.0,45.0,4.0,3.0,2.0,16.0,4.0,1.0,6.0,1.0,,,,,,1.0,,1.0,,,1.0,,,,,,,,,,,,,,2.0,2.0,2.0,4.0,1.0,1.0,3.0,2.0,3.0,2.0,2.0,3.0,3.0,2.0,3.0,2.0,1.0,2.0,1.0,2.0,2.0,2.0,3.0,3.0,2.0,4.0,4.0,4.0,5.0,4.0,4.0,5.0,4.0,4.0,4.0,4.0,4.0,4.0,5.0,5.0,4.0,1.0,1.0,3.0,3.0,3.0,1.0,3.0,4.0,1.0,,,,,,,,1.0,1.0,,,,,,3.0,3.0,1.0,3.0,2.0,,2.0,,1.0,,,,,3.0,3.0,3.0,3.0,4.0,3.0,5.0,4.0,3.0,3.0,3.0,4.0,3.0,5.0,4.0,3.0,3.0,4.0,3.0,4.0,4.0,3.0,4.0,3.0,3.0,2.0,1.0,,,1.0,,,1.0,,1.0,1.0,1.0,7.0,7.0,1.0,1.0,1.0,1.0,2.0,2.0,2.0,2.0,3.0,,1.0,1.0,1.0,,1.0,,,1.0,3.0,2.0,2.0,2.0,1.0,2.0,2.0,2.0,1.0,1.0,2.0,1.0,2.0,2.0,1.0,2.0,2.0,2.0,1.0,1.0,3.0,2.0,,1.0,,1.0,,,,,,1.0,1.0,,,,,1.0,,,1.0,,,,5.0,5.0,4.0,3.0,3.0,3.0,3.0,5.0,5.0,5.0,5.0,4.0,3.0,4.0,3.0,3.0,6.0,1.0,1.0,,,,1.0,,,,,,,1.0,2.0,1.0,1.0,1.0,0.560585515109492
176.0,1.0,66.0,6.0,5.0,1.0,16.0,4.0,2.0,6.0,1.0,,,1.0,,,1.0,,,,,,1.0,,,,,,,,,,,,,2.0,2.0,4.0,,3.0,2.0,3.0,3.0,3.0,3.0,3.0,3.0,3.0,3.0,3.0,3.0,3.0,2.0,2.0,3.0,2.0,4.0,4.0,3.0,3.0,7.0,5.0,6.0,6.0,4.0,6.0,6.0,6.0,6.0,4.0,6.0,6.0,5.0,3.0,6.0,6.0,1.0,1.0,1.0,1.0,1.0,1.0,1.0,2.0,1.0,,,,,,,,,,,1.0,,1.0,,3.0,3.0,3.0,4.0,2.0,,3.0,1.0,1.0,,,,,2.0,2.0,4.0,6.0,5.0,5.0,7.0,5.0,5.0,6.0,7.0,7.0,6.0,7.0,8.0,4.0,4.0,4.0,6.0,6.0,7.0,5.0,6.0,4.0,3.0,4.0,,,,1.0,,,1.0,,3.0,1.0,3.0,3.0,3.0,1.0,3.0,3.0,3.0,4.0,4.0,4.0,2.0,1.0,,1.0,,,,,1.0,,1.0,3.0,1.0,2.0,1.0,3.0,1.0,3.0,1.0,1.0,1.0,1.0,1.0,2.0,3.0,2.0,2.0,2.0,2.0,3.0,4.0,3.0,2.0,,,1.0,,,1.0,,,,1.0,1.0,,,,,1.0,,1.0,1.0,,,,4.0,6.0,2.0,4.0,3.0,3.0,7.0,9.0,1.0,7.0,9.0,6.0,7.0,5.0,3.0,2.0,6.0,1.0,2.0,17.0,,,1.0,,,1.0,,,,3.0,3.0,3.0,3.0,3.0,0.9960368070310732
177.0,1.0,71.0,6.0,5.0,2.0,16.0,5.0,2.0,3.0,1.0,,,,,,,,1.0,,,,1.0,,,,,,,,,,,,,5.0,3.0,4.0,,1.0,1.0,3.0,3.0,2.0,1.0,1.0,3.0,3.0,2.0,3.0,3.0,3.0,1.0,1.0,2.0,1.0,1.0,1.0,3.0,2.0,0.0,0.0,99.0,0.0,0.0,0.0,0.0,0.0,0.0,0.0,0.0,0.0,99.0,0.0,99.0,0.0,1.0,1.0,1.0,3.0,3.0,1.0,3.0,3.0,,,,,,1.0,1.0,,,,,,,1.0,,1.0,2.0,1.0,5.0,1.0,5.0,3.0,,,,,1.0,,5.0,3.0,0.0,0.0,0.0,0.0,0.0,0.0,0.0,0.0,0.0,0.0,0.0,5.0,0.0,0.0,0.0,0.0,1.0,5.0,5.0,0.0,0.0,0.0,2.0,4.0,,,,1.0,,,,,8.0,8.0,8.0,8.0,8.0,8.0,8.0,8.0,8.0,4.0,4.0,4.0,1.0,1.0,1.0,1.0,1.0,1.0,1.0,1.0,1.0,,1.0,4.0,2.0,1.0,1.0,3.0,3.0,3.0,1.0,3.0,3.0,1.0,2.0,2.0,1.0,1.0,2.0,2.0,2.0,2.0,5.0,1.0,1.0,1.0,,,,,1.0,,,,1.0,1.0,,,,1.0,,,,1.0,,,,5.0,9.0,2.0,4.0,1.0,3.0,7.0,9.0,0.0,7.0,1.0,5.0,1.0,1.0,0.0,9.0,7.0,1.0,2.0,12.0,,,1.0,,,,,,,3.0,3.0,3.0,11.0,10.0,0.6014680154101033
178.0,1.0,65.0,6.0,2.0,1.0,16.0,4.0,1.0,3.0,1.0,,,,1.0,,,,,,,,,,,,,1.0,,,,1.0,,,,3.0,3.0,2.0,4.0,3.0,1.0,3.0,3.0,3.0,3.0,3.0,3.0,3.0,3.0,3.0,3.0,3.0,4.0,4.0,4.0,3.0,4.0,3.0,4.0,2.0,8.0,7.0,99.0,99.0,99.0,8.0,9.0,5.0,6.0,1.0,99.0,7.0,8.0,7.0,7.0,3.0,1.0,1.0,1.0,1.0,1.0,1.0,1.0,4.0,1.0,,,,,,,1.0,,,1.0,,,,,3.0,5.0,2.0,4.0,2.0,,2.0,1.0,1.0,,1.0,,,4.0,2.0,4.0,6.0,1.0,0.0,7.0,4.0,99.0,3.0,1.0,3.0,99.0,8.0,7.0,5.0,0.0,4.0,3.0,1.0,9.0,0.0,3.0,5.0,3.0,2.0,,,,1.0,,,1.0,,8.0,8.0,8.0,8.0,8.0,8.0,8.0,8.0,8.0,4.0,5.0,5.0,2.0,1.0,,,,,,1.0,1.0,,1.0,3.0,2.0,2.0,3.0,3.0,3.0,3.0,3.0,3.0,1.0,3.0,2.0,2.0,2.0,2.0,2.0,2.0,2.0,2.0,3.0,1.0,1.0,1.0,1.0,,,,,,,1.0,1.0,,,,,,1.0,,,1.0,1.0,,,4.0,99.0,99.0,99.0,99.0,99.0,99.0,99.0,7.0,99.0,99.0,99.0,99.0,99.0,99.0,99.0,5.0,3.0,1.0,,,,1.0,,,1.0,,,,3.0,3.0,3.0,11.0,10.0,1.83446408661348
179.0,1.0,50.0,4.0,5.0,3.0,16.0,4.0,3.0,7.0,1.0,,,,1.0,,,,,,,,,,,,1.0,1.0,,,,,,,,3.0,2.0,6.0,,1.0,1.0,3.0,1.0,3.0,2.0,1.0,3.0,2.0,3.0,3.0,3.0,3.0,2.0,1.0,1.0,1.0,3.0,1.0,4.0,1.0,7.0,9.0,9.0,2.0,5.0,4.0,2.0,8.0,8.0,4.0,8.0,3.0,7.0,6.0,5.0,7.0,1.0,1.0,1.0,1.0,1.0,2.0,1.0,4.0,1.0,,1.0,,,1.0,,,,,,,,,,2.0,4.0,1.0,2.0,2.0,,3.0,,,,1.0,,,3.0,2.0,9.0,9.0,8.0,0.0,0.0,3.0,0.0,7.0,1.0,0.0,5.0,8.0,8.0,4.0,4.0,2.0,2.0,3.0,10.0,3.0,2.0,2.0,3.0,5.0,,,,,,,,1.0,8.0,8.0,8.0,8.0,8.0,8.0,8.0,8.0,8.0,4.0,5.0,5.0,5.0,1.0,,,,,,,,1.0,1.0,1.0,2.0,2.0,1.0,3.0,3.0,3.0,3.0,3.0,3.0,3.0,3.0,2.0,3.0,2.0,2.0,2.0,2.0,2.0,1.0,1.0,1.0,,1.0,,,,1.0,,,,,,,1.0,,1.0,,,,,,,,99.0,9.0,0.0,5.0,0.0,99.0,10.0,10.0,99.0,99.0,99.0,99.0,99.0,99.0,99.0,99.0,4.0,5.0,1.0,,,,1.0,,,,,,,2.0,2.0,1.0,13.0,12.0,1.2506272669126195
180.0,1.0,57.0,5.0,5.0,1.0,16.0,5.0,2.0,2.0,1.0,,,,,,1.0,,1.0,,,,,,,,,1.0,,,,,,,,2.0,2.0,12.0,,3.0,2.0,3.0,3.0,3.0,3.0,3.0,3.0,3.0,3.0,3.0,3.0,2.0,2.0,2.0,2.0,1.0,3.0,3.0,2.0,3.0,5.0,4.0,6.0,4.0,2.0,3.0,6.0,8.0,6.0,0.0,99.0,5.0,9.0,10.0,7.0,2.0,2.0,1.0,1.0,3.0,1.0,1.0,2.0,3.0,1.0,,,,,1.0,,,1.0,,,,,,,2.0,5.0,3.0,3.0,1.0,5.0,3.0,,,,,,1.0,3.0,3.0,7.0,5.0,2.0,1.0,8.0,4.0,4.0,7.0,2.0,2.0,7.0,9.0,8.0,2.0,0.0,1.0,2.0,2.0,9.0,2.0,4.0,1.0,3.0,2.0,,1.0,,1.0,,1.0,1.0,,8.0,8.0,3.0,8.0,8.0,8.0,8.0,5.0,4.0,3.0,3.0,5.0,2.0,1.0,,,,,,,1.0,,1.0,2.0,3.0,2.0,3.0,1.0,3.0,1.0,1.0,1.0,1.0,1.0,1.0,3.0,1.0,2.0,2.0,2.0,2.0,2.0,2.0,1.0,1.0,,1.0,,,,1.0,,,,1.0,,,,,,,,1.0,,,,,99.0,7.0,0.0,5.0,3.0,4.0,9.0,10.0,5.0,9.0,10.0,7.0,7.0,6.0,9.0,0.0,7.0,5.0,1.0,,,,1.0,,,1.0,,,,1.0,1.0,1.0,10.0,9.0,0.6879654653292517
181.0,1.0,39.0,3.0,5.0,2.0,16.0,7.0,1.0,2.0,1.0,,,1.0,,,,1.0,1.0,,,,,,,,,,,,,,,,,2.0,2.0,2.0,3.0,3.0,3.0,3.0,3.0,3.0,3.0,3.0,3.0,3.0,3.0,3.0,3.0,3.0,3.0,3.0,3.0,3.0,4.0,3.0,2.0,3.0,5.0,5.0,5.0,5.0,5.0,4.0,5.0,7.0,6.0,5.0,5.0,5.0,5.0,6.0,5.0,5.0,2.0,1.0,1.0,1.0,1.0,2.0,1.0,4.0,1.0,,,,1.0,,,,,,,,,1.0,,5.0,3.0,2.0,5.0,2.0,,4.0,1.0,1.0,,,,,3.0,2.0,7.0,7.0,6.0,2.0,4.0,6.0,6.0,6.0,5.0,6.0,4.0,5.0,7.0,6.0,3.0,5.0,6.0,3.0,6.0,6.0,4.0,6.0,3.0,5.0,,,,,,,,1.0,8.0,1.0,4.0,8.0,8.0,1.0,8.0,4.0,1.0,4.0,4.0,4.0,4.0,1.0,,1.0,,,,,1.0,,1.0,3.0,2.0,3.0,3.0,3.0,3.0,3.0,3.0,3.0,3.0,3.0,3.0,3.0,3.0,3.0,1.0,1.0,1.0,1.0,4.0,3.0,3.0,,1.0,1.0,,,,,,1.0,,1.0,,,,,,,1.0,1.0,,,,4.0,6.0,2.0,6.0,3.0,3.0,7.0,8.0,3.0,8.0,4.0,6.0,6.0,5.0,3.0,0.0,8.0,4.0,1.0,,,,1.0,,,,,,,2.0,2.0,2.0,3.0,4.0,0.5806295587758279
182.0,2.0,28.0,2.0,5.0,3.0,16.0,4.0,5.0,1.0,1.0,,,,,,,,1.0,,,1.0,,,,,,,,,,1.0,,,,3.0,2.0,8.0,,2.0,1.0,1.0,3.0,1.0,1.0,2.0,3.0,3.0,2.0,1.0,1.0,1.0,3.0,1.0,2.0,3.0,4.0,1.0,1.0,1.0,3.0,6.0,4.0,5.0,3.0,3.0,6.0,5.0,99.0,0.0,2.0,99.0,7.0,99.0,5.0,5.0,2.0,1.0,1.0,1.0,1.0,2.0,3.0,2.0,1.0,,,,,,,1.0,,,1.0,,,,,2.0,3.0,2.0,3.0,1.0,2.0,3.0,1.0,,,,1.0,,3.0,3.0,6.0,6.0,3.0,3.0,5.0,4.0,6.0,4.0,5.0,3.0,4.0,4.0,6.0,6.0,0.0,7.0,4.0,3.0,6.0,3.0,3.0,6.0,3.0,5.0,,,,1.0,1.0,1.0,1.0,,8.0,8.0,8.0,8.0,6.0,8.0,8.0,8.0,8.0,3.0,4.0,2.0,3.0,1.0,,1.0,,1.0,,,1.0,,1.0,4.0,3.0,3.0,3.0,1.0,1.0,3.0,3.0,1.0,1.0,3.0,3.0,3.0,3.0,2.0,1.0,1.0,1.0,1.0,3.0,1.0,1.0,1.0,1.0,,,,,,,1.0,1.0,1.0,,,,,1.0,1.0,1.0,1.0,,,,4.0,3.0,0.0,1.0,1.0,2.0,8.0,10.0,4.0,8.0,10.0,3.0,2.0,3.0,2.0,0.0,4.0,5.0,1.0,,,,,1.0,1.0,,1.0,,,1.0,2.0,2.0,11.0,8.0,1.5354496370800552
183.0,1.0,80.0,6.0,3.0,3.0,16.0,4.0,2.0,4.0,1.0,,1.0,,,,,,1.0,,,1.0,,,,,,,,,,,,,,2.0,2.0,4.0,,3.0,3.0,3.0,3.0,3.0,3.0,3.0,3.0,3.0,3.0,3.0,3.0,3.0,4.0,4.0,4.0,4.0,4.0,4.0,4.0,4.0,10.0,8.0,8.0,8.0,9.0,5.0,7.0,10.0,7.0,5.0,5.0,8.0,2.0,5.0,5.0,5.0,1.0,1.0,1.0,1.0,1.0,1.0,1.0,3.0,,,,,,1.0,,,,,,,1.0,1.0,,2.0,3.0,2.0,4.0,2.0,,4.0,,,,,,1.0,2.0,2.0,0.0,9.0,0.0,10.0,8.0,5.0,0.0,5.0,5.0,5.0,10.0,8.0,10.0,10.0,0.0,0.0,10.0,0.0,10.0,0.0,6.0,10.0,3.0,4.0,,,,,1.0,,1.0,,1.0,1.0,1.0,1.0,1.0,1.0,1.0,1.0,1.0,4.0,3.0,4.0,2.0,2.0,,1.0,1.0,1.0,1.0,,1.0,,1.0,4.0,1.0,1.0,1.0,1.0,1.0,1.0,1.0,1.0,1.0,1.0,1.0,1.0,1.0,2.0,1.0,1.0,1.0,1.0,4.0,2.0,3.0,,,,1.0,,1.0,1.0,1.0,1.0,1.0,1.0,,,1.0,1.0,,,,1.0,,,,5.0,5.0,0.0,0.0,0.0,0.0,5.0,10.0,5.0,10.0,10.0,5.0,0.0,0.0,0.0,0.0,4.0,1.0,1.0,,,,1.0,,,,,,,2.0,2.0,2.0,1.0,1.0,1.3707711819963728
184.0,1.0,59.0,5.0,1.0,3.0,16.0,6.0,1.0,1.0,2.0,,,,,,,,1.0,,,,,,,,,,1.0,1.0,,,,,,2.0,2.0,3.0,4.0,3.0,3.0,3.0,3.0,3.0,3.0,3.0,3.0,3.0,3.0,3.0,3.0,3.0,4.0,4.0,4.0,4.0,4.0,4.0,4.0,3.0,9.0,5.0,7.0,5.0,0.0,5.0,9.0,10.0,9.0,3.0,5.0,0.0,5.0,10.0,7.0,5.0,2.0,1.0,3.0,3.0,1.0,1.0,3.0,2.0,1.0,,,,,,,,1.0,,,,,1.0,,3.0,4.0,1.0,4.0,2.0,,1.0,1.0,1.0,,1.0,,,2.0,2.0,1.0,8.0,0.0,0.0,10.0,8.0,5.0,10.0,10.0,7.0,10.0,5.0,10.0,0.0,5.0,8.0,7.0,5.0,8.0,0.0,5.0,0.0,5.0,1.0,1.0,1.0,1.0,1.0,1.0,,1.0,,1.0,1.0,1.0,1.0,1.0,1.0,1.0,1.0,1.0,1.0,1.0,1.0,2.0,3.0,,1.0,1.0,1.0,1.0,1.0,1.0,,4.0,2.0,2.0,2.0,3.0,3.0,3.0,2.0,3.0,2.0,3.0,3.0,3.0,3.0,2.0,2.0,1.0,1.0,1.0,3.0,4.0,1.0,1.0,,,1.0,,,1.0,1.0,1.0,1.0,1.0,1.0,,,1.0,1.0,1.0,1.0,1.0,1.0,1.0,,,7.0,5.0,1.0,4.0,0.0,0.0,9.0,10.0,10.0,10.0,9.0,1.0,1.0,1.0,1.0,0.0,8.0,1.0,1.0,,,,,,1.0,,1.0,,,1.0,2.0,1.0,1.0,1.0,2.0000119460527572
185.0,1.0,54.0,4.0,1.0,3.0,16.0,5.0,1.0,2.0,2.0,,,,,,1.0,,,,,,1.0,,,,,1.0,,,,,,,,3.0,2.0,2.0,3.0,2.0,1.0,3.0,2.0,2.0,1.0,3.0,3.0,3.0,2.0,1.0,1.0,1.0,2.0,1.0,1.0,1.0,2.0,1.0,1.0,1.0,1.0,5.0,6.0,4.0,3.0,3.0,4.0,6.0,4.0,2.0,5.0,5.0,6.0,6.0,4.0,2.0,1.0,1.0,1.0,1.0,1.0,1.0,1.0,4.0,1.0,,1.0,,,,,,,,1.0,,,,,3.0,3.0,1.0,2.0,2.0,,3.0,1.0,,,,,,3.0,2.0,1.0,1.0,2.0,0.0,2.0,6.0,99.0,2.0,4.0,3.0,3.0,7.0,2.0,3.0,2.0,2.0,3.0,3.0,7.0,4.0,3.0,2.0,5.0,1.0,1.0,1.0,1.0,1.0,1.0,1.0,1.0,,8.0,8.0,2.0,8.0,8.0,2.0,8.0,8.0,2.0,2.0,2.0,2.0,2.0,3.0,1.0,,1.0,1.0,1.0,1.0,1.0,,1.0,4.0,3.0,3.0,1.0,3.0,3.0,3.0,3.0,3.0,3.0,3.0,3.0,3.0,3.0,3.0,2.0,2.0,2.0,2.0,2.0,3.0,1.0,1.0,1.0,,,,,,,1.0,1.0,,,,1.0,,1.0,1.0,,1.0,1.0,,,4.0,8.0,2.0,5.0,4.0,99.0,10.0,10.0,9.0,7.0,10.0,0.0,3.0,2.0,0.0,0.0,7.0,3.0,1.0,,,,,1.0,1.0,,,,,1.0,1.0,1.0,2.0,2.0,1.2106904789347501
186.0,1.0,65.0,6.0,5.0,2.0,16.0,1.0,3.0,7.0,1.0,,,,,,1.0,,,,,1.0,,,,,,,,,,1.0,,,,3.0,2.0,6.0,,3.0,1.0,3.0,3.0,2.0,2.0,1.0,2.0,1.0,1.0,2.0,1.0,1.0,2.0,2.0,1.0,1.0,4.0,3.0,1.0,2.0,5.0,1.0,5.0,0.0,0.0,10.0,10.0,99.0,99.0,0.0,0.0,0.0,5.0,5.0,0.0,0.0,1.0,3.0,3.0,1.0,1.0,1.0,3.0,2.0,1.0,,1.0,,,,,1.0,,,,,,,,2.0,2.0,1.0,2.0,2.0,,5.0,,1.0,,1.0,,,3.0,2.0,5.0,5.0,5.0,0.0,10.0,5.0,0.0,5.0,5.0,5.0,0.0,6.0,10.0,5.0,0.0,0.0,0.0,5.0,10.0,0.0,5.0,5.0,6.0,2.0,,,1.0,,,,,,8.0,8.0,8.0,8.0,8.0,8.0,8.0,8.0,8.0,5.0,4.0,2.0,1.0,1.0,,,,,,,,1.0,1.0,2.0,3.0,3.0,3.0,3.0,3.0,3.0,3.0,3.0,3.0,3.0,3.0,3.0,3.0,3.0,2.0,2.0,2.0,2.0,2.0,1.0,2.0,,1.0,,,,1.0,,,,1.0,,,,,,,,,1.0,,,,99.0,99.0,99.0,99.0,99.0,99.0,99.0,99.0,99.0,99.0,99.0,99.0,99.0,99.0,99.0,99.0,2.0,1.0,1.0,,,1.0,,,,,,,,3.0,2.0,2.0,13.0,12.0,1.7175012551171749
187.0,1.0,68.0,6.0,3.0,2.0,16.0,4.0,2.0,2.0,2.0,,,,,,1.0,,,,,,,,,,,,1.0,,,1.0,,,,3.0,2.0,4.0,,2.0,1.0,3.0,3.0,3.0,3.0,2.0,3.0,3.0,3.0,3.0,3.0,2.0,3.0,4.0,3.0,2.0,3.0,4.0,4.0,3.0,4.0,6.0,6.0,4.0,2.0,4.0,5.0,7.0,5.0,4.0,4.0,2.0,4.0,4.0,5.0,5.0,2.0,2.0,2.0,2.0,2.0,2.0,3.0,4.0,1.0,,1.0,,,,,,,,,,,1.0,,4.0,4.0,4.0,3.0,2.0,,1.0,1.0,1.0,,1.0,,,3.0,2.0,0.0,2.0,0.0,0.0,0.0,2.0,99.0,2.0,2.0,5.0,0.0,6.0,5.0,0.0,3.0,3.0,0.0,2.0,4.0,2.0,2.0,0.0,5.0,1.0,1.0,1.0,1.0,1.0,1.0,1.0,1.0,,2.0,2.0,2.0,2.0,2.0,2.0,2.0,2.0,2.0,1.0,1.0,1.0,3.0,3.0,1.0,,1.0,1.0,1.0,1.0,1.0,,2.0,3.0,2.0,3.0,1.0,3.0,1.0,3.0,3.0,2.0,3.0,2.0,3.0,2.0,3.0,3.0,2.0,2.0,2.0,2.0,2.0,1.0,1.0,,1.0,1.0,,,,,,1.0,1.0,,,,,1.0,1.0,1.0,,,,,,2.0,7.0,3.0,6.0,4.0,5.0,10.0,10.0,10.0,6.0,8.0,0.0,0.0,0.0,0.0,0.0,4.0,5.0,1.0,,,,1.0,,,,,,,1.0,1.0,1.0,2.0,2.0,1.0179851635104842
188.0,1.0,44.0,3.0,2.0,2.0,16.0,6.0,3.0,7.0,1.0,,,,,,,,,,,,,,,,,,,,,,,,1.0,2.0,4.0,6.0,,1.0,1.0,1.0,4.0,4.0,4.0,1.0,4.0,4.0,4.0,1.0,4.0,1.0,5.0,3.0,5.0,5.0,5.0,5.0,5.0,5.0,7.0,99.0,99.0,99.0,99.0,99.0,99.0,99.0,99.0,99.0,99.0,99.0,99.0,7.0,99.0,99.0,2.0,2.0,1.0,1.0,1.0,1.0,2.0,2.0,1.0,1.0,,1.0,,,,,,,,,,,,5.0,5.0,5.0,5.0,2.0,,5.0,,,,,,1.0,6.0,4.0,99.0,99.0,99.0,99.0,7.0,7.0,7.0,99.0,99.0,99.0,99.0,7.0,99.0,99.0,99.0,99.0,99.0,99.0,99.0,99.0,99.0,99.0,6.0,5.0,,,,,,,,1.0,8.0,8.0,8.0,8.0,8.0,8.0,8.0,8.0,8.0,5.0,5.0,5.0,5.0,2.0,,,,,,,,1.0,5.0,5.0,3.0,3.0,3.0,3.0,3.0,3.0,3.0,3.0,3.0,3.0,3.0,3.0,3.0,3.0,5.0,5.0,5.0,5.0,3.0,3.0,3.0,,1.0,,1.0,,,,,,,,,1.0,,,,,,,,,1.0,99.0,99.0,99.0,99.0,99.0,99.0,99.0,99.0,99.0,99.0,99.0,99.0,99.0,99.0,99.0,99.0,8.0,6.0,1.0,,,,,,1.0,,,,,1.0,1.0,2.0,13.0,12.0,2.0000135098566822
189.0,1.0,60.0,5.0,5.0,2.0,16.0,3.0,3.0,6.0,1.0,1.0,,1.0,,,,1.0,,,,,,,,,,,,,,,,,,4.0,2.0,6.0,,4.0,1.0,3.0,1.0,4.0,3.0,3.0,3.0,3.0,4.0,4.0,3.0,4.0,3.0,4.0,4.0,3.0,3.0,3.0,5.0,2.0,5.0,5.0,5.0,5.0,5.0,4.0,5.0,4.0,4.0,5.0,5.0,4.0,4.0,4.0,5.0,5.0,1.0,1.0,1.0,1.0,1.0,1.0,1.0,5.0,,,1.0,,,,,,1.0,1.0,,,,,,2.0,5.0,5.0,2.0,2.0,,3.0,1.0,,,,,,6.0,2.0,5.0,5.0,6.0,5.0,6.0,5.0,5.0,5.0,6.0,5.0,5.0,5.0,4.0,5.0,5.0,5.0,4.0,5.0,5.0,3.0,6.0,5.0,6.0,5.0,,,,,,,,1.0,8.0,8.0,8.0,8.0,8.0,8.0,8.0,8.0,8.0,5.0,5.0,5.0,5.0,3.0,,,,,,,,1.0,5.0,5.0,3.0,3.0,3.0,3.0,3.0,3.0,3.0,3.0,3.0,3.0,3.0,3.0,3.0,3.0,5.0,5.0,5.0,5.0,5.0,5.0,5.0,1.0,,,,,1.0,,1.0,,,1.0,,,,,,,,,,,1.0,99.0,99.0,99.0,99.0,99.0,99.0,99.0,99.0,99.0,99.0,99.0,99.0,99.0,99.0,99.0,99.0,3.0,1.0,1.0,,,,,,1.0,,,,,3.0,3.0,3.0,12.0,11.0,0.4101278266777226
190.0,2.0,69.0,6.0,5.0,1.0,16.0,4.0,2.0,6.0,1.0,,,,,,,,,,,,1.0,,,,,,,,1.0,1.0,,,,2.0,2.0,4.0,,2.0,1.0,3.0,3.0,3.0,3.0,2.0,3.0,3.0,3.0,3.0,3.0,3.0,4.0,3.0,4.0,3.0,4.0,4.0,3.0,4.0,6.0,7.0,7.0,5.0,5.0,4.0,6.0,8.0,7.0,5.0,7.0,5.0,6.0,6.0,7.0,6.0,2.0,2.0,1.0,1.0,1.0,2.0,3.0,2.0,,,1.0,,,1.0,,,,,,,,1.0,,3.0,4.0,3.0,4.0,2.0,,3.0,,,,,,1.0,2.0,2.0,6.0,7.0,7.0,3.0,6.0,5.0,5.0,5.0,5.0,5.0,4.0,5.0,6.0,6.0,4.0,6.0,3.0,3.0,6.0,6.0,5.0,6.0,4.0,3.0,,1.0,1.0,1.0,1.0,1.0,1.0,,2.0,2.0,2.0,2.0,2.0,2.0,2.0,2.0,2.0,2.0,2.0,2.0,2.0,1.0,,,,,,1.0,1.0,,2.0,2.0,2.0,3.0,1.0,1.0,1.0,3.0,3.0,1.0,3.0,3.0,3.0,3.0,3.0,3.0,2.0,1.0,1.0,5.0,3.0,2.0,3.0,,1.0,1.0,,,,,1.0,,1.0,,,,,,,1.0,1.0,1.0,,,,3.0,6.0,2.0,5.0,4.0,5.0,9.0,10.0,8.0,7.0,10.0,4.0,5.0,5.0,2.0,0.0,4.0,5.0,1.0,,,,1.0,,,,,,,3.0,3.0,3.0,13.0,12.0,2.0000709362303377
191.0,1.0,76.0,6.0,4.0,2.0,16.0,5.0,2.0,4.0,1.0,,,,,,,,,,,,,1.0,,,,1.0,,,,1.0,,,,3.0,2.0,4.0,,3.0,1.0,3.0,3.0,3.0,1.0,3.0,3.0,3.0,3.0,3.0,3.0,3.0,3.0,4.0,4.0,3.0,4.0,4.0,4.0,3.0,8.0,7.0,8.0,7.0,5.0,7.0,7.0,9.0,7.0,5.0,7.0,6.0,6.0,7.0,7.0,7.0,2.0,2.0,2.0,2.0,1.0,2.0,2.0,2.0,1.0,,,,,,,,1.0,,,,,1.0,,2.0,3.0,3.0,3.0,2.0,,3.0,1.0,1.0,,,,,2.0,3.0,4.0,8.0,5.0,4.0,7.0,8.0,8.0,8.0,9.0,8.0,6.0,8.0,8.0,5.0,6.0,7.0,6.0,6.0,7.0,6.0,7.0,4.0,4.0,2.0,,1.0,1.0,1.0,,,,,2.0,1.0,1.0,3.0,1.0,1.0,1.0,3.0,1.0,2.0,5.0,2.0,2.0,2.0,,,,,,1.0,1.0,,1.0,2.0,3.0,2.0,1.0,3.0,1.0,3.0,2.0,3.0,3.0,1.0,3.0,2.0,2.0,3.0,1.0,1.0,1.0,1.0,4.0,1.0,1.0,,1.0,1.0,,,,,,1.0,1.0,1.0,,,,1.0,,1.0,,,,,,5.0,6.0,2.0,3.0,2.0,2.0,9.0,10.0,6.0,8.0,9.0,3.0,3.0,3.0,0.0,0.0,7.0,1.0,1.0,,,,1.0,,,,,,,3.0,3.0,3.0,1.0,1.0,0.9569557048296796
192.0,1.0,58.0,5.0,5.0,2.0,16.0,4.0,1.0,5.0,1.0,,,,,,1.0,,,,,,,,,1.0,,1.0,,,,,,,,3.0,2.0,2.0,3.0,3.0,3.0,3.0,3.0,3.0,3.0,3.0,3.0,3.0,3.0,3.0,3.0,3.0,3.0,4.0,4.0,3.0,4.0,4.0,4.0,3.0,6.0,3.0,6.0,4.0,5.0,7.0,5.0,8.0,6.0,1.0,7.0,99.0,5.0,99.0,3.0,4.0,2.0,2.0,2.0,1.0,2.0,2.0,2.0,3.0,,,,,,,,1.0,1.0,,,,,1.0,,3.0,3.0,3.0,4.0,2.0,,3.0,1.0,,,1.0,,,2.0,2.0,3.0,7.0,3.0,1.0,2.0,4.0,6.0,5.0,6.0,5.0,4.0,8.0,7.0,1.0,3.0,4.0,0.0,1.0,6.0,3.0,3.0,3.0,4.0,3.0,,1.0,1.0,1.0,1.0,,1.0,,8.0,8.0,8.0,8.0,8.0,8.0,8.0,8.0,8.0,2.0,2.0,2.0,2.0,2.0,,1.0,1.0,,,1.0,1.0,,2.0,2.0,3.0,3.0,3.0,3.0,1.0,3.0,3.0,3.0,3.0,3.0,3.0,2.0,3.0,3.0,1.0,1.0,1.0,1.0,4.0,1.0,1.0,,1.0,1.0,,,,,,1.0,1.0,1.0,,,,,1.0,,1.0,,1.0,,,1.0,6.0,4.0,5.0,3.0,3.0,9.0,10.0,3.0,7.0,9.0,3.0,5.0,4.0,0.0,0.0,4.0,3.0,1.0,,,1.0,,,,,,,,2.0,2.0,1.0,2.0,2.0,0.43473669619112765
193.0,1.0,71.0,6.0,4.0,2.0,16.0,4.0,2.0,4.0,1.0,,,,,,,,,,,,,1.0,,,,1.0,,,,1.0,,,,3.0,2.0,4.0,,3.0,3.0,3.0,3.0,3.0,3.0,3.0,3.0,3.0,3.0,3.0,3.0,3.0,3.0,3.0,4.0,3.0,4.0,4.0,4.0,4.0,6.0,6.0,5.0,6.0,2.0,7.0,6.0,7.0,6.0,5.0,5.0,6.0,6.0,5.0,5.0,5.0,2.0,2.0,1.0,1.0,1.0,2.0,2.0,3.0,1.0,,1.0,,,,,,,,,,,1.0,,3.0,3.0,3.0,4.0,2.0,,3.0,1.0,1.0,,,,,3.0,2.0,4.0,6.0,6.0,2.0,5.0,7.0,7.0,7.0,6.0,6.0,6.0,6.0,7.0,5.0,6.0,6.0,3.0,4.0,6.0,5.0,4.0,3.0,4.0,2.0,,1.0,1.0,1.0,1.0,1.0,1.0,,3.0,3.0,3.0,3.0,3.0,3.0,3.0,3.0,1.0,2.0,2.0,2.0,2.0,2.0,,,,,,,1.0,,1.0,1.0,2.0,2.0,1.0,3.0,1.0,3.0,2.0,1.0,3.0,1.0,3.0,2.0,3.0,2.0,1.0,1.0,1.0,2.0,2.0,2.0,2.0,,,1.0,,,1.0,,1.0,1.0,1.0,1.0,,,,,,,1.0,1.0,1.0,,,4.0,6.0,3.0,4.0,1.0,1.0,9.0,10.0,7.0,9.0,10.0,4.0,5.0,5.0,0.0,0.0,4.0,1.0,1.0,,,,1.0,,,,,,,3.0,3.0,3.0,1.0,1.0,0.9569557048296796
194.0,1.0,49.0,4.0,3.0,2.0,16.0,6.0,1.0,5.0,1.0,,,,,,1.0,,1.0,,,,,,,,,1.0,,,,,,,,2.0,2.0,2.0,4.0,3.0,3.0,3.0,3.0,3.0,3.0,3.0,3.0,3.0,3.0,3.0,3.0,3.0,3.0,3.0,3.0,3.0,4.0,3.0,3.0,4.0,3.0,7.0,7.0,7.0,3.0,1.0,6.0,7.0,7.0,5.0,7.0,8.0,7.0,7.0,7.0,6.0,1.0,1.0,1.0,3.0,1.0,2.0,1.0,3.0,1.0,,,,,1.0,,,1.0,,,,,,,2.0,2.0,2.0,3.0,2.0,,4.0,1.0,,,,,,2.0,2.0,7.0,7.0,7.0,6.0,7.0,5.0,7.0,7.0,7.0,7.0,4.0,7.0,3.0,5.0,5.0,6.0,4.0,5.0,5.0,6.0,5.0,3.0,3.0,4.0,,,,1.0,,,,,3.0,8.0,3.0,6.0,7.0,1.0,3.0,5.0,3.0,4.0,5.0,4.0,2.0,1.0,,1.0,,,,1.0,1.0,,1.0,3.0,2.0,2.0,3.0,2.0,3.0,3.0,2.0,3.0,1.0,3.0,3.0,2.0,2.0,2.0,2.0,2.0,2.0,2.0,2.0,2.0,2.0,,1.0,1.0,,,,,,,1.0,1.0,,,,1.0,,,,,,,,4.0,6.0,2.0,4.0,1.0,3.0,7.0,9.0,4.0,7.0,8.0,4.0,4.0,4.0,2.0,0.0,7.0,4.0,1.0,,,1.0,,,,,,,,2.0,2.0,2.0,3.0,3.0,0.577459140519932
195.0,2.0,69.0,6.0,4.0,3.0,16.0,5.0,6.0,4.0,1.0,,,,,,,,1.0,,1.0,,,,,,,1.0,,,,,,,,3.0,4.0,4.0,,3.0,3.0,3.0,3.0,3.0,3.0,3.0,3.0,3.0,3.0,3.0,3.0,3.0,3.0,3.0,4.0,3.0,3.0,4.0,4.0,2.0,4.0,5.0,6.0,5.0,5.0,3.0,4.0,6.0,3.0,3.0,4.0,4.0,4.0,5.0,5.0,6.0,2.0,1.0,1.0,3.0,1.0,1.0,3.0,3.0,1.0,,,,,,1.0,,,,1.0,,,,,2.0,3.0,1.0,2.0,1.0,1.0,4.0,,,,,,1.0,3.0,4.0,3.0,4.0,4.0,5.0,6.0,3.0,4.0,4.0,5.0,5.0,6.0,7.0,6.0,5.0,2.0,4.0,4.0,7.0,7.0,2.0,3.0,4.0,1.0,4.0,,,,1.0,,,,,7.0,6.0,8.0,7.0,8.0,8.0,8.0,8.0,8.0,5.0,3.0,4.0,5.0,1.0,,1.0,1.0,1.0,1.0,,,,4.0,2.0,1.0,3.0,3.0,1.0,1.0,1.0,1.0,1.0,1.0,3.0,3.0,3.0,2.0,3.0,5.0,5.0,5.0,3.0,5.0,5.0,3.0,,,,1.0,1.0,,1.0,,,,,,,,,,,,,,,1.0,99.0,99.0,99.0,10.0,99.0,99.0,99.0,99.0,99.0,99.0,10.0,99.0,99.0,99.0,99.0,99.0,4.0,1.0,2.0,7.0,,,1.0,,,,,,,2.0,1.0,1.0,13.0,12.0,2.0000826775775886
196.0,1.0,75.0,6.0,5.0,2.0,16.0,5.0,1.0,4.0,1.0,,,,,,1.0,,,,1.0,,,,,,,,,,,,1.0,,,2.0,1.0,12.0,,1.0,2.0,3.0,3.0,2.0,2.0,1.0,3.0,3.0,3.0,1.0,3.0,3.0,4.0,3.0,4.0,2.0,4.0,3.0,4.0,2.0,5.0,3.0,3.0,3.0,5.0,2.0,7.0,9.0,9.0,4.0,4.0,2.0,6.0,4.0,5.0,2.0,1.0,1.0,1.0,1.0,1.0,2.0,3.0,2.0,,,,,,1.0,,,,,,,1.0,1.0,,3.0,2.0,2.0,2.0,1.0,2.0,3.0,1.0,1.0,,,,,2.0,1.0,5.0,7.0,5.0,2.0,7.0,6.0,9.0,8.0,8.0,9.0,5.0,5.0,7.0,6.0,5.0,8.0,4.0,7.0,7.0,3.0,6.0,5.0,4.0,2.0,1.0,1.0,1.0,1.0,,,,,1.0,1.0,1.0,1.0,1.0,1.0,1.0,1.0,1.0,1.0,2.0,2.0,2.0,2.0,,1.0,,1.0,1.0,,1.0,,1.0,3.0,3.0,3.0,3.0,1.0,1.0,3.0,1.0,1.0,1.0,1.0,3.0,2.0,1.0,3.0,1.0,1.0,1.0,2.0,5.0,1.0,2.0,1.0,,,,,1.0,1.0,1.0,1.0,,,,,,,1.0,,1.0,,1.0,,,6.0,8.0,1.0,4.0,2.0,2.0,8.0,9.0,7.0,9.0,9.0,1.0,7.0,2.0,2.0,1.0,6.0,1.0,1.0,,,1.0,,,,,,,,3.0,3.0,3.0,1.0,1.0,0.67795021938502
197.0,1.0,85.0,6.0,5.0,2.0,16.0,4.0,2.0,4.0,1.0,,,,,,1.0,,,,,,,,,,,1.0,1.0,,,,,,,2.0,2.0,4.0,,3.0,2.0,3.0,3.0,3.0,3.0,3.0,3.0,3.0,3.0,3.0,3.0,3.0,4.0,1.0,4.0,3.0,3.0,4.0,3.0,4.0,8.0,8.0,10.0,7.0,0.0,5.0,1.0,9.0,0.0,2.0,8.0,5.0,5.0,8.0,4.0,5.0,2.0,1.0,3.0,3.0,3.0,2.0,3.0,4.0,1.0,1.0,,,1.0,,,,,,,,,,,1.0,2.0,3.0,5.0,2.0,,2.0,1.0,1.0,,1.0,,,3.0,2.0,5.0,8.0,0.0,0.0,0.0,6.0,2.0,4.0,1.0,5.0,0.0,10.0,10.0,0.0,1.0,5.0,0.0,5.0,8.0,0.0,5.0,0.0,5.0,2.0,1.0,1.0,,1.0,,,1.0,,2.0,2.0,2.0,1.0,1.0,8.0,8.0,2.0,2.0,1.0,2.0,1.0,2.0,3.0,,,,1.0,,1.0,1.0,,1.0,2.0,2.0,2.0,3.0,1.0,1.0,3.0,3.0,1.0,1.0,1.0,1.0,2.0,2.0,2.0,2.0,2.0,2.0,2.0,5.0,4.0,5.0,,1.0,1.0,,,,,1.0,1.0,1.0,1.0,,,1.0,1.0,,1.0,,1.0,,,,2.0,2.0,0.0,5.0,5.0,5.0,10.0,10.0,7.0,10.0,10.0,4.0,5.0,5.0,0.0,0.0,6.0,3.0,1.0,,,,1.0,,,,,,,3.0,3.0,3.0,2.0,2.0,0.67795021938502
198.0,1.0,67.0,6.0,5.0,2.0,16.0,7.0,1.0,2.0,1.0,,,,,,1.0,,,,,,,,,,,1.0,,,1.0,,,,,2.0,2.0,2.0,3.0,3.0,2.0,3.0,3.0,3.0,3.0,3.0,3.0,3.0,2.0,3.0,3.0,2.0,3.0,3.0,3.0,3.0,3.0,3.0,3.0,2.0,3.0,6.0,7.0,5.0,4.0,7.0,6.0,7.0,7.0,3.0,6.0,6.0,6.0,6.0,4.0,6.0,2.0,1.0,3.0,1.0,1.0,2.0,2.0,2.0,1.0,,,,,,,,,,1.0,,,1.0,,4.0,4.0,3.0,4.0,2.0,,3.0,1.0,,,,,,2.0,2.0,6.0,7.0,3.0,0.0,0.0,6.0,8.0,4.0,5.0,6.0,2.0,7.0,5.0,3.0,3.0,3.0,0.0,0.0,4.0,7.0,5.0,3.0,4.0,3.0,,1.0,,1.0,1.0,1.0,1.0,,8.0,8.0,8.0,8.0,8.0,8.0,8.0,8.0,8.0,3.0,3.0,3.0,1.0,1.0,,,,,,1.0,1.0,,2.0,2.0,3.0,2.0,1.0,3.0,1.0,1.0,3.0,1.0,1.0,1.0,3.0,2.0,3.0,3.0,2.0,2.0,2.0,2.0,2.0,1.0,2.0,,1.0,,1.0,,,,1.0,,1.0,1.0,,,,1.0,,,1.0,1.0,,,,1.0,5.0,3.0,5.0,3.0,3.0,8.0,10.0,6.0,7.0,9.0,2.0,6.0,6.0,2.0,0.0,6.0,4.0,1.0,,,,1.0,,,,,,,3.0,3.0,3.0,11.0,10.0,0.6531770384457968
199.0,1.0,53.0,4.0,5.0,2.0,16.0,6.0,1.0,2.0,1.0,,,,1.0,,1.0,,,,1.0,,,,,,,,,,,,,,,3.0,2.0,2.0,5.0,3.0,1.0,3.0,3.0,3.0,1.0,2.0,3.0,3.0,3.0,3.0,3.0,2.0,3.0,3.0,3.0,3.0,4.0,3.0,4.0,3.0,1.0,8.0,5.0,2.0,5.0,1.0,6.0,5.0,1.0,2.0,8.0,2.0,10.0,2.0,9.0,4.0,1.0,3.0,1.0,1.0,3.0,1.0,3.0,4.0,,,,,,1.0,,,,1.0,,1.0,,,,3.0,4.0,2.0,3.0,1.0,3.0,3.0,1.0,,,,,,3.0,3.0,2.0,2.0,0.0,1.0,0.0,2.0,0.0,0.0,0.0,0.0,3.0,4.0,2.0,1.0,0.0,0.0,0.0,0.0,8.0,0.0,0.0,5.0,3.0,4.0,,,,,,,1.0,,7.0,6.0,6.0,4.0,5.0,1.0,7.0,3.0,7.0,4.0,4.0,4.0,3.0,2.0,1.0,1.0,1.0,1.0,1.0,1.0,1.0,,1.0,4.0,2.0,1.0,2.0,3.0,2.0,1.0,3.0,2.0,3.0,2.0,2.0,1.0,2.0,1.0,2.0,2.0,2.0,2.0,3.0,3.0,3.0,,1.0,,,,1.0,,,,,,1.0,,,,,,,,,,1.0,5.0,10.0,10.0,10.0,10.0,10.0,10.0,10.0,5.0,5.0,0.0,0.0,0.0,0.0,10.0,10.0,7.0,3.0,1.0,,,,1.0,,,,,,,3.0,3.0,3.0,11.0,10.0,0.3666106850862128
200.0,2.0,18.0,1.0,3.0,2.0,16.0,4.0,5.0,1.0,2.0,,,,,,,,,,,,,1.0,,,,1.0,,1.0,,,,,,3.0,3.0,8.0,,1.0,1.0,3.0,4.0,4.0,1.0,2.0,2.0,4.0,3.0,1.0,3.0,1.0,2.0,1.0,2.0,1.0,4.0,1.0,1.0,3.0,6.0,4.0,6.0,3.0,3.0,1.0,4.0,5.0,99.0,3.0,3.0,5.0,3.0,99.0,3.0,3.0,2.0,1.0,2.0,1.0,1.0,2.0,2.0,3.0,1.0,,1.0,,,,,,,,,,,1.0,,3.0,2.0,3.0,2.0,2.0,,2.0,1.0,,,,,,3.0,3.0,3.0,5.0,7.0,0.0,0.0,7.0,99.0,4.0,5.0,2.0,0.0,6.0,8.0,1.0,5.0,2.0,99.0,1.0,6.0,6.0,4.0,2.0,5.0,2.0,1.0,1.0,1.0,1.0,1.0,1.0,1.0,,2.0,2.0,2.0,2.0,2.0,2.0,2.0,2.0,2.0,1.0,2.0,1.0,2.0,3.0,1.0,,,,,1.0,1.0,,2.0,2.0,2.0,3.0,1.0,3.0,3.0,3.0,3.0,3.0,3.0,3.0,3.0,2.0,3.0,3.0,2.0,2.0,2.0,2.0,5.0,3.0,1.0,,1.0,1.0,,,,,,1.0,1.0,1.0,,,,1.0,,1.0,1.0,1.0,,,,0.0,6.0,1.0,4.0,2.0,4.0,10.0,10.0,99.0,5.0,9.0,5.0,5.0,5.0,0.0,0.0,3.0,6.0,1.0,,,,,1.0,1.0,,1.0,,,1.0,1.0,1.0,11.0,10.0,1.8187895535715712
201.0,2.0,66.0,6.0,5.0,2.0,16.0,4.0,2.0,5.0,1.0,,,,,,1.0,,,,,,,,,,,1.0,,,1.0,,,,,3.0,2.0,4.0,,1.0,1.0,3.0,3.0,3.0,2.0,1.0,2.0,3.0,2.0,3.0,3.0,2.0,3.0,3.0,4.0,3.0,3.0,4.0,3.0,3.0,4.0,4.0,99.0,3.0,4.0,3.0,4.0,4.0,3.0,4.0,4.0,4.0,3.0,7.0,4.0,4.0,1.0,3.0,3.0,3.0,1.0,1.0,3.0,4.0,,,1.0,,,,,1.0,1.0,,,,,,,5.0,5.0,5.0,2.0,1.0,3.0,2.0,,,,,,1.0,6.0,4.0,99.0,99.0,99.0,99.0,99.0,99.0,99.0,99.0,99.0,99.0,99.0,99.0,99.0,99.0,99.0,99.0,99.0,99.0,99.0,99.0,99.0,99.0,6.0,5.0,,,,,,,,1.0,8.0,8.0,8.0,8.0,8.0,8.0,8.0,8.0,8.0,5.0,5.0,5.0,5.0,1.0,,,,,,,,1.0,5.0,5.0,3.0,3.0,3.0,3.0,3.0,3.0,3.0,3.0,3.0,3.0,3.0,3.0,3.0,3.0,5.0,5.0,5.0,5.0,3.0,1.0,1.0,1.0,1.0,,,,,,,,,,,1.0,,,,,,,,,1.0,99.0,99.0,99.0,99.0,99.0,99.0,99.0,99.0,99.0,99.0,99.0,99.0,99.0,99.0,99.0,99.0,5.0,1.0,1.0,,,,1.0,,,,,,,3.0,3.0,3.0,11.0,10.0,1.799520580544515
202.0,1.0,67.0,6.0,5.0,3.0,16.0,4.0,2.0,2.0,1.0,,,,,,,1.0,,,,,,,,,1.0,1.0,,,,,,,,2.0,2.0,4.0,,3.0,3.0,3.0,3.0,3.0,3.0,3.0,3.0,3.0,3.0,3.0,3.0,3.0,4.0,3.0,4.0,3.0,4.0,3.0,4.0,3.0,2.0,7.0,8.0,7.0,5.0,7.0,4.0,7.0,7.0,0.0,0.0,3.0,5.0,7.0,2.0,4.0,2.0,2.0,1.0,1.0,2.0,2.0,3.0,4.0,1.0,,,,,1.0,,,1.0,,,,,,,4.0,4.0,4.0,4.0,2.0,,2.0,1.0,1.0,,,,,2.0,2.0,6.0,7.0,10.0,4.0,7.0,3.0,8.0,5.0,5.0,5.0,5.0,9.0,2.0,7.0,3.0,8.0,2.0,5.0,5.0,8.0,3.0,8.0,3.0,4.0,,,,1.0,,,1.0,,3.0,3.0,3.0,3.0,3.0,1.0,1.0,5.0,4.0,4.0,3.0,4.0,3.0,1.0,,,,,,,1.0,,1.0,3.0,3.0,2.0,1.0,3.0,1.0,3.0,3.0,1.0,3.0,1.0,3.0,2.0,3.0,2.0,2.0,2.0,2.0,2.0,5.0,1.0,1.0,,,1.0,,,1.0,1.0,,1.0,1.0,,,,,,1.0,,,1.0,,,,3.0,9.0,1.0,5.0,3.0,3.0,9.0,10.0,1.0,10.0,10.0,5.0,7.0,8.0,0.0,0.0,4.0,1.0,2.0,1.0,,,1.0,,,,,,,2.0,3.0,3.0,3.0,3.0,0.8473981862290781
203.0,1.0,62.0,5.0,1.0,2.0,16.0,6.0,1.0,3.0,1.0,,,,,,,,,,,,,,,1.0,,1.0,,,,,,1.0,,2.0,2.0,2.0,3.0,3.0,3.0,3.0,3.0,3.0,3.0,3.0,3.0,3.0,3.0,3.0,3.0,3.0,3.0,4.0,4.0,4.0,4.0,4.0,4.0,4.0,7.0,8.0,99.0,7.0,3.0,8.0,8.0,7.0,8.0,7.0,6.0,7.0,7.0,8.0,5.0,8.0,2.0,2.0,1.0,1.0,2.0,2.0,3.0,2.0,1.0,,,,,,,1.0,,,,,,1.0,,2.0,4.0,2.0,5.0,2.0,,4.0,1.0,1.0,,,,,2.0,2.0,6.0,9.0,6.0,4.0,10.0,7.0,8.0,10.0,9.0,10.0,5.0,8.0,10.0,3.0,7.0,5.0,5.0,5.0,9.0,0.0,5.0,3.0,5.0,1.0,1.0,1.0,1.0,1.0,1.0,1.0,1.0,,8.0,1.0,1.0,1.0,1.0,1.0,8.0,1.0,1.0,1.0,1.0,2.0,2.0,2.0,,,1.0,1.0,1.0,1.0,1.0,,1.0,2.0,1.0,3.0,1.0,3.0,1.0,3.0,3.0,1.0,1.0,1.0,1.0,3.0,3.0,3.0,2.0,2.0,2.0,2.0,3.0,1.0,1.0,,1.0,1.0,,,,,,,1.0,1.0,,,,1.0,,,,1.0,,,,4.0,4.0,2.0,3.0,2.0,2.0,9.0,10.0,10.0,10.0,10.0,6.0,6.0,6.0,0.0,0.0,8.0,4.0,1.0,,,,1.0,,,,,,,2.0,3.0,3.0,1.0,1.0,1.0082627305151224
204.0,1.0,59.0,5.0,5.0,1.0,16.0,8.0,1.0,2.0,1.0,,,,,,1.0,,,,,,,,,1.0,,,,,,1.0,,,,3.0,2.0,2.0,3.0,3.0,3.0,3.0,3.0,3.0,3.0,3.0,3.0,3.0,3.0,3.0,3.0,3.0,3.0,4.0,4.0,3.0,4.0,4.0,4.0,4.0,3.0,99.0,99.0,3.0,2.0,7.0,99.0,7.0,7.0,2.0,99.0,99.0,99.0,2.0,0.0,6.0,2.0,2.0,2.0,3.0,2.0,2.0,3.0,4.0,,,1.0,,,,,1.0,,,,,,1.0,,4.0,4.0,4.0,4.0,2.0,,2.0,1.0,1.0,,1.0,,,4.0,2.0,3.0,3.0,3.0,1.0,3.0,99.0,7.0,3.0,3.0,5.0,3.0,5.0,6.0,3.0,1.0,5.0,1.0,2.0,6.0,5.0,3.0,2.0,6.0,4.0,,,,,1.0,,,,8.0,8.0,8.0,8.0,8.0,8.0,5.0,5.0,8.0,4.0,4.0,4.0,4.0,1.0,1.0,,,,,1.0,1.0,,2.0,2.0,3.0,3.0,3.0,3.0,3.0,3.0,3.0,3.0,3.0,3.0,3.0,3.0,3.0,3.0,2.0,2.0,2.0,1.0,4.0,1.0,1.0,1.0,,1.0,,,,,,1.0,1.0,1.0,,,,,,,,1.0,,,,3.0,9.0,2.0,6.0,3.0,3.0,9.0,10.0,0.0,7.0,7.0,2.0,2.0,2.0,0.0,0.0,8.0,5.0,1.0,,,,1.0,,,,,,,2.0,3.0,3.0,5.0,4.0,0.6879654653292517
205.0,2.0,47.0,4.0,5.0,3.0,16.0,6.0,3.0,2.0,1.0,,,,,,,,,,1.0,,1.0,,,,,,,,,1.0,,,,2.0,2.0,6.0,,1.0,1.0,3.0,2.0,1.0,3.0,1.0,3.0,3.0,1.0,1.0,1.0,1.0,2.0,2.0,3.0,3.0,3.0,3.0,1.0,2.0,8.0,8.0,9.0,99.0,4.0,8.0,5.0,9.0,4.0,3.0,8.0,99.0,7.0,99.0,99.0,6.0,2.0,2.0,2.0,1.0,1.0,2.0,3.0,5.0,,,1.0,,,1.0,,,,1.0,,,,,,2.0,2.0,1.0,3.0,2.0,,3.0,,,,,,1.0,3.0,3.0,0.0,6.0,2.0,5.0,8.0,7.0,1.0,7.0,7.0,6.0,5.0,8.0,8.0,6.0,2.0,3.0,8.0,7.0,9.0,3.0,2.0,6.0,4.0,5.0,,,1.0,,,,1.0,,8.0,1.0,8.0,8.0,8.0,1.0,8.0,8.0,2.0,3.0,3.0,2.0,2.0,1.0,,,1.0,1.0,1.0,1.0,,,1.0,2.0,3.0,3.0,3.0,1.0,3.0,2.0,1.0,1.0,1.0,3.0,3.0,3.0,3.0,2.0,1.0,1.0,3.0,3.0,4.0,4.0,4.0,,,,,1.0,1.0,,,,1.0,1.0,,,,,,,1.0,1.0,,,,5.0,8.0,3.0,3.0,3.0,3.0,7.0,8.0,8.0,9.0,9.0,3.0,99.0,2.0,2.0,2.0,7.0,3.0,1.0,,,,,,1.0,,,,,1.0,1.0,1.0,11.0,1.0,0.4894286801791209
206.0,1.0,76.0,6.0,3.0,2.0,16.0,4.0,2.0,4.0,1.0,,,,,1.0,1.0,,,,,,,,,,,,,,1.0,,,,,3.0,2.0,4.0,,3.0,4.0,3.0,3.0,3.0,3.0,3.0,3.0,3.0,3.0,4.0,3.0,3.0,3.0,4.0,4.0,3.0,4.0,3.0,4.0,3.0,8.0,8.0,8.0,4.0,4.0,6.0,4.0,7.0,4.0,5.0,7.0,5.0,5.0,7.0,6.0,4.0,2.0,1.0,1.0,1.0,1.0,2.0,2.0,5.0,1.0,,,,,1.0,,,1.0,,,,,,,2.0,2.0,2.0,4.0,2.0,,4.0,1.0,,1.0,,1.0,,3.0,2.0,2.0,5.0,0.0,0.0,8.0,8.0,5.0,6.0,5.0,7.0,6.0,8.0,8.0,0.0,0.0,4.0,0.0,5.0,7.0,5.0,5.0,0.0,4.0,1.0,,1.0,1.0,1.0,,1.0,1.0,,1.0,1.0,1.0,1.0,1.0,1.0,1.0,1.0,1.0,2.0,2.0,2.0,2.0,3.0,,1.0,,,,1.0,1.0,,1.0,3.0,3.0,3.0,3.0,3.0,3.0,3.0,3.0,3.0,3.0,3.0,3.0,3.0,3.0,3.0,2.0,2.0,2.0,2.0,1.0,1.0,1.0,,1.0,1.0,,,,,,1.0,1.0,1.0,,,,,,,,,1.0,,,3.0,4.0,0.0,4.0,4.0,4.0,10.0,10.0,8.0,9.0,9.0,5.0,7.0,5.0,0.0,0.0,6.0,1.0,1.0,,,,1.0,,,,,,,3.0,3.0,3.0,13.0,12.0,1.0565944978329147
207.0,1.0,40.0,3.0,3.0,3.0,16.0,7.0,1.0,2.0,2.0,,1.0,,,,,,,,,,,,,,,,1.0,1.0,,,,,,3.0,2.0,2.0,4.0,3.0,3.0,3.0,3.0,3.0,3.0,3.0,3.0,3.0,3.0,3.0,3.0,3.0,3.0,3.0,3.0,3.0,5.0,3.0,3.0,3.0,6.0,5.0,5.0,6.0,6.0,6.0,5.0,6.0,6.0,5.0,2.0,6.0,5.0,6.0,5.0,6.0,2.0,2.0,2.0,2.0,2.0,2.0,2.0,5.0,,1.0,,,,,,1.0,,,,,,1.0,,4.0,4.0,5.0,4.0,2.0,,2.0,,,,,,1.0,5.0,2.0,0.0,0.0,5.0,5.0,5.0,5.0,5.0,5.0,5.0,5.0,5.0,5.0,5.0,5.0,5.0,5.0,5.0,5.0,5.0,5.0,5.0,5.0,5.0,5.0,,,,,,,,1.0,8.0,8.0,8.0,8.0,8.0,8.0,8.0,8.0,8.0,1.0,1.0,1.0,4.0,3.0,1.0,,1.0,1.0,1.0,1.0,1.0,,5.0,1.0,3.0,3.0,3.0,3.0,3.0,3.0,3.0,3.0,3.0,3.0,3.0,3.0,3.0,3.0,3.0,3.0,3.0,3.0,4.0,4.0,4.0,1.0,,1.0,,,,,,,,,1.0,,,,,,,,,,1.0,2.0,9.0,5.0,5.0,5.0,5.0,9.0,10.0,10.0,0.0,0.0,0.0,5.0,0.0,0.0,0.0,8.0,5.0,1.0,,,,1.0,,,1.0,,,,1.0,1.0,1.0,2.0,2.0,1.1739951457013396
208.0,1.0,34.0,2.0,5.0,1.0,16.0,7.0,1.0,5.0,1.0,1.0,,,,,,1.0,,,,,,1.0,,,,,,,,,,,,2.0,2.0,2.0,4.0,1.0,3.0,3.0,3.0,3.0,3.0,1.0,3.0,3.0,3.0,3.0,3.0,3.0,3.0,3.0,3.0,2.0,3.0,2.0,3.0,3.0,7.0,5.0,5.0,5.0,5.0,5.0,5.0,5.0,6.0,3.0,4.0,5.0,6.0,5.0,5.0,5.0,2.0,1.0,1.0,1.0,1.0,2.0,1.0,2.0,1.0,,,,1.0,,,,,,,,,1.0,,3.0,3.0,3.0,3.0,2.0,,3.0,,,,,,1.0,3.0,2.0,7.0,8.0,5.0,3.0,5.0,7.0,5.0,5.0,6.0,6.0,6.0,6.0,6.0,6.0,6.0,6.0,6.0,3.0,6.0,6.0,5.0,5.0,3.0,3.0,,,1.0,,,,,,8.0,8.0,8.0,8.0,8.0,8.0,8.0,8.0,8.0,4.0,5.0,3.0,3.0,1.0,,,,,,1.0,1.0,,2.0,3.0,2.0,2.0,1.0,1.0,1.0,1.0,3.0,1.0,1.0,1.0,3.0,2.0,2.0,3.0,2.0,2.0,2.0,2.0,2.0,1.0,1.0,,1.0,1.0,,,,,,1.0,1.0,1.0,,,,1.0,,1.0,1.0,,1.0,,,3.0,99.0,99.0,4.0,2.0,3.0,7.0,10.0,0.0,7.0,7.0,5.0,7.0,3.0,0.0,0.0,8.0,5.0,2.0,1.0,,,1.0,,,,,,,3.0,3.0,3.0,9.0,11.0,1.344527144610788
209.0,2.0,57.0,5.0,2.0,3.0,16.0,4.0,1.0,4.0,1.0,,,,,,1.0,,,,,,,,,,,1.0,,,,1.0,,,,2.0,2.0,2.0,4.0,1.0,1.0,3.0,3.0,3.0,3.0,3.0,3.0,3.0,3.0,3.0,3.0,3.0,2.0,2.0,4.0,2.0,4.0,3.0,2.0,1.0,4.0,7.0,6.0,6.0,5.0,6.0,4.0,7.0,6.0,4.0,7.0,7.0,5.0,7.0,6.0,6.0,2.0,2.0,2.0,1.0,1.0,2.0,2.0,3.0,,,1.0,,,,,,,,1.0,,,1.0,,3.0,4.0,2.0,4.0,2.0,,2.0,1.0,1.0,,1.0,,,2.0,2.0,3.0,8.0,2.0,0.0,4.0,6.0,0.0,7.0,6.0,4.0,0.0,7.0,6.0,4.0,6.0,6.0,5.0,4.0,8.0,6.0,6.0,5.0,5.0,2.0,1.0,1.0,1.0,1.0,1.0,1.0,1.0,,1.0,2.0,2.0,1.0,1.0,2.0,1.0,2.0,2.0,3.0,2.0,2.0,3.0,3.0,,,,,,1.0,1.0,,2.0,2.0,2.0,3.0,1.0,1.0,3.0,3.0,3.0,1.0,3.0,3.0,3.0,2.0,1.0,3.0,1.0,1.0,1.0,1.0,4.0,1.0,1.0,,1.0,1.0,,,,,,1.0,1.0,1.0,,,,,1.0,1.0,1.0,1.0,1.0,,,1.0,7.0,1.0,4.0,5.0,3.0,9.0,10.0,7.0,10.0,7.0,5.0,5.0,5.0,2.0,1.0,6.0,5.0,1.0,,,,1.0,,,1.0,,,,2.0,1.0,2.0,2.0,2.0,1.205823014385938
210.0,1.0,61.0,5.0,5.0,2.0,16.0,7.0,1.0,1.0,1.0,,,,1.0,,1.0,,,,,,1.0,,,,,,,,,,,,,2.0,2.0,2.0,4.0,3.0,2.0,3.0,3.0,3.0,3.0,3.0,3.0,3.0,3.0,3.0,3.0,3.0,3.0,4.0,4.0,3.0,4.0,4.0,4.0,3.0,5.0,7.0,9.0,5.0,6.0,8.0,7.0,7.0,9.0,6.0,8.0,7.0,7.0,5.0,6.0,7.0,2.0,2.0,1.0,1.0,1.0,2.0,1.0,3.0,1.0,,,,,,,1.0,,,,,,1.0,,3.0,4.0,4.0,4.0,2.0,,3.0,1.0,,,,,,2.0,2.0,5.0,8.0,5.0,0.0,6.0,8.0,10.0,7.0,8.0,8.0,6.0,9.0,7.0,4.0,3.0,7.0,1.0,1.0,8.0,9.0,5.0,6.0,4.0,2.0,1.0,1.0,1.0,1.0,1.0,1.0,1.0,,8.0,8.0,4.0,1.0,8.0,1.0,8.0,4.0,8.0,2.0,2.0,1.0,2.0,3.0,,,,,,1.0,1.0,,1.0,2.0,2.0,2.0,1.0,3.0,3.0,3.0,3.0,3.0,3.0,3.0,3.0,2.0,3.0,3.0,1.0,1.0,1.0,1.0,4.0,1.0,1.0,,,1.0,,,1.0,,,1.0,1.0,1.0,,,,1.0,,,1.0,1.0,1.0,,,2.0,5.0,1.0,5.0,2.0,2.0,8.0,10.0,7.0,9.0,10.0,6.0,6.0,6.0,0.0,0.0,8.0,1.0,1.0,,,,1.0,,,1.0,,,,1.0,1.0,1.0,13.0,12.0,0.9815271935874873
211.0,2.0,56.0,5.0,4.0,2.0,16.0,6.0,1.0,3.0,1.0,1.0,,,,,,,,,,,,,,,,,,,,1.0,1.0,,,2.0,2.0,2.0,4.0,3.0,1.0,3.0,3.0,3.0,3.0,3.0,3.0,3.0,3.0,3.0,3.0,3.0,4.0,3.0,3.0,3.0,4.0,3.0,4.0,2.0,6.0,7.0,8.0,5.0,6.0,7.0,8.0,8.0,7.0,2.0,4.0,7.0,5.0,5.0,6.0,6.0,1.0,1.0,1.0,1.0,1.0,1.0,2.0,3.0,,,,,,,1.0,1.0,,,,1.0,,,,2.0,4.0,1.0,3.0,2.0,,4.0,1.0,,,,1.0,,2.0,2.0,7.0,9.0,2.0,3.0,9.0,9.0,8.0,8.0,7.0,7.0,3.0,8.0,8.0,6.0,2.0,6.0,9.0,7.0,8.0,6.0,8.0,7.0,3.0,4.0,,,,,,,1.0,,1.0,1.0,1.0,8.0,1.0,1.0,1.0,1.0,1.0,3.0,4.0,4.0,2.0,1.0,,1.0,1.0,1.0,,1.0,1.0,,1.0,1.0,2.0,3.0,3.0,3.0,3.0,3.0,3.0,1.0,3.0,3.0,3.0,2.0,3.0,3.0,2.0,2.0,2.0,2.0,5.0,1.0,1.0,,1.0,1.0,,,,,,,1.0,,,,,,,,,1.0,,,,5.0,6.0,2.0,6.0,5.0,5.0,8.0,10.0,7.0,9.0,7.0,3.0,4.0,3.0,3.0,1.0,8.0,1.0,1.0,,,,,,,1.0,,,,1.0,1.0,3.0,11.0,10.0,0.6103584665592265
212.0,2.0,68.0,6.0,1.0,3.0,16.0,4.0,2.0,4.0,1.0,,,,1.0,,1.0,,,,,,,,,,,1.0,,,,,,,,2.0,2.0,4.0,,3.0,3.0,3.0,3.0,3.0,3.0,3.0,3.0,3.0,3.0,3.0,3.0,3.0,4.0,4.0,4.0,4.0,4.0,4.0,4.0,4.0,3.0,2.0,4.0,3.0,0.0,5.0,4.0,5.0,5.0,2.0,5.0,2.0,4.0,4.0,3.0,4.0,2.0,1.0,1.0,1.0,2.0,2.0,2.0,2.0,1.0,,,,,,,,1.0,,1.0,,,,,3.0,3.0,4.0,4.0,2.0,,3.0,,,,,,1.0,3.0,1.0,7.0,7.0,7.0,0.0,3.0,5.0,4.0,3.0,4.0,4.0,0.0,7.0,3.0,0.0,3.0,3.0,0.0,0.0,4.0,1.0,5.0,0.0,4.0,2.0,,,,1.0,,,,,2.0,2.0,1.0,2.0,1.0,1.0,1.0,1.0,2.0,3.0,2.0,2.0,3.0,2.0,,,,,,,1.0,,1.0,2.0,3.0,3.0,1.0,2.0,1.0,1.0,3.0,1.0,3.0,1.0,1.0,2.0,1.0,3.0,2.0,2.0,2.0,5.0,2.0,2.0,2.0,,1.0,,,,1.0,,,,,1.0,,,,,,,,1.0,,,,5.0,7.0,4.0,6.0,5.0,4.0,10.0,10.0,8.0,7.0,8.0,5.0,5.0,2.0,0.0,0.0,3.0,5.0,1.0,,,,1.0,,,,,,,2.0,2.0,2.0,1.0,1.0,2.000076770518287
213.0,2.0,48.0,4.0,5.0,2.0,16.0,5.0,1.0,3.0,1.0,,,,,,1.0,,1.0,,,,,,,,1.0,,,,,,,,,4.0,3.0,2.0,3.0,3.0,2.0,3.0,3.0,3.0,3.0,3.0,3.0,3.0,3.0,3.0,3.0,2.0,2.0,1.0,3.0,1.0,4.0,1.0,1.0,3.0,2.0,2.0,2.0,7.0,1.0,5.0,99.0,8.0,8.0,0.0,99.0,99.0,99.0,99.0,99.0,3.0,1.0,1.0,1.0,3.0,1.0,1.0,3.0,5.0,,1.0,,,,,,,,,1.0,,,1.0,,1.0,2.0,1.0,2.0,1.0,1.0,2.0,1.0,,,,,,6.0,4.0,5.0,6.0,5.0,4.0,5.0,5.0,7.0,5.0,4.0,5.0,0.0,7.0,6.0,5.0,2.0,5.0,4.0,3.0,7.0,4.0,0.0,5.0,4.0,2.0,,1.0,,1.0,,,,,2.0,2.0,8.0,6.0,3.0,2.0,2.0,5.0,3.0,4.0,3.0,4.0,3.0,1.0,,,,,,1.0,1.0,,1.0,3.0,2.0,2.0,2.0,1.0,1.0,1.0,3.0,1.0,1.0,1.0,3.0,2.0,3.0,3.0,2.0,2.0,2.0,2.0,2.0,1.0,1.0,,1.0,1.0,,,,,,,1.0,1.0,,,,1.0,,,,1.0,,,,4.0,8.0,2.0,5.0,0.0,3.0,9.0,10.0,5.0,8.0,10.0,5.0,5.0,5.0,1.0,0.0,7.0,5.0,1.0,,,,1.0,,,,,,,2.0,3.0,3.0,5.0,2.0,0.3473876882626968
214.0,1.0,54.0,4.0,5.0,3.0,16.0,4.0,1.0,4.0,1.0,,,,1.0,,1.0,,,,,,,,,,,1.0,,,,,,,,2.0,2.0,2.0,3.0,3.0,3.0,3.0,3.0,3.0,3.0,3.0,3.0,3.0,3.0,3.0,3.0,3.0,4.0,4.0,4.0,4.0,4.0,4.0,4.0,3.0,5.0,7.0,7.0,6.0,7.0,7.0,7.0,8.0,7.0,5.0,5.0,5.0,5.0,5.0,4.0,5.0,2.0,1.0,1.0,1.0,1.0,2.0,2.0,2.0,,,1.0,,,,,1.0,,,,,1.0,,,3.0,3.0,4.0,4.0,2.0,,3.0,,,,,,1.0,2.0,2.0,8.0,8.0,8.0,8.0,8.0,7.0,8.0,8.0,8.0,8.0,5.0,8.0,8.0,8.0,5.0,8.0,5.0,5.0,7.0,7.0,7.0,8.0,4.0,3.0,1.0,1.0,,1.0,1.0,1.0,1.0,,8.0,8.0,8.0,8.0,1.0,1.0,8.0,8.0,1.0,4.0,5.0,2.0,2.0,2.0,,,,,,,1.0,,1.0,1.0,3.0,3.0,3.0,3.0,3.0,3.0,3.0,3.0,3.0,3.0,3.0,3.0,3.0,3.0,1.0,1.0,1.0,1.0,3.0,1.0,1.0,,1.0,,1.0,,,,,,1.0,1.0,,,,1.0,,1.0,,,,,,5.0,7.0,2.0,5.0,3.0,4.0,8.0,10.0,5.0,8.0,9.0,3.0,5.0,3.0,3.0,0.0,5.0,1.0,1.0,,,,1.0,,,,,,,3.0,3.0,3.0,13.0,12.0,0.49366079206413993
215.0,1.0,67.0,6.0,5.0,2.0,16.0,4.0,2.0,5.0,1.0,,,,,,,,1.0,,1.0,,,,,,,,,,,1.0,,,,3.0,2.0,4.0,,3.0,3.0,3.0,3.0,3.0,3.0,3.0,3.0,3.0,3.0,3.0,3.0,3.0,4.0,3.0,3.0,3.0,3.0,3.0,4.0,3.0,9.0,8.0,9.0,5.0,1.0,6.0,7.0,9.0,8.0,8.0,8.0,8.0,8.0,7.0,8.0,6.0,1.0,3.0,1.0,1.0,1.0,1.0,3.0,4.0,,,,,,1.0,1.0,,1.0,,,,,,,2.0,3.0,2.0,3.0,2.0,,4.0,1.0,,,,,,3.0,2.0,2.0,8.0,1.0,0.0,7.0,8.0,5.0,7.0,8.0,8.0,0.0,9.0,8.0,0.0,5.0,3.0,0.0,0.0,8.0,4.0,3.0,0.0,5.0,1.0,1.0,1.0,1.0,1.0,1.0,,1.0,,2.0,2.0,2.0,1.0,1.0,1.0,1.0,2.0,2.0,1.0,1.0,1.0,1.0,3.0,,,1.0,1.0,1.0,1.0,1.0,,3.0,4.0,2.0,2.0,3.0,2.0,1.0,1.0,1.0,1.0,3.0,1.0,1.0,3.0,2.0,2.0,2.0,2.0,2.0,2.0,2.0,1.0,1.0,,1.0,,,,1.0,,,1.0,1.0,,,,,,,,1.0,1.0,1.0,,,9.0,6.0,2.0,5.0,1.0,1.0,7.0,8.0,10.0,10.0,10.0,0.0,0.0,0.0,0.0,0.0,6.0,3.0,1.0,,,,1.0,,,,,,,3.0,3.0,3.0,2.0,2.0,0.660140703492659
216.0,1.0,49.0,4.0,5.0,1.0,16.0,6.0,1.0,2.0,1.0,,,,,1.0,1.0,,,,,,,,,,,,,,,1.0,,,,2.0,2.0,2.0,4.0,3.0,2.0,3.0,3.0,3.0,3.0,3.0,3.0,3.0,3.0,3.0,3.0,3.0,4.0,3.0,4.0,3.0,4.0,4.0,4.0,3.0,6.0,7.0,7.0,7.0,4.0,5.0,6.0,5.0,5.0,6.0,6.0,5.0,6.0,5.0,5.0,6.0,2.0,1.0,1.0,1.0,2.0,2.0,2.0,3.0,1.0,,,,1.0,,,,,,,,,1.0,,3.0,3.0,3.0,4.0,2.0,,3.0,1.0,,,,,,2.0,1.0,5.0,6.0,5.0,3.0,3.0,5.0,8.0,7.0,7.0,7.0,2.0,8.0,8.0,3.0,3.0,5.0,2.0,5.0,7.0,5.0,5.0,4.0,4.0,2.0,,1.0,1.0,1.0,,,,,2.0,2.0,2.0,2.0,2.0,1.0,2.0,2.0,2.0,2.0,2.0,2.0,2.0,2.0,,,,,,1.0,1.0,,1.0,2.0,3.0,3.0,1.0,3.0,1.0,3.0,3.0,1.0,1.0,3.0,1.0,2.0,3.0,3.0,2.0,2.0,2.0,2.0,4.0,1.0,1.0,,,1.0,,,1.0,,,1.0,1.0,1.0,,,,,,,1.0,1.0,1.0,,,3.0,9.0,1.0,4.0,2.0,1.0,9.0,10.0,7.0,9.0,10.0,3.0,5.0,5.0,0.0,0.0,8.0,1.0,1.0,,,,1.0,,,1.0,,,,1.0,1.0,1.0,2.0,2.0,0.586342073234104
217.0,2.0,66.0,6.0,5.0,3.0,16.0,6.0,2.0,3.0,1.0,,,,,,1.0,,,,,,,,,,,1.0,,,,1.0,,,,3.0,2.0,4.0,,1.0,1.0,3.0,3.0,3.0,3.0,1.0,3.0,3.0,2.0,3.0,3.0,2.0,1.0,2.0,3.0,2.0,3.0,2.0,4.0,2.0,2.0,8.0,8.0,2.0,1.0,5.0,2.0,7.0,7.0,0.0,4.0,3.0,7.0,7.0,4.0,4.0,2.0,2.0,2.0,2.0,2.0,2.0,2.0,3.0,1.0,,,,,,,1.0,,,,,,1.0,,3.0,3.0,3.0,2.0,1.0,4.0,2.0,1.0,,,,,,3.0,2.0,4.0,5.0,2.0,1.0,0.0,5.0,7.0,5.0,5.0,3.0,0.0,8.0,1.0,0.0,0.0,5.0,0.0,0.0,6.0,0.0,4.0,0.0,4.0,2.0,,1.0,,1.0,1.0,,1.0,,2.0,2.0,8.0,8.0,8.0,2.0,2.0,8.0,2.0,2.0,2.0,2.0,2.0,1.0,,,,,,1.0,1.0,,1.0,2.0,2.0,3.0,1.0,1.0,1.0,1.0,3.0,1.0,3.0,1.0,3.0,2.0,3.0,2.0,2.0,2.0,1.0,2.0,2.0,1.0,1.0,,1.0,1.0,,,,,,1.0,1.0,1.0,,,,,,,1.0,1.0,1.0,,,2.0,9.0,4.0,6.0,4.0,4.0,8.0,10.0,5.0,7.0,10.0,3.0,6.0,3.0,0.0,0.0,8.0,4.0,1.0,,,,1.0,,,,,,,3.0,3.0,3.0,11.0,10.0,2.000061455322882
218.0,1.0,34.0,2.0,1.0,2.0,16.0,7.0,3.0,4.0,2.0,,,,,,1.0,,,,,,,,,,,1.0,,,,1.0,,,,3.0,2.0,7.0,,1.0,1.0,2.0,3.0,2.0,1.0,4.0,3.0,3.0,3.0,1.0,1.0,2.0,3.0,3.0,3.0,2.0,5.0,3.0,3.0,3.0,7.0,8.0,7.0,5.0,7.0,7.0,5.0,8.0,7.0,2.0,4.0,4.0,6.0,99.0,4.0,5.0,2.0,2.0,1.0,1.0,1.0,2.0,1.0,5.0,,,1.0,,1.0,,,,,,1.0,,,,,5.0,5.0,2.0,3.0,2.0,,5.0,1.0,,,,,,3.0,2.0,6.0,8.0,5.0,0.0,6.0,7.0,6.0,6.0,6.0,6.0,3.0,8.0,9.0,6.0,4.0,7.0,3.0,2.0,8.0,7.0,5.0,7.0,4.0,2.0,,,,1.0,,1.0,,,5.0,5.0,5.0,5.0,8.0,5.0,5.0,8.0,2.0,3.0,2.0,2.0,2.0,3.0,,,,,,1.0,1.0,,2.0,2.0,2.0,3.0,1.0,1.0,3.0,3.0,3.0,1.0,3.0,3.0,1.0,2.0,3.0,3.0,2.0,2.0,2.0,2.0,2.0,1.0,1.0,,1.0,1.0,,,,,,1.0,1.0,,,,,,,1.0,,1.0,1.0,,,2.0,7.0,5.0,7.0,4.0,2.0,9.0,10.0,2.0,9.0,9.0,4.0,3.0,1.0,0.0,0.0,8.0,4.0,1.0,,,,,,1.0,,,,,1.0,1.0,1.0,2.0,2.0,1.9999857261526688
219.0,1.0,21.0,1.0,3.0,3.0,16.0,6.0,1.0,1.0,1.0,,,,,,,,,,1.0,1.0,,,,,,1.0,,,,,,,,3.0,2.0,3.0,4.0,1.0,1.0,2.0,3.0,3.0,2.0,2.0,3.0,3.0,3.0,2.0,3.0,2.0,2.0,3.0,3.0,2.0,4.0,2.0,3.0,1.0,8.0,7.0,9.0,9.0,8.0,9.0,7.0,7.0,7.0,5.0,8.0,8.0,7.0,9.0,8.0,10.0,2.0,1.0,1.0,2.0,2.0,2.0,2.0,2.0,,1.0,,,,,,,,,,1.0,1.0,,,2.0,1.0,1.0,2.0,2.0,,2.0,,,1.0,,1.0,,3.0,2.0,7.0,8.0,7.0,6.0,7.0,7.0,7.0,9.0,7.0,9.0,6.0,9.0,10.0,7.0,6.0,7.0,7.0,8.0,8.0,9.0,8.0,8.0,4.0,2.0,,,1.0,,,,1.0,,1.0,2.0,3.0,7.0,6.0,2.0,2.0,2.0,3.0,2.0,1.0,1.0,2.0,2.0,,,,,1.0,,,,1.0,1.0,1.0,1.0,3.0,3.0,3.0,1.0,3.0,2.0,1.0,3.0,1.0,2.0,3.0,2.0,2.0,2.0,1.0,3.0,2.0,3.0,1.0,,1.0,,1.0,,,1.0,,,1.0,,,,,,,1.0,,1.0,1.0,,,5.0,6.0,4.0,4.0,2.0,3.0,7.0,8.0,7.0,7.0,8.0,6.0,7.0,7.0,6.0,7.0,7.0,5.0,1.0,,,1.0,,,,,,,,2.0,1.0,1.0,2.0,10.0,2.00001523672962
220.0,1.0,52.0,4.0,5.0,3.0,16.0,6.0,1.0,4.0,1.0,,,,,,1.0,,1.0,,,,,,,,,1.0,,,,,,,,4.0,3.0,2.0,4.0,2.0,1.0,3.0,1.0,3.0,3.0,3.0,3.0,3.0,3.0,3.0,3.0,1.0,3.0,1.0,4.0,2.0,4.0,4.0,1.0,1.0,0.0,5.0,6.0,4.0,2.0,2.0,4.0,7.0,2.0,0.0,5.0,3.0,5.0,4.0,5.0,5.0,1.0,1.0,1.0,3.0,1.0,1.0,3.0,4.0,,,1.0,,,,,,,1.0,,1.0,,,,4.0,4.0,1.0,3.0,2.0,,2.0,1.0,,,,,,4.0,3.0,2.0,4.0,1.0,0.0,3.0,1.0,4.0,4.0,1.0,2.0,2.0,3.0,1.0,2.0,0.0,0.0,2.0,1.0,3.0,1.0,0.0,4.0,3.0,3.0,,,,,,,,1.0,8.0,8.0,8.0,7.0,7.0,1.0,8.0,8.0,8.0,4.0,4.0,4.0,3.0,1.0,1.0,1.0,1.0,1.0,1.0,1.0,1.0,,1.0,1.0,3.0,3.0,3.0,3.0,3.0,3.0,3.0,3.0,3.0,3.0,3.0,2.0,3.0,3.0,2.0,2.0,2.0,2.0,2.0,1.0,1.0,1.0,,,,,1.0,,,,,1.0,,,,,,,,1.0,,,,5.0,6.0,4.0,4.0,3.0,4.0,6.0,8.0,4.0,9.0,10.0,5.0,4.0,4.0,3.0,0.0,8.0,1.0,1.0,,,,,,,,,1.0,,2.0,3.0,3.0,10.0,11.0,0.49366079206413993
221.0,1.0,41.0,3.0,5.0,2.0,16.0,5.0,1.0,2.0,1.0,,,,,,1.0,1.0,,,,,,,,,,1.0,,,,,,,,2.0,1.0,3.0,4.0,3.0,2.0,3.0,3.0,3.0,2.0,3.0,2.0,3.0,3.0,3.0,3.0,3.0,4.0,3.0,3.0,4.0,3.0,3.0,4.0,3.0,7.0,7.0,7.0,6.0,5.0,6.0,6.0,6.0,7.0,7.0,6.0,7.0,5.0,5.0,6.0,6.0,2.0,1.0,3.0,1.0,1.0,2.0,3.0,2.0,1.0,,,,,,,,,,,1.0,,1.0,,2.0,3.0,2.0,2.0,1.0,5.0,2.0,1.0,,,,1.0,,3.0,2.0,7.0,6.0,6.0,7.0,6.0,7.0,6.0,7.0,6.0,6.0,7.0,6.0,6.0,7.0,5.0,7.0,7.0,6.0,7.0,6.0,5.0,6.0,2.0,2.0,,,1.0,,1.0,,1.0,,1.0,1.0,3.0,3.0,1.0,1.0,3.0,1.0,3.0,2.0,3.0,3.0,2.0,1.0,1.0,,,,,,,,3.0,2.0,2.0,2.0,1.0,1.0,3.0,3.0,1.0,3.0,1.0,1.0,3.0,2.0,3.0,2.0,2.0,2.0,2.0,2.0,2.0,3.0,3.0,1.0,,,,,1.0,,1.0,,1.0,1.0,,,,,1.0,,,1.0,1.0,,,5.0,5.0,3.0,5.0,3.0,5.0,8.0,10.0,7.0,6.0,6.0,6.0,6.0,4.0,5.0,5.0,8.0,1.0,1.0,,,,1.0,,,1.0,1.0,,,2.0,2.0,2.0,1.0,1.0,0.5806295587758279
222.0,1.0,63.0,5.0,5.0,2.0,16.0,6.0,3.0,6.0,2.0,,,,,,,,,,,,,,,1.0,,1.0,1.0,,,,,,,3.0,2.0,6.0,,1.0,1.0,3.0,3.0,3.0,1.0,1.0,3.0,3.0,3.0,1.0,1.0,1.0,3.0,3.0,3.0,3.0,3.0,3.0,3.0,2.0,7.0,6.0,6.0,4.0,2.0,7.0,5.0,8.0,7.0,1.0,7.0,4.0,8.0,6.0,6.0,4.0,2.0,1.0,1.0,1.0,2.0,2.0,2.0,4.0,1.0,,,,,,,1.0,,,,,,1.0,,3.0,3.0,2.0,3.0,1.0,2.0,3.0,1.0,1.0,1.0,1.0,,,3.0,2.0,0.0,9.0,1.0,0.0,0.0,6.0,8.0,4.0,7.0,6.0,1.0,8.0,6.0,0.0,4.0,3.0,0.0,0.0,6.0,7.0,3.0,0.0,5.0,1.0,1.0,,1.0,1.0,1.0,1.0,1.0,,2.0,2.0,2.0,2.0,8.0,2.0,2.0,2.0,2.0,1.0,1.0,1.0,1.0,3.0,,1.0,,,,,,,2.0,2.0,2.0,3.0,1.0,2.0,3.0,3.0,3.0,2.0,2.0,3.0,2.0,2.0,3.0,3.0,1.0,1.0,1.0,1.0,3.0,3.0,3.0,,1.0,1.0,,,,,1.0,,1.0,1.0,,,,1.0,1.0,1.0,1.0,1.0,1.0,,,1.0,8.0,2.0,7.0,2.0,4.0,10.0,10.0,9.0,7.0,9.0,1.0,4.0,3.0,0.0,0.0,8.0,5.0,1.0,,,,,,1.0,,,1.0,,1.0,1.0,1.0,2.0,2.0,0.4101278266777226
223.0,1.0,69.0,6.0,5.0,2.0,16.0,4.0,2.0,6.0,1.0,,,,,,1.0,,,,,,,,,,,,,,,1.0,1.0,,,3.0,2.0,4.0,,1.0,1.0,3.0,3.0,3.0,3.0,1.0,3.0,3.0,2.0,3.0,3.0,3.0,4.0,4.0,4.0,3.0,4.0,3.0,3.0,3.0,6.0,5.0,6.0,3.0,4.0,5.0,5.0,7.0,4.0,4.0,4.0,6.0,5.0,5.0,5.0,3.0,2.0,1.0,1.0,1.0,1.0,2.0,2.0,3.0,1.0,,,,,,,,1.0,,,,,1.0,,3.0,3.0,2.0,3.0,2.0,,3.0,1.0,1.0,,,,,3.0,2.0,5.0,5.0,4.0,5.0,7.0,5.0,2.0,6.0,5.0,6.0,4.0,5.0,5.0,4.0,4.0,3.0,4.0,6.0,6.0,2.0,5.0,5.0,4.0,2.0,,1.0,,1.0,,1.0,1.0,,1.0,1.0,1.0,1.0,1.0,1.0,1.0,1.0,1.0,3.0,2.0,3.0,2.0,1.0,,,,,,,1.0,,1.0,4.0,3.0,3.0,3.0,3.0,3.0,3.0,3.0,3.0,3.0,3.0,3.0,3.0,3.0,3.0,2.0,2.0,2.0,2.0,1.0,1.0,1.0,1.0,,1.0,,,,,,1.0,,,,,1.0,1.0,1.0,1.0,1.0,1.0,1.0,,,4.0,4.0,1.0,4.0,1.0,1.0,9.0,10.0,7.0,5.0,9.0,5.0,6.0,4.0,0.0,0.0,4.0,5.0,1.0,,,1.0,,,,,,,,3.0,3.0,3.0,1.0,1.0,0.6227725296645248
224.0,2.0,44.0,3.0,1.0,2.0,16.0,6.0,1.0,3.0,1.0,,,,,,,,,,1.0,,,,1.0,,,1.0,,,,,,,,3.0,2.0,1.0,3.0,3.0,3.0,3.0,3.0,3.0,3.0,3.0,3.0,3.0,3.0,3.0,3.0,3.0,4.0,4.0,4.0,4.0,4.0,3.0,4.0,4.0,6.0,5.0,5.0,5.0,5.0,6.0,5.0,5.0,5.0,6.0,5.0,5.0,6.0,5.0,5.0,6.0,2.0,1.0,1.0,1.0,1.0,2.0,1.0,3.0,,,1.0,,,,,1.0,,,1.0,,,,,4.0,4.0,2.0,4.0,1.0,2.0,2.0,1.0,,,,,,3.0,2.0,6.0,6.0,5.0,4.0,3.0,5.0,5.0,5.0,6.0,5.0,6.0,6.0,5.0,5.0,5.0,5.0,5.0,5.0,6.0,5.0,6.0,5.0,3.0,3.0,,,,,,,1.0,,5.0,5.0,5.0,5.0,5.0,1.0,5.0,5.0,1.0,3.0,3.0,3.0,3.0,2.0,,,,,,,1.0,,2.0,2.0,3.0,3.0,3.0,3.0,3.0,3.0,3.0,3.0,3.0,3.0,3.0,3.0,3.0,3.0,2.0,2.0,2.0,2.0,3.0,1.0,1.0,,,,1.0,,1.0,,,,1.0,,,,,1.0,,,,,,,,3.0,7.0,0.0,8.0,4.0,6.0,10.0,10.0,8.0,6.0,10.0,4.0,6.0,8.0,0.0,0.0,8.0,4.0,1.0,,,,1.0,,,,,,,1.0,2.0,2.0,2.0,4.0,0.9860574037334805
225.0,1.0,41.0,3.0,5.0,3.0,16.0,6.0,1.0,3.0,1.0,,,,,,,,,,1.0,,,,,,,1.0,,,,1.0,,,,2.0,2.0,2.0,4.0,3.0,3.0,3.0,3.0,3.0,3.0,3.0,3.0,3.0,3.0,3.0,3.0,3.0,4.0,4.0,4.0,4.0,4.0,4.0,4.0,4.0,10.0,7.0,8.0,7.0,8.0,8.0,7.0,9.0,8.0,6.0,8.0,99.0,7.0,7.0,7.0,7.0,2.0,2.0,2.0,2.0,2.0,2.0,2.0,4.0,1.0,,,,,,,1.0,,,,,1.0,,,2.0,5.0,5.0,5.0,2.0,,5.0,,1.0,,,,,3.0,2.0,7.0,7.0,6.0,2.0,8.0,7.0,6.0,7.0,4.0,6.0,6.0,8.0,9.0,6.0,1.0,7.0,7.0,6.0,7.0,6.0,7.0,7.0,6.0,5.0,,,,,,,,1.0,8.0,8.0,8.0,8.0,8.0,8.0,8.0,8.0,8.0,5.0,5.0,5.0,5.0,2.0,,,,,,,,1.0,5.0,5.0,3.0,3.0,3.0,3.0,3.0,3.0,3.0,3.0,3.0,3.0,3.0,3.0,3.0,3.0,5.0,5.0,5.0,5.0,5.0,5.0,5.0,1.0,,,,,1.0,,,,,,,1.0,,,,,,,,,1.0,99.0,99.0,99.0,99.0,99.0,99.0,99.0,99.0,99.0,99.0,99.0,99.0,99.0,99.0,99.0,99.0,8.0,6.0,2.0,7.0,,,1.0,,,1.0,,,,3.0,3.0,3.0,13.0,12.0,0.6936452079036711
226.0,2.0,41.0,3.0,5.0,3.0,16.0,5.0,1.0,5.0,1.0,,,,,,,,1.0,,,,,,,,,1.0,,,,1.0,,,,2.0,2.0,2.0,5.0,1.0,1.0,2.0,4.0,1.0,2.0,1.0,1.0,2.0,1.0,4.0,3.0,1.0,2.0,4.0,4.0,2.0,3.0,3.0,3.0,3.0,8.0,5.0,4.0,5.0,5.0,3.0,8.0,9.0,8.0,2.0,5.0,5.0,4.0,5.0,3.0,7.0,2.0,1.0,1.0,1.0,1.0,2.0,1.0,4.0,,,1.0,,,1.0,,1.0,,,,,,,,1.0,1.0,2.0,2.0,2.0,,1.0,1.0,,,,,,2.0,2.0,3.0,8.0,7.0,1.0,7.0,9.0,7.0,9.0,5.0,8.0,9.0,9.0,9.0,2.0,6.0,5.0,3.0,5.0,10.0,8.0,0.0,4.0,3.0,2.0,1.0,,,1.0,,,,,2.0,2.0,2.0,2.0,2.0,2.0,2.0,2.0,2.0,3.0,5.0,3.0,5.0,1.0,,,,,,,1.0,,5.0,5.0,3.0,3.0,3.0,3.0,3.0,3.0,3.0,3.0,3.0,3.0,3.0,3.0,3.0,3.0,5.0,5.0,5.0,5.0,1.0,1.0,1.0,,1.0,1.0,,,,,,,,,,1.0,,,1.0,,1.0,,1.0,,,99.0,99.0,99.0,99.0,99.0,99.0,99.0,99.0,99.0,99.0,99.0,99.0,99.0,99.0,99.0,99.0,4.0,1.0,3.0,,83.0,,1.0,,,1.0,,,,2.0,2.0,2.0,13.0,12.0,0.5515836768536562
227.0,1.0,62.0,5.0,5.0,1.0,16.0,6.0,1.0,1.0,1.0,,,,,,1.0,1.0,,,,,,,,,,,,,,,1.0,,,2.0,2.0,2.0,4.0,3.0,3.0,3.0,3.0,3.0,3.0,3.0,3.0,3.0,3.0,3.0,3.0,3.0,3.0,2.0,3.0,2.0,4.0,3.0,4.0,2.0,4.0,8.0,8.0,8.0,3.0,6.0,7.0,8.0,8.0,4.0,3.0,7.0,5.0,9.0,7.0,6.0,2.0,1.0,1.0,1.0,1.0,1.0,1.0,3.0,1.0,,,,,,,,1.0,,,,,1.0,,3.0,2.0,2.0,3.0,2.0,,3.0,1.0,,,,,,2.0,2.0,4.0,8.0,4.0,1.0,8.0,8.0,4.0,9.0,8.0,8.0,7.0,8.0,5.0,2.0,5.0,7.0,6.0,4.0,8.0,3.0,3.0,4.0,4.0,1.0,1.0,1.0,1.0,1.0,,,1.0,,1.0,1.0,1.0,1.0,1.0,1.0,1.0,1.0,1.0,3.0,3.0,3.0,1.0,1.0,,1.0,1.0,1.0,1.0,1.0,1.0,,1.0,2.0,3.0,3.0,3.0,3.0,1.0,3.0,3.0,1.0,1.0,3.0,3.0,2.0,3.0,2.0,1.0,1.0,1.0,3.0,4.0,3.0,3.0,,,1.0,1.0,,,,1.0,1.0,1.0,1.0,,,,,,1.0,1.0,1.0,,,,6.0,6.0,3.0,4.0,2.0,2.0,9.0,10.0,9.0,9.0,7.0,2.0,2.0,3.0,1.0,0.0,8.0,1.0,1.0,,,,1.0,,,1.0,,,,2.0,3.0,3.0,1.0,1.0,1.5698142826590038
228.0,2.0,24.0,1.0,4.0,3.0,16.0,5.0,3.0,6.0,1.0,,,,,,,,1.0,,1.0,,,,,,,,,,,1.0,,,,4.0,3.0,6.0,,3.0,1.0,3.0,1.0,3.0,3.0,1.0,3.0,3.0,3.0,1.0,3.0,1.0,1.0,1.0,1.0,1.0,1.0,1.0,1.0,1.0,3.0,3.0,99.0,4.0,0.0,2.0,2.0,4.0,5.0,1.0,99.0,5.0,5.0,99.0,4.0,6.0,2.0,1.0,1.0,1.0,1.0,1.0,3.0,4.0,,,1.0,,,1.0,,,,,,1.0,,,,4.0,4.0,1.0,2.0,1.0,2.0,2.0,1.0,,,,,,3.0,2.0,1.0,3.0,0.0,0.0,0.0,4.0,3.0,2.0,0.0,1.0,0.0,5.0,4.0,0.0,0.0,0.0,0.0,0.0,4.0,1.0,0.0,0.0,4.0,2.0,1.0,,1.0,1.0,,1.0,,,8.0,8.0,8.0,8.0,8.0,8.0,8.0,5.0,2.0,5.0,2.0,2.0,5.0,2.0,,,,,,1.0,1.0,,3.0,3.0,2.0,2.0,1.0,1.0,3.0,3.0,3.0,2.0,3.0,3.0,3.0,2.0,3.0,3.0,5.0,5.0,5.0,5.0,3.0,2.0,2.0,1.0,,1.0,,,,,,1.0,1.0,1.0,,,,,,,,,,,1.0,1.0,7.0,0.0,4.0,3.0,1.0,8.0,10.0,8.0,5.0,10.0,5.0,7.0,6.0,2.0,0.0,6.0,5.0,1.0,,,,1.0,,1.0,,,,,2.0,2.0,2.0,5.0,11.0,0.8929753346599877
229.0,2.0,70.0,6.0,5.0,3.0,16.0,3.0,2.0,6.0,1.0,,,,,,,,,,,,,,,1.0,,,,,,,,,,1.0,1.0,4.0,,3.0,3.0,3.0,3.0,3.0,3.0,3.0,3.0,3.0,3.0,3.0,3.0,3.0,3.0,4.0,4.0,3.0,4.0,4.0,4.0,4.0,8.0,8.0,9.0,6.0,6.0,8.0,8.0,10.0,9.0,6.0,7.0,7.0,7.0,10.0,8.0,8.0,2.0,2.0,1.0,1.0,1.0,2.0,2.0,1.0,1.0,,,,,,,,,,,,1.0,1.0,,3.0,3.0,4.0,2.0,2.0,,2.0,1.0,,,,,,2.0,2.0,6.0,9.0,8.0,5.0,5.0,8.0,7.0,8.0,8.0,7.0,7.0,8.0,8.0,9.0,7.0,6.0,8.0,7.0,8.0,7.0,8.0,6.0,4.0,2.0,,1.0,1.0,1.0,1.0,1.0,,,3.0,1.0,3.0,3.0,3.0,1.0,3.0,3.0,1.0,1.0,2.0,1.0,1.0,3.0,,,,1.0,,1.0,1.0,,1.0,1.0,2.0,3.0,1.0,2.0,1.0,1.0,2.0,3.0,3.0,3.0,3.0,2.0,3.0,3.0,2.0,2.0,2.0,2.0,5.0,4.0,2.0,,1.0,,,,1.0,,,1.0,1.0,1.0,,,,,,,,1.0,1.0,,,4.0,7.0,3.0,4.0,0.0,3.0,10.0,10.0,6.0,10.0,99.0,5.0,0.0,3.0,0.0,0.0,3.0,3.0,2.0,16.0,,1.0,,,,,,,,1.0,2.0,1.0,3.0,3.0,2.0000606853765586
230.0,1.0,62.0,5.0,3.0,2.0,16.0,3.0,1.0,4.0,1.0,1.0,,,,,,,,,,,,,,,,,,,,,,,,3.0,2.0,2.0,3.0,3.0,3.0,3.0,3.0,3.0,3.0,3.0,3.0,3.0,3.0,3.0,3.0,3.0,4.0,4.0,4.0,4.0,4.0,4.0,4.0,3.0,6.0,8.0,6.0,7.0,5.0,5.0,7.0,7.0,6.0,5.0,5.0,6.0,8.0,7.0,7.0,6.0,1.0,1.0,1.0,1.0,1.0,1.0,1.0,3.0,1.0,,,,,,,,,,,1.0,1.0,,,4.0,4.0,3.0,3.0,2.0,,4.0,,,,1.0,,,3.0,2.0,7.0,8.0,6.0,5.0,6.0,5.0,6.0,6.0,5.0,6.0,6.0,8.0,6.0,6.0,5.0,6.0,5.0,5.0,8.0,6.0,6.0,5.0,3.0,2.0,,,,,,1.0,,,1.0,1.0,3.0,3.0,1.0,3.0,3.0,3.0,3.0,3.0,3.0,3.0,3.0,1.0,,,,,,1.0,1.0,,2.0,2.0,3.0,3.0,3.0,3.0,3.0,3.0,3.0,3.0,3.0,3.0,3.0,3.0,3.0,3.0,2.0,2.0,2.0,2.0,4.0,4.0,3.0,,1.0,,,,1.0,,,1.0,1.0,,,,,,,,,,1.0,,,5.0,7.0,0.0,5.0,0.0,4.0,8.0,0.0,5.0,8.0,6.0,10.0,8.0,6.0,6.0,1.0,3.0,1.0,2.0,1.0,,,1.0,,,,,,,2.0,2.0,2.0,3.0,3.0,0.6958219645771515
231.0,1.0,59.0,5.0,5.0,2.0,16.0,4.0,1.0,4.0,1.0,,,,,,1.0,1.0,1.0,,,,,,,,,,,,,,,,,3.0,2.0,2.0,4.0,3.0,3.0,3.0,3.0,3.0,3.0,3.0,3.0,3.0,3.0,3.0,3.0,3.0,3.0,3.0,4.0,3.0,4.0,3.0,4.0,4.0,2.0,2.0,5.0,5.0,2.0,0.0,3.0,6.0,1.0,1.0,0.0,6.0,3.0,5.0,2.0,2.0,2.0,1.0,1.0,3.0,1.0,1.0,3.0,3.0,,,1.0,,,1.0,1.0,,,,,,,,,2.0,1.0,2.0,3.0,2.0,,3.0,,,,,1.0,,5.0,3.0,3.0,3.0,2.0,1.0,5.0,3.0,2.0,2.0,2.0,2.0,2.0,6.0,6.0,4.0,0.0,4.0,3.0,4.0,6.0,1.0,3.0,4.0,3.0,4.0,,,,1.0,,,,,8.0,1.0,8.0,7.0,6.0,8.0,8.0,3.0,8.0,4.0,4.0,4.0,4.0,1.0,,1.0,,1.0,1.0,,1.0,,1.0,3.0,2.0,2.0,2.0,3.0,3.0,2.0,3.0,1.0,3.0,3.0,3.0,3.0,2.0,3.0,2.0,2.0,2.0,3.0,5.0,2.0,2.0,1.0,,,,,1.0,,,1.0,1.0,,,,,1.0,1.0,,1.0,1.0,1.0,,,4.0,6.0,0.0,3.0,2.0,3.0,8.0,10.0,1.0,8.0,10.0,5.0,6.0,4.0,1.0,0.0,6.0,3.0,1.0,,,,1.0,,,,,,,2.0,3.0,3.0,11.0,10.0,0.4464651808290927
232.0,2.0,52.0,4.0,5.0,1.0,16.0,5.0,1.0,4.0,1.0,,,,,,1.0,,1.0,,1.0,,,,,,,,,,,,,,,2.0,2.0,2.0,3.0,3.0,1.0,3.0,3.0,3.0,2.0,3.0,2.0,3.0,3.0,3.0,3.0,2.0,3.0,3.0,4.0,3.0,4.0,3.0,4.0,4.0,7.0,9.0,9.0,6.0,7.0,6.0,7.0,7.0,7.0,8.0,6.0,8.0,7.0,8.0,7.0,8.0,1.0,1.0,3.0,3.0,1.0,1.0,3.0,3.0,1.0,,,,,,,,1.0,,1.0,,,,,5.0,5.0,3.0,3.0,2.0,,4.0,,,,,,1.0,2.0,2.0,6.0,6.0,6.0,7.0,7.0,7.0,6.0,7.0,7.0,7.0,4.0,7.0,7.0,6.0,6.0,7.0,7.0,7.0,6.0,7.0,7.0,7.0,4.0,5.0,,,,1.0,,,,,3.0,1.0,1.0,3.0,1.0,1.0,1.0,3.0,1.0,5.0,5.0,5.0,5.0,1.0,,,,,,,,1.0,1.0,3.0,3.0,3.0,3.0,3.0,3.0,3.0,3.0,3.0,3.0,3.0,3.0,3.0,3.0,3.0,2.0,2.0,1.0,1.0,1.0,2.0,1.0,,1.0,,,,1.0,,,,1.0,,,,,,,,1.0,1.0,1.0,,,99.0,99.0,99.0,99.0,99.0,99.0,99.0,99.0,7.0,9.0,10.0,4.0,5.0,5.0,4.0,3.0,6.0,1.0,1.0,,,,,,,1.0,,,,2.0,3.0,3.0,1.0,1.0,0.6262469595035056
233.0,1.0,64.0,5.0,5.0,2.0,16.0,4.0,2.0,3.0,1.0,1.0,,,,,,,,,,,,,,1.0,,1.0,,,,,,,,2.0,4.0,4.0,,3.0,3.0,3.0,3.0,3.0,3.0,3.0,3.0,3.0,3.0,4.0,3.0,3.0,3.0,4.0,4.0,3.0,4.0,4.0,4.0,3.0,7.0,99.0,99.0,4.0,99.0,5.0,99.0,5.0,5.0,3.0,99.0,99.0,99.0,99.0,99.0,99.0,1.0,3.0,3.0,3.0,3.0,1.0,3.0,5.0,,,,,,,,1.0,1.0,,,,,1.0,,5.0,5.0,2.0,3.0,2.0,,3.0,,,1.0,,,,3.0,4.0,3.0,5.0,2.0,0.0,6.0,99.0,99.0,5.0,5.0,7.0,0.0,99.0,6.0,99.0,2.0,5.0,3.0,3.0,8.0,3.0,5.0,2.0,4.0,5.0,1.0,1.0,1.0,1.0,1.0,1.0,1.0,,3.0,8.0,8.0,8.0,8.0,8.0,8.0,4.0,2.0,5.0,5.0,5.0,2.0,2.0,,,,,,1.0,1.0,,1.0,2.0,3.0,3.0,3.0,3.0,3.0,3.0,3.0,3.0,3.0,3.0,3.0,2.0,3.0,2.0,1.0,1.0,1.0,1.0,4.0,3.0,3.0,1.0,,1.0,,,,,1.0,1.0,1.0,1.0,,,,1.0,,,,1.0,1.0,,,2.0,5.0,2.0,4.0,3.0,99.0,9.0,10.0,99.0,7.0,9.0,4.0,4.0,4.0,0.0,0.0,4.0,4.0,2.0,9.0,,,1.0,,,,,,,3.0,3.0,3.0,13.0,3.0,0.39609770538400135
234.0,1.0,48.0,4.0,1.0,3.0,16.0,6.0,1.0,2.0,2.0,,,,,1.0,,,,,,,,,,,,,1.0,1.0,,,,,,3.0,2.0,2.0,3.0,3.0,3.0,3.0,3.0,3.0,3.0,3.0,3.0,3.0,3.0,3.0,3.0,3.0,3.0,3.0,3.0,3.0,3.0,3.0,3.0,3.0,3.0,6.0,7.0,8.0,1.0,3.0,6.0,7.0,5.0,2.0,1.0,2.0,5.0,6.0,6.0,7.0,2.0,2.0,1.0,1.0,1.0,2.0,3.0,4.0,1.0,,,1.0,,,,,,,,,,1.0,,4.0,3.0,2.0,3.0,2.0,,3.0,,,,1.0,,,3.0,2.0,5.0,5.0,1.0,1.0,0.0,6.0,6.0,6.0,7.0,8.0,1.0,6.0,7.0,0.0,3.0,3.0,3.0,3.0,6.0,5.0,4.0,1.0,5.0,1.0,1.0,,1.0,1.0,,1.0,1.0,,1.0,1.0,1.0,1.0,1.0,1.0,1.0,1.0,1.0,1.0,1.0,1.0,4.0,3.0,,,1.0,1.0,1.0,1.0,1.0,,2.0,2.0,3.0,3.0,3.0,3.0,3.0,3.0,3.0,1.0,1.0,3.0,3.0,2.0,3.0,3.0,1.0,1.0,1.0,1.0,3.0,1.0,1.0,,,1.0,,,1.0,,,1.0,1.0,1.0,,,,1.0,,,,1.0,,,,4.0,8.0,3.0,6.0,3.0,6.0,8.0,10.0,10.0,7.0,7.0,0.0,0.0,0.0,0.0,0.0,7.0,5.0,1.0,,,,1.0,,,1.0,,,,1.0,1.0,1.0,11.0,10.0,1.2106904789347501
235.0,2.0,66.0,6.0,4.0,2.0,16.0,5.0,1.0,4.0,1.0,,,,,,1.0,,,,,,,,,,,,,,,1.0,,,,2.0,2.0,12.0,,3.0,1.0,3.0,3.0,3.0,3.0,1.0,3.0,3.0,3.0,3.0,3.0,3.0,3.0,3.0,4.0,3.0,4.0,4.0,3.0,3.0,8.0,8.0,8.0,7.0,7.0,7.0,8.0,7.0,7.0,7.0,7.0,6.0,7.0,8.0,9.0,6.0,2.0,2.0,1.0,1.0,1.0,2.0,3.0,3.0,1.0,,,,,,,1.0,,,,,,1.0,,3.0,3.0,3.0,4.0,1.0,7.0,3.0,1.0,,,,,,2.0,2.0,8.0,8.0,7.0,5.0,6.0,6.0,7.0,6.0,6.0,6.0,3.0,7.0,7.0,6.0,6.0,7.0,5.0,5.0,6.0,6.0,6.0,6.0,4.0,5.0,,,1.0,,1.0,1.0,,,5.0,3.0,5.0,2.0,1.0,2.0,5.0,2.0,5.0,3.0,5.0,3.0,3.0,2.0,1.0,,,,,1.0,1.0,,2.0,1.0,2.0,2.0,3.0,3.0,1.0,3.0,3.0,1.0,1.0,1.0,1.0,2.0,2.0,3.0,1.0,1.0,1.0,1.0,3.0,2.0,2.0,,1.0,1.0,,,,,,1.0,1.0,1.0,,,,1.0,,1.0,1.0,1.0,,,,1.0,5.0,2.0,3.0,2.0,2.0,8.0,10.0,3.0,9.0,8.0,5.0,5.0,5.0,0.0,0.0,7.0,4.0,3.0,,40.0,,1.0,,,,,,,3.0,3.0,3.0,3.0,4.0,2.0000756648250273
236.0,2.0,42.0,3.0,2.0,3.0,16.0,5.0,1.0,4.0,1.0,,,,,,,,1.0,,,1.0,1.0,,,,,,,,,,,,,2.0,2.0,2.0,4.0,2.0,1.0,3.0,3.0,3.0,1.0,2.0,3.0,3.0,3.0,3.0,3.0,2.0,2.0,2.0,4.0,2.0,3.0,2.0,3.0,3.0,10.0,8.0,5.0,5.0,6.0,5.0,6.0,8.0,6.0,6.0,4.0,4.0,6.0,7.0,6.0,6.0,1.0,1.0,1.0,1.0,1.0,2.0,3.0,3.0,,1.0,,,,1.0,,,1.0,,,,,,,3.0,4.0,2.0,3.0,2.0,,4.0,1.0,,,,,,3.0,2.0,7.0,8.0,6.0,5.0,8.0,7.0,4.0,8.0,6.0,6.0,5.0,9.0,10.0,6.0,3.0,6.0,5.0,4.0,7.0,7.0,5.0,6.0,4.0,2.0,,,,1.0,,,1.0,,8.0,8.0,8.0,8.0,8.0,8.0,8.0,8.0,8.0,5.0,2.0,2.0,2.0,2.0,,,,,,,,1.0,1.0,5.0,3.0,3.0,3.0,1.0,2.0,1.0,3.0,1.0,2.0,3.0,3.0,3.0,3.0,3.0,5.0,5.0,5.0,5.0,4.0,3.0,3.0,,,,,1.0,1.0,1.0,1.0,1.0,1.0,1.0,,,,,,1.0,,,,,,99.0,99.0,99.0,99.0,99.0,99.0,99.0,99.0,7.0,7.0,8.0,5.0,7.0,3.0,3.0,0.0,5.0,1.0,1.0,,,,1.0,,,1.0,,,,1.0,1.0,1.0,13.0,12.0,1.0802479134992073
237.0,1.0,81.0,6.0,3.0,2.0,16.0,6.0,2.0,5.0,1.0,,,,,,,,,,,1.0,,,,1.0,,1.0,,,,,,,,3.0,1.0,4.0,,1.0,1.0,3.0,3.0,2.0,2.0,1.0,3.0,3.0,3.0,2.0,2.0,1.0,3.0,2.0,2.0,2.0,4.0,2.0,3.0,1.0,7.0,6.0,7.0,4.0,3.0,7.0,6.0,3.0,8.0,6.0,7.0,7.0,4.0,6.0,6.0,7.0,2.0,1.0,1.0,3.0,1.0,2.0,3.0,5.0,1.0,,,,,,1.0,1.0,,,,,,,,2.0,2.0,2.0,2.0,1.0,2.0,2.0,1.0,1.0,,1.0,,,3.0,1.0,5.0,7.0,6.0,2.0,8.0,6.0,6.0,8.0,4.0,4.0,2.0,8.0,7.0,6.0,2.0,7.0,6.0,6.0,8.0,2.0,8.0,6.0,4.0,2.0,,,1.0,1.0,,1.0,,,2.0,2.0,2.0,1.0,2.0,2.0,3.0,3.0,2.0,2.0,2.0,2.0,1.0,3.0,,,,,,1.0,1.0,,1.0,1.0,2.0,2.0,2.0,1.0,3.0,3.0,1.0,1.0,1.0,3.0,1.0,2.0,3.0,2.0,5.0,2.0,1.0,2.0,2.0,1.0,1.0,,1.0,1.0,,,,,,1.0,1.0,,,,,,,1.0,,1.0,,,,3.0,5.0,1.0,4.0,7.0,4.0,9.0,10.0,9.0,4.0,9.0,5.0,6.0,7.0,1.0,0.0,7.0,1.0,1.0,,,,1.0,,,,,,,2.0,3.0,2.0,2.0,2.0,1.0288381287620303
238.0,1.0,44.0,3.0,5.0,3.0,16.0,4.0,1.0,5.0,1.0,,,,1.0,,,,,,,,1.0,,,,,1.0,,,,,,,,2.0,2.0,2.0,4.0,3.0,3.0,3.0,3.0,3.0,3.0,3.0,3.0,3.0,3.0,1.0,1.0,3.0,2.0,3.0,3.0,3.0,3.0,3.0,3.0,3.0,4.0,3.0,6.0,4.0,3.0,3.0,5.0,6.0,2.0,4.0,2.0,0.0,7.0,5.0,2.0,7.0,1.0,1.0,1.0,3.0,1.0,1.0,3.0,4.0,,,,,,,,1.0,,,1.0,,,1.0,,2.0,4.0,5.0,5.0,2.0,,1.0,,,,1.0,,,3.0,2.0,2.0,4.0,5.0,0.0,0.0,0.0,5.0,0.0,0.0,3.0,5.0,2.0,6.0,2.0,5.0,3.0,0.0,0.0,6.0,0.0,0.0,0.0,5.0,1.0,1.0,,,1.0,1.0,,,,2.0,3.0,3.0,3.0,3.0,3.0,3.0,3.0,2.0,2.0,2.0,4.0,3.0,1.0,,,,,,1.0,1.0,,1.0,1.0,2.0,3.0,1.0,2.0,1.0,1.0,3.0,3.0,3.0,2.0,2.0,2.0,1.0,1.0,1.0,1.0,1.0,2.0,2.0,1.0,1.0,,1.0,1.0,,,,,1.0,,,1.0,,,,,,1.0,1.0,,,,,3.0,7.0,0.0,3.0,0.0,3.0,9.0,10.0,8.0,9.0,10.0,7.0,7.0,2.0,0.0,0.0,6.0,3.0,1.0,,,,,,1.0,,,,,2.0,2.0,2.0,3.0,3.0,0.7613097019092944
239.0,1.0,36.0,3.0,2.0,2.0,16.0,7.0,1.0,5.0,1.0,,,,,,,,1.0,,,,,,,,,1.0,,,,1.0,,,,2.0,2.0,3.0,3.0,1.0,1.0,3.0,1.0,3.0,1.0,3.0,3.0,3.0,3.0,3.0,3.0,2.0,3.0,3.0,4.0,4.0,4.0,3.0,4.0,3.0,4.0,6.0,6.0,7.0,4.0,6.0,5.0,7.0,7.0,1.0,99.0,7.0,4.0,99.0,99.0,99.0,2.0,1.0,3.0,3.0,1.0,2.0,3.0,2.0,,1.0,,,1.0,,,,,,,,1.0,,,4.0,4.0,1.0,4.0,2.0,,5.0,,,,,,1.0,3.0,2.0,6.0,8.0,6.0,3.0,2.0,7.0,6.0,8.0,5.0,4.0,3.0,5.0,7.0,5.0,3.0,5.0,10.0,5.0,7.0,6.0,5.0,2.0,3.0,3.0,,1.0,,1.0,,,1.0,,4.0,4.0,8.0,8.0,8.0,8.0,8.0,8.0,3.0,4.0,4.0,4.0,4.0,1.0,,1.0,,1.0,1.0,,1.0,,1.0,4.0,2.0,2.0,3.0,3.0,3.0,3.0,3.0,3.0,3.0,1.0,3.0,2.0,3.0,2.0,1.0,1.0,1.0,1.0,5.0,5.0,5.0,,,,1.0,1.0,,,,,,,1.0,,,,,,1.0,1.0,,,,5.0,7.0,5.0,4.0,3.0,3.0,7.0,8.0,0.0,10.0,10.0,0.0,0.0,0.0,0.0,0.0,8.0,4.0,2.0,16.0,,1.0,,,,,,,,3.0,3.0,3.0,3.0,3.0,1.1190654311368813
240.0,2.0,63.0,5.0,2.0,3.0,16.0,4.0,2.0,4.0,1.0,,,,,,1.0,,,,,,,,,,1.0,1.0,,,,,,,,2.0,2.0,4.0,,3.0,3.0,3.0,3.0,3.0,4.0,3.0,3.0,3.0,3.0,3.0,3.0,3.0,3.0,2.0,4.0,2.0,4.0,3.0,3.0,4.0,5.0,4.0,6.0,1.0,1.0,5.0,5.0,8.0,5.0,2.0,8.0,5.0,7.0,5.0,8.0,3.0,2.0,1.0,1.0,3.0,1.0,2.0,3.0,3.0,,1.0,,,,,,,,,,1.0,,1.0,,4.0,4.0,4.0,4.0,2.0,,1.0,1.0,1.0,,1.0,,,2.0,2.0,8.0,7.0,1.0,2.0,2.0,5.0,8.0,6.0,4.0,5.0,1.0,7.0,8.0,3.0,5.0,4.0,1.0,2.0,7.0,8.0,2.0,2.0,5.0,1.0,1.0,1.0,1.0,1.0,1.0,1.0,1.0,,2.0,2.0,2.0,2.0,2.0,2.0,2.0,2.0,2.0,1.0,1.0,1.0,3.0,3.0,,,,,,,1.0,,1.0,3.0,2.0,3.0,1.0,3.0,3.0,3.0,3.0,3.0,3.0,3.0,3.0,2.0,3.0,3.0,2.0,2.0,2.0,2.0,2.0,2.0,2.0,,1.0,1.0,,,,,,1.0,1.0,1.0,,,,1.0,1.0,1.0,1.0,1.0,,,,2.0,6.0,2.0,7.0,3.0,4.0,10.0,10.0,2.0,3.0,10.0,6.0,6.0,6.0,0.0,0.0,6.0,4.0,2.0,7.0,,,1.0,,,,,,,2.0,2.0,2.0,13.0,12.0,1.205823014385938
241.0,1.0,28.0,2.0,1.0,3.0,16.0,4.0,1.0,2.0,1.0,,,,,,1.0,,,,,,,,,,,,,,,,,,,1.0,1.0,2.0,3.0,2.0,2.0,3.0,3.0,3.0,2.0,3.0,3.0,3.0,2.0,3.0,2.0,4.0,3.0,3.0,4.0,3.0,2.0,4.0,3.0,2.0,7.0,6.0,7.0,5.0,6.0,7.0,5.0,6.0,6.0,7.0,6.0,6.0,6.0,5.0,4.0,5.0,1.0,1.0,1.0,1.0,1.0,1.0,1.0,2.0,,,,,,,1.0,1.0,,,1.0,,,,,3.0,3.0,2.0,2.0,1.0,1.0,3.0,,,1.0,,,,3.0,2.0,7.0,6.0,6.0,6.0,5.0,7.0,5.0,5.0,6.0,6.0,5.0,5.0,7.0,6.0,5.0,6.0,5.0,5.0,4.0,5.0,6.0,5.0,3.0,3.0,1.0,,,,,,,,2.0,2.0,2.0,2.0,2.0,2.0,2.0,2.0,2.0,3.0,3.0,2.0,3.0,2.0,,,,,,,1.0,,2.0,3.0,1.0,3.0,1.0,3.0,3.0,3.0,3.0,3.0,3.0,3.0,3.0,2.0,3.0,3.0,2.0,2.0,2.0,2.0,2.0,2.0,2.0,,,,1.0,,1.0,,1.0,,,,,,,1.0,,,,,,,,8.0,5.0,4.0,5.0,5.0,5.0,5.0,9.0,10.0,10.0,10.0,0.0,0.0,1.0,1.0,0.0,6.0,1.0,1.0,,,,1.0,,,,,,,1.0,1.0,1.0,2.0,2.0,2.000007529049445
242.0,1.0,51.0,4.0,5.0,2.0,16.0,5.0,1.0,4.0,1.0,,1.0,,,,,,,,,,,,,1.0,,,,,,,1.0,,,2.0,2.0,2.0,4.0,3.0,3.0,3.0,3.0,3.0,3.0,3.0,3.0,3.0,3.0,3.0,3.0,3.0,3.0,3.0,3.0,1.0,2.0,3.0,4.0,2.0,6.0,8.0,5.0,7.0,7.0,5.0,6.0,8.0,6.0,7.0,8.0,7.0,6.0,6.0,8.0,5.0,1.0,2.0,2.0,1.0,2.0,2.0,2.0,4.0,,,,,1.0,,1.0,,,,,1.0,,,,3.0,4.0,2.0,3.0,1.0,3.0,2.0,,,1.0,1.0,,,2.0,2.0,7.0,9.0,8.0,7.0,8.0,7.0,5.0,9.0,9.0,6.0,9.0,7.0,9.0,9.0,8.0,8.0,7.0,8.0,7.0,8.0,7.0,8.0,3.0,1.0,,1.0,,,,1.0,,,1.0,1.0,1.0,1.0,1.0,1.0,1.0,1.0,1.0,1.0,1.0,2.0,2.0,1.0,,,,,,1.0,1.0,,1.0,1.0,2.0,1.0,1.0,1.0,1.0,1.0,1.0,1.0,1.0,1.0,1.0,1.0,1.0,2.0,1.0,1.0,1.0,1.0,1.0,1.0,1.0,,1.0,,,,1.0,,,1.0,,,,,1.0,,1.0,,,,,,,3.0,8.0,6.0,6.0,4.0,5.0,0.0,0.0,8.0,9.0,7.0,5.0,5.0,4.0,0.0,0.0,6.0,1.0,1.0,,,,1.0,,,,,,,2.0,2.0,2.0,1.0,1.0,0.3805152045370245
243.0,1.0,77.0,6.0,5.0,2.0,16.0,6.0,2.0,2.0,1.0,,,,,,,,1.0,,,,,,,,,,,,1.0,1.0,,,,2.0,2.0,4.0,,3.0,2.0,3.0,3.0,3.0,1.0,3.0,3.0,3.0,3.0,3.0,3.0,3.0,3.0,4.0,4.0,3.0,4.0,4.0,4.0,4.0,8.0,6.0,5.0,0.0,6.0,2.0,5.0,6.0,0.0,5.0,7.0,6.0,10.0,5.0,6.0,5.0,1.0,1.0,1.0,1.0,1.0,1.0,2.0,3.0,1.0,,1.0,,,1.0,,,,,,,,,,4.0,3.0,3.0,4.0,2.0,,4.0,,,,,1.0,,3.0,2.0,5.0,5.0,0.0,8.0,9.0,8.0,10.0,8.0,6.0,8.0,10.0,8.0,7.0,10.0,0.0,10.0,8.0,7.0,8.0,3.0,6.0,10.0,4.0,3.0,,,,1.0,,1.0,,,1.0,1.0,1.0,1.0,1.0,1.0,1.0,1.0,1.0,4.0,3.0,3.0,2.0,1.0,,1.0,1.0,1.0,1.0,,1.0,,1.0,1.0,3.0,3.0,3.0,3.0,3.0,3.0,3.0,3.0,3.0,3.0,3.0,3.0,3.0,3.0,1.0,2.0,1.0,1.0,1.0,1.0,1.0,,1.0,,,,1.0,,,1.0,,,,,,,,,,1.0,,,,4.0,6.0,2.0,3.0,2.0,2.0,6.0,8.0,6.0,10.0,10.0,0.0,0.0,0.0,4.0,0.0,8.0,1.0,1.0,,,,1.0,,,,,,,2.0,3.0,2.0,1.0,1.0,0.6531770384457968
244.0,2.0,50.0,4.0,4.0,3.0,16.0,4.0,1.0,4.0,1.0,,,,,,1.0,,1.0,,,,,,,,,,,,,1.0,,,,3.0,3.0,2.0,5.0,1.0,3.0,3.0,3.0,3.0,3.0,1.0,1.0,3.0,3.0,3.0,3.0,3.0,3.0,3.0,4.0,3.0,4.0,4.0,4.0,2.0,4.0,6.0,6.0,4.0,3.0,3.0,4.0,7.0,3.0,5.0,7.0,4.0,5.0,3.0,5.0,5.0,1.0,1.0,1.0,1.0,1.0,1.0,1.0,4.0,,,1.0,,,1.0,,,,,1.0,,,,,1.0,2.0,2.0,3.0,2.0,,2.0,1.0,1.0,,1.0,,,3.0,3.0,2.0,5.0,1.0,1.0,7.0,5.0,3.0,3.0,4.0,3.0,1.0,6.0,5.0,1.0,1.0,1.0,1.0,1.0,9.0,4.0,3.0,3.0,4.0,5.0,,,,1.0,1.0,1.0,1.0,,8.0,8.0,8.0,8.0,8.0,8.0,8.0,8.0,8.0,5.0,5.0,2.0,2.0,3.0,,,,,,,,1.0,1.0,2.0,3.0,3.0,3.0,1.0,1.0,3.0,3.0,1.0,1.0,3.0,3.0,3.0,3.0,3.0,1.0,1.0,1.0,1.0,1.0,1.0,1.0,1.0,,,,,1.0,,,1.0,1.0,1.0,,,,,,,,1.0,1.0,,,4.0,99.0,99.0,99.0,99.0,99.0,99.0,99.0,7.0,99.0,99.0,99.0,99.0,99.0,99.0,99.0,4.0,3.0,1.0,,,,1.0,,,,,,,1.0,1.0,2.0,11.0,10.0,0.7170514883975626
245.0,2.0,67.0,6.0,5.0,2.0,16.0,5.0,6.0,6.0,1.0,,,,,,,,1.0,,,,1.0,,,,,,,,,1.0,,,,4.0,3.0,11.0,4.0,1.0,1.0,3.0,3.0,4.0,4.0,1.0,4.0,4.0,1.0,4.0,3.0,1.0,2.0,2.0,5.0,1.0,5.0,3.0,2.0,3.0,5.0,3.0,4.0,2.0,2.0,1.0,2.0,5.0,4.0,0.0,4.0,6.0,5.0,3.0,3.0,0.0,1.0,3.0,3.0,3.0,3.0,1.0,3.0,4.0,,,,,,1.0,1.0,,1.0,,,,,,,2.0,3.0,1.0,2.0,2.0,,3.0,1.0,1.0,,1.0,,,4.0,3.0,2.0,4.0,0.0,3.0,6.0,4.0,0.0,4.0,2.0,4.0,4.0,4.0,5.0,3.0,0.0,3.0,2.0,4.0,6.0,0.0,2.0,3.0,6.0,2.0,,,1.0,1.0,1.0,1.0,1.0,,8.0,8.0,8.0,8.0,8.0,8.0,8.0,8.0,8.0,5.0,1.0,1.0,1.0,1.0,,,,,,,,1.0,2.0,4.0,3.0,2.0,2.0,3.0,3.0,3.0,3.0,3.0,3.0,3.0,3.0,3.0,2.0,2.0,2.0,1.0,2.0,2.0,1.0,1.0,1.0,1.0,,,,,1.0,,,,,,1.0,,,,,,,,,,1.0,99.0,99.0,99.0,99.0,99.0,99.0,99.0,99.0,99.0,99.0,99.0,99.0,99.0,99.0,99.0,99.0,6.0,1.0,1.0,,,,1.0,,,1.0,,,,3.0,3.0,3.0,13.0,12.0,1.6976562393437487
246.0,2.0,68.0,6.0,5.0,1.0,16.0,5.0,3.0,5.0,1.0,,,,,1.0,1.0,,,,,,,,,,,1.0,,,,,,,,2.0,1.0,6.0,,1.0,1.0,2.0,2.0,2.0,1.0,1.0,3.0,3.0,1.0,3.0,3.0,1.0,4.0,2.0,3.0,2.0,4.0,2.0,2.0,2.0,6.0,7.0,8.0,4.0,7.0,6.0,6.0,6.0,8.0,4.0,6.0,7.0,8.0,7.0,7.0,5.0,2.0,2.0,2.0,1.0,1.0,2.0,2.0,2.0,1.0,,,,,,,,,,,,1.0,1.0,,3.0,4.0,4.0,4.0,2.0,,4.0,,,,,,1.0,2.0,1.0,7.0,8.0,7.0,4.0,8.0,7.0,7.0,8.0,7.0,7.0,7.0,8.0,7.0,7.0,7.0,8.0,7.0,5.0,8.0,6.0,6.0,7.0,4.0,5.0,,,1.0,1.0,1.0,1.0,1.0,,3.0,3.0,3.0,3.0,3.0,8.0,6.0,3.0,3.0,4.0,3.0,3.0,3.0,1.0,,,,,1.0,1.0,1.0,,1.0,1.0,3.0,3.0,3.0,1.0,1.0,1.0,3.0,1.0,1.0,1.0,1.0,3.0,3.0,1.0,1.0,2.0,1.0,1.0,1.0,1.0,1.0,1.0,,1.0,,,,,,1.0,1.0,1.0,,,,,1.0,,1.0,1.0,1.0,,,4.0,7.0,3.0,1.0,5.0,6.0,10.0,10.0,6.0,8.0,9.0,5.0,6.0,99.0,1.0,0.0,6.0,1.0,3.0,,9.0,1.0,,,,,,,,3.0,3.0,3.0,3.0,3.0,2.000072119709079
247.0,1.0,75.0,6.0,5.0,2.0,16.0,4.0,2.0,4.0,1.0,,,,,,1.0,,,,,,,,,,,1.0,,,,1.0,,,,3.0,3.0,4.0,,3.0,1.0,3.0,3.0,3.0,3.0,3.0,3.0,3.0,3.0,3.0,3.0,3.0,2.0,3.0,4.0,3.0,4.0,3.0,4.0,2.0,7.0,6.0,7.0,6.0,7.0,7.0,5.0,7.0,4.0,5.0,6.0,7.0,5.0,8.0,7.0,5.0,1.0,1.0,1.0,3.0,1.0,1.0,3.0,4.0,1.0,,,,,1.0,1.0,,,,,,,,,1.0,2.0,1.0,2.0,2.0,,3.0,,,,,1.0,,4.0,3.0,4.0,5.0,0.0,9.0,10.0,6.0,5.0,5.0,7.0,7.0,10.0,8.0,7.0,0.0,0.0,7.0,8.0,7.0,9.0,7.0,6.0,8.0,3.0,3.0,,,,1.0,1.0,1.0,1.0,,1.0,1.0,6.0,6.0,6.0,1.0,1.0,1.0,1.0,4.0,3.0,2.0,2.0,2.0,,1.0,1.0,1.0,1.0,,1.0,,1.0,3.0,3.0,2.0,3.0,1.0,2.0,3.0,1.0,1.0,1.0,1.0,1.0,3.0,2.0,2.0,2.0,1.0,1.0,3.0,4.0,3.0,3.0,,,,1.0,,1.0,1.0,1.0,1.0,1.0,1.0,,,1.0,1.0,1.0,1.0,,1.0,,,,6.0,8.0,0.0,3.0,1.0,4.0,6.0,9.0,10.0,10.0,7.0,1.0,2.0,2.0,6.0,5.0,4.0,1.0,1.0,,,,1.0,,,,,,,3.0,3.0,3.0,1.0,1.0,0.67795021938502
248.0,1.0,79.0,6.0,3.0,2.0,16.0,5.0,2.0,4.0,1.0,,,,,,1.0,,,,,,,,,,,1.0,,,,,,1.0,,2.0,1.0,4.0,,3.0,3.0,3.0,3.0,3.0,3.0,3.0,3.0,3.0,3.0,3.0,3.0,3.0,4.0,3.0,4.0,4.0,4.0,4.0,4.0,3.0,8.0,8.0,9.0,8.0,5.0,8.0,10.0,10.0,8.0,6.0,8.0,8.0,6.0,8.0,8.0,8.0,2.0,2.0,1.0,1.0,1.0,2.0,3.0,2.0,1.0,,,,,,,1.0,,,,,,1.0,,4.0,4.0,4.0,4.0,2.0,,4.0,1.0,1.0,,,,,2.0,1.0,1.0,9.0,0.0,1.0,9.0,8.0,9.0,10.0,10.0,7.0,5.0,9.0,9.0,1.0,0.0,6.0,8.0,4.0,9.0,0.0,7.0,3.0,4.0,1.0,1.0,1.0,1.0,1.0,1.0,,1.0,,1.0,1.0,1.0,1.0,1.0,1.0,1.0,1.0,1.0,1.0,1.0,1.0,1.0,2.0,,1.0,1.0,1.0,1.0,1.0,1.0,,1.0,1.0,2.0,2.0,1.0,2.0,1.0,2.0,3.0,1.0,1.0,1.0,1.0,2.0,2.0,2.0,1.0,2.0,1.0,3.0,2.0,1.0,1.0,,1.0,,1.0,,,,1.0,,1.0,1.0,,,,1.0,1.0,1.0,1.0,1.0,,,,6.0,5.0,0.0,3.0,0.0,0.0,10.0,10.0,10.0,10.0,2.0,1.0,0.0,0.0,0.0,0.0,7.0,1.0,1.0,,,,1.0,,,,,,,1.0,1.0,1.0,1.0,1.0,1.0565944978329147
249.0,1.0,63.0,5.0,4.0,3.0,16.0,7.0,1.0,2.0,1.0,,,,,1.0,1.0,,,,,,,,,,,1.0,,,,,,,,2.0,2.0,3.0,4.0,3.0,3.0,3.0,3.0,3.0,3.0,3.0,3.0,3.0,3.0,3.0,3.0,3.0,3.0,4.0,4.0,3.0,4.0,4.0,4.0,3.0,8.0,5.0,5.0,8.0,2.0,5.0,7.0,6.0,5.0,3.0,7.0,5.0,7.0,6.0,5.0,5.0,2.0,2.0,1.0,1.0,2.0,2.0,2.0,3.0,,,,,,,,1.0,1.0,,,,,1.0,,3.0,4.0,3.0,4.0,2.0,,3.0,1.0,1.0,,,,,2.0,2.0,1.0,7.0,2.0,0.0,5.0,5.0,7.0,5.0,5.0,7.0,3.0,5.0,8.0,0.0,0.0,5.0,0.0,0.0,5.0,5.0,0.0,0.0,5.0,1.0,1.0,1.0,1.0,1.0,,,,,2.0,2.0,2.0,4.0,1.0,1.0,2.0,2.0,2.0,2.0,2.0,2.0,1.0,2.0,,,,,,1.0,1.0,,1.0,2.0,3.0,2.0,1.0,1.0,1.0,3.0,3.0,1.0,1.0,1.0,1.0,2.0,3.0,2.0,1.0,1.0,1.0,1.0,2.0,1.0,1.0,,,1.0,,,1.0,,1.0,1.0,1.0,1.0,,,,1.0,,1.0,,1.0,1.0,,,2.0,6.0,1.0,5.0,2.0,2.0,9.0,10.0,5.0,10.0,6.0,5.0,5.0,5.0,0.0,0.0,8.0,4.0,1.0,,,,1.0,,,,,,,1.0,1.0,1.0,2.0,2.0,0.7877190513971657
250.0,2.0,54.0,4.0,5.0,3.0,16.0,4.0,1.0,3.0,1.0,,,,,,1.0,,1.0,,1.0,,,,,,,,,,,,,,,2.0,2.0,2.0,4.0,3.0,1.0,3.0,3.0,3.0,3.0,3.0,3.0,3.0,3.0,3.0,3.0,3.0,3.0,3.0,4.0,3.0,4.0,4.0,4.0,3.0,4.0,3.0,3.0,5.0,0.0,0.0,3.0,8.0,5.0,4.0,3.0,0.0,4.0,8.0,6.0,2.0,2.0,3.0,3.0,3.0,3.0,1.0,3.0,4.0,,,,,,1.0,1.0,,,,,1.0,,,,3.0,3.0,1.0,3.0,1.0,2.0,1.0,1.0,,,,,,3.0,2.0,5.0,5.0,1.0,0.0,3.0,2.0,0.0,1.0,2.0,4.0,0.0,4.0,3.0,0.0,0.0,1.0,0.0,0.0,2.0,0.0,0.0,1.0,3.0,5.0,,1.0,,1.0,,,,,2.0,2.0,1.0,7.0,1.0,1.0,1.0,2.0,2.0,3.0,2.0,3.0,1.0,2.0,,,,1.0,1.0,1.0,1.0,,1.0,2.0,2.0,3.0,1.0,3.0,3.0,1.0,3.0,1.0,3.0,3.0,3.0,2.0,3.0,1.0,2.0,2.0,1.0,1.0,1.0,1.0,1.0,,1.0,,,,1.0,,,,1.0,1.0,,,1.0,,,,,1.0,,,,1.0,6.0,3.0,5.0,4.0,5.0,10.0,10.0,7.0,10.0,7.0,5.0,5.0,2.0,0.0,0.0,4.0,3.0,1.0,,,,1.0,,,,,,,2.0,1.0,2.0,2.0,2.0,0.4506828618050853
251.0,2.0,20.0,1.0,3.0,2.0,16.0,4.0,4.0,6.0,1.0,1.0,,,1.0,,,,,,,,,,,,,1.0,,,,,,,,3.0,2.0,7.0,,3.0,1.0,3.0,3.0,3.0,1.0,3.0,3.0,3.0,3.0,1.0,1.0,1.0,3.0,2.0,4.0,2.0,4.0,2.0,3.0,2.0,9.0,8.0,9.0,6.0,6.0,9.0,10.0,8.0,7.0,8.0,5.0,8.0,9.0,6.0,7.0,8.0,2.0,2.0,2.0,2.0,2.0,2.0,2.0,3.0,,,1.0,,,,,,,,1.0,,,1.0,,3.0,4.0,2.0,3.0,1.0,2.0,3.0,,1.0,1.0,,,,3.0,2.0,4.0,8.0,5.0,6.0,7.0,8.0,6.0,4.0,5.0,6.0,4.0,7.0,6.0,5.0,5.0,5.0,4.0,6.0,6.0,4.0,6.0,4.0,5.0,3.0,,,1.0,1.0,,,,,3.0,3.0,3.0,3.0,3.0,3.0,3.0,3.0,3.0,4.0,4.0,4.0,3.0,2.0,,,1.0,,,,,,4.0,3.0,2.0,2.0,1.0,1.0,1.0,2.0,2.0,1.0,1.0,2.0,2.0,2.0,2.0,2.0,2.0,2.0,3.0,2.0,4.0,3.0,3.0,1.0,1.0,,,,,1.0,1.0,,,,,,1.0,1.0,1.0,,,,,,,5.0,5.0,5.0,5.0,5.0,5.0,5.0,99.0,5.0,5.0,5.0,5.0,5.0,5.0,6.0,5.0,6.0,5.0,1.0,,,,,1.0,1.0,,1.0,,,1.0,1.0,1.0,11.0,3.0,0.7599750793088595
252.0,2.0,24.0,1.0,5.0,3.0,16.0,4.0,5.0,4.0,1.0,1.0,,,,,,,,,,,,1.0,,,,1.0,,,,,,,,4.0,2.0,8.0,,1.0,1.0,1.0,3.0,1.0,1.0,1.0,2.0,1.0,1.0,1.0,3.0,1.0,1.0,2.0,3.0,1.0,2.0,1.0,1.0,2.0,4.0,2.0,4.0,3.0,2.0,4.0,3.0,1.0,5.0,4.0,4.0,4.0,4.0,3.0,6.0,3.0,2.0,2.0,2.0,2.0,2.0,2.0,2.0,4.0,1.0,,1.0,,,,,,,1.0,,,,,,3.0,4.0,2.0,2.0,1.0,2.0,2.0,1.0,1.0,,1.0,,,4.0,3.0,3.0,4.0,2.0,3.0,0.0,3.0,5.0,4.0,1.0,2.0,0.0,3.0,4.0,3.0,2.0,3.0,3.0,1.0,5.0,2.0,0.0,2.0,3.0,2.0,,,1.0,,,1.0,1.0,,3.0,3.0,3.0,3.0,3.0,4.0,3.0,3.0,3.0,3.0,3.0,4.0,4.0,1.0,,,,,,1.0,1.0,,1.0,4.0,2.0,2.0,1.0,1.0,1.0,2.0,1.0,2.0,1.0,1.0,1.0,2.0,3.0,2.0,2.0,2.0,2.0,2.0,1.0,1.0,1.0,1.0,,1.0,,,,,1.0,1.0,1.0,1.0,,,1.0,1.0,1.0,1.0,1.0,1.0,1.0,,,3.0,5.0,5.0,5.0,5.0,3.0,10.0,10.0,4.0,3.0,5.0,2.0,5.0,1.0,0.0,0.0,6.0,2.0,2.0,9.0,,,,,1.0,,,,,2.0,2.0,2.0,11.0,10.0,0.6886741646426733
253.0,2.0,35.0,3.0,5.0,2.0,16.0,4.0,6.0,3.0,1.0,,1.0,,,,1.0,,,,,,,,,,,,,1.0,,,,,,3.0,2.0,11.0,5.0,1.0,1.0,3.0,3.0,3.0,1.0,1.0,2.0,3.0,3.0,3.0,3.0,1.0,4.0,3.0,3.0,3.0,4.0,1.0,4.0,2.0,2.0,3.0,5.0,4.0,99.0,7.0,99.0,8.0,9.0,99.0,0.0,8.0,99.0,99.0,7.0,0.0,2.0,1.0,3.0,1.0,1.0,2.0,3.0,4.0,1.0,1.0,,,,,,,1.0,,,,,,,1.0,4.0,1.0,1.0,1.0,5.0,4.0,,,,,1.0,,4.0,2.0,99.0,0.0,0.0,0.0,10.0,0.0,0.0,0.0,0.0,0.0,10.0,0.0,0.0,1.0,0.0,0.0,0.0,0.0,0.0,0.0,0.0,0.0,6.0,5.0,,,,,,,,1.0,8.0,8.0,8.0,8.0,8.0,8.0,8.0,8.0,8.0,1.0,4.0,4.0,4.0,1.0,,1.0,,,,,,,1.0,4.0,2.0,3.0,3.0,3.0,3.0,3.0,3.0,3.0,3.0,3.0,3.0,2.0,3.0,3.0,1.0,2.0,2.0,2.0,1.0,1.0,1.0,,1.0,,,,1.0,,,1.0,1.0,1.0,,,,,,,,,,1.0,,99.0,99.0,99.0,99.0,99.0,99.0,99.0,8.0,0.0,99.0,99.0,99.0,99.0,99.0,99.0,99.0,6.0,1.0,3.0,,144.0,,,1.0,,1.0,1.0,,,3.0,3.0,3.0,11.0,6.0,0.38737430550090074
254.0,1.0,43.0,3.0,3.0,2.0,16.0,7.0,1.0,2.0,1.0,,,,,,,,,,,,,,,,,1.0,1.0,,1.0,,,,,3.0,2.0,3.0,3.0,2.0,1.0,3.0,3.0,3.0,1.0,3.0,3.0,3.0,3.0,3.0,3.0,2.0,4.0,3.0,2.0,2.0,3.0,4.0,4.0,3.0,7.0,6.0,6.0,6.0,8.0,6.0,6.0,6.0,6.0,5.0,2.0,8.0,5.0,8.0,5.0,6.0,2.0,1.0,1.0,1.0,1.0,2.0,2.0,3.0,,,,,,,,,1.0,1.0,,,,1.0,,4.0,4.0,2.0,3.0,2.0,,4.0,,,,,1.0,,3.0,2.0,5.0,5.0,4.0,8.0,6.0,4.0,7.0,5.0,5.0,6.0,7.0,6.0,8.0,9.0,4.0,6.0,7.0,7.0,9.0,1.0,5.0,9.0,2.0,4.0,,,,,,,,1.0,6.0,6.0,6.0,6.0,6.0,6.0,1.0,8.0,6.0,4.0,4.0,4.0,2.0,1.0,,1.0,1.0,1.0,1.0,,1.0,,1.0,3.0,3.0,2.0,2.0,1.0,3.0,2.0,3.0,1.0,1.0,1.0,1.0,1.0,2.0,2.0,1.0,1.0,1.0,1.0,5.0,2.0,2.0,1.0,,,,,1.0,,1.0,1.0,1.0,,,,1.0,1.0,1.0,1.0,,1.0,,,,6.0,8.0,0.0,1.0,0.0,0.0,7.0,10.0,1.0,10.0,10.0,9.0,10.0,10.0,4.0,0.0,8.0,4.0,1.0,,,,1.0,,,1.0,,,,2.0,2.0,2.0,6.0,7.0,0.9049189446950824
255.0,1.0,59.0,5.0,1.0,2.0,16.0,4.0,1.0,2.0,1.0,,,,,,1.0,,,,,,,,,,,1.0,,,,1.0,,,,3.0,2.0,2.0,3.0,2.0,2.0,3.0,3.0,3.0,3.0,3.0,3.0,3.0,3.0,3.0,3.0,3.0,3.0,3.0,4.0,3.0,4.0,4.0,4.0,4.0,5.0,7.0,7.0,8.0,5.0,7.0,7.0,7.0,6.0,3.0,4.0,4.0,2.0,6.0,5.0,3.0,2.0,1.0,1.0,1.0,1.0,2.0,2.0,3.0,,,1.0,,,,,1.0,,,,,,1.0,,4.0,4.0,4.0,4.0,2.0,,2.0,1.0,1.0,,1.0,,,2.0,2.0,8.0,8.0,4.0,1.0,5.0,6.0,6.0,7.0,6.0,6.0,5.0,8.0,7.0,3.0,3.0,6.0,4.0,4.0,7.0,2.0,5.0,4.0,5.0,2.0,1.0,,1.0,1.0,,,,,2.0,2.0,2.0,2.0,1.0,1.0,2.0,2.0,2.0,4.0,3.0,3.0,2.0,1.0,,,,,,,1.0,,1.0,1.0,2.0,2.0,1.0,1.0,1.0,2.0,3.0,1.0,3.0,3.0,3.0,2.0,2.0,2.0,2.0,2.0,2.0,2.0,3.0,2.0,2.0,1.0,,,1.0,,,,,,1.0,1.0,,,,,1.0,1.0,,1.0,1.0,,,2.0,7.0,2.0,5.0,4.0,4.0,9.0,10.0,7.0,7.0,9.0,4.0,6.0,5.0,0.0,0.0,6.0,5.0,2.0,12.0,,,1.0,,,1.0,,,,1.0,1.0,1.0,2.0,2.0,1.0949444482830903
256.0,1.0,25.0,2.0,5.0,2.0,16.0,6.0,1.0,2.0,1.0,,,,,,1.0,,,,1.0,1.0,,,,,,,,,,,,,,2.0,3.0,1.0,3.0,1.0,1.0,3.0,2.0,2.0,2.0,1.0,3.0,3.0,3.0,3.0,2.0,2.0,3.0,2.0,3.0,2.0,3.0,2.0,5.0,2.0,3.0,4.0,6.0,5.0,2.0,2.0,6.0,7.0,9.0,3.0,6.0,5.0,0.0,5.0,7.0,6.0,1.0,1.0,1.0,1.0,1.0,1.0,3.0,3.0,,1.0,,,,1.0,1.0,,,,,,,,,2.0,2.0,2.0,2.0,1.0,6.0,2.0,1.0,1.0,,,,,5.0,3.0,0.0,2.0,0.0,5.0,5.0,2.0,0.0,2.0,3.0,1.0,6.0,7.0,5.0,4.0,0.0,5.0,4.0,6.0,2.0,1.0,0.0,3.0,3.0,1.0,,,,1.0,,,,,7.0,7.0,1.0,7.0,7.0,7.0,7.0,7.0,2.0,2.0,3.0,3.0,3.0,2.0,,,1.0,1.0,1.0,,,,3.0,3.0,2.0,1.0,2.0,1.0,1.0,1.0,3.0,3.0,1.0,1.0,1.0,3.0,3.0,3.0,2.0,2.0,2.0,2.0,3.0,3.0,3.0,1.0,1.0,,,,,,,1.0,1.0,,,,,,1.0,,1.0,,1.0,,,8.0,5.0,5.0,0.0,0.0,0.0,7.0,7.0,6.0,8.0,8.0,5.0,1.0,1.0,5.0,5.0,7.0,1.0,1.0,,,,1.0,,,,,,,1.0,2.0,1.0,7.0,2.0,0.831798307842747
257.0,1.0,36.0,3.0,3.0,2.0,16.0,6.0,1.0,4.0,2.0,,,,,,,,1.0,,1.0,,,,,,,,,,,1.0,,,,2.0,2.0,2.0,4.0,1.0,1.0,3.0,3.0,2.0,2.0,1.0,3.0,3.0,3.0,1.0,4.0,3.0,4.0,4.0,3.0,2.0,3.0,2.0,2.0,1.0,8.0,6.0,6.0,6.0,5.0,2.0,7.0,7.0,7.0,4.0,7.0,4.0,7.0,7.0,7.0,5.0,1.0,3.0,1.0,3.0,1.0,1.0,3.0,3.0,,,1.0,,,1.0,1.0,,,,,,,,,2.0,3.0,2.0,4.0,2.0,,1.0,1.0,,,,,,2.0,2.0,2.0,7.0,2.0,2.0,8.0,6.0,5.0,7.0,7.0,6.0,3.0,6.0,8.0,3.0,3.0,1.0,3.0,3.0,7.0,2.0,3.0,5.0,4.0,3.0,,1.0,,1.0,,1.0,,,1.0,1.0,1.0,8.0,8.0,1.0,1.0,8.0,1.0,2.0,2.0,2.0,2.0,3.0,,,1.0,1.0,1.0,1.0,1.0,,2.0,4.0,2.0,3.0,1.0,3.0,3.0,1.0,3.0,2.0,3.0,1.0,2.0,2.0,2.0,2.0,2.0,2.0,1.0,2.0,4.0,1.0,1.0,,1.0,,,,1.0,,,,1.0,,,,,,,,,,,,1.0,6.0,6.0,2.0,4.0,2.0,2.0,9.0,10.0,9.0,8.0,8.0,3.0,3.0,2.0,1.0,0.0,7.0,5.0,1.0,,,,,1.0,1.0,,,,,1.0,1.0,1.0,1.0,1.0,0.939239993098137
258.0,1.0,61.0,5.0,3.0,3.0,16.0,7.0,2.0,4.0,1.0,,,,,,1.0,,,,,,,,,,,,,1.0,,,,,,3.0,2.0,4.0,,3.0,3.0,3.0,3.0,3.0,3.0,3.0,3.0,3.0,3.0,4.0,3.0,3.0,4.0,4.0,4.0,3.0,4.0,4.0,4.0,3.0,4.0,6.0,7.0,6.0,3.0,7.0,3.0,5.0,6.0,3.0,1.0,0.0,6.0,99.0,4.0,1.0,2.0,1.0,3.0,3.0,3.0,1.0,3.0,4.0,1.0,,,,,,,1.0,,,,,,1.0,,4.0,4.0,4.0,5.0,1.0,5.0,1.0,1.0,1.0,,1.0,,,3.0,2.0,2.0,2.0,0.0,0.0,0.0,5.0,1.0,2.0,3.0,4.0,0.0,5.0,2.0,0.0,0.0,2.0,1.0,0.0,2.0,5.0,2.0,2.0,5.0,4.0,,,,,,,,1.0,8.0,8.0,8.0,8.0,8.0,8.0,8.0,8.0,2.0,1.0,4.0,1.0,4.0,3.0,,,1.0,,,1.0,1.0,,4.0,4.0,2.0,3.0,3.0,2.0,1.0,3.0,3.0,2.0,2.0,2.0,2.0,2.0,2.0,3.0,2.0,1.0,1.0,3.0,4.0,1.0,1.0,,1.0,1.0,,,,,,1.0,,1.0,,,1.0,,,1.0,,,,,,1.0,7.0,4.0,5.0,4.0,4.0,9.0,10.0,10.0,5.0,7.0,1.0,2.0,1.0,2.0,0.0,8.0,4.0,1.0,,,,1.0,,,,,,,1.0,1.0,1.0,11.0,10.0,0.9027235129453536
259.0,2.0,53.0,4.0,5.0,1.0,16.0,2.0,1.0,4.0,1.0,,,,,,,,,,,,,,,,,1.0,,,,1.0,1.0,,,2.0,1.0,2.0,3.0,3.0,2.0,3.0,1.0,1.0,2.0,2.0,3.0,3.0,1.0,3.0,3.0,1.0,3.0,3.0,4.0,2.0,4.0,3.0,4.0,2.0,7.0,7.0,8.0,3.0,6.0,6.0,3.0,5.0,6.0,4.0,4.0,3.0,5.0,5.0,7.0,7.0,2.0,1.0,1.0,1.0,1.0,2.0,1.0,1.0,,,1.0,1.0,,,,,,1.0,,,,,,2.0,2.0,2.0,3.0,1.0,6.0,2.0,,,,1.0,1.0,,2.0,2.0,5.0,6.0,3.0,3.0,1.0,2.0,4.0,6.0,4.0,5.0,2.0,7.0,8.0,4.0,4.0,4.0,5.0,4.0,8.0,3.0,4.0,3.0,3.0,2.0,,,1.0,1.0,,,,,3.0,3.0,3.0,3.0,3.0,3.0,3.0,3.0,3.0,3.0,2.0,2.0,2.0,1.0,,1.0,,,,,,,1.0,2.0,2.0,2.0,1.0,2.0,2.0,1.0,2.0,2.0,1.0,1.0,2.0,2.0,1.0,2.0,1.0,1.0,1.0,1.0,1.0,1.0,1.0,1.0,1.0,,,,,1.0,,,1.0,1.0,,,,1.0,,,,1.0,,,,5.0,2.0,2.0,6.0,1.0,2.0,2.0,2.0,2.0,6.0,2.0,1.0,1.0,1.0,1.0,2.0,2.0,1.0,2.0,15.0,,,1.0,,,,,,,2.0,2.0,2.0,3.0,3.0,0.6262469595035056
260.0,2.0,61.0,5.0,5.0,2.0,16.0,3.0,6.0,4.0,1.0,,,,,,,,,,,1.0,,,,,1.0,,,,,1.0,,,,4.0,3.0,11.0,4.0,1.0,1.0,1.0,1.0,3.0,1.0,1.0,1.0,3.0,1.0,3.0,3.0,1.0,2.0,2.0,4.0,3.0,4.0,4.0,4.0,4.0,3.0,3.0,5.0,5.0,5.0,5.0,2.0,7.0,5.0,1.0,2.0,2.0,3.0,3.0,7.0,2.0,1.0,1.0,1.0,1.0,1.0,2.0,1.0,4.0,,,1.0,,,1.0,,,,,,,,1.0,,1.0,4.0,1.0,4.0,1.0,2.0,4.0,1.0,,,,,,4.0,3.0,0.0,7.0,0.0,0.0,9.0,2.0,2.0,5.0,5.0,6.0,5.0,5.0,4.0,6.0,0.0,0.0,0.0,5.0,9.0,0.0,0.0,6.0,3.0,4.0,,,,,,,1.0,,8.0,8.0,8.0,8.0,8.0,8.0,8.0,8.0,8.0,4.0,4.0,4.0,4.0,1.0,,1.0,1.0,1.0,1.0,1.0,,,1.0,4.0,3.0,3.0,1.0,3.0,3.0,3.0,3.0,1.0,1.0,1.0,3.0,3.0,3.0,3.0,2.0,2.0,2.0,2.0,2.0,1.0,1.0,1.0,,,,,1.0,,1.0,1.0,1.0,,,,,1.0,,,,1.0,1.0,,,5.0,8.0,0.0,0.0,99.0,0.0,10.0,99.0,5.0,5.0,0.0,0.0,1.0,0.0,5.0,5.0,3.0,2.0,1.0,,,,1.0,,,,,,,3.0,3.0,3.0,11.0,1.0,0.48738954746190155
261.0,2.0,55.0,5.0,3.0,2.0,16.0,3.0,1.0,4.0,1.0,,,,,,1.0,,,,,,,,,,,1.0,,,1.0,,,,,3.0,2.0,2.0,4.0,1.0,1.0,3.0,3.0,3.0,1.0,3.0,3.0,3.0,1.0,3.0,3.0,3.0,4.0,4.0,3.0,3.0,4.0,4.0,4.0,3.0,2.0,2.0,3.0,4.0,3.0,5.0,2.0,2.0,4.0,2.0,4.0,4.0,4.0,5.0,4.0,5.0,2.0,1.0,1.0,1.0,3.0,2.0,3.0,5.0,,,1.0,,,,1.0,,1.0,,,,,,,2.0,4.0,5.0,1.0,2.0,,5.0,1.0,1.0,,1.0,,,3.0,1.0,5.0,5.0,5.0,5.0,5.0,5.0,4.0,5.0,3.0,5.0,3.0,4.0,4.0,4.0,2.0,5.0,3.0,2.0,4.0,6.0,4.0,5.0,3.0,5.0,,,,1.0,,,,,1.0,1.0,1.0,3.0,1.0,1.0,1.0,3.0,3.0,5.0,5.0,5.0,5.0,1.0,,1.0,,1.0,,1.0,1.0,,1.0,4.0,2.0,3.0,3.0,1.0,3.0,1.0,1.0,1.0,1.0,1.0,1.0,2.0,3.0,1.0,1.0,1.0,1.0,5.0,4.0,1.0,1.0,,1.0,,1.0,,,,,,,1.0,,,,1.0,,,,,,,,2.0,2.0,5.0,2.0,5.0,2.0,10.0,10.0,5.0,8.0,8.0,5.0,5.0,5.0,0.0,0.0,3.0,1.0,2.0,7.0,,,1.0,,,,,,,3.0,3.0,3.0,3.0,3.0,0.7596031381428856
262.0,2.0,33.0,2.0,3.0,2.0,16.0,7.0,1.0,3.0,1.0,,,,,,1.0,,,,1.0,,,,,,,,,,,1.0,,,,3.0,2.0,2.0,4.0,3.0,3.0,3.0,3.0,3.0,3.0,3.0,3.0,3.0,3.0,3.0,3.0,3.0,4.0,4.0,3.0,3.0,4.0,3.0,4.0,3.0,8.0,7.0,7.0,8.0,7.0,8.0,7.0,7.0,9.0,7.0,7.0,7.0,6.0,6.0,8.0,4.0,1.0,3.0,3.0,3.0,1.0,1.0,3.0,2.0,1.0,,,,,1.0,,,,,1.0,,,,,3.0,3.0,1.0,2.0,2.0,,3.0,1.0,,,,,,3.0,2.0,6.0,8.0,7.0,5.0,8.0,7.0,3.0,7.0,7.0,6.0,6.0,8.0,8.0,6.0,7.0,7.0,5.0,4.0,4.0,7.0,3.0,4.0,3.0,5.0,,,1.0,1.0,,,1.0,,1.0,1.0,1.0,8.0,1.0,1.0,8.0,8.0,1.0,5.0,2.0,2.0,2.0,2.0,,,,,1.0,,,,1.0,3.0,3.0,3.0,3.0,3.0,3.0,3.0,3.0,3.0,3.0,3.0,3.0,3.0,3.0,3.0,2.0,2.0,2.0,3.0,4.0,3.0,3.0,1.0,,1.0,,,,,,,1.0,,,,,,,,,,1.0,,,4.0,2.0,8.0,99.0,3.0,99.0,9.0,10.0,99.0,7.0,10.0,99.0,99.0,99.0,2.0,0.0,8.0,6.0,1.0,,,,1.0,,,,,,,1.0,2.0,2.0,1.0,1.0,0.7443710677430336
263.0,2.0,60.0,5.0,5.0,2.0,16.0,5.0,2.0,3.0,1.0,,,,1.0,,,,,,,,,1.0,,,,1.0,,,,,,,,3.0,2.0,4.0,,2.0,3.0,3.0,3.0,2.0,1.0,2.0,2.0,3.0,1.0,3.0,3.0,3.0,3.0,3.0,2.0,2.0,4.0,2.0,4.0,2.0,9.0,8.0,8.0,7.0,9.0,8.0,7.0,8.0,9.0,9.0,7.0,7.0,9.0,8.0,9.0,8.0,2.0,2.0,2.0,1.0,2.0,2.0,2.0,3.0,1.0,,,1.0,,,,1.0,,,,,,,,4.0,4.0,2.0,3.0,2.0,,3.0,1.0,1.0,,,,,3.0,2.0,6.0,6.0,7.0,5.0,6.0,6.0,7.0,6.0,6.0,5.0,6.0,6.0,7.0,5.0,5.0,6.0,5.0,6.0,6.0,6.0,7.0,6.0,3.0,2.0,,,,,,,1.0,,2.0,8.0,8.0,2.0,8.0,8.0,8.0,8.0,2.0,5.0,5.0,5.0,5.0,2.0,,,,,,1.0,1.0,,2.0,3.0,2.0,3.0,3.0,3.0,3.0,3.0,3.0,1.0,1.0,3.0,1.0,2.0,3.0,2.0,2.0,2.0,2.0,2.0,3.0,2.0,2.0,,1.0,1.0,,,,,,1.0,1.0,1.0,,,,,,,,1.0,,,,6.0,7.0,2.0,4.0,4.0,5.0,9.0,10.0,6.0,9.0,6.0,6.0,6.0,6.0,1.0,1.0,7.0,3.0,2.0,6.0,,,1.0,,,,,,,2.0,2.0,2.0,13.0,12.0,0.4324052348702815
264.0,2.0,70.0,6.0,5.0,2.0,16.0,3.0,2.0,6.0,1.0,,,,,,1.0,1.0,,,,,,,,,,,,,1.0,,,,,3.0,2.0,4.0,,3.0,1.0,3.0,2.0,3.0,3.0,2.0,2.0,3.0,3.0,3.0,3.0,1.0,4.0,2.0,4.0,3.0,3.0,1.0,2.0,2.0,3.0,99.0,99.0,5.0,99.0,5.0,5.0,10.0,99.0,10.0,10.0,8.0,8.0,10.0,10.0,10.0,2.0,1.0,1.0,1.0,1.0,1.0,1.0,3.0,,,1.0,,,,1.0,,,,1.0,,,,,1.0,3.0,3.0,5.0,1.0,3.0,3.0,1.0,,,,,,3.0,2.0,6.0,8.0,99.0,99.0,10.0,10.0,10.0,10.0,10.0,8.0,5.0,99.0,5.0,99.0,99.0,99.0,99.0,99.0,5.0,5.0,5.0,99.0,4.0,3.0,,,1.0,1.0,1.0,1.0,1.0,,1.0,1.0,1.0,8.0,1.0,1.0,1.0,1.0,1.0,4.0,5.0,2.0,2.0,2.0,,1.0,,1.0,1.0,1.0,1.0,,1.0,2.0,3.0,3.0,3.0,3.0,3.0,3.0,3.0,1.0,1.0,3.0,3.0,3.0,3.0,2.0,2.0,2.0,2.0,2.0,3.0,2.0,2.0,,,1.0,,,1.0,,,1.0,1.0,1.0,,,,,1.0,,,1.0,,,,3.0,3.0,0.0,4.0,99.0,99.0,10.0,10.0,10.0,10.0,10.0,5.0,99.0,99.0,1.0,0.0,3.0,1.0,1.0,,,1.0,,,,,,,,3.0,1.0,1.0,13.0,12.0,1.6976562393437487
265.0,2.0,43.0,3.0,3.0,2.0,16.0,3.0,1.0,6.0,1.0,,,,,,,1.0,,,,1.0,,,,,,1.0,,,,,,,,4.0,2.0,2.0,5.0,1.0,1.0,3.0,1.0,3.0,1.0,3.0,2.0,2.0,1.0,1.0,1.0,1.0,1.0,1.0,1.0,1.0,3.0,1.0,1.0,1.0,1.0,6.0,5.0,5.0,1.0,5.0,5.0,3.0,3.0,0.0,4.0,5.0,4.0,3.0,5.0,5.0,1.0,1.0,1.0,3.0,1.0,1.0,3.0,4.0,,,1.0,,,1.0,,,1.0,,,,,,,2.0,1.0,1.0,2.0,2.0,,3.0,,1.0,,,1.0,,4.0,2.0,1.0,3.0,2.0,1.0,6.0,5.0,5.0,4.0,4.0,4.0,1.0,5.0,3.0,6.0,2.0,3.0,5.0,1.0,6.0,1.0,4.0,5.0,4.0,1.0,1.0,,1.0,,,,,,1.0,1.0,1.0,1.0,1.0,1.0,1.0,1.0,1.0,1.0,4.0,2.0,1.0,1.0,,,1.0,,,1.0,1.0,,1.0,3.0,1.0,3.0,1.0,3.0,3.0,3.0,3.0,1.0,1.0,3.0,3.0,3.0,3.0,3.0,2.0,1.0,1.0,2.0,3.0,1.0,1.0,,1.0,,,,1.0,,1.0,,,,,,,,,,,1.0,,,,0.0,0.0,0.0,10.0,0.0,5.0,10.0,10.0,7.0,10.0,10.0,0.0,5.0,5.0,0.0,0.0,3.0,4.0,1.0,,,,,,,1.0,,,,2.0,3.0,3.0,9.0,8.0,0.6251126102810783
266.0,1.0,41.0,3.0,5.0,2.0,16.0,6.0,1.0,2.0,1.0,,,,,,,,,,,,,,,1.0,,1.0,,,,,,1.0,,2.0,2.0,2.0,4.0,2.0,1.0,3.0,3.0,2.0,2.0,3.0,3.0,3.0,3.0,3.0,3.0,1.0,3.0,3.0,3.0,2.0,3.0,2.0,3.0,2.0,7.0,7.0,6.0,6.0,6.0,6.0,7.0,7.0,6.0,7.0,7.0,7.0,6.0,7.0,7.0,6.0,1.0,2.0,2.0,1.0,1.0,2.0,2.0,3.0,,,,,1.0,,,,1.0,,,1.0,,,,2.0,3.0,2.0,2.0,1.0,2.0,2.0,,1.0,,1.0,,,2.0,2.0,6.0,7.0,6.0,7.0,6.0,7.0,6.0,6.0,7.0,7.0,7.0,8.0,7.0,6.0,6.0,7.0,8.0,7.0,8.0,7.0,6.0,7.0,4.0,2.0,1.0,,,1.0,1.0,,,,1.0,1.0,1.0,1.0,1.0,1.0,1.0,1.0,1.0,1.0,1.0,3.0,1.0,1.0,,1.0,,,,1.0,1.0,,2.0,2.0,1.0,2.0,1.0,1.0,3.0,3.0,1.0,3.0,1.0,1.0,3.0,2.0,3.0,2.0,2.0,1.0,1.0,2.0,4.0,3.0,3.0,1.0,,,,,1.0,,,,1.0,1.0,,,,,1.0,,1.0,,1.0,,,7.0,8.0,0.0,8.0,4.0,8.0,0.0,0.0,8.0,8.0,3.0,8.0,5.0,7.0,2.0,2.0,7.0,1.0,1.0,,,,1.0,,,1.0,1.0,,,2.0,2.0,2.0,1.0,1.0,0.5806295587758279
267.0,2.0,63.0,5.0,1.0,3.0,16.0,5.0,2.0,2.0,2.0,,,,,,1.0,,,,,,,,,,,1.0,,,,,1.0,,,2.0,3.0,4.0,,2.0,2.0,3.0,3.0,3.0,2.0,3.0,3.0,3.0,3.0,3.0,3.0,3.0,3.0,3.0,3.0,3.0,3.0,3.0,3.0,2.0,5.0,6.0,6.0,6.0,4.0,7.0,6.0,7.0,7.0,2.0,6.0,5.0,6.0,7.0,6.0,6.0,2.0,2.0,1.0,1.0,1.0,2.0,3.0,3.0,1.0,,,,1.0,,,,,,,,,1.0,,2.0,3.0,2.0,2.0,1.0,2.0,1.0,1.0,1.0,,,,,3.0,2.0,0.0,8.0,5.0,0.0,2.0,7.0,5.0,4.0,5.0,5.0,1.0,7.0,5.0,4.0,2.0,4.0,4.0,5.0,6.0,4.0,6.0,4.0,4.0,1.0,,1.0,1.0,1.0,,1.0,1.0,,8.0,2.0,4.0,4.0,8.0,1.0,8.0,8.0,4.0,2.0,2.0,1.0,3.0,2.0,,,,,,1.0,1.0,,1.0,3.0,2.0,2.0,1.0,2.0,1.0,1.0,3.0,3.0,2.0,1.0,2.0,2.0,3.0,3.0,2.0,2.0,2.0,2.0,1.0,1.0,1.0,1.0,,1.0,,,,,,1.0,,,,,,,1.0,1.0,,,,,,2.0,8.0,1.0,5.0,3.0,4.0,10.0,10.0,9.0,8.0,10.0,3.0,4.0,4.0,0.0,0.0,7.0,4.0,1.0,,,,1.0,,,,,,,1.0,1.0,1.0,2.0,2.0,1.5507340511199605
268.0,2.0,52.0,4.0,5.0,3.0,16.0,6.0,3.0,3.0,1.0,,,,,,1.0,,1.0,,,,,,,,,1.0,,,,,,,,2.0,2.0,11.0,5.0,3.0,3.0,3.0,3.0,3.0,3.0,3.0,3.0,3.0,3.0,3.0,3.0,3.0,3.0,4.0,4.0,3.0,4.0,3.0,4.0,4.0,3.0,99.0,7.0,8.0,7.0,3.0,8.0,8.0,7.0,7.0,7.0,8.0,8.0,99.0,7.0,99.0,1.0,1.0,3.0,3.0,1.0,1.0,3.0,3.0,1.0,,,,,1.0,,,1.0,,,,,,,2.0,3.0,2.0,3.0,2.0,,3.0,,,,,,1.0,2.0,2.0,6.0,8.0,5.0,5.0,8.0,7.0,99.0,8.0,99.0,7.0,7.0,7.0,8.0,7.0,4.0,7.0,7.0,6.0,8.0,7.0,6.0,7.0,3.0,3.0,,,,1.0,,,,,8.0,8.0,8.0,8.0,1.0,1.0,8.0,8.0,1.0,4.0,5.0,4.0,4.0,1.0,,1.0,,1.0,,,1.0,,1.0,4.0,2.0,2.0,3.0,3.0,3.0,3.0,3.0,1.0,1.0,1.0,3.0,2.0,3.0,3.0,1.0,1.0,1.0,1.0,3.0,3.0,2.0,,,1.0,,,1.0,,,1.0,1.0,1.0,,,,,,,1.0,1.0,,,,6.0,7.0,99.0,2.0,0.0,2.0,8.0,10.0,3.0,9.0,10.0,5.0,3.0,3.0,2.0,0.0,8.0,3.0,1.0,,,,1.0,,,1.0,,,,2.0,2.0,2.0,1.0,3.0,0.4506828618050853
269.0,2.0,41.0,3.0,5.0,1.0,16.0,5.0,1.0,2.0,1.0,,,,1.0,,,,,,,,,,,,1.0,1.0,,,,,,,,6.0,4.0,2.0,3.0,1.0,1.0,3.0,3.0,3.0,3.0,3.0,3.0,3.0,3.0,3.0,3.0,3.0,3.0,3.0,4.0,3.0,3.0,4.0,4.0,4.0,4.0,6.0,7.0,7.0,4.0,5.0,99.0,7.0,6.0,6.0,6.0,6.0,99.0,99.0,7.0,99.0,2.0,2.0,2.0,1.0,2.0,2.0,2.0,5.0,,,1.0,,,,,,,1.0,,1.0,,,,3.0,3.0,3.0,4.0,2.0,,3.0,,,1.0,,,,6.0,4.0,5.0,5.0,5.0,5.0,6.0,5.0,4.0,6.0,5.0,6.0,4.0,6.0,4.0,5.0,4.0,5.0,5.0,6.0,5.0,5.0,6.0,4.0,3.0,5.0,,1.0,,1.0,,,,,8.0,8.0,8.0,8.0,8.0,8.0,8.0,8.0,8.0,3.0,3.0,3.0,3.0,2.0,,,,,,,1.0,,1.0,1.0,3.0,3.0,3.0,3.0,3.0,3.0,3.0,3.0,3.0,3.0,3.0,3.0,3.0,3.0,5.0,5.0,5.0,5.0,4.0,1.0,1.0,,1.0,1.0,,,,,,,1.0,1.0,,,,,,,,1.0,1.0,,,4.0,6.0,4.0,5.0,4.0,4.0,8.0,10.0,99.0,99.0,99.0,99.0,99.0,99.0,99.0,99.0,7.0,1.0,1.0,,,,1.0,,,,,,,2.0,2.0,2.0,13.0,12.0,0.6728141585222285
270.0,1.0,55.0,5.0,1.0,2.0,16.0,4.0,2.0,6.0,1.0,,,,,1.0,1.0,,,,,,,,,,,1.0,,,,,,,,3.0,2.0,4.0,,1.0,1.0,3.0,1.0,3.0,1.0,1.0,2.0,3.0,1.0,3.0,3.0,1.0,2.0,3.0,4.0,1.0,4.0,3.0,3.0,1.0,2.0,1.0,1.0,6.0,2.0,8.0,3.0,7.0,8.0,0.0,1.0,4.0,6.0,4.0,3.0,3.0,2.0,2.0,2.0,2.0,2.0,2.0,3.0,4.0,1.0,,1.0,,,,,,,,1.0,,,,,4.0,4.0,4.0,4.0,2.0,,3.0,,1.0,,,,,3.0,2.0,7.0,8.0,4.0,0.0,2.0,2.0,7.0,3.0,0.0,2.0,0.0,3.0,5.0,2.0,2.0,2.0,0.0,0.0,6.0,2.0,2.0,4.0,6.0,3.0,,,,1.0,1.0,1.0,1.0,,2.0,2.0,2.0,2.0,8.0,2.0,2.0,2.0,8.0,4.0,5.0,4.0,1.0,1.0,1.0,,1.0,,1.0,1.0,1.0,,1.0,3.0,2.0,1.0,1.0,2.0,1.0,1.0,3.0,2.0,2.0,3.0,2.0,2.0,1.0,3.0,2.0,2.0,2.0,2.0,1.0,1.0,1.0,,1.0,1.0,,,,,,1.0,1.0,1.0,,,,,,1.0,,,1.0,,,0.0,9.0,3.0,6.0,3.0,5.0,7.0,10.0,0.0,10.0,9.0,0.0,7.0,5.0,0.0,0.0,3.0,5.0,1.0,,,,,,,,,,1.0,3.0,3.0,3.0,2.0,2.0,1.0439762633449863
271.0,2.0,84.0,6.0,4.0,3.0,16.0,3.0,2.0,4.0,1.0,,,,,,1.0,,1.0,,,,,,,,,,,,,1.0,,,,2.0,2.0,4.0,,3.0,2.0,3.0,3.0,3.0,3.0,2.0,3.0,3.0,3.0,4.0,3.0,3.0,3.0,3.0,3.0,3.0,3.0,3.0,3.0,3.0,4.0,4.0,5.0,4.0,4.0,4.0,5.0,5.0,4.0,5.0,5.0,5.0,5.0,5.0,5.0,5.0,1.0,1.0,1.0,1.0,1.0,1.0,2.0,3.0,1.0,,,,,1.0,,,,,,,,1.0,,2.0,2.0,2.0,3.0,2.0,,3.0,1.0,1.0,,,,,2.0,2.0,4.0,6.0,5.0,4.0,6.0,6.0,6.0,7.0,6.0,5.0,6.0,6.0,6.0,5.0,4.0,5.0,5.0,5.0,5.0,5.0,5.0,4.0,4.0,5.0,,1.0,1.0,,1.0,,1.0,,1.0,1.0,1.0,1.0,1.0,1.0,1.0,1.0,1.0,2.0,2.0,2.0,5.0,2.0,,,,,,1.0,1.0,,2.0,3.0,3.0,3.0,3.0,3.0,3.0,3.0,3.0,3.0,3.0,3.0,3.0,2.0,3.0,3.0,2.0,2.0,2.0,5.0,3.0,3.0,3.0,,1.0,1.0,,,,,,,1.0,,,,,1.0,,,,,,,,7.0,6.0,7.0,7.0,5.0,7.0,8.0,10.0,8.0,7.0,7.0,5.0,5.0,5.0,3.0,3.0,3.0,1.0,1.0,,,,1.0,,,,,,,3.0,3.0,3.0,1.0,1.0,2.0000826775775886
272.0,1.0,66.0,6.0,5.0,2.0,16.0,4.0,2.0,6.0,1.0,,,1.0,,,,,1.0,,,,,,,,,,,,,1.0,,,,3.0,2.0,4.0,,3.0,1.0,3.0,3.0,3.0,3.0,2.0,3.0,3.0,3.0,3.0,3.0,1.0,4.0,4.0,4.0,3.0,4.0,3.0,4.0,4.0,7.0,7.0,8.0,8.0,8.0,6.0,7.0,8.0,7.0,4.0,7.0,8.0,7.0,6.0,6.0,5.0,1.0,1.0,1.0,3.0,1.0,1.0,1.0,5.0,,,,,,,1.0,,1.0,,1.0,,,,,2.0,3.0,2.0,4.0,2.0,,3.0,1.0,,,,,,3.0,2.0,6.0,6.0,0.0,8.0,7.0,6.0,6.0,7.0,6.0,6.0,6.0,7.0,7.0,8.0,3.0,8.0,7.0,8.0,7.0,0.0,6.0,7.0,3.0,3.0,,,,,,,,1.0,8.0,6.0,6.0,6.0,6.0,8.0,8.0,6.0,8.0,4.0,4.0,3.0,2.0,1.0,,1.0,1.0,1.0,1.0,,,,1.0,4.0,1.0,2.0,1.0,1.0,1.0,1.0,1.0,1.0,1.0,1.0,1.0,1.0,1.0,1.0,2.0,2.0,2.0,2.0,3.0,3.0,2.0,1.0,1.0,,,,,,1.0,1.0,,,,,,1.0,,,,1.0,1.0,,,8.0,8.0,0.0,3.0,2.0,0.0,8.0,9.0,0.0,10.0,9.0,5.0,0.0,0.0,5.0,5.0,6.0,1.0,2.0,7.0,,,1.0,,,,,,,3.0,3.0,3.0,6.0,5.0,0.6227725296645248
273.0,1.0,60.0,5.0,3.0,2.0,16.0,4.0,1.0,2.0,1.0,,,,,,,,1.0,,1.0,,,,,,,,,,,,,1.0,,3.0,2.0,2.0,5.0,3.0,1.0,3.0,3.0,3.0,3.0,3.0,3.0,3.0,3.0,3.0,3.0,1.0,3.0,3.0,3.0,2.0,4.0,3.0,3.0,3.0,5.0,6.0,7.0,7.0,4.0,0.0,6.0,7.0,7.0,5.0,8.0,6.0,6.0,7.0,6.0,4.0,1.0,1.0,1.0,1.0,1.0,2.0,1.0,3.0,1.0,,,,,1.0,,,,,,,,1.0,,1.0,2.0,2.0,4.0,1.0,2.0,3.0,1.0,,,,,,2.0,2.0,7.0,8.0,6.0,0.0,6.0,6.0,5.0,7.0,7.0,7.0,0.0,7.0,7.0,6.0,4.0,6.0,0.0,0.0,6.0,4.0,7.0,5.0,3.0,5.0,,,,1.0,,,,,8.0,1.0,8.0,1.0,1.0,7.0,8.0,8.0,1.0,2.0,3.0,2.0,2.0,2.0,,,,,,1.0,1.0,,5.0,2.0,2.0,2.0,3.0,1.0,3.0,3.0,3.0,1.0,1.0,1.0,1.0,2.0,1.0,3.0,1.0,1.0,1.0,1.0,3.0,1.0,1.0,,,1.0,1.0,,,,,,1.0,,,,,,,1.0,,,1.0,,,5.0,7.0,0.0,5.0,3.0,2.0,9.0,10.0,8.0,8.0,10.0,7.0,8.0,7.0,0.0,0.0,7.0,3.0,1.0,,,,1.0,,1.0,1.0,,,,2.0,2.0,2.0,13.0,12.0,0.6703957268725725
274.0,1.0,74.0,6.0,5.0,2.0,16.0,5.0,2.0,3.0,1.0,,,,,,1.0,,,,,,1.0,,,,,1.0,,,,,,,,3.0,2.0,4.0,,3.0,3.0,3.0,3.0,3.0,3.0,3.0,3.0,3.0,3.0,3.0,3.0,3.0,4.0,5.0,4.0,3.0,4.0,4.0,4.0,3.0,6.0,6.0,6.0,5.0,5.0,5.0,5.0,8.0,7.0,4.0,5.0,5.0,4.0,5.0,6.0,8.0,2.0,2.0,1.0,1.0,1.0,1.0,2.0,2.0,,,,,,,,1.0,,,1.0,,,1.0,,3.0,4.0,4.0,5.0,2.0,,3.0,1.0,,,,,,2.0,2.0,4.0,5.0,5.0,2.0,7.0,6.0,7.0,7.0,5.0,7.0,6.0,5.0,7.0,6.0,4.0,7.0,3.0,4.0,6.0,6.0,7.0,5.0,6.0,4.0,,,1.0,1.0,,1.0,1.0,,1.0,1.0,1.0,4.0,1.0,1.0,8.0,8.0,8.0,3.0,3.0,4.0,5.0,1.0,,1.0,,,,1.0,1.0,,1.0,1.0,2.0,2.0,1.0,3.0,1.0,3.0,3.0,1.0,1.0,1.0,1.0,2.0,3.0,2.0,2.0,2.0,2.0,1.0,4.0,1.0,1.0,,1.0,1.0,,,,,,1.0,1.0,1.0,,,,1.0,,1.0,1.0,1.0,1.0,,,4.0,7.0,1.0,4.0,2.0,3.0,9.0,10.0,6.0,8.0,10.0,5.0,6.0,5.0,2.0,0.0,7.0,1.0,1.0,,,,1.0,,,,,,,3.0,3.0,3.0,10.0,1.0,0.6014680154101033
275.0,1.0,70.0,6.0,1.0,3.0,16.0,4.0,2.0,4.0,2.0,,,,,1.0,1.0,,,,,,,,,,,1.0,,,,,,,,2.0,2.0,4.0,,3.0,3.0,3.0,3.0,3.0,3.0,3.0,3.0,3.0,3.0,3.0,3.0,3.0,3.0,3.0,3.0,3.0,3.0,3.0,3.0,3.0,4.0,4.0,4.0,8.0,5.0,8.0,8.0,8.0,8.0,4.0,4.0,5.0,8.0,8.0,8.0,8.0,2.0,2.0,1.0,1.0,2.0,2.0,2.0,4.0,1.0,,,,,,,1.0,,,,,,1.0,,4.0,3.0,3.0,4.0,2.0,,2.0,1.0,1.0,,1.0,,,2.0,2.0,5.0,6.0,6.0,0.0,7.0,4.0,4.0,6.0,7.0,7.0,2.0,8.0,5.0,4.0,6.0,5.0,2.0,5.0,8.0,5.0,7.0,3.0,4.0,2.0,,1.0,1.0,1.0,1.0,1.0,1.0,,8.0,2.0,2.0,2.0,2.0,1.0,1.0,8.0,2.0,1.0,1.0,1.0,3.0,3.0,,,,,,1.0,1.0,,2.0,2.0,2.0,1.0,1.0,1.0,1.0,1.0,2.0,1.0,1.0,3.0,1.0,2.0,1.0,3.0,1.0,1.0,1.0,1.0,2.0,2.0,2.0,,1.0,1.0,,,,,,1.0,1.0,1.0,,,,,1.0,1.0,1.0,1.0,1.0,,,4.0,6.0,2.0,6.0,2.0,5.0,10.0,10.0,8.0,7.0,8.0,3.0,5.0,3.0,0.0,0.0,4.0,4.0,1.0,,,,1.0,,,,,,,2.0,2.0,2.0,4.0,4.0,2.0000110670191638
276.0,2.0,67.0,6.0,5.0,2.0,16.0,4.0,2.0,4.0,1.0,,,,,,,,,,,,,,,,,1.0,,,,1.0,,,,2.0,2.0,4.0,,3.0,1.0,3.0,3.0,3.0,3.0,2.0,3.0,3.0,3.0,3.0,3.0,1.0,3.0,3.0,3.0,3.0,4.0,3.0,3.0,3.0,8.0,8.0,8.0,3.0,7.0,7.0,4.0,9.0,7.0,3.0,5.0,6.0,5.0,7.0,7.0,5.0,2.0,1.0,1.0,1.0,1.0,2.0,1.0,1.0,,,1.0,,,,,,1.0,,1.0,,,,,1.0,2.0,1.0,2.0,1.0,2.0,3.0,1.0,,,,,,2.0,2.0,2.0,7.0,6.0,5.0,8.0,6.0,7.0,7.0,5.0,6.0,5.0,8.0,8.0,6.0,3.0,7.0,2.0,5.0,7.0,7.0,8.0,5.0,3.0,3.0,,1.0,,1.0,,,,,2.0,2.0,8.0,2.0,8.0,2.0,2.0,2.0,2.0,5.0,4.0,4.0,4.0,1.0,,,1.0,,,1.0,,,1.0,2.0,3.0,3.0,3.0,3.0,3.0,3.0,3.0,3.0,3.0,3.0,3.0,3.0,3.0,3.0,2.0,2.0,2.0,2.0,2.0,2.0,2.0,1.0,1.0,,,,,,,,1.0,1.0,,,,,,1.0,,,1.0,,,5.0,3.0,3.0,7.0,5.0,5.0,9.0,10.0,4.0,7.0,10.0,4.0,5.0,5.0,0.0,0.0,4.0,1.0,1.0,,,,1.0,,,,,,,3.0,3.0,3.0,2.0,4.0,1.8480687009804735
277.0,1.0,38.0,3.0,2.0,2.0,16.0,4.0,1.0,4.0,1.0,,,1.0,,,,,,,,,,,,,,,,,1.0,1.0,,,,2.0,2.0,2.0,3.0,1.0,2.0,3.0,1.0,1.0,3.0,1.0,3.0,3.0,1.0,3.0,3.0,3.0,3.0,3.0,4.0,4.0,4.0,3.0,4.0,3.0,6.0,6.0,7.0,8.0,5.0,7.0,7.0,7.0,9.0,7.0,8.0,5.0,6.0,6.0,7.0,7.0,1.0,1.0,1.0,1.0,1.0,1.0,2.0,3.0,,,,,,1.0,,,,1.0,1.0,,,,,1.0,2.0,1.0,3.0,2.0,,4.0,1.0,1.0,,1.0,,,2.0,2.0,6.0,6.0,7.0,7.0,7.0,5.0,3.0,6.0,6.0,7.0,4.0,7.0,7.0,6.0,6.0,6.0,6.0,9.0,7.0,5.0,5.0,6.0,2.0,3.0,,1.0,1.0,,,1.0,,,7.0,7.0,7.0,7.0,7.0,7.0,7.0,7.0,7.0,4.0,4.0,4.0,1.0,1.0,,,,,,1.0,,,1.0,1.0,3.0,2.0,1.0,3.0,3.0,3.0,3.0,1.0,3.0,1.0,3.0,3.0,3.0,3.0,1.0,1.0,1.0,1.0,2.0,1.0,1.0,1.0,,,1.0,,,1.0,,,,1.0,,,,,1.0,,,,1.0,,,2.0,2.0,3.0,7.0,5.0,5.0,9.0,1.0,0.0,8.0,8.0,0.0,3.0,0.0,0.0,0.0,5.0,1.0,2.0,4.0,,,1.0,,,1.0,,,,3.0,3.0,2.0,11.0,6.0,1.1492559851732842
278.0,1.0,74.0,6.0,5.0,3.0,16.0,6.0,2.0,2.0,1.0,,,,1.0,,,1.0,,,,,,,,,,,,,,1.0,,,,2.0,4.0,4.0,,1.0,1.0,3.0,3.0,3.0,3.0,1.0,3.0,3.0,3.0,3.0,3.0,3.0,4.0,3.0,3.0,2.0,4.0,4.0,3.0,1.0,6.0,5.0,9.0,3.0,0.0,3.0,7.0,9.0,5.0,0.0,0.0,0.0,0.0,9.0,4.0,7.0,2.0,2.0,2.0,1.0,2.0,2.0,2.0,4.0,,,1.0,,,,,1.0,,,,,,1.0,,2.0,3.0,4.0,3.0,2.0,,1.0,1.0,1.0,,1.0,,,3.0,2.0,2.0,5.0,7.0,0.0,0.0,5.0,0.0,5.0,5.0,7.0,5.0,8.0,6.0,6.0,0.0,0.0,0.0,1.0,8.0,0.0,0.0,0.0,4.0,1.0,,1.0,1.0,1.0,,1.0,,,2.0,2.0,2.0,2.0,8.0,2.0,2.0,2.0,2.0,1.0,1.0,1.0,2.0,3.0,,,1.0,1.0,1.0,1.0,1.0,,1.0,1.0,2.0,3.0,1.0,2.0,1.0,3.0,2.0,3.0,2.0,3.0,3.0,2.0,3.0,3.0,2.0,2.0,2.0,2.0,1.0,1.0,1.0,,,1.0,,,1.0,,,,1.0,1.0,,,,1.0,,,,1.0,1.0,,,3.0,5.0,2.0,6.0,5.0,5.0,10.0,10.0,10.0,7.0,10.0,0.0,0.0,0.0,0.0,0.0,8.0,1.0,1.0,,,,1.0,,,,,,,2.0,2.0,2.0,2.0,2.0,0.8473981862290781
279.0,2.0,44.0,3.0,4.0,3.0,16.0,4.0,3.0,7.0,1.0,1.0,,,,,,,1.0,,,,,,,,,1.0,,,,,,,,3.0,3.0,6.0,,1.0,1.0,3.0,2.0,1.0,1.0,1.0,2.0,2.0,1.0,3.0,2.0,1.0,3.0,2.0,3.0,2.0,4.0,2.0,2.0,2.0,7.0,8.0,8.0,3.0,5.0,3.0,6.0,7.0,5.0,2.0,5.0,5.0,6.0,6.0,6.0,7.0,2.0,1.0,1.0,1.0,1.0,2.0,3.0,4.0,,,1.0,,,1.0,,,1.0,,,,,,,1.0,3.0,1.0,4.0,1.0,2.0,4.0,1.0,1.0,,,,,3.0,2.0,4.0,5.0,4.0,5.0,8.0,6.0,5.0,7.0,3.0,7.0,5.0,6.0,8.0,7.0,1.0,7.0,5.0,5.0,6.0,6.0,5.0,7.0,3.0,2.0,,,,,,1.0,1.0,,8.0,8.0,8.0,7.0,8.0,2.0,8.0,7.0,8.0,3.0,3.0,3.0,2.0,1.0,,,,,,1.0,,,1.0,3.0,2.0,2.0,2.0,3.0,3.0,3.0,3.0,3.0,3.0,3.0,3.0,2.0,2.0,3.0,2.0,2.0,2.0,2.0,1.0,1.0,1.0,1.0,1.0,,,,,,,,1.0,,,,,,,,,,1.0,,,5.0,99.0,99.0,99.0,99.0,99.0,99.0,99.0,8.0,7.0,10.0,5.0,8.0,7.0,2.0,5.0,5.0,3.0,1.0,,,,,,,1.0,,,,1.0,1.0,2.0,13.0,12.0,2.0000244584657554
280.0,1.0,45.0,4.0,5.0,2.0,16.0,2.0,6.0,6.0,1.0,,,,,,,,,,,1.0,1.0,,,,,,,,,1.0,,,,2.0,3.0,11.0,5.0,2.0,1.0,3.0,3.0,1.0,3.0,3.0,3.0,3.0,2.0,3.0,3.0,3.0,3.0,3.0,3.0,1.0,1.0,3.0,4.0,2.0,6.0,7.0,99.0,2.0,0.0,0.0,7.0,8.0,5.0,0.0,5.0,3.0,2.0,99.0,3.0,99.0,2.0,3.0,3.0,1.0,1.0,2.0,3.0,5.0,,,1.0,,,,,,,1.0,1.0,,,,,1.0,3.0,2.0,4.0,2.0,,5.0,,,,,,1.0,3.0,3.0,0.0,0.0,0.0,0.0,5.0,99.0,0.0,3.0,99.0,0.0,0.0,7.0,7.0,0.0,0.0,3.0,0.0,0.0,10.0,0.0,1.0,0.0,5.0,1.0,1.0,,,,,,,,2.0,2.0,2.0,2.0,2.0,2.0,2.0,2.0,2.0,5.0,2.0,5.0,5.0,3.0,,1.0,,,,,,,1.0,5.0,2.0,2.0,3.0,3.0,3.0,3.0,3.0,1.0,3.0,3.0,3.0,2.0,3.0,3.0,2.0,5.0,1.0,5.0,2.0,1.0,1.0,,,1.0,,,1.0,,1.0,,,,,,,,,,,,,,1.0,0.0,8.0,0.0,99.0,99.0,99.0,10.0,10.0,10.0,99.0,99.0,99.0,99.0,99.0,99.0,99.0,3.0,5.0,1.0,,,,,,,,,1.0,,1.0,1.0,2.0,11.0,10.0,0.3495454529394512
281.0,1.0,45.0,4.0,5.0,2.0,16.0,6.0,1.0,3.0,1.0,,,,,,1.0,,,,,,,,,,1.0,,,,,1.0,,,,2.0,2.0,2.0,3.0,3.0,3.0,3.0,3.0,3.0,3.0,3.0,3.0,3.0,3.0,3.0,3.0,3.0,4.0,4.0,4.0,3.0,4.0,4.0,4.0,3.0,6.0,7.0,6.0,6.0,3.0,3.0,3.0,7.0,6.0,3.0,5.0,4.0,5.0,6.0,4.0,5.0,2.0,1.0,3.0,1.0,3.0,2.0,3.0,4.0,1.0,,1.0,,,,,,,,,,,1.0,,3.0,3.0,2.0,4.0,2.0,,3.0,1.0,,,,,,3.0,2.0,6.0,7.0,5.0,3.0,5.0,6.0,3.0,6.0,4.0,7.0,2.0,7.0,7.0,4.0,4.0,4.0,3.0,4.0,6.0,5.0,3.0,6.0,3.0,3.0,,,,1.0,,1.0,1.0,,8.0,2.0,2.0,8.0,8.0,1.0,2.0,2.0,2.0,4.0,4.0,3.0,3.0,2.0,,,,,,,1.0,,2.0,3.0,2.0,3.0,1.0,3.0,3.0,3.0,2.0,3.0,2.0,3.0,3.0,2.0,3.0,2.0,2.0,2.0,2.0,2.0,1.0,1.0,1.0,1.0,1.0,,,,,,1.0,1.0,1.0,1.0,,,,1.0,,,,1.0,,,,2.0,4.0,1.0,5.0,3.0,3.0,8.0,9.0,3.0,9.0,9.0,5.0,5.0,5.0,2.0,0.0,8.0,5.0,1.0,,,,1.0,,,1.0,,,,1.0,2.0,1.0,4.0,4.0,0.33758780270602085
282.0,2.0,68.0,6.0,1.0,2.0,16.0,5.0,2.0,3.0,1.0,,,,1.0,,,,,,,,,,,,,1.0,,,,1.0,,,,3.0,2.0,4.0,,3.0,1.0,3.0,3.0,3.0,1.0,3.0,3.0,3.0,2.0,3.0,3.0,1.0,3.0,3.0,4.0,3.0,4.0,3.0,4.0,3.0,3.0,8.0,8.0,3.0,2.0,99.0,5.0,6.0,6.0,1.0,2.0,4.0,6.0,5.0,4.0,5.0,2.0,2.0,2.0,2.0,2.0,2.0,2.0,3.0,,,1.0,,1.0,,,1.0,,,,,,,,4.0,4.0,4.0,4.0,2.0,,2.0,1.0,1.0,,1.0,,,2.0,2.0,3.0,7.0,6.0,0.0,0.0,0.0,4.0,5.0,6.0,8.0,0.0,8.0,4.0,0.0,6.0,3.0,0.0,0.0,6.0,7.0,6.0,1.0,5.0,1.0,1.0,,1.0,1.0,,,,,2.0,2.0,2.0,2.0,2.0,2.0,2.0,2.0,2.0,1.0,1.0,1.0,1.0,3.0,1.0,,,,,1.0,1.0,,4.0,2.0,2.0,1.0,1.0,2.0,1.0,1.0,2.0,2.0,3.0,2.0,3.0,2.0,3.0,3.0,2.0,2.0,2.0,2.0,2.0,1.0,1.0,,,1.0,,,1.0,,,1.0,1.0,1.0,,,,,,,1.0,1.0,,,,1.0,8.0,1.0,5.0,1.0,3.0,10.0,10.0,10.0,5.0,10.0,3.0,6.0,5.0,0.0,0.0,8.0,5.0,1.0,,,,,,,,,1.0,,2.0,3.0,3.0,2.0,2.0,2.0000680392584242
283.0,1.0,56.0,5.0,3.0,2.0,16.0,6.0,1.0,3.0,1.0,,,,,,,,,,,,1.0,,,,,,,1.0,,1.0,,,,4.0,2.0,3.0,3.0,1.0,1.0,3.0,3.0,3.0,2.0,2.0,3.0,3.0,2.0,3.0,3.0,2.0,1.0,1.0,2.0,1.0,4.0,1.0,1.0,1.0,2.0,0.0,5.0,9.0,0.0,3.0,9.0,8.0,9.0,0.0,0.0,2.0,0.0,9.0,5.0,0.0,2.0,2.0,1.0,1.0,1.0,2.0,3.0,4.0,1.0,,,,,,,,,,1.0,,,1.0,,2.0,3.0,4.0,4.0,1.0,2.0,4.0,1.0,,,,,,4.0,2.0,5.0,5.0,7.0,0.0,6.0,0.0,1.0,4.0,6.0,2.0,0.0,8.0,8.0,1.0,1.0,3.0,0.0,0.0,4.0,0.0,2.0,5.0,3.0,4.0,,,,1.0,1.0,1.0,1.0,,3.0,3.0,3.0,7.0,1.0,1.0,3.0,3.0,3.0,4.0,4.0,4.0,1.0,1.0,,1.0,,1.0,,1.0,1.0,,1.0,4.0,2.0,2.0,2.0,3.0,1.0,2.0,1.0,3.0,1.0,3.0,3.0,3.0,2.0,2.0,1.0,1.0,1.0,1.0,1.0,2.0,3.0,,1.0,1.0,,,,1.0,1.0,1.0,1.0,1.0,,,1.0,,1.0,1.0,,1.0,,,,3.0,6.0,0.0,3.0,4.0,2.0,8.0,10.0,1.0,1.0,10.0,6.0,3.0,5.0,0.0,10.0,8.0,2.0,1.0,,,,,,,,,,1.0,3.0,3.0,3.0,3.0,3.0,0.6173235794401248
284.0,2.0,71.0,6.0,5.0,2.0,16.0,4.0,2.0,6.0,1.0,,,,,,,,,,,,1.0,,,,,1.0,,,,1.0,,,,3.0,2.0,4.0,,3.0,1.0,3.0,3.0,3.0,3.0,3.0,3.0,3.0,3.0,3.0,3.0,3.0,3.0,4.0,4.0,3.0,4.0,3.0,4.0,3.0,6.0,5.0,5.0,6.0,6.0,4.0,3.0,9.0,6.0,3.0,6.0,7.0,6.0,6.0,6.0,2.0,2.0,1.0,1.0,1.0,1.0,1.0,3.0,4.0,1.0,,,,,,,,1.0,,1.0,,,,,2.0,2.0,2.0,5.0,2.0,,3.0,1.0,,,,,,3.0,2.0,3.0,5.0,2.0,4.0,6.0,3.0,4.0,5.0,6.0,8.0,5.0,5.0,6.0,8.0,1.0,6.0,5.0,4.0,9.0,3.0,4.0,5.0,3.0,3.0,,,,,,,,1.0,8.0,8.0,8.0,8.0,8.0,1.0,8.0,8.0,8.0,3.0,4.0,3.0,1.0,1.0,,1.0,1.0,1.0,1.0,,1.0,,1.0,4.0,3.0,3.0,3.0,3.0,3.0,3.0,3.0,3.0,3.0,3.0,3.0,3.0,3.0,3.0,2.0,2.0,2.0,5.0,2.0,1.0,1.0,1.0,,,,,1.0,,1.0,,1.0,,,,,1.0,,,,1.0,,,,5.0,6.0,0.0,5.0,0.0,0.0,7.0,10.0,7.0,8.0,10.0,2.0,9.0,1.0,2.0,0.0,4.0,1.0,2.0,7.0,,1.0,,,,,,,,2.0,3.0,3.0,1.0,1.0,1.6976562393437487
285.0,2.0,63.0,5.0,2.0,3.0,16.0,5.0,1.0,2.0,1.0,,,,,,1.0,,,,,,,,,,1.0,1.0,,,,,,,,2.0,2.0,2.0,4.0,3.0,3.0,3.0,3.0,3.0,3.0,3.0,3.0,3.0,3.0,3.0,3.0,3.0,3.0,3.0,4.0,3.0,4.0,3.0,4.0,3.0,2.0,8.0,8.0,3.0,5.0,6.0,2.0,5.0,2.0,1.0,5.0,2.0,3.0,99.0,4.0,2.0,1.0,1.0,1.0,1.0,1.0,1.0,1.0,2.0,1.0,,,,,,1.0,,1.0,,,,,,,3.0,4.0,2.0,3.0,2.0,,2.0,,,,,,1.0,2.0,2.0,4.0,5.0,2.0,3.0,1.0,5.0,5.0,4.0,5.0,5.0,2.0,8.0,6.0,5.0,4.0,5.0,4.0,5.0,6.0,2.0,5.0,3.0,5.0,2.0,,,1.0,1.0,,,,,4.0,4.0,4.0,4.0,8.0,4.0,4.0,4.0,4.0,2.0,2.0,1.0,3.0,3.0,,,1.0,,,1.0,1.0,,1.0,3.0,2.0,2.0,1.0,1.0,1.0,2.0,3.0,1.0,1.0,1.0,1.0,2.0,1.0,3.0,2.0,2.0,2.0,3.0,5.0,3.0,3.0,,1.0,1.0,,,,,,1.0,1.0,,,,,,,1.0,,,,,,1.0,8.0,0.0,8.0,1.0,4.0,10.0,10.0,8.0,6.0,9.0,2.0,9.0,4.0,0.0,0.0,7.0,1.0,1.0,,,,1.0,,,,,,,1.0,1.0,1.0,4.0,4.0,1.1617606763824788
286.0,2.0,24.0,1.0,5.0,3.0,16.0,6.0,1.0,3.0,1.0,,,,1.0,,,,,,,,,,,,,,1.0,,1.0,,,,,2.0,2.0,2.0,4.0,3.0,2.0,3.0,3.0,3.0,3.0,3.0,2.0,3.0,3.0,3.0,3.0,3.0,2.0,2.0,3.0,2.0,3.0,3.0,3.0,2.0,5.0,8.0,99.0,4.0,5.0,7.0,5.0,8.0,6.0,99.0,4.0,99.0,99.0,99.0,5.0,6.0,1.0,1.0,1.0,1.0,1.0,1.0,1.0,3.0,1.0,,,,,,,,,1.0,,1.0,,,,2.0,3.0,3.0,5.0,2.0,,2.0,1.0,,,1.0,,,3.0,2.0,99.0,99.0,5.0,0.0,5.0,5.0,5.0,99.0,99.0,2.0,0.0,5.0,6.0,99.0,1.0,2.0,5.0,6.0,7.0,5.0,3.0,99.0,5.0,5.0,,,,1.0,,,,,8.0,8.0,8.0,8.0,8.0,8.0,8.0,8.0,8.0,2.0,2.0,3.0,2.0,1.0,,,,,,,,1.0,1.0,5.0,3.0,3.0,1.0,3.0,1.0,3.0,3.0,3.0,3.0,3.0,1.0,2.0,3.0,3.0,2.0,2.0,2.0,2.0,3.0,2.0,1.0,,1.0,1.0,,,,,1.0,1.0,1.0,1.0,,,,1.0,1.0,,1.0,,1.0,,,99.0,99.0,99.0,99.0,99.0,99.0,99.0,99.0,99.0,99.0,99.0,99.0,99.0,99.0,99.0,0.0,7.0,5.0,1.0,,,,1.0,,,1.0,,,,1.0,1.0,1.0,13.0,12.0,0.6109821506475526
287.0,1.0,65.0,6.0,5.0,2.0,16.0,4.0,2.0,3.0,1.0,,,,,,1.0,,,,,,,,,,,1.0,,,1.0,,,,,2.0,2.0,4.0,,3.0,3.0,3.0,3.0,3.0,3.0,3.0,3.0,3.0,3.0,3.0,3.0,3.0,3.0,3.0,3.0,3.0,3.0,4.0,4.0,4.0,4.0,5.0,5.0,4.0,3.0,5.0,6.0,5.0,4.0,4.0,4.0,5.0,2.0,4.0,4.0,5.0,2.0,2.0,2.0,1.0,2.0,2.0,2.0,3.0,1.0,,,,,,,1.0,,,1.0,,,,,2.0,2.0,3.0,4.0,2.0,,4.0,1.0,,,,,,3.0,2.0,4.0,5.0,3.0,0.0,1.0,2.0,4.0,3.0,4.0,4.0,3.0,6.0,3.0,0.0,3.0,2.0,1.0,3.0,5.0,3.0,5.0,2.0,5.0,1.0,1.0,1.0,1.0,1.0,,1.0,,,2.0,2.0,2.0,2.0,2.0,2.0,2.0,2.0,2.0,3.0,2.0,1.0,2.0,3.0,,,,,,1.0,1.0,,2.0,3.0,2.0,3.0,1.0,3.0,3.0,3.0,3.0,3.0,3.0,3.0,3.0,2.0,3.0,3.0,1.0,1.0,1.0,1.0,2.0,2.0,3.0,,1.0,1.0,,,,,,1.0,1.0,1.0,,,,,,1.0,1.0,1.0,1.0,,,1.0,6.0,2.0,5.0,5.0,5.0,8.0,10.0,9.0,6.0,9.0,5.0,5.0,5.0,1.0,0.0,3.0,3.0,2.0,7.0,,,1.0,,,,,,,2.0,2.0,2.0,2.0,2.0,0.6014680154101033
288.0,1.0,65.0,6.0,5.0,1.0,16.0,5.0,2.0,4.0,1.0,,,,,,1.0,,,,,,,,,,,,,,,1.0,,1.0,,3.0,2.0,4.0,,2.0,1.0,3.0,3.0,3.0,1.0,3.0,1.0,3.0,3.0,3.0,3.0,1.0,2.0,2.0,3.0,2.0,3.0,3.0,3.0,4.0,3.0,4.0,5.0,2.0,0.0,2.0,3.0,3.0,3.0,3.0,4.0,3.0,6.0,4.0,2.0,3.0,2.0,1.0,1.0,1.0,1.0,2.0,3.0,1.0,1.0,,,,1.0,,,,,,,1.0,,,,2.0,3.0,2.0,3.0,1.0,2.0,3.0,1.0,,,,,,3.0,3.0,1.0,2.0,2.0,0.0,1.0,4.0,4.0,3.0,2.0,2.0,5.0,5.0,4.0,0.0,2.0,2.0,1.0,2.0,7.0,2.0,0.0,0.0,5.0,2.0,1.0,1.0,1.0,1.0,,,1.0,,8.0,5.0,5.0,4.0,3.0,8.0,3.0,2.0,2.0,2.0,2.0,3.0,2.0,2.0,1.0,,1.0,,,1.0,1.0,,1.0,3.0,2.0,3.0,1.0,2.0,1.0,1.0,2.0,1.0,2.0,3.0,1.0,2.0,1.0,2.0,2.0,2.0,2.0,2.0,2.0,1.0,1.0,1.0,,,,,1.0,,,,,1.0,,,,,,,,1.0,,,,2.0,8.0,1.0,5.0,3.0,4.0,9.0,10.0,7.0,8.0,10.0,3.0,5.0,4.0,1.0,0.0,6.0,5.0,1.0,,,,1.0,,,,,,,3.0,3.0,3.0,11.0,10.0,1.0842857378536304
289.0,1.0,56.0,5.0,2.0,3.0,16.0,4.0,1.0,4.0,1.0,,,,,,,,,,,,,,1.0,,,1.0,,,,,1.0,,,3.0,2.0,2.0,4.0,3.0,2.0,3.0,3.0,3.0,3.0,3.0,2.0,3.0,3.0,3.0,3.0,3.0,4.0,4.0,3.0,3.0,4.0,3.0,4.0,4.0,6.0,7.0,7.0,7.0,7.0,5.0,7.0,8.0,6.0,4.0,7.0,5.0,7.0,6.0,7.0,6.0,1.0,1.0,3.0,1.0,1.0,1.0,1.0,4.0,,,1.0,,,1.0,,,,1.0,,,,,,2.0,2.0,2.0,2.0,2.0,,2.0,1.0,,,1.0,,,3.0,2.0,5.0,7.0,3.0,1.0,8.0,3.0,7.0,5.0,4.0,6.0,2.0,8.0,5.0,5.0,2.0,6.0,5.0,5.0,6.0,5.0,4.0,7.0,3.0,3.0,,,1.0,1.0,,1.0,,,1.0,2.0,5.0,8.0,2.0,2.0,5.0,1.0,2.0,3.0,2.0,2.0,2.0,1.0,,,,,,1.0,1.0,,1.0,3.0,2.0,2.0,1.0,3.0,3.0,1.0,3.0,1.0,3.0,1.0,1.0,2.0,3.0,3.0,2.0,2.0,1.0,2.0,2.0,1.0,1.0,,1.0,1.0,,,,,,,,1.0,,,,1.0,1.0,,1.0,,,,,3.0,5.0,0.0,5.0,3.0,3.0,9.0,10.0,5.0,10.0,10.0,4.0,7.0,5.0,2.0,0.0,5.0,5.0,1.0,,,,1.0,,,,,,,2.0,2.0,2.0,5.0,1.0,1.1045743450371828
290.0,1.0,52.0,4.0,3.0,2.0,16.0,4.0,1.0,5.0,1.0,,,,,,1.0,,1.0,,,,,,,,,,,,,1.0,,,,4.0,3.0,2.0,2.0,1.0,1.0,3.0,3.0,3.0,3.0,2.0,3.0,3.0,2.0,3.0,3.0,1.0,3.0,3.0,4.0,1.0,3.0,4.0,4.0,3.0,0.0,3.0,2.0,1.0,2.0,1.0,0.0,3.0,1.0,0.0,5.0,0.0,5.0,4.0,5.0,0.0,1.0,3.0,3.0,1.0,3.0,3.0,3.0,4.0,,,1.0,,,1.0,,,,,1.0,,,,,4.0,3.0,1.0,2.0,2.0,,4.0,1.0,1.0,,1.0,,,5.0,3.0,2.0,2.0,0.0,1.0,3.0,0.0,0.0,2.0,2.0,1.0,0.0,5.0,2.0,1.0,0.0,0.0,0.0,2.0,7.0,4.0,3.0,2.0,3.0,4.0,,,,1.0,,,1.0,,8.0,1.0,8.0,8.0,8.0,8.0,8.0,8.0,8.0,5.0,4.0,3.0,2.0,1.0,,,,,,1.0,,,1.0,2.0,3.0,3.0,1.0,3.0,3.0,3.0,3.0,3.0,3.0,3.0,3.0,3.0,3.0,3.0,2.0,2.0,2.0,2.0,2.0,2.0,2.0,1.0,,,1.0,,,,1.0,1.0,1.0,1.0,,,,1.0,,,,1.0,1.0,,,5.0,10.0,0.0,4.0,4.0,4.0,10.0,8.0,5.0,7.0,7.0,4.0,5.0,5.0,1.0,2.0,6.0,3.0,1.0,,,,1.0,,,1.0,,,,2.0,2.0,3.0,3.0,11.0,0.577459140519932
291.0,2.0,64.0,5.0,5.0,2.0,16.0,6.0,3.0,6.0,1.0,,,1.0,,,,,,,,,1.0,,,,,1.0,,,,,,,,3.0,1.0,6.0,,3.0,3.0,3.0,3.0,3.0,3.0,3.0,3.0,3.0,3.0,3.0,3.0,1.0,1.0,1.0,1.0,1.0,4.0,1.0,1.0,1.0,8.0,7.0,6.0,1.0,3.0,6.0,7.0,8.0,5.0,0.0,0.0,0.0,0.0,2.0,2.0,0.0,2.0,1.0,1.0,1.0,1.0,2.0,1.0,2.0,1.0,,1.0,,,,,1.0,,,,,,,,4.0,5.0,3.0,3.0,1.0,2.0,1.0,1.0,1.0,,1.0,,,4.0,2.0,4.0,4.0,0.0,5.0,8.0,0.0,5.0,6.0,6.0,0.0,1.0,4.0,8.0,4.0,0.0,7.0,0.0,0.0,0.0,1.0,8.0,3.0,3.0,4.0,,,,,,,,1.0,4.0,4.0,4.0,4.0,4.0,4.0,4.0,4.0,4.0,4.0,4.0,4.0,4.0,1.0,1.0,1.0,,,,,1.0,,1.0,3.0,2.0,2.0,3.0,3.0,3.0,2.0,3.0,3.0,3.0,3.0,3.0,2.0,3.0,3.0,1.0,1.0,1.0,1.0,1.0,1.0,1.0,1.0,,,,,1.0,,,1.0,,,,,,,,1.0,,,,,,3.0,8.0,99.0,8.0,4.0,5.0,9.0,10.0,8.0,9.0,9.0,4.0,8.0,8.0,1.0,1.0,8.0,4.0,1.0,,,1.0,,,,,,,,2.0,3.0,2.0,11.0,10.0,0.4477214000760064
292.0,1.0,56.0,5.0,5.0,2.0,16.0,4.0,1.0,2.0,1.0,,,,,,1.0,,,,,,,,,,,1.0,,,,1.0,,,,2.0,2.0,2.0,3.0,3.0,3.0,3.0,3.0,3.0,3.0,3.0,3.0,3.0,4.0,4.0,3.0,4.0,4.0,3.0,5.0,2.0,4.0,5.0,4.0,3.0,5.0,7.0,5.0,8.0,2.0,4.0,9.0,4.0,5.0,0.0,5.0,0.0,7.0,6.0,8.0,5.0,1.0,1.0,1.0,3.0,1.0,2.0,3.0,3.0,,,1.0,,,,,,,,1.0,,,1.0,,2.0,3.0,5.0,5.0,2.0,,1.0,1.0,,,1.0,,,2.0,2.0,7.0,7.0,7.0,0.0,4.0,5.0,4.0,7.0,7.0,8.0,99.0,3.0,3.0,0.0,0.0,1.0,0.0,1.0,6.0,4.0,4.0,0.0,4.0,5.0,,1.0,,1.0,1.0,,,,5.0,8.0,8.0,8.0,8.0,8.0,8.0,8.0,1.0,5.0,5.0,3.0,5.0,2.0,,,,,,1.0,1.0,,5.0,5.0,3.0,1.0,1.0,1.0,1.0,1.0,3.0,3.0,1.0,1.0,1.0,2.0,3.0,3.0,1.0,1.0,1.0,1.0,3.0,1.0,1.0,,,1.0,,,1.0,,,,,1.0,,,,,,,,1.0,,,,3.0,6.0,2.0,5.0,3.0,3.0,8.0,10.0,5.0,8.0,10.0,5.0,6.0,6.0,0.0,0.0,5.0,4.0,1.0,,,,1.0,,,1.0,,,,2.0,2.0,3.0,2.0,2.0,0.4301507636469946
293.0,2.0,56.0,5.0,5.0,2.0,16.0,5.0,1.0,5.0,1.0,1.0,,,,,1.0,,1.0,,,,,,,,,,,,,,,,,3.0,1.0,2.0,2.0,1.0,1.0,1.0,3.0,3.0,1.0,1.0,3.0,3.0,1.0,3.0,3.0,1.0,2.0,2.0,2.0,1.0,4.0,2.0,2.0,1.0,1.0,3.0,4.0,5.0,3.0,3.0,5.0,3.0,3.0,1.0,3.0,7.0,3.0,4.0,5.0,2.0,2.0,2.0,2.0,2.0,1.0,2.0,2.0,3.0,1.0,,,,,,,,1.0,1.0,,,,,,4.0,4.0,2.0,1.0,1.0,1.0,3.0,1.0,1.0,,1.0,,,3.0,2.0,4.0,6.0,3.0,0.0,3.0,5.0,3.0,5.0,2.0,5.0,5.0,3.0,2.0,3.0,3.0,3.0,3.0,2.0,4.0,4.0,2.0,3.0,4.0,2.0,,,,1.0,,,,,2.0,1.0,1.0,6.0,1.0,1.0,1.0,2.0,2.0,2.0,2.0,2.0,2.0,1.0,,,,,,,1.0,,1.0,1.0,3.0,3.0,3.0,3.0,3.0,3.0,3.0,3.0,3.0,3.0,3.0,3.0,3.0,3.0,2.0,2.0,2.0,2.0,3.0,2.0,2.0,,1.0,,,,1.0,,,,1.0,1.0,,,,1.0,,,,1.0,,,,5.0,5.0,2.0,3.0,2.0,2.0,6.0,10.0,10.0,10.0,10.0,0.0,0.0,0.0,0.0,0.0,7.0,1.0,1.0,,,1.0,,,,,,,,3.0,3.0,3.0,1.0,1.0,0.4745859939809871
294.0,1.0,43.0,3.0,3.0,2.0,16.0,6.0,1.0,2.0,1.0,,,,1.0,,,,,,,,,,,,1.0,,,,,1.0,,,,2.0,2.0,3.0,5.0,2.0,1.0,3.0,3.0,3.0,2.0,1.0,3.0,3.0,1.0,3.0,3.0,3.0,4.0,3.0,4.0,2.0,4.0,3.0,4.0,2.0,5.0,4.0,8.0,5.0,2.0,6.0,99.0,4.0,6.0,7.0,9.0,5.0,99.0,7.0,2.0,1.0,1.0,1.0,1.0,1.0,3.0,1.0,1.0,3.0,,,1.0,,,,,1.0,,,,,,1.0,,1.0,1.0,2.0,5.0,2.0,,3.0,1.0,1.0,,,,,2.0,2.0,6.0,8.0,6.0,1.0,8.0,6.0,0.0,7.0,6.0,7.0,10.0,9.0,6.0,4.0,4.0,7.0,0.0,0.0,8.0,0.0,3.0,4.0,4.0,3.0,,1.0,,1.0,,,1.0,,4.0,4.0,3.0,6.0,3.0,1.0,4.0,4.0,2.0,4.0,2.0,3.0,1.0,2.0,,,,,,,1.0,,1.0,2.0,2.0,3.0,1.0,2.0,1.0,1.0,2.0,1.0,1.0,1.0,1.0,3.0,3.0,2.0,2.0,2.0,2.0,2.0,3.0,1.0,1.0,1.0,,,,,1.0,,,,1.0,,,,,1.0,,,,1.0,,,,3.0,7.0,3.0,5.0,2.0,3.0,8.0,10.0,9.0,9.0,9.0,6.0,8.0,7.0,1.0,0.0,8.0,1.0,1.0,,,,1.0,,,1.0,,,,1.0,1.0,1.0,1.0,2.0,0.9049189446950824
295.0,1.0,47.0,4.0,1.0,3.0,16.0,4.0,1.0,3.0,1.0,,,,,,1.0,,1.0,,,,,,,,1.0,,,,,,,,,3.0,2.0,2.0,3.0,2.0,2.0,3.0,3.0,3.0,3.0,1.0,3.0,3.0,3.0,3.0,3.0,3.0,2.0,5.0,4.0,2.0,3.0,4.0,4.0,1.0,1.0,0.0,2.0,7.0,1.0,1.0,1.0,3.0,1.0,0.0,0.0,0.0,99.0,3.0,5.0,2.0,1.0,3.0,3.0,3.0,1.0,1.0,2.0,5.0,,,1.0,,,1.0,,,,,,,,1.0,,3.0,4.0,3.0,4.0,2.0,,5.0,1.0,,,,,,4.0,2.0,0.0,0.0,0.0,0.0,0.0,0.0,0.0,0.0,0.0,0.0,0.0,1.0,1.0,0.0,0.0,0.0,0.0,0.0,2.0,0.0,0.0,0.0,4.0,5.0,,,,1.0,,,,,8.0,8.0,8.0,8.0,8.0,8.0,8.0,8.0,8.0,4.0,4.0,3.0,2.0,1.0,,,,,,,1.0,,1.0,2.0,2.0,1.0,1.0,2.0,1.0,1.0,2.0,2.0,1.0,2.0,2.0,2.0,1.0,3.0,1.0,1.0,1.0,3.0,1.0,1.0,1.0,,1.0,,,,1.0,,,,,,1.0,,,,,,,,,,1.0,3.0,99.0,99.0,99.0,99.0,99.0,9.0,10.0,5.0,99.0,99.0,7.0,2.0,2.0,0.0,0.0,6.0,5.0,1.0,,,,1.0,,,1.0,,,,2.0,2.0,2.0,11.0,10.0,1.1148456800831323
296.0,2.0,43.0,3.0,2.0,2.0,16.0,4.0,1.0,5.0,1.0,,,,1.0,,,,,,,1.0,1.0,,,,,,,,,,,,,3.0,4.0,2.0,5.0,2.0,2.0,3.0,3.0,3.0,3.0,3.0,3.0,3.0,3.0,3.0,3.0,3.0,3.0,3.0,3.0,4.0,3.0,3.0,3.0,3.0,2.0,2.0,2.0,2.0,2.0,2.0,2.0,4.0,3.0,2.0,4.0,4.0,2.0,2.0,4.0,4.0,1.0,1.0,1.0,1.0,1.0,1.0,1.0,1.0,1.0,,,,,1.0,,,,,,1.0,,,,4.0,3.0,2.0,2.0,2.0,,3.0,,,1.0,,,,3.0,4.0,2.0,5.0,0.0,0.0,2.0,1.0,0.0,2.0,2.0,4.0,0.0,4.0,3.0,4.0,0.0,2.0,4.0,99.0,5.0,1.0,0.0,2.0,4.0,5.0,,,1.0,,,,,,8.0,8.0,8.0,8.0,8.0,8.0,8.0,8.0,8.0,5.0,3.0,3.0,3.0,1.0,,,,,,,,1.0,5.0,5.0,3.0,3.0,3.0,3.0,3.0,3.0,3.0,3.0,3.0,3.0,3.0,3.0,3.0,3.0,2.0,2.0,2.0,2.0,4.0,4.0,4.0,,,,1.0,,1.0,,1.0,,1.0,,,,,,,,1.0,,,,,6.0,2.0,2.0,2.0,3.0,2.0,2.0,2.0,2.0,2.0,2.0,2.0,2.0,2.0,2.0,2.0,6.0,5.0,1.0,,,1.0,,,,,,,,2.0,2.0,2.0,11.0,10.0,0.8107846564916714
297.0,2.0,34.0,2.0,2.0,2.0,16.0,5.0,1.0,1.0,1.0,,,,,,,,1.0,,1.0,,1.0,,,,,,,,,,,,,4.0,3.0,3.0,5.0,1.0,1.0,3.0,3.0,3.0,1.0,1.0,1.0,3.0,2.0,1.0,1.0,1.0,1.0,2.0,2.0,1.0,2.0,2.0,4.0,2.0,0.0,0.0,1.0,0.0,0.0,0.0,0.0,0.0,0.0,0.0,0.0,0.0,0.0,0.0,0.0,0.0,3.0,3.0,3.0,3.0,3.0,3.0,3.0,3.0,,,1.0,,,1.0,1.0,,,,,,,,,4.0,2.0,1.0,1.0,1.0,1.0,3.0,,,,,1.0,,5.0,3.0,0.0,1.0,0.0,0.0,2.0,0.0,0.0,1.0,1.0,1.0,6.0,1.0,2.0,1.0,0.0,0.0,0.0,0.0,5.0,0.0,0.0,1.0,4.0,2.0,,,1.0,1.0,,,,,7.0,8.0,7.0,7.0,7.0,8.0,7.0,7.0,1.0,4.0,4.0,4.0,4.0,1.0,1.0,1.0,1.0,1.0,1.0,1.0,,,3.0,4.0,3.0,3.0,3.0,3.0,3.0,3.0,3.0,3.0,3.0,3.0,3.0,3.0,3.0,3.0,2.0,2.0,2.0,2.0,2.0,1.0,1.0,1.0,,,,,1.0,,,,1.0,1.0,,,1.0,,,,,,1.0,,,10.0,4.0,0.0,0.0,0.0,0.0,3.0,6.0,0.0,10.0,0.0,0.0,0.0,0.0,0.0,5.0,6.0,1.0,1.0,,,,,,1.0,,1.0,1.0,,2.0,2.0,2.0,9.0,8.0,2.0000077359673805
298.0,1.0,61.0,5.0,1.0,2.0,16.0,4.0,1.0,4.0,1.0,,,,,,,,,,,,,,,,,1.0,,,,1.0,1.0,,,2.0,2.0,2.0,4.0,3.0,1.0,3.0,3.0,3.0,3.0,3.0,3.0,3.0,3.0,3.0,3.0,3.0,4.0,4.0,4.0,4.0,4.0,4.0,4.0,3.0,7.0,9.0,9.0,8.0,7.0,7.0,7.0,9.0,8.0,5.0,8.0,7.0,7.0,6.0,7.0,8.0,1.0,1.0,1.0,1.0,1.0,1.0,1.0,4.0,,,1.0,,,1.0,,,,,,,,1.0,,2.0,2.0,1.0,3.0,2.0,,3.0,1.0,1.0,,,,,2.0,2.0,9.0,9.0,7.0,2.0,9.0,9.0,7.0,9.0,8.0,8.0,5.0,9.0,8.0,7.0,5.0,7.0,2.0,5.0,8.0,8.0,7.0,8.0,4.0,2.0,,,1.0,1.0,,,1.0,,1.0,1.0,1.0,1.0,1.0,1.0,1.0,1.0,1.0,2.0,2.0,2.0,2.0,3.0,,,,,,1.0,1.0,,2.0,2.0,2.0,2.0,1.0,1.0,1.0,1.0,1.0,1.0,1.0,1.0,1.0,2.0,2.0,2.0,2.0,1.0,1.0,3.0,4.0,3.0,2.0,,1.0,1.0,,,,,,1.0,1.0,,,,,1.0,,,,1.0,,,,5.0,5.0,2.0,4.0,3.0,4.0,9.0,10.0,8.0,9.0,9.0,6.0,7.0,6.0,0.0,0.0,6.0,1.0,1.0,,,,1.0,,,1.0,,,,2.0,3.0,3.0,1.0,1.0,1.1364726333525745
299.0,1.0,35.0,3.0,3.0,2.0,16.0,2.0,1.0,2.0,1.0,1.0,,,,,1.0,,,,,,,,,,,,,,,1.0,,,,3.0,2.0,2.0,2.0,1.0,1.0,2.0,3.0,2.0,1.0,3.0,3.0,3.0,3.0,1.0,1.0,1.0,1.0,1.0,2.0,1.0,1.0,1.0,1.0,1.0,0.0,3.0,1.0,4.0,1.0,1.0,6.0,4.0,1.0,1.0,1.0,0.0,2.0,3.0,1.0,0.0,1.0,1.0,1.0,1.0,1.0,1.0,1.0,3.0,1.0,,1.0,,,,,,,1.0,,,,,,4.0,3.0,1.0,1.0,1.0,6.0,3.0,1.0,1.0,,,,,3.0,2.0,0.0,3.0,0.0,0.0,0.0,0.0,0.0,4.0,0.0,0.0,0.0,0.0,3.0,0.0,0.0,0.0,0.0,0.0,2.0,0.0,0.0,0.0,3.0,1.0,,1.0,,1.0,,,1.0,,8.0,8.0,8.0,8.0,8.0,8.0,8.0,8.0,8.0,2.0,2.0,2.0,1.0,2.0,1.0,1.0,1.0,1.0,1.0,1.0,1.0,,1.0,4.0,3.0,2.0,3.0,1.0,1.0,3.0,3.0,1.0,1.0,3.0,1.0,2.0,3.0,3.0,2.0,2.0,2.0,2.0,2.0,1.0,1.0,,,1.0,,,1.0,,,,1.0,1.0,,,1.0,,,,,,,,,5.0,0.0,0.0,10.0,0.0,10.0,0.0,10.0,5.0,0.0,8.0,0.0,6.0,6.0,0.0,0.0,2.0,3.0,1.0,,,,,1.0,1.0,,,,,1.0,1.0,1.0,11.0,10.0,0.9049189446950824
300.0,1.0,65.0,6.0,5.0,1.0,16.0,5.0,2.0,3.0,1.0,,,,,,1.0,,,,,,1.0,,,1.0,,,,,,,,,,3.0,2.0,4.0,,3.0,3.0,3.0,3.0,3.0,3.0,3.0,3.0,3.0,3.0,3.0,3.0,3.0,3.0,2.0,4.0,1.0,4.0,4.0,4.0,3.0,3.0,1.0,5.0,5.0,0.0,3.0,3.0,8.0,5.0,5.0,6.0,6.0,5.0,5.0,0.0,5.0,2.0,2.0,2.0,2.0,2.0,2.0,3.0,2.0,1.0,,,,,,,1.0,1.0,,,,,,,4.0,4.0,4.0,3.0,2.0,,2.0,1.0,,,1.0,,,3.0,2.0,5.0,7.0,4.0,0.0,5.0,0.0,5.0,5.0,5.0,7.0,0.0,5.0,4.0,5.0,0.0,6.0,0.0,6.0,6.0,0.0,0.0,3.0,4.0,2.0,1.0,1.0,1.0,1.0,1.0,1.0,1.0,,8.0,8.0,8.0,8.0,8.0,8.0,8.0,2.0,8.0,5.0,5.0,2.0,2.0,2.0,,,,,,1.0,1.0,,1.0,2.0,3.0,3.0,3.0,3.0,3.0,3.0,3.0,3.0,3.0,3.0,3.0,3.0,3.0,3.0,2.0,2.0,2.0,2.0,2.0,1.0,1.0,,1.0,1.0,,,,,,1.0,1.0,,,,,,,,1.0,,1.0,,,5.0,7.0,3.0,6.0,4.0,5.0,8.0,10.0,0.0,5.0,5.0,5.0,5.0,5.0,5.0,5.0,7.0,3.0,2.0,11.0,,,1.0,,,,,,,3.0,3.0,3.0,2.0,2.0,0.9619632418968612
301.0,2.0,60.0,5.0,5.0,2.0,16.0,4.0,6.0,4.0,1.0,,,,,,,,1.0,,1.0,,,,,,,1.0,,,,,,,,2.0,2.0,11.0,4.0,3.0,3.0,3.0,3.0,3.0,3.0,3.0,3.0,3.0,3.0,3.0,3.0,3.0,4.0,4.0,4.0,3.0,4.0,4.0,4.0,3.0,7.0,8.0,7.0,8.0,7.0,7.0,7.0,8.0,8.0,6.0,7.0,7.0,7.0,7.0,7.0,8.0,1.0,1.0,1.0,1.0,1.0,1.0,1.0,5.0,1.0,,,,1.0,,,,,,,,1.0,,,2.0,2.0,2.0,3.0,2.0,,3.0,1.0,1.0,,,,,2.0,2.0,7.0,8.0,7.0,5.0,9.0,7.0,7.0,8.0,8.0,9.0,6.0,8.0,7.0,7.0,6.0,8.0,6.0,7.0,8.0,6.0,8.0,7.0,3.0,3.0,,,,,1.0,1.0,1.0,,1.0,1.0,1.0,3.0,1.0,1.0,3.0,3.0,1.0,4.0,3.0,2.0,2.0,2.0,,1.0,,1.0,1.0,1.0,1.0,,1.0,2.0,3.0,3.0,3.0,3.0,3.0,3.0,3.0,3.0,3.0,3.0,3.0,3.0,3.0,3.0,1.0,1.0,1.0,1.0,4.0,3.0,1.0,1.0,,1.0,,,,,,1.0,1.0,,,,,1.0,,,,1.0,1.0,,,2.0,6.0,1.0,3.0,1.0,2.0,8.0,10.0,7.0,8.0,10.0,6.0,7.0,7.0,1.0,0.0,3.0,3.0,1.0,,,,1.0,,,,,,,2.0,2.0,2.0,3.0,3.0,0.48738954746190155
302.0,1.0,67.0,6.0,5.0,2.0,16.0,4.0,2.0,4.0,1.0,,,,1.0,,,,,,,,,1.0,,,,,,,,1.0,,,,3.0,2.0,4.0,,3.0,1.0,3.0,3.0,3.0,3.0,3.0,3.0,3.0,3.0,3.0,3.0,1.0,4.0,4.0,4.0,3.0,4.0,4.0,4.0,3.0,6.0,4.0,5.0,5.0,5.0,6.0,5.0,6.0,5.0,5.0,5.0,7.0,5.0,5.0,5.0,5.0,2.0,2.0,3.0,2.0,2.0,2.0,3.0,3.0,1.0,,,,,,,,,,1.0,,,1.0,,3.0,3.0,3.0,3.0,1.0,2.0,3.0,,,,1.0,,,3.0,2.0,8.0,8.0,8.0,5.0,7.0,6.0,9.0,7.0,7.0,7.0,5.0,7.0,8.0,6.0,7.0,6.0,5.0,5.0,6.0,6.0,8.0,6.0,4.0,3.0,,,,1.0,,,,,2.0,2.0,2.0,8.0,2.0,2.0,8.0,2.0,2.0,5.0,5.0,3.0,2.0,1.0,,,,,,,1.0,,1.0,1.0,2.0,2.0,3.0,3.0,3.0,3.0,3.0,2.0,3.0,3.0,3.0,2.0,3.0,2.0,2.0,2.0,2.0,2.0,2.0,1.0,1.0,,,,1.0,,1.0,1.0,,,,1.0,,,,1.0,,1.0,,1.0,,,,3.0,5.0,2.0,4.0,3.0,3.0,10.0,10.0,5.0,10.0,6.0,5.0,4.0,3.0,1.0,9.0,5.0,4.0,1.0,,,,1.0,,,,,,,3.0,3.0,3.0,3.0,3.0,0.67795021938502
303.0,1.0,61.0,5.0,5.0,2.0,16.0,5.0,1.0,1.0,1.0,1.0,,,,,,,,,,,,,,,,,,,,1.0,1.0,,,3.0,3.0,2.0,3.0,2.0,2.0,3.0,3.0,1.0,1.0,2.0,3.0,3.0,3.0,4.0,3.0,2.0,2.0,1.0,3.0,2.0,3.0,2.0,2.0,2.0,8.0,3.0,99.0,4.0,99.0,6.0,99.0,5.0,4.0,3.0,5.0,99.0,3.0,99.0,99.0,4.0,1.0,3.0,1.0,1.0,1.0,1.0,3.0,4.0,,,1.0,,,,1.0,,,,,1.0,,,,2.0,3.0,2.0,3.0,2.0,,1.0,1.0,,,1.0,,,4.0,3.0,4.0,3.0,3.0,3.0,6.0,6.0,9.0,4.0,5.0,5.0,4.0,99.0,8.0,3.0,5.0,3.0,4.0,99.0,6.0,2.0,5.0,3.0,3.0,4.0,,,,1.0,,,1.0,,8.0,1.0,1.0,1.0,1.0,1.0,8.0,8.0,8.0,5.0,1.0,5.0,5.0,1.0,,,,,,,,1.0,2.0,2.0,2.0,2.0,3.0,1.0,3.0,2.0,1.0,1.0,1.0,1.0,1.0,3.0,2.0,3.0,2.0,2.0,2.0,1.0,3.0,2.0,2.0,,1.0,,1.0,,,1.0,1.0,,,1.0,,,1.0,1.0,,,,1.0,,,,5.0,7.0,3.0,4.0,3.0,4.0,5.0,5.0,6.0,8.0,5.0,3.0,4.0,3.0,3.0,3.0,7.0,6.0,1.0,,,,1.0,,,1.0,,,,3.0,3.0,3.0,11.0,11.0,0.9815271935874873
304.0,2.0,72.0,6.0,5.0,2.0,16.0,6.0,2.0,5.0,1.0,,,,,,1.0,,,,,,,,,,,1.0,,,,1.0,,,,3.0,2.0,4.0,,3.0,3.0,3.0,3.0,3.0,3.0,3.0,3.0,3.0,3.0,3.0,3.0,3.0,2.0,2.0,3.0,2.0,3.0,3.0,3.0,3.0,2.0,6.0,7.0,3.0,2.0,6.0,2.0,8.0,6.0,5.0,5.0,8.0,5.0,6.0,5.0,5.0,1.0,3.0,1.0,3.0,1.0,1.0,3.0,5.0,,,1.0,,,1.0,,,,,,1.0,,,,2.0,3.0,2.0,4.0,2.0,,3.0,1.0,,,,1.0,,3.0,2.0,1.0,5.0,1.0,7.0,7.0,3.0,1.0,7.0,4.0,5.0,5.0,6.0,2.0,5.0,5.0,6.0,7.0,8.0,9.0,0.0,5.0,3.0,3.0,5.0,,,,,,,1.0,,8.0,8.0,6.0,6.0,6.0,6.0,6.0,8.0,1.0,4.0,3.0,3.0,2.0,1.0,,1.0,1.0,1.0,1.0,,1.0,,1.0,3.0,3.0,2.0,3.0,3.0,2.0,3.0,3.0,1.0,3.0,3.0,1.0,3.0,2.0,2.0,2.0,2.0,2.0,3.0,3.0,1.0,1.0,1.0,,,,,1.0,,,,,1.0,,,,1.0,,,,,,,,8.0,7.0,2.0,5.0,1.0,2.0,8.0,10.0,6.0,10.0,8.0,3.0,3.0,3.0,3.0,3.0,8.0,1.0,2.0,15.0,,,1.0,,,,,,,3.0,3.0,3.0,6.0,5.0,1.799520580544515
305.0,1.0,73.0,6.0,5.0,3.0,16.0,6.0,2.0,1.0,1.0,,,,,,1.0,,,,,,,,,1.0,,1.0,,,,,,,,2.0,2.0,4.0,,3.0,1.0,3.0,3.0,3.0,3.0,3.0,3.0,3.0,3.0,3.0,3.0,3.0,4.0,4.0,4.0,3.0,4.0,4.0,4.0,4.0,2.0,7.0,7.0,8.0,4.0,7.0,4.0,9.0,8.0,2.0,7.0,6.0,5.0,8.0,7.0,8.0,2.0,2.0,2.0,1.0,2.0,2.0,2.0,3.0,1.0,,,,,,,1.0,,,,,,1.0,,4.0,4.0,4.0,4.0,2.0,,3.0,1.0,1.0,,,,,3.0,3.0,3.0,7.0,6.0,0.0,8.0,7.0,9.0,7.0,7.0,8.0,5.0,7.0,4.0,2.0,6.0,8.0,4.0,2.0,7.0,4.0,1.0,2.0,5.0,1.0,1.0,1.0,1.0,1.0,1.0,1.0,1.0,,2.0,2.0,1.0,2.0,2.0,1.0,1.0,2.0,2.0,1.0,1.0,1.0,1.0,2.0,,,1.0,,,1.0,1.0,,1.0,1.0,3.0,3.0,1.0,3.0,1.0,3.0,3.0,3.0,3.0,3.0,3.0,2.0,3.0,3.0,2.0,2.0,2.0,2.0,1.0,1.0,1.0,,1.0,1.0,,,,1.0,1.0,1.0,1.0,1.0,,,,,,1.0,1.0,1.0,1.0,,,4.0,6.0,5.0,6.0,4.0,5.0,10.0,10.0,10.0,9.0,10.0,5.0,7.0,5.0,0.0,0.0,8.0,5.0,1.0,,,,,,,1.0,,,,3.0,3.0,3.0,2.0,2.0,1.9336112681253548
306.0,2.0,41.0,3.0,5.0,2.0,16.0,5.0,1.0,3.0,1.0,,,,,,1.0,,,,,,,,,,,1.0,,,,,1.0,,,3.0,2.0,2.0,3.0,3.0,3.0,3.0,3.0,3.0,3.0,3.0,3.0,3.0,3.0,3.0,3.0,3.0,3.0,3.0,3.0,3.0,3.0,3.0,3.0,2.0,7.0,8.0,8.0,8.0,7.0,6.0,8.0,6.0,7.0,6.0,8.0,6.0,7.0,7.0,6.0,7.0,2.0,1.0,1.0,1.0,1.0,1.0,1.0,3.0,1.0,,1.0,,,,,,,1.0,,,,,,3.0,3.0,2.0,3.0,2.0,,2.0,,1.0,,1.0,,,2.0,2.0,5.0,7.0,5.0,4.0,8.0,4.0,4.0,8.0,6.0,7.0,2.0,7.0,7.0,6.0,6.0,7.0,7.0,6.0,7.0,7.0,6.0,6.0,3.0,3.0,,,1.0,1.0,,,,,1.0,1.0,1.0,6.0,1.0,1.0,1.0,3.0,1.0,3.0,3.0,3.0,2.0,1.0,,1.0,,,,,1.0,,1.0,3.0,2.0,3.0,1.0,3.0,1.0,3.0,3.0,1.0,1.0,1.0,2.0,2.0,2.0,3.0,2.0,1.0,1.0,1.0,4.0,1.0,1.0,1.0,1.0,,,,,,,1.0,1.0,,,,,,1.0,,,1.0,,,,3.0,5.0,0.0,2.0,2.0,4.0,8.0,10.0,6.0,7.0,10.0,4.0,3.0,2.0,2.0,2.0,6.0,4.0,1.0,,,,1.0,,,1.0,,,,3.0,3.0,3.0,1.0,3.0,0.38737430550090074
307.0,2.0,65.0,6.0,3.0,2.0,16.0,4.0,2.0,7.0,1.0,,,,,,1.0,,1.0,,,,,,,,,,,,1.0,,,,,3.0,2.0,4.0,,2.0,1.0,3.0,3.0,3.0,3.0,1.0,3.0,3.0,1.0,3.0,3.0,1.0,4.0,1.0,4.0,4.0,4.0,3.0,1.0,4.0,1.0,3.0,4.0,5.0,1.0,3.0,5.0,5.0,6.0,1.0,0.0,7.0,6.0,8.0,5.0,0.0,1.0,3.0,3.0,1.0,1.0,1.0,3.0,5.0,,,1.0,,,1.0,,,,,,,1.0,,,2.0,3.0,1.0,5.0,1.0,2.0,2.0,1.0,,,,,,2.0,2.0,8.0,10.0,4.0,2.0,5.0,6.0,2.0,7.0,4.0,4.0,4.0,5.0,5.0,3.0,4.0,5.0,5.0,4.0,6.0,2.0,3.0,0.0,3.0,5.0,,1.0,,,,,,,8.0,8.0,8.0,8.0,8.0,8.0,8.0,8.0,8.0,5.0,1.0,5.0,1.0,2.0,,,,,,,,1.0,1.0,3.0,3.0,3.0,3.0,3.0,3.0,3.0,3.0,3.0,3.0,3.0,3.0,3.0,1.0,3.0,2.0,2.0,2.0,2.0,5.0,2.0,2.0,1.0,1.0,,,,,,,,1.0,,,,,,,,,,,,1.0,3.0,5.0,3.0,5.0,6.0,7.0,10.0,8.0,8.0,10.0,10.0,5.0,5.0,2.0,0.0,0.0,3.0,1.0,1.0,,,,1.0,,,,,,,3.0,3.0,3.0,1.0,1.0,2.0000838318543233
308.0,2.0,59.0,5.0,3.0,2.0,16.0,6.0,1.0,2.0,1.0,1.0,,,,,,,1.0,,,,,,,,,,,,,1.0,,,,3.0,3.0,2.0,3.0,1.0,1.0,3.0,3.0,2.0,2.0,1.0,3.0,3.0,3.0,3.0,3.0,2.0,3.0,3.0,2.0,2.0,4.0,2.0,3.0,2.0,7.0,8.0,9.0,6.0,7.0,7.0,6.0,9.0,9.0,6.0,8.0,8.0,7.0,7.0,8.0,6.0,2.0,1.0,1.0,1.0,1.0,2.0,1.0,3.0,1.0,,,,1.0,,,,1.0,,,,,,,3.0,2.0,3.0,3.0,1.0,5.0,4.0,1.0,,,,1.0,,3.0,2.0,6.0,6.0,7.0,1.0,7.0,6.0,6.0,8.0,8.0,8.0,6.0,8.0,7.0,7.0,5.0,6.0,6.0,7.0,8.0,1.0,6.0,7.0,3.0,3.0,,,,1.0,,,1.0,,2.0,7.0,2.0,7.0,7.0,2.0,2.0,2.0,2.0,3.0,2.0,2.0,3.0,2.0,,,,1.0,1.0,,,,1.0,2.0,3.0,3.0,1.0,3.0,3.0,3.0,1.0,1.0,1.0,1.0,1.0,3.0,3.0,3.0,2.0,2.0,2.0,2.0,4.0,3.0,3.0,1.0,,,1.0,,,,,,1.0,,,,,1.0,,,,,,,,6.0,2.0,0.0,3.0,1.0,3.0,9.0,10.0,6.0,2.0,9.0,3.0,2.0,2.0,1.0,1.0,5.0,1.0,2.0,5.0,,,1.0,,,1.0,,,,2.0,2.0,2.0,2.0,8.0,0.731846253573565
309.0,1.0,67.0,6.0,5.0,3.0,16.0,5.0,2.0,2.0,1.0,,,,,,,,,,,1.0,,1.0,,,,1.0,,,,,,,,3.0,2.0,4.0,,3.0,1.0,3.0,3.0,3.0,1.0,3.0,3.0,3.0,2.0,3.0,3.0,3.0,2.0,3.0,4.0,2.0,3.0,3.0,3.0,3.0,4.0,7.0,7.0,3.0,4.0,3.0,3.0,7.0,5.0,1.0,5.0,1.0,3.0,6.0,5.0,2.0,2.0,2.0,2.0,2.0,2.0,2.0,3.0,3.0,1.0,,,,,,,,1.0,,,,,1.0,,3.0,3.0,4.0,3.0,2.0,,2.0,1.0,1.0,,1.0,,,3.0,2.0,3.0,3.0,5.0,0.0,4.0,5.0,5.0,4.0,5.0,7.0,0.0,7.0,4.0,5.0,5.0,4.0,1.0,1.0,6.0,8.0,2.0,6.0,4.0,2.0,1.0,1.0,1.0,1.0,1.0,1.0,1.0,,4.0,4.0,2.0,2.0,4.0,4.0,2.0,2.0,2.0,2.0,2.0,2.0,2.0,3.0,1.0,,,,,1.0,1.0,,2.0,2.0,2.0,3.0,1.0,2.0,1.0,3.0,2.0,3.0,3.0,3.0,3.0,2.0,3.0,3.0,2.0,2.0,2.0,2.0,1.0,1.0,1.0,1.0,,1.0,,,,,,1.0,1.0,1.0,,,,1.0,,1.0,,1.0,1.0,,,2.0,7.0,2.0,5.0,3.0,3.0,9.0,10.0,8.0,8.0,8.0,6.0,5.0,5.0,1.0,0.0,6.0,5.0,1.0,,,,1.0,,,,,,,3.0,3.0,3.0,4.0,4.0,0.8473981862290781
310.0,2.0,46.0,4.0,2.0,3.0,16.0,6.0,1.0,2.0,2.0,,,,1.0,,,,,,,,,,,1.0,1.0,,,,,,,,,2.0,2.0,2.0,3.0,3.0,3.0,3.0,3.0,3.0,1.0,2.0,3.0,3.0,3.0,3.0,3.0,2.0,3.0,3.0,3.0,2.0,4.0,3.0,3.0,2.0,8.0,6.0,7.0,6.0,6.0,7.0,6.0,7.0,7.0,6.0,8.0,7.0,5.0,8.0,8.0,8.0,2.0,2.0,1.0,1.0,2.0,2.0,2.0,4.0,,,1.0,1.0,,,,,1.0,,,,,,,3.0,5.0,2.0,2.0,2.0,,2.0,,1.0,,,,,3.0,2.0,6.0,7.0,4.0,0.0,0.0,8.0,5.0,6.0,7.0,7.0,0.0,8.0,8.0,7.0,6.0,6.0,6.0,5.0,7.0,6.0,8.0,8.0,5.0,1.0,1.0,1.0,1.0,1.0,1.0,1.0,1.0,,2.0,2.0,2.0,2.0,2.0,2.0,2.0,2.0,2.0,2.0,1.0,1.0,3.0,3.0,,,,,,1.0,1.0,,1.0,2.0,2.0,2.0,1.0,3.0,3.0,2.0,3.0,2.0,3.0,2.0,3.0,2.0,2.0,2.0,1.0,2.0,2.0,2.0,4.0,2.0,2.0,1.0,1.0,,,,,,,,1.0,,,,,,,,,1.0,,,,2.0,7.0,1.0,3.0,3.0,3.0,8.0,10.0,9.0,7.0,8.0,4.0,4.0,6.0,3.0,0.0,7.0,4.0,1.0,,,,1.0,,,1.0,,,,1.0,1.0,1.0,2.0,2.0,0.9333405868781586
311.0,1.0,49.0,4.0,1.0,2.0,16.0,4.0,1.0,3.0,1.0,,,,,,,,1.0,,1.0,,,,,,,1.0,,,,,,,,2.0,2.0,2.0,4.0,3.0,3.0,3.0,3.0,3.0,3.0,3.0,3.0,3.0,3.0,3.0,3.0,3.0,4.0,4.0,4.0,4.0,4.0,4.0,4.0,4.0,5.0,2.0,7.0,7.0,3.0,3.0,6.0,7.0,7.0,1.0,0.0,4.0,5.0,6.0,5.0,3.0,1.0,3.0,3.0,3.0,3.0,2.0,3.0,4.0,,,,,,1.0,1.0,,,,1.0,,,,,3.0,4.0,1.0,3.0,2.0,,3.0,,,,,,1.0,3.0,2.0,99.0,3.0,6.0,0.0,6.0,5.0,7.0,5.0,6.0,7.0,1.0,7.0,7.0,7.0,4.0,8.0,5.0,4.0,7.0,4.0,5.0,7.0,3.0,4.0,,,,,,,,1.0,3.0,1.0,3.0,7.0,7.0,1.0,3.0,3.0,3.0,4.0,4.0,4.0,5.0,1.0,,1.0,,1.0,,,1.0,,1.0,3.0,3.0,3.0,1.0,3.0,3.0,1.0,3.0,1.0,3.0,1.0,3.0,2.0,3.0,3.0,2.0,2.0,2.0,2.0,1.0,1.0,1.0,,1.0,,1.0,,,,,,1.0,,,,,,,,,1.0,1.0,,,4.0,6.0,2.0,4.0,1.0,3.0,7.0,10.0,3.0,8.0,9.0,2.0,2.0,1.0,0.0,0.0,6.0,5.0,1.0,,,,1.0,,,1.0,,,,3.0,3.0,3.0,3.0,3.0,0.8593263609416538
312.0,2.0,26.0,2.0,1.0,3.0,16.0,4.0,3.0,3.0,1.0,,,,,,,,,,,,,,1.0,,,1.0,1.0,,,,,,,1.0,2.0,6.0,,2.0,1.0,3.0,2.0,1.0,1.0,1.0,3.0,3.0,1.0,1.0,4.0,1.0,2.0,2.0,2.0,2.0,4.0,2.0,2.0,3.0,10.0,10.0,9.0,99.0,99.0,9.0,9.0,6.0,10.0,10.0,10.0,10.0,10.0,99.0,9.0,9.0,2.0,2.0,2.0,1.0,2.0,2.0,2.0,3.0,,,,,,,,1.0,1.0,,,,,1.0,,3.0,4.0,3.0,3.0,1.0,7.0,3.0,1.0,,,,,,3.0,2.0,6.0,8.0,5.0,6.0,7.0,3.0,6.0,8.0,7.0,7.0,4.0,8.0,7.0,4.0,4.0,3.0,6.0,4.0,8.0,6.0,6.0,6.0,4.0,5.0,,,,1.0,1.0,1.0,,,8.0,8.0,8.0,8.0,8.0,8.0,8.0,8.0,8.0,3.0,5.0,2.0,1.0,1.0,,,,,,,1.0,,1.0,2.0,2.0,3.0,3.0,3.0,3.0,3.0,3.0,1.0,3.0,1.0,3.0,3.0,3.0,3.0,5.0,5.0,5.0,5.0,5.0,1.0,1.0,,,1.0,,,1.0,,,1.0,1.0,,,,,,,,1.0,1.0,1.0,,,2.0,99.0,99.0,99.0,99.0,99.0,99.0,99.0,6.0,99.0,99.0,99.0,8.0,99.0,99.0,99.0,4.0,6.0,3.0,,43.0,,,,1.0,1.0,,,,3.0,3.0,2.0,11.0,10.0,1.5772733081315307
313.0,1.0,61.0,5.0,5.0,2.0,16.0,5.0,1.0,1.0,1.0,,,,,,,,,,,,,1.0,,,,1.0,,,,1.0,,,,3.0,2.0,2.0,4.0,3.0,3.0,3.0,3.0,3.0,3.0,3.0,3.0,3.0,3.0,3.0,3.0,3.0,4.0,3.0,4.0,3.0,4.0,3.0,4.0,3.0,7.0,7.0,7.0,3.0,3.0,3.0,5.0,7.0,7.0,0.0,0.0,3.0,3.0,5.0,3.0,3.0,2.0,2.0,2.0,1.0,2.0,2.0,2.0,4.0,1.0,1.0,,,,,,1.0,,,,,,,,4.0,4.0,4.0,3.0,2.0,,3.0,1.0,,,1.0,,,3.0,2.0,3.0,5.0,3.0,0.0,7.0,5.0,7.0,5.0,3.0,6.0,5.0,8.0,7.0,3.0,0.0,3.0,0.0,3.0,7.0,0.0,0.0,0.0,3.0,2.0,1.0,1.0,1.0,1.0,1.0,1.0,1.0,,8.0,8.0,8.0,8.0,8.0,8.0,8.0,8.0,8.0,2.0,4.0,2.0,2.0,1.0,,,,,,1.0,1.0,,1.0,3.0,2.0,2.0,1.0,1.0,1.0,2.0,3.0,1.0,3.0,3.0,2.0,2.0,2.0,2.0,2.0,2.0,2.0,2.0,3.0,1.0,1.0,,,1.0,,1.0,,,1.0,1.0,,,,,,,,1.0,,1.0,1.0,,,3.0,7.0,3.0,5.0,3.0,3.0,8.0,10.0,7.0,10.0,10.0,5.0,5.0,3.0,0.0,0.0,7.0,1.0,1.0,,,,1.0,,,1.0,,,,3.0,3.0,3.0,2.0,2.0,0.9815271935874873
314.0,1.0,65.0,6.0,3.0,2.0,16.0,4.0,2.0,3.0,1.0,,,,,,,,,,1.0,,,,,,,,,,,,,,,2.0,1.0,4.0,,3.0,3.0,3.0,3.0,3.0,3.0,3.0,3.0,3.0,2.0,3.0,3.0,3.0,4.0,3.0,4.0,4.0,4.0,4.0,4.0,4.0,7.0,10.0,8.0,7.0,5.0,5.0,7.0,8.0,10.0,8.0,10.0,10.0,8.0,10.0,10.0,7.0,1.0,3.0,1.0,1.0,3.0,1.0,3.0,2.0,,,,,,1.0,1.0,,,,,,,1.0,,1.0,2.0,1.0,3.0,2.0,,3.0,,,,,1.0,,1.0,1.0,6.0,10.0,3.0,3.0,6.0,3.0,3.0,10.0,10.0,10.0,7.0,9.0,7.0,3.0,6.0,8.0,6.0,6.0,10.0,3.0,3.0,3.0,4.0,1.0,1.0,1.0,1.0,1.0,1.0,,1.0,,1.0,1.0,1.0,1.0,1.0,1.0,1.0,1.0,1.0,1.0,1.0,1.0,1.0,3.0,,1.0,1.0,1.0,1.0,1.0,1.0,,1.0,1.0,3.0,3.0,3.0,3.0,1.0,3.0,1.0,1.0,1.0,3.0,1.0,3.0,3.0,3.0,2.0,2.0,1.0,1.0,5.0,1.0,1.0,,1.0,1.0,,,,,,,1.0,1.0,,,,1.0,,,,,,,,6.0,6.0,0.0,4.0,2.0,3.0,8.0,10.0,10.0,10.0,7.0,2.0,2.0,3.0,0.0,0.0,3.0,1.0,1.0,,,,1.0,,,,,,,3.0,3.0,3.0,1.0,1.0,0.9373959584839097
315.0,1.0,20.0,1.0,5.0,2.0,16.0,3.0,5.0,7.0,1.0,,,,,,,,,,,,,1.0,,1.0,,,,,,1.0,,,,3.0,3.0,9.0,,1.0,1.0,3.0,1.0,1.0,3.0,3.0,3.0,3.0,3.0,1.0,4.0,1.0,1.0,3.0,4.0,3.0,1.0,4.0,4.0,1.0,5.0,5.0,99.0,99.0,99.0,99.0,5.0,4.0,99.0,99.0,99.0,99.0,99.0,99.0,0.0,99.0,2.0,2.0,2.0,1.0,2.0,2.0,1.0,3.0,,,1.0,,,,,1.0,1.0,,,,,,,5.0,5.0,1.0,3.0,1.0,2.0,5.0,,,,,,1.0,3.0,3.0,8.0,8.0,99.0,99.0,0.0,99.0,99.0,99.0,99.0,99.0,99.0,99.0,99.0,99.0,99.0,99.0,99.0,99.0,99.0,99.0,99.0,99.0,6.0,5.0,,,,,,,,1.0,3.0,3.0,3.0,3.0,3.0,3.0,3.0,3.0,3.0,5.0,5.0,5.0,5.0,2.0,,,,,,,,1.0,2.0,5.0,3.0,3.0,1.0,3.0,3.0,3.0,3.0,1.0,3.0,3.0,3.0,3.0,3.0,3.0,2.0,2.0,2.0,2.0,2.0,1.0,2.0,,1.0,,1.0,,,,,,,,,1.0,,,,,,,,,1.0,99.0,99.0,99.0,99.0,99.0,99.0,99.0,99.0,99.0,99.0,99.0,99.0,10.0,99.0,99.0,99.0,3.0,2.0,1.0,,,,,1.0,1.0,,1.0,,,2.0,2.0,2.0,3.0,10.0,1.9976298480358659
316.0,2.0,34.0,2.0,1.0,2.0,16.0,5.0,6.0,6.0,2.0,1.0,,,,,,,,,,,,,,,,1.0,,,,1.0,,,,4.0,2.0,11.0,1.0,3.0,1.0,3.0,3.0,3.0,1.0,3.0,3.0,3.0,3.0,3.0,3.0,1.0,2.0,2.0,2.0,2.0,3.0,3.0,3.0,2.0,4.0,5.0,7.0,3.0,2.0,3.0,4.0,6.0,6.0,3.0,2.0,7.0,4.0,5.0,3.0,7.0,2.0,2.0,2.0,2.0,2.0,2.0,2.0,3.0,1.0,,1.0,,,1.0,,,,,,,,,,3.0,3.0,3.0,2.0,1.0,2.0,2.0,1.0,,,1.0,,,4.0,2.0,4.0,6.0,4.0,3.0,3.0,7.0,5.0,5.0,5.0,6.0,3.0,7.0,8.0,5.0,4.0,5.0,4.0,4.0,8.0,6.0,6.0,3.0,5.0,1.0,1.0,,1.0,,,1.0,1.0,,2.0,2.0,2.0,2.0,2.0,2.0,2.0,2.0,2.0,2.0,2.0,1.0,1.0,3.0,,,,,,1.0,1.0,,1.0,3.0,2.0,3.0,1.0,2.0,3.0,3.0,3.0,3.0,3.0,1.0,3.0,2.0,3.0,2.0,2.0,2.0,2.0,2.0,1.0,1.0,1.0,,1.0,1.0,,,,,1.0,1.0,1.0,,,,,,1.0,,,,1.0,,,2.0,6.0,1.0,5.0,2.0,5.0,8.0,10.0,8.0,6.0,8.0,5.0,6.0,4.0,4.0,2.0,7.0,5.0,1.0,,,,1.0,,,1.0,,,,1.0,1.0,1.0,2.0,2.0,1.258830460597793
317.0,1.0,59.0,5.0,5.0,2.0,16.0,4.0,1.0,6.0,1.0,,,,,,,,,,1.0,,,,,,,1.0,,,,1.0,,,,4.0,2.0,2.0,2.0,1.0,1.0,3.0,3.0,3.0,1.0,1.0,3.0,3.0,1.0,1.0,3.0,1.0,3.0,3.0,4.0,2.0,4.0,4.0,2.0,2.0,4.0,7.0,8.0,5.0,2.0,4.0,6.0,7.0,5.0,2.0,5.0,5.0,6.0,5.0,5.0,6.0,1.0,1.0,1.0,3.0,3.0,1.0,3.0,4.0,,,,,,1.0,,,,1.0,1.0,,,,,4.0,4.0,1.0,4.0,2.0,,4.0,,,1.0,,1.0,,3.0,2.0,4.0,4.0,1.0,10.0,4.0,1.0,3.0,2.0,5.0,4.0,7.0,6.0,4.0,5.0,1.0,4.0,8.0,8.0,9.0,2.0,0.0,4.0,3.0,4.0,,,,,,,,1.0,6.0,6.0,6.0,8.0,7.0,6.0,6.0,6.0,8.0,4.0,4.0,4.0,4.0,1.0,,1.0,1.0,1.0,1.0,,,,1.0,4.0,1.0,2.0,2.0,1.0,1.0,2.0,1.0,1.0,1.0,1.0,1.0,1.0,2.0,2.0,1.0,1.0,1.0,1.0,3.0,3.0,1.0,1.0,,,,1.0,,1.0,1.0,,,1.0,,,1.0,,1.0,,,1.0,,,,7.0,3.0,0.0,1.0,0.0,0.0,6.0,9.0,0.0,7.0,9.0,6.0,7.0,7.0,0.0,0.0,6.0,1.0,1.0,,,1.0,,,,,,,,3.0,3.0,3.0,6.0,5.0,0.4101278266777226
318.0,1.0,72.0,6.0,3.0,2.0,16.0,4.0,2.0,3.0,1.0,,,,,,1.0,,,,,,,,,,,1.0,,,,1.0,,,,3.0,2.0,4.0,,3.0,1.0,3.0,3.0,3.0,3.0,3.0,3.0,3.0,3.0,3.0,3.0,3.0,3.0,3.0,4.0,3.0,4.0,4.0,4.0,3.0,7.0,6.0,7.0,7.0,5.0,7.0,7.0,8.0,8.0,5.0,5.0,6.0,4.0,7.0,6.0,5.0,2.0,2.0,1.0,1.0,1.0,2.0,2.0,3.0,1.0,,,,,,,1.0,1.0,,,,,,,3.0,4.0,4.0,4.0,2.0,,4.0,1.0,1.0,,,,,2.0,2.0,6.0,7.0,5.0,0.0,6.0,5.0,4.0,7.0,6.0,5.0,3.0,6.0,7.0,2.0,3.0,5.0,2.0,3.0,5.0,2.0,4.0,2.0,4.0,5.0,1.0,1.0,1.0,1.0,1.0,1.0,,,1.0,1.0,1.0,1.0,1.0,1.0,1.0,1.0,1.0,2.0,5.0,3.0,2.0,3.0,,,,,,1.0,1.0,,1.0,3.0,2.0,3.0,1.0,1.0,1.0,1.0,3.0,1.0,1.0,1.0,1.0,2.0,3.0,3.0,2.0,2.0,2.0,1.0,4.0,2.0,2.0,1.0,,1.0,,,,,,1.0,1.0,1.0,,,,1.0,1.0,,1.0,1.0,1.0,,,1.0,5.0,1.0,5.0,5.0,5.0,10.0,10.0,8.0,8.0,8.0,6.0,6.0,6.0,0.0,0.0,6.0,3.0,1.0,,,,1.0,,,,,,,3.0,3.0,3.0,1.0,1.0,0.9373959584839097
319.0,1.0,72.0,6.0,1.0,3.0,16.0,4.0,2.0,3.0,1.0,,,,,,1.0,,,,,,,,,,,1.0,,,,,1.0,,,2.0,2.0,4.0,,3.0,3.0,3.0,3.0,3.0,3.0,3.0,3.0,3.0,3.0,3.0,3.0,3.0,3.0,3.0,4.0,3.0,4.0,4.0,4.0,3.0,6.0,6.0,7.0,7.0,6.0,8.0,7.0,8.0,8.0,5.0,6.0,7.0,5.0,8.0,7.0,6.0,1.0,1.0,1.0,1.0,1.0,1.0,1.0,3.0,1.0,,,,,,,,1.0,,1.0,,,,,3.0,3.0,3.0,3.0,2.0,,3.0,1.0,,,,,,2.0,2.0,7.0,7.0,7.0,5.0,7.0,7.0,6.0,7.0,7.0,7.0,6.0,7.0,6.0,7.0,5.0,7.0,5.0,5.0,7.0,6.0,6.0,6.0,4.0,2.0,1.0,1.0,,1.0,,,,,1.0,1.0,1.0,1.0,1.0,1.0,1.0,1.0,1.0,3.0,2.0,2.0,2.0,1.0,,1.0,,,,1.0,1.0,,1.0,2.0,3.0,2.0,1.0,1.0,1.0,3.0,1.0,1.0,1.0,1.0,1.0,2.0,3.0,2.0,1.0,1.0,1.0,1.0,1.0,2.0,1.0,,1.0,,1.0,,,,,1.0,1.0,,,,,,,,,,1.0,,,4.0,5.0,2.0,3.0,3.0,3.0,8.0,10.0,7.0,8.0,2.0,5.0,5.0,4.0,3.0,0.0,6.0,1.0,1.0,,,,1.0,,,,,,,2.0,2.0,2.0,1.0,1.0,1.9862803493290124
320.0,1.0,58.0,5.0,4.0,3.0,16.0,4.0,1.0,5.0,1.0,1.0,,,,,,,1.0,,1.0,,,,,,,,,,,,,,,3.0,3.0,2.0,4.0,3.0,2.0,3.0,3.0,3.0,3.0,3.0,3.0,3.0,3.0,4.0,3.0,4.0,3.0,4.0,4.0,3.0,4.0,4.0,4.0,4.0,3.0,2.0,3.0,3.0,5.0,0.0,7.0,6.0,1.0,0.0,0.0,2.0,99.0,1.0,5.0,4.0,1.0,1.0,1.0,3.0,1.0,1.0,3.0,4.0,,1.0,,,,1.0,1.0,,,,,,,,,3.0,2.0,1.0,5.0,2.0,,4.0,,,,,,1.0,4.0,3.0,0.0,0.0,0.0,5.0,9.0,3.0,0.0,0.0,0.0,8.0,4.0,5.0,7.0,0.0,0.0,0.0,0.0,0.0,9.0,0.0,99.0,9.0,1.0,4.0,,,,1.0,,,,,7.0,7.0,7.0,7.0,7.0,7.0,8.0,7.0,8.0,4.0,5.0,4.0,5.0,1.0,1.0,1.0,1.0,1.0,1.0,,,,1.0,4.0,3.0,3.0,1.0,3.0,1.0,3.0,2.0,3.0,3.0,3.0,3.0,2.0,1.0,3.0,1.0,1.0,1.0,1.0,4.0,3.0,2.0,1.0,,,,,1.0,1.0,1.0,1.0,1.0,1.0,,,1.0,1.0,,,,1.0,,,,5.0,5.0,0.0,1.0,1.0,1.0,5.0,8.0,0.0,10.0,10.0,9.0,7.0,7.0,5.0,0.0,4.0,1.0,3.0,,9.0,,1.0,,,1.0,,,,3.0,3.0,3.0,6.0,5.0,0.796117098637181
321.0,2.0,26.0,2.0,2.0,3.0,16.0,6.0,1.0,4.0,1.0,,,,,,,,,,1.0,,,,,,,,,,,,,,,4.0,3.0,10.0,,1.0,3.0,3.0,1.0,3.0,3.0,1.0,3.0,3.0,3.0,3.0,3.0,3.0,4.0,4.0,3.0,2.0,4.0,3.0,4.0,4.0,4.0,3.0,3.0,0.0,0.0,0.0,0.0,3.0,1.0,0.0,0.0,0.0,0.0,5.0,0.0,2.0,3.0,3.0,3.0,3.0,3.0,3.0,1.0,4.0,,1.0,1.0,,,,1.0,,,,,,,,,2.0,2.0,5.0,2.0,1.0,2.0,4.0,,,1.0,,,,4.0,3.0,0.0,0.0,2.0,10.0,0.0,99.0,0.0,0.0,99.0,2.0,10.0,5.0,0.0,99.0,7.0,1.0,2.0,2.0,8.0,99.0,5.0,10.0,3.0,3.0,,,,,,,,1.0,7.0,7.0,7.0,7.0,7.0,7.0,7.0,7.0,7.0,5.0,5.0,3.0,4.0,1.0,1.0,1.0,1.0,1.0,1.0,,,,1.0,3.0,3.0,3.0,3.0,3.0,3.0,3.0,3.0,3.0,3.0,3.0,3.0,3.0,3.0,3.0,1.0,1.0,3.0,3.0,5.0,5.0,3.0,1.0,,,,1.0,,,,,1.0,,,,,,,,,,,1.0,,8.0,0.0,0.0,0.0,0.0,0.0,2.0,7.0,2.0,8.0,10.0,9.0,10.0,7.0,6.0,0.0,7.0,1.0,3.0,,64.0,,,,,,,,1.0,3.0,3.0,3.0,11.0,10.0,1.3318998528495998
322.0,1.0,59.0,5.0,5.0,2.0,16.0,5.0,1.0,6.0,1.0,,,1.0,,,1.0,,,,,,,,,,,,,,1.0,,,,,2.0,2.0,2.0,3.0,2.0,1.0,3.0,3.0,3.0,3.0,3.0,3.0,3.0,1.0,3.0,1.0,1.0,3.0,3.0,3.0,2.0,3.0,3.0,3.0,3.0,4.0,8.0,9.0,5.0,4.0,7.0,7.0,8.0,8.0,5.0,7.0,7.0,9.0,8.0,7.0,7.0,1.0,3.0,3.0,1.0,3.0,2.0,2.0,4.0,,,1.0,,,1.0,,,,,,,,1.0,,2.0,2.0,2.0,3.0,2.0,,4.0,,1.0,,,,,2.0,2.0,6.0,7.0,0.0,0.0,0.0,6.0,0.0,6.0,4.0,6.0,0.0,9.0,6.0,0.0,0.0,0.0,2.0,2.0,6.0,0.0,7.0,0.0,5.0,1.0,1.0,,1.0,,,,1.0,,1.0,1.0,1.0,1.0,1.0,1.0,1.0,1.0,1.0,1.0,1.0,1.0,1.0,3.0,,,1.0,1.0,1.0,1.0,1.0,,2.0,2.0,3.0,3.0,3.0,3.0,3.0,3.0,3.0,3.0,3.0,3.0,3.0,3.0,3.0,3.0,2.0,2.0,2.0,2.0,3.0,3.0,3.0,,1.0,1.0,,,,,,,1.0,,,,,,,,,1.0,,,,2.0,3.0,1.0,3.0,3.0,3.0,10.0,10.0,10.0,10.0,10.0,0.0,0.0,0.0,0.0,0.0,7.0,1.0,1.0,,,1.0,,,,,,,,2.0,2.0,2.0,1.0,1.0,0.4101278266777226
323.0,1.0,35.0,3.0,3.0,2.0,16.0,4.0,2.0,4.0,1.0,,,,,,,,,,,,,1.0,,,,1.0,1.0,,,,,,,3.0,1.0,4.0,,3.0,3.0,3.0,2.0,2.0,3.0,3.0,3.0,2.0,2.0,3.0,3.0,3.0,4.0,3.0,4.0,3.0,4.0,3.0,4.0,3.0,7.0,6.0,6.0,7.0,5.0,5.0,4.0,7.0,5.0,3.0,5.0,5.0,5.0,4.0,5.0,6.0,1.0,3.0,3.0,1.0,3.0,1.0,3.0,2.0,,,1.0,,,1.0,1.0,,,,,,,,,3.0,3.0,2.0,3.0,2.0,,2.0,1.0,1.0,,,,,3.0,2.0,5.0,6.0,1.0,1.0,5.0,4.0,3.0,5.0,3.0,4.0,0.0,7.0,7.0,3.0,1.0,3.0,2.0,1.0,2.0,2.0,2.0,5.0,4.0,5.0,,,,1.0,,,,,8.0,8.0,8.0,8.0,8.0,8.0,8.0,8.0,8.0,4.0,3.0,3.0,3.0,2.0,,,,,,,,1.0,2.0,2.0,3.0,3.0,3.0,1.0,3.0,3.0,3.0,3.0,3.0,3.0,3.0,3.0,3.0,3.0,2.0,2.0,2.0,2.0,3.0,2.0,2.0,1.0,,,,,1.0,,,,,,,1.0,,,,,,,,,1.0,99.0,4.0,4.0,4.0,2.0,3.0,8.0,8.0,8.0,9.0,7.0,3.0,7.0,4.0,2.0,1.0,3.0,5.0,1.0,,,,1.0,,,1.0,,,,2.0,2.0,2.0,11.0,10.0,0.939239993098137
324.0,2.0,49.0,4.0,1.0,2.0,16.0,3.0,6.0,5.0,1.0,,,,,,1.0,,1.0,,,,,,,,,1.0,,,,,,,,3.0,3.0,11.0,3.0,3.0,1.0,3.0,3.0,3.0,2.0,3.0,3.0,3.0,2.0,3.0,3.0,2.0,3.0,1.0,3.0,2.0,3.0,4.0,3.0,2.0,2.0,4.0,5.0,5.0,1.0,1.0,2.0,2.0,4.0,1.0,4.0,6.0,4.0,2.0,7.0,3.0,1.0,1.0,1.0,3.0,3.0,1.0,3.0,3.0,1.0,,,,,,,,1.0,1.0,,,,,,1.0,2.0,1.0,2.0,2.0,,2.0,1.0,1.0,,1.0,,,4.0,3.0,5.0,5.0,0.0,0.0,5.0,6.0,0.0,3.0,1.0,2.0,0.0,1.0,4.0,3.0,0.0,1.0,0.0,2.0,5.0,1.0,3.0,3.0,5.0,2.0,1.0,,1.0,1.0,,,,,8.0,8.0,8.0,8.0,8.0,8.0,8.0,8.0,8.0,2.0,2.0,2.0,2.0,1.0,,,,,,1.0,,,2.0,3.0,3.0,2.0,1.0,3.0,3.0,3.0,2.0,2.0,3.0,3.0,3.0,1.0,2.0,3.0,2.0,2.0,2.0,2.0,2.0,1.0,1.0,,1.0,1.0,,,,,,,1.0,,,,,,,,1.0,,1.0,,,2.0,7.0,0.0,4.0,99.0,99.0,10.0,10.0,99.0,99.0,99.0,99.0,99.0,99.0,99.0,99.0,3.0,3.0,1.0,,,,1.0,,,,,,,3.0,3.0,2.0,2.0,2.0,0.970531832403361
325.0,1.0,65.0,6.0,3.0,2.0,16.0,6.0,2.0,4.0,1.0,,,,,,,,,,,1.0,,,,,,1.0,,,,,1.0,,,2.0,2.0,4.0,,3.0,3.0,3.0,3.0,3.0,3.0,3.0,3.0,3.0,3.0,3.0,3.0,3.0,4.0,3.0,4.0,3.0,4.0,3.0,4.0,3.0,6.0,6.0,5.0,6.0,6.0,7.0,7.0,7.0,99.0,5.0,4.0,6.0,6.0,6.0,6.0,6.0,2.0,1.0,1.0,1.0,1.0,1.0,1.0,3.0,1.0,,,,,1.0,,,1.0,,,,,,,3.0,3.0,3.0,3.0,2.0,,3.0,1.0,1.0,,,,,2.0,2.0,6.0,7.0,6.0,6.0,6.0,5.0,7.0,6.0,6.0,6.0,5.0,6.0,6.0,6.0,5.0,5.0,5.0,6.0,6.0,5.0,6.0,6.0,3.0,3.0,,1.0,,,,,1.0,,5.0,5.0,5.0,1.0,1.0,1.0,5.0,5.0,8.0,3.0,3.0,3.0,2.0,1.0,,1.0,,,,,1.0,,1.0,3.0,3.0,3.0,3.0,3.0,3.0,3.0,3.0,3.0,3.0,3.0,3.0,3.0,3.0,3.0,1.0,1.0,1.0,1.0,1.0,1.0,1.0,1.0,,,1.0,,,,1.0,,1.0,1.0,,,,1.0,,,,1.0,1.0,,,4.0,6.0,2.0,6.0,3.0,3.0,7.0,10.0,3.0,7.0,10.0,4.0,4.0,4.0,3.0,10.0,8.0,3.0,1.0,,,,1.0,,,,,,,3.0,1.0,1.0,5.0,4.0,1.0565944978329147
326.0,2.0,58.0,5.0,3.0,2.0,16.0,4.0,3.0,4.0,1.0,,,,,,1.0,,,,1.0,,,,,,,,,,,1.0,,,,2.0,2.0,6.0,,3.0,1.0,3.0,3.0,3.0,3.0,3.0,3.0,3.0,3.0,3.0,3.0,3.0,2.0,3.0,3.0,3.0,4.0,3.0,3.0,4.0,1.0,5.0,5.0,4.0,3.0,5.0,5.0,5.0,5.0,3.0,5.0,5.0,5.0,5.0,5.0,5.0,2.0,2.0,2.0,1.0,2.0,2.0,1.0,3.0,,,,1.0,,,,,1.0,,1.0,,,,,3.0,3.0,3.0,3.0,1.0,4.0,3.0,1.0,1.0,,,,,3.0,2.0,2.0,5.0,4.0,1.0,3.0,5.0,5.0,4.0,3.0,5.0,1.0,5.0,1.0,4.0,5.0,4.0,4.0,3.0,4.0,5.0,4.0,4.0,5.0,2.0,1.0,,1.0,,,1.0,1.0,,2.0,2.0,2.0,2.0,2.0,2.0,2.0,2.0,2.0,3.0,2.0,2.0,3.0,3.0,1.0,,1.0,1.0,1.0,1.0,1.0,,2.0,2.0,2.0,2.0,1.0,1.0,3.0,3.0,3.0,3.0,3.0,3.0,1.0,2.0,3.0,3.0,4.0,4.0,4.0,4.0,1.0,2.0,1.0,1.0,1.0,,,,,,,,1.0,1.0,,,,,,1.0,,1.0,,,,1.0,9.0,1.0,5.0,5.0,5.0,9.0,10.0,5.0,1.0,99.0,5.0,99.0,99.0,99.0,99.0,3.0,5.0,1.0,,,,1.0,,,,,,,1.0,1.0,1.0,2.0,2.0,0.7596031381428856
327.0,2.0,54.0,4.0,5.0,2.0,16.0,4.0,1.0,4.0,1.0,,,,,,1.0,,1.0,,,,,,,,,,,,,1.0,,,,3.0,2.0,2.0,3.0,1.0,1.0,3.0,3.0,3.0,1.0,3.0,3.0,3.0,3.0,3.0,3.0,3.0,3.0,2.0,3.0,2.0,4.0,3.0,2.0,1.0,2.0,4.0,5.0,7.0,6.0,5.0,3.0,7.0,9.0,5.0,2.0,5.0,6.0,6.0,5.0,5.0,1.0,1.0,1.0,1.0,1.0,1.0,1.0,3.0,1.0,,1.0,,,1.0,,,,,,,,,,3.0,4.0,2.0,4.0,2.0,,3.0,1.0,,,,,,3.0,3.0,6.0,5.0,5.0,0.0,6.0,5.0,3.0,6.0,6.0,6.0,0.0,6.0,4.0,7.0,1.0,7.0,4.0,3.0,4.0,4.0,6.0,6.0,3.0,4.0,,,,1.0,,,1.0,,3.0,3.0,3.0,3.0,3.0,3.0,3.0,3.0,3.0,5.0,4.0,3.0,2.0,1.0,,,,,,1.0,,,1.0,1.0,3.0,2.0,3.0,3.0,3.0,3.0,3.0,1.0,1.0,1.0,1.0,3.0,3.0,3.0,1.0,1.0,1.0,3.0,4.0,3.0,3.0,,1.0,1.0,,,,,,1.0,1.0,,,,,,,,,1.0,,,,3.0,2.0,1.0,3.0,5.0,3.0,9.0,10.0,8.0,9.0,10.0,3.0,5.0,5.0,0.0,1.0,4.0,1.0,1.0,,,,1.0,,,,,,,3.0,3.0,3.0,3.0,3.0,0.3915612359017463
328.0,2.0,31.0,2.0,2.0,3.0,16.0,4.0,2.0,4.0,2.0,,,,1.0,,,,,,,,,,,,,,1.0,,,1.0,,,,3.0,3.0,11.0,5.0,1.0,1.0,3.0,1.0,1.0,2.0,1.0,1.0,3.0,1.0,3.0,3.0,1.0,1.0,1.0,1.0,1.0,3.0,1.0,1.0,1.0,0.0,4.0,7.0,0.0,0.0,7.0,5.0,0.0,0.0,0.0,0.0,0.0,1.0,0.0,0.0,0.0,2.0,2.0,2.0,2.0,2.0,2.0,3.0,4.0,1.0,,,,,,,1.0,,1.0,,,,,,3.0,3.0,2.0,4.0,1.0,7.0,3.0,1.0,,,,,,2.0,3.0,0.0,6.0,0.0,0.0,2.0,8.0,5.0,6.0,5.0,7.0,0.0,7.0,10.0,7.0,4.0,6.0,5.0,0.0,10.0,7.0,2.0,6.0,5.0,2.0,1.0,1.0,1.0,1.0,1.0,1.0,1.0,,2.0,2.0,2.0,2.0,2.0,1.0,2.0,2.0,2.0,3.0,2.0,1.0,4.0,3.0,,,1.0,,,1.0,1.0,,1.0,1.0,2.0,2.0,1.0,1.0,2.0,2.0,3.0,1.0,2.0,1.0,2.0,2.0,2.0,2.0,2.0,2.0,2.0,2.0,1.0,1.0,1.0,,1.0,1.0,,,,,1.0,,,,,,,,,1.0,,,,,,0.0,3.0,0.0,6.0,0.0,2.0,9.0,10.0,7.0,9.0,10.0,0.0,8.0,6.0,0.0,0.0,7.0,4.0,1.0,,,,1.0,,,,,,,1.0,1.0,1.0,2.0,2.0,1.3318998528495998
329.0,1.0,55.0,5.0,3.0,3.0,16.0,3.0,2.0,6.0,1.0,,,,1.0,,,,,,,,,,,,1.0,1.0,,,,,,,,2.0,2.0,6.0,,3.0,1.0,3.0,3.0,3.0,3.0,3.0,3.0,3.0,1.0,3.0,3.0,3.0,3.0,1.0,4.0,3.0,4.0,2.0,3.0,2.0,10.0,8.0,99.0,7.0,8.0,7.0,8.0,7.0,5.0,3.0,5.0,99.0,5.0,99.0,5.0,10.0,2.0,1.0,2.0,1.0,2.0,2.0,1.0,2.0,1.0,,,,,,,1.0,1.0,,,,,,,3.0,3.0,4.0,3.0,2.0,,3.0,1.0,,,1.0,,,2.0,2.0,5.0,7.0,5.0,5.0,7.0,7.0,5.0,8.0,8.0,7.0,5.0,99.0,10.0,7.0,99.0,99.0,5.0,5.0,99.0,99.0,5.0,7.0,3.0,3.0,,1.0,,,,,,,1.0,1.0,1.0,1.0,1.0,1.0,1.0,1.0,1.0,2.0,3.0,3.0,2.0,2.0,,,1.0,,,,,,1.0,3.0,3.0,1.0,3.0,3.0,1.0,2.0,3.0,1.0,1.0,3.0,3.0,1.0,1.0,3.0,2.0,2.0,1.0,5.0,3.0,1.0,1.0,,1.0,1.0,,,,,,1.0,,,,,,,,1.0,,,,,,10.0,2.0,10.0,0.0,5.0,3.0,10.0,10.0,5.0,10.0,10.0,5.0,2.0,5.0,5.0,3.0,3.0,1.0,2.0,12.0,,,1.0,,,,,,,3.0,3.0,3.0,1.0,1.0,0.8292517498623975
330.0,2.0,55.0,5.0,3.0,2.0,16.0,5.0,2.0,6.0,1.0,,,,,,1.0,,,,,,,,,,,1.0,,,1.0,,,,,3.0,2.0,4.0,,1.0,1.0,3.0,1.0,1.0,1.0,1.0,3.0,3.0,1.0,3.0,1.0,1.0,2.0,2.0,2.0,2.0,3.0,2.0,1.0,2.0,5.0,5.0,5.0,3.0,2.0,4.0,4.0,4.0,4.0,4.0,3.0,5.0,5.0,99.0,4.0,0.0,2.0,1.0,1.0,1.0,1.0,1.0,1.0,3.0,,,,,,,,,1.0,,,1.0,1.0,,,2.0,3.0,2.0,5.0,1.0,7.0,3.0,,,,,,1.0,3.0,2.0,5.0,5.0,3.0,0.0,4.0,5.0,5.0,3.0,5.0,5.0,0.0,6.0,7.0,5.0,2.0,5.0,4.0,3.0,5.0,5.0,2.0,5.0,3.0,2.0,,,,1.0,,1.0,,,8.0,1.0,1.0,8.0,1.0,1.0,1.0,8.0,8.0,3.0,2.0,2.0,3.0,1.0,,,,,,1.0,,,1.0,3.0,2.0,3.0,1.0,3.0,3.0,3.0,3.0,3.0,3.0,2.0,3.0,2.0,2.0,3.0,2.0,2.0,2.0,2.0,2.0,1.0,1.0,,1.0,1.0,,,,,,,1.0,,,,,,,,,,,,1.0,5.0,1.0,1.0,2.0,4.0,3.0,10.0,1.0,5.0,10.0,1.0,5.0,7.0,1.0,1.0,0.0,7.0,1.0,1.0,,,1.0,,,,,,,,3.0,3.0,3.0,1.0,1.0,0.6977797991001128
331.0,1.0,67.0,6.0,3.0,3.0,16.0,5.0,1.0,4.0,1.0,,,,,,1.0,,,,,,,,,,,1.0,,1.0,,,,,,2.0,2.0,2.0,4.0,3.0,3.0,3.0,3.0,3.0,3.0,3.0,3.0,3.0,3.0,3.0,3.0,3.0,3.0,3.0,4.0,3.0,3.0,4.0,4.0,4.0,2.0,4.0,5.0,4.0,2.0,6.0,4.0,5.0,5.0,2.0,4.0,2.0,5.0,6.0,2.0,5.0,2.0,1.0,1.0,1.0,1.0,2.0,1.0,2.0,,,,,,,,1.0,,,,1.0,,1.0,,1.0,4.0,4.0,3.0,2.0,,1.0,,1.0,,,,,2.0,2.0,5.0,6.0,5.0,3.0,2.0,6.0,5.0,5.0,6.0,5.0,2.0,5.0,2.0,2.0,3.0,3.0,2.0,3.0,5.0,6.0,3.0,2.0,5.0,1.0,,,1.0,,,,,,2.0,2.0,2.0,2.0,2.0,2.0,2.0,2.0,2.0,1.0,1.0,1.0,1.0,3.0,1.0,,1.0,1.0,1.0,1.0,1.0,,1.0,1.0,2.0,2.0,1.0,2.0,1.0,3.0,3.0,3.0,3.0,3.0,3.0,2.0,3.0,3.0,2.0,2.0,2.0,2.0,1.0,1.0,1.0,,1.0,,,,1.0,,,,1.0,,,,,,1.0,1.0,,,1.0,,,3.0,6.0,3.0,6.0,4.0,4.0,10.0,10.0,10.0,5.0,10.0,2.0,4.0,3.0,0.0,0.0,7.0,4.0,1.0,,,,1.0,,,,,,,3.0,3.0,3.0,2.0,2.0,1.3707711819963728
332.0,1.0,51.0,4.0,2.0,1.0,16.0,4.0,1.0,4.0,1.0,1.0,,,,,,,,,1.0,,,,,,,1.0,,,,,,,,4.0,3.0,3.0,4.0,3.0,3.0,3.0,3.0,3.0,3.0,2.0,3.0,3.0,3.0,3.0,3.0,2.0,2.0,3.0,4.0,3.0,1.0,3.0,3.0,3.0,6.0,3.0,4.0,7.0,2.0,1.0,4.0,2.0,5.0,6.0,3.0,7.0,3.0,7.0,5.0,6.0,2.0,1.0,1.0,1.0,1.0,2.0,2.0,4.0,,1.0,,,,1.0,,,,,,,,1.0,,3.0,2.0,1.0,3.0,1.0,1.0,3.0,1.0,,,,,,3.0,2.0,8.0,9.0,0.0,2.0,8.0,5.0,0.0,6.0,6.0,7.0,9.0,6.0,8.0,6.0,6.0,6.0,8.0,6.0,9.0,1.0,4.0,8.0,4.0,3.0,,,,,,,1.0,,1.0,1.0,6.0,7.0,7.0,1.0,3.0,1.0,1.0,4.0,4.0,4.0,4.0,1.0,,,,1.0,1.0,,,,1.0,3.0,2.0,2.0,1.0,1.0,1.0,2.0,3.0,2.0,2.0,1.0,3.0,2.0,2.0,3.0,2.0,2.0,2.0,2.0,3.0,1.0,2.0,1.0,,,,,1.0,,1.0,,,,,,,1.0,,,,1.0,,,,7.0,8.0,1.0,1.0,0.0,0.0,9.0,9.0,7.0,1.0,0.0,7.0,2.0,3.0,10.0,10.0,4.0,1.0,1.0,,,,,,1.0,,,,,3.0,3.0,3.0,1.0,1.0,1.1605629214674087
333.0,2.0,73.0,6.0,3.0,2.0,16.0,3.0,6.0,5.0,1.0,,,,,,1.0,,,,1.0,,1.0,,,,,,,,,,,,,3.0,2.0,5.0,,3.0,3.0,3.0,3.0,3.0,3.0,3.0,3.0,3.0,3.0,3.0,3.0,3.0,4.0,3.0,4.0,3.0,4.0,3.0,2.0,4.0,3.0,2.0,3.0,4.0,3.0,1.0,1.0,5.0,5.0,0.0,1.0,5.0,2.0,3.0,4.0,1.0,1.0,3.0,3.0,1.0,3.0,1.0,3.0,4.0,,,1.0,,,1.0,1.0,,,,,,,,,2.0,2.0,1.0,3.0,2.0,,3.0,1.0,1.0,,,,,3.0,2.0,1.0,2.0,0.0,0.0,4.0,1.0,0.0,2.0,1.0,0.0,0.0,3.0,5.0,1.0,0.0,3.0,2.0,2.0,5.0,2.0,2.0,2.0,3.0,3.0,,,,1.0,,,,,8.0,8.0,8.0,8.0,8.0,8.0,8.0,8.0,8.0,3.0,3.0,3.0,3.0,2.0,,,,,,,,1.0,1.0,4.0,3.0,2.0,3.0,1.0,1.0,3.0,1.0,2.0,1.0,1.0,3.0,2.0,2.0,2.0,1.0,1.0,1.0,1.0,3.0,1.0,2.0,1.0,,,,,1.0,,,,1.0,,,,1.0,1.0,,,,1.0,,,,5.0,3.0,0.0,2.0,1.0,2.0,9.0,10.0,5.0,9.0,10.0,1.0,1.0,1.0,0.0,1.0,3.0,5.0,2.0,17.0,,,,,,1.0,,,,3.0,3.0,3.0,11.0,10.0,2.0000691258158385
334.0,2.0,57.0,5.0,1.0,1.0,16.0,4.0,1.0,5.0,1.0,,,,,,,,1.0,,,,,,,,1.0,1.0,,,,,,,,3.0,2.0,2.0,3.0,2.0,1.0,3.0,3.0,3.0,3.0,2.0,3.0,3.0,2.0,3.0,3.0,1.0,3.0,3.0,4.0,3.0,4.0,3.0,4.0,2.0,5.0,5.0,6.0,5.0,5.0,5.0,5.0,6.0,4.0,3.0,5.0,5.0,4.0,5.0,6.0,6.0,3.0,1.0,1.0,1.0,1.0,1.0,3.0,3.0,,,1.0,,,1.0,1.0,,,,,,,,,2.0,3.0,1.0,3.0,2.0,,2.0,1.0,1.0,,,,,3.0,2.0,5.0,5.0,6.0,0.0,7.0,5.0,2.0,5.0,4.0,4.0,0.0,5.0,7.0,4.0,5.0,2.0,0.0,0.0,5.0,5.0,5.0,6.0,4.0,2.0,,,,1.0,,,1.0,,1.0,1.0,1.0,1.0,1.0,1.0,1.0,1.0,1.0,2.0,2.0,2.0,3.0,2.0,,1.0,,,,1.0,1.0,,2.0,3.0,2.0,2.0,1.0,3.0,3.0,3.0,3.0,3.0,3.0,3.0,3.0,2.0,3.0,2.0,2.0,2.0,2.0,2.0,2.0,1.0,1.0,,1.0,1.0,,,,,,1.0,1.0,,,,,,1.0,,,1.0,,,,3.0,3.0,3.0,3.0,3.0,3.0,9.0,10.0,5.0,5.0,7.0,5.0,7.0,7.0,1.0,0.0,5.0,5.0,1.0,,,,1.0,,,1.0,,,,2.0,2.0,2.0,1.0,11.0,1.9321117628253872
335.0,2.0,48.0,4.0,5.0,2.0,16.0,4.0,1.0,4.0,1.0,1.0,,1.0,,,,,1.0,,,,,,,,,,,,,,,,,3.0,2.0,2.0,1.0,1.0,1.0,3.0,2.0,3.0,4.0,1.0,3.0,2.0,1.0,4.0,4.0,1.0,3.0,3.0,2.0,2.0,4.0,3.0,3.0,1.0,6.0,99.0,6.0,6.0,4.0,3.0,6.0,4.0,4.0,4.0,5.0,5.0,6.0,6.0,7.0,6.0,1.0,1.0,1.0,1.0,1.0,1.0,1.0,4.0,,,1.0,,,1.0,,,,,,1.0,,,,3.0,3.0,2.0,2.0,1.0,7.0,2.0,1.0,1.0,,,,,3.0,2.0,6.0,7.0,4.0,2.0,6.0,5.0,5.0,6.0,6.0,6.0,3.0,7.0,7.0,6.0,3.0,4.0,3.0,5.0,6.0,6.0,7.0,6.0,3.0,3.0,,,,1.0,,,1.0,,5.0,5.0,8.0,3.0,8.0,1.0,3.0,4.0,8.0,4.0,4.0,4.0,2.0,1.0,,,,,,1.0,1.0,,1.0,2.0,2.0,2.0,3.0,2.0,1.0,1.0,3.0,3.0,1.0,1.0,3.0,2.0,2.0,2.0,2.0,2.0,2.0,2.0,2.0,1.0,1.0,1.0,,,,,1.0,,,,1.0,1.0,,,,,,,1.0,1.0,1.0,,,4.0,3.0,0.0,4.0,2.0,4.0,8.0,10.0,4.0,7.0,10.0,2.0,4.0,2.0,0.0,0.0,6.0,5.0,1.0,,,,1.0,,,,,,,3.0,3.0,3.0,12.0,11.0,0.3915612359017463
336.0,1.0,44.0,3.0,5.0,2.0,16.0,4.0,1.0,3.0,1.0,,,,,,1.0,,1.0,,,,,,,,,1.0,,,,,,,,3.0,2.0,2.0,3.0,3.0,3.0,3.0,3.0,3.0,3.0,3.0,3.0,3.0,3.0,3.0,3.0,3.0,3.0,2.0,3.0,1.0,3.0,3.0,3.0,1.0,1.0,5.0,3.0,5.0,0.0,1.0,1.0,3.0,6.0,1.0,1.0,2.0,3.0,2.0,2.0,5.0,1.0,1.0,1.0,1.0,1.0,1.0,1.0,3.0,,,1.0,,,,1.0,,,,,,,1.0,,3.0,3.0,2.0,3.0,2.0,,3.0,,1.0,,,,,4.0,2.0,0.0,0.0,0.0,0.0,6.0,1.0,2.0,0.0,0.0,0.0,0.0,3.0,5.0,0.0,0.0,0.0,3.0,9.0,4.0,0.0,0.0,0.0,6.0,5.0,,,,,,,1.0,,7.0,7.0,7.0,7.0,7.0,7.0,7.0,7.0,7.0,5.0,3.0,4.0,1.0,1.0,,1.0,,,,,,,2.0,4.0,2.0,2.0,2.0,2.0,2.0,2.0,1.0,2.0,2.0,1.0,2.0,2.0,2.0,1.0,2.0,2.0,2.0,2.0,3.0,1.0,1.0,1.0,,,,,1.0,,,,1.0,,,,,,,,,,1.0,,,10.0,8.0,3.0,3.0,5.0,2.0,6.0,3.0,0.0,0.0,0.0,0.0,0.0,0.0,0.0,10.0,5.0,3.0,1.0,,,,1.0,,,1.0,,,,1.0,1.0,1.0,11.0,10.0,0.5346637861556145
337.0,1.0,51.0,4.0,1.0,2.0,16.0,4.0,1.0,4.0,1.0,1.0,,,,,1.0,,,,,,,,,,,1.0,,,,,,,,3.0,2.0,2.0,4.0,3.0,3.0,3.0,3.0,3.0,3.0,3.0,3.0,3.0,3.0,3.0,3.0,3.0,2.0,3.0,4.0,2.0,2.0,4.0,4.0,2.0,2.0,6.0,99.0,7.0,99.0,6.0,6.0,7.0,2.0,2.0,99.0,99.0,99.0,5.0,5.0,99.0,1.0,1.0,1.0,1.0,1.0,1.0,3.0,2.0,1.0,,1.0,,1.0,,,,,,,,,,,3.0,3.0,5.0,4.0,2.0,,3.0,,1.0,,,,,3.0,2.0,3.0,4.0,4.0,5.0,7.0,99.0,99.0,4.0,6.0,5.0,0.0,99.0,6.0,4.0,2.0,5.0,4.0,99.0,6.0,99.0,7.0,6.0,3.0,3.0,,,,,1.0,,,,8.0,8.0,8.0,8.0,8.0,8.0,8.0,8.0,8.0,3.0,5.0,4.0,3.0,1.0,,,,,,,,1.0,2.0,2.0,3.0,3.0,3.0,3.0,3.0,3.0,3.0,3.0,3.0,3.0,3.0,3.0,3.0,3.0,2.0,2.0,2.0,2.0,3.0,2.0,3.0,,1.0,,1.0,,,,,,,,1.0,,,,,,,1.0,,,,5.0,8.0,0.0,4.0,2.0,2.0,8.0,10.0,5.0,10.0,10.0,5.0,7.0,6.0,2.0,0.0,6.0,4.0,1.0,,,,1.0,,,,,,,1.0,2.0,3.0,3.0,3.0,0.9685976311250727
338.0,2.0,64.0,5.0,3.0,3.0,16.0,4.0,2.0,6.0,1.0,,,1.0,,,,,,,,,,,,,,1.0,,,,1.0,,,,2.0,2.0,4.0,,3.0,3.0,3.0,3.0,3.0,3.0,3.0,3.0,3.0,3.0,3.0,3.0,3.0,4.0,4.0,4.0,4.0,4.0,4.0,4.0,4.0,5.0,6.0,99.0,6.0,5.0,6.0,99.0,6.0,7.0,99.0,99.0,5.0,99.0,99.0,6.0,6.0,1.0,3.0,1.0,1.0,1.0,1.0,1.0,5.0,1.0,,,,,,1.0,,,,,,1.0,,,4.0,4.0,2.0,5.0,2.0,,4.0,,,,,,1.0,2.0,2.0,5.0,6.0,5.0,99.0,8.0,5.0,5.0,5.0,5.0,5.0,5.0,6.0,5.0,99.0,5.0,5.0,6.0,5.0,6.0,5.0,6.0,5.0,4.0,5.0,,,1.0,,,1.0,1.0,,8.0,8.0,8.0,8.0,8.0,8.0,8.0,8.0,8.0,3.0,5.0,2.0,2.0,2.0,,,,,,1.0,1.0,,2.0,2.0,3.0,3.0,1.0,1.0,1.0,3.0,1.0,1.0,1.0,1.0,3.0,3.0,2.0,3.0,5.0,5.0,5.0,5.0,1.0,1.0,1.0,,1.0,,1.0,,,,,,1.0,1.0,,,1.0,1.0,,,,1.0,,,,4.0,4.0,1.0,3.0,4.0,99.0,9.0,10.0,5.0,7.0,8.0,6.0,6.0,99.0,1.0,0.0,5.0,1.0,1.0,,,1.0,,,,,,,,2.0,2.0,2.0,11.0,9.0,0.9052635064326345
339.0,2.0,50.0,4.0,5.0,2.0,16.0,5.0,3.0,3.0,1.0,,,,,,1.0,,,,,,,,,,1.0,,,,,1.0,,,,2.0,3.0,6.0,,2.0,2.0,3.0,3.0,3.0,3.0,3.0,3.0,3.0,3.0,3.0,3.0,3.0,1.0,2.0,2.0,2.0,2.0,1.0,3.0,2.0,7.0,8.0,8.0,8.0,8.0,6.0,4.0,8.0,8.0,7.0,7.0,8.0,8.0,7.0,8.0,7.0,2.0,1.0,1.0,1.0,1.0,2.0,1.0,2.0,1.0,,,,,,,,,,1.0,1.0,,,,2.0,2.0,3.0,3.0,2.0,,4.0,,,,,1.0,,2.0,2.0,8.0,8.0,7.0,5.0,7.0,8.0,6.0,5.0,8.0,6.0,3.0,8.0,6.0,8.0,4.0,7.0,4.0,6.0,8.0,8.0,8.0,7.0,3.0,3.0,,,,1.0,,1.0,1.0,,3.0,1.0,1.0,1.0,3.0,1.0,3.0,3.0,1.0,2.0,3.0,3.0,3.0,1.0,,,,,,1.0,1.0,,2.0,2.0,2.0,2.0,1.0,1.0,1.0,3.0,3.0,1.0,1.0,1.0,1.0,2.0,1.0,3.0,2.0,2.0,1.0,3.0,2.0,1.0,1.0,,1.0,1.0,,,,,,1.0,1.0,,,,,1.0,1.0,,1.0,1.0,1.0,,,2.0,6.0,4.0,2.0,0.0,1.0,8.0,10.0,7.0,10.0,10.0,5.0,7.0,7.0,2.0,0.0,7.0,4.0,1.0,,,,1.0,,,1.0,,,,2.0,2.0,3.0,3.0,4.0,0.3473876882626968
340.0,1.0,61.0,5.0,5.0,2.0,16.0,4.0,3.0,6.0,1.0,,,1.0,,,,,,,,,,,,,1.0,,,,,1.0,,,,4.0,3.0,6.0,,1.0,1.0,1.0,1.0,1.0,1.0,1.0,1.0,1.0,1.0,1.0,1.0,1.0,2.0,3.0,3.0,2.0,3.0,2.0,4.0,1.0,5.0,8.0,7.0,0.0,0.0,5.0,1.0,5.0,3.0,0.0,2.0,1.0,1.0,5.0,2.0,2.0,2.0,1.0,1.0,1.0,1.0,2.0,2.0,3.0,,,,,,,,,,1.0,1.0,,,1.0,,4.0,3.0,4.0,2.0,2.0,,3.0,1.0,1.0,,,,,2.0,1.0,0.0,5.0,0.0,0.0,2.0,2.0,0.0,5.0,0.0,5.0,0.0,6.0,5.0,0.0,2.0,2.0,0.0,0.0,4.0,1.0,0.0,0.0,5.0,2.0,1.0,1.0,1.0,1.0,1.0,1.0,1.0,,2.0,2.0,2.0,2.0,2.0,2.0,2.0,2.0,2.0,1.0,1.0,2.0,2.0,2.0,1.0,,1.0,1.0,1.0,1.0,1.0,,1.0,3.0,2.0,1.0,1.0,1.0,1.0,1.0,1.0,1.0,1.0,1.0,1.0,2.0,2.0,2.0,2.0,2.0,3.0,2.0,1.0,1.0,1.0,,1.0,1.0,,,,,,,,,1.0,,,,,,1.0,,,,,0.0,8.0,0.0,7.0,5.0,6.0,10.0,10.0,10.0,7.0,10.0,0.0,5.0,0.0,0.0,0.0,3.0,5.0,1.0,,,,,,1.0,,,,,1.0,2.0,2.0,2.0,2.0,0.4101278266777226
341.0,2.0,42.0,3.0,5.0,1.0,16.0,4.0,1.0,5.0,1.0,,,,,,1.0,,,,,,,,,,,1.0,,,,1.0,,,,2.0,2.0,2.0,4.0,3.0,3.0,3.0,3.0,3.0,3.0,3.0,3.0,3.0,3.0,3.0,3.0,3.0,3.0,3.0,3.0,3.0,3.0,3.0,3.0,3.0,9.0,8.0,9.0,8.0,8.0,8.0,8.0,7.0,7.0,8.0,8.0,6.0,8.0,8.0,7.0,8.0,2.0,1.0,2.0,1.0,1.0,1.0,3.0,4.0,,,1.0,,,,,,,,1.0,1.0,,,,3.0,3.0,3.0,3.0,2.0,,3.0,,,,,,1.0,2.0,2.0,6.0,7.0,5.0,0.0,4.0,6.0,4.0,6.0,5.0,6.0,0.0,6.0,5.0,4.0,4.0,5.0,3.0,5.0,7.0,4.0,5.0,3.0,5.0,1.0,1.0,1.0,1.0,1.0,1.0,1.0,1.0,,2.0,2.0,2.0,2.0,2.0,2.0,2.0,2.0,2.0,1.0,1.0,1.0,3.0,3.0,,,,,,1.0,1.0,,1.0,2.0,2.0,2.0,1.0,3.0,3.0,3.0,3.0,3.0,3.0,1.0,3.0,2.0,3.0,2.0,2.0,2.0,2.0,1.0,4.0,1.0,1.0,,1.0,,1.0,,,,,1.0,1.0,1.0,,,,,,1.0,,,1.0,,,1.0,9.0,1.0,4.0,2.0,3.0,9.0,10.0,10.0,10.0,10.0,1.0,4.0,2.0,0.0,0.0,6.0,5.0,1.0,,,1.0,,,,,,,,1.0,1.0,1.0,2.0,2.0,0.679987179254683
342.0,2.0,46.0,4.0,2.0,3.0,16.0,6.0,1.0,2.0,2.0,,,,,,,,,,,,,,,,,1.0,1.0,,,,1.0,,,2.0,2.0,3.0,4.0,3.0,3.0,3.0,3.0,3.0,3.0,3.0,3.0,3.0,3.0,3.0,3.0,3.0,3.0,3.0,3.0,3.0,3.0,3.0,3.0,3.0,4.0,3.0,6.0,5.0,6.0,5.0,4.0,6.0,6.0,1.0,7.0,6.0,5.0,5.0,6.0,6.0,2.0,1.0,1.0,1.0,1.0,2.0,1.0,5.0,1.0,,,,,,,1.0,,,,,,1.0,,3.0,2.0,2.0,3.0,2.0,,3.0,1.0,,1.0,,,,3.0,2.0,4.0,6.0,3.0,2.0,5.0,6.0,99.0,5.0,5.0,5.0,4.0,6.0,6.0,4.0,4.0,5.0,4.0,5.0,7.0,7.0,6.0,4.0,5.0,1.0,,1.0,1.0,,1.0,,,,2.0,5.0,5.0,2.0,1.0,1.0,1.0,2.0,2.0,2.0,5.0,1.0,3.0,3.0,,,1.0,1.0,,1.0,1.0,,1.0,3.0,3.0,3.0,3.0,3.0,3.0,3.0,3.0,3.0,3.0,3.0,3.0,3.0,3.0,3.0,2.0,2.0,3.0,3.0,3.0,3.0,3.0,1.0,1.0,,,,,,,,1.0,,,,,,,,,1.0,,,,0.0,5.0,0.0,6.0,4.0,3.0,10.0,10.0,10.0,7.0,10.0,2.0,3.0,5.0,0.0,0.0,7.0,3.0,1.0,,,,1.0,,,1.0,,,,1.0,1.0,1.0,2.0,2.0,0.9333405868781586
343.0,2.0,58.0,5.0,3.0,2.0,16.0,3.0,3.0,6.0,1.0,,,1.0,,,1.0,,,,,,,,,,,,,1.0,,,,,,2.0,2.0,6.0,,2.0,1.0,3.0,3.0,3.0,2.0,2.0,3.0,3.0,3.0,3.0,3.0,1.0,4.0,3.0,4.0,2.0,4.0,4.0,3.0,3.0,7.0,8.0,8.0,6.0,7.0,7.0,6.0,9.0,7.0,6.0,7.0,6.0,6.0,7.0,7.0,7.0,2.0,1.0,1.0,1.0,1.0,2.0,3.0,3.0,1.0,,1.0,,1.0,,,,,,,,,,,5.0,4.0,3.0,4.0,2.0,,5.0,,,,,,1.0,2.0,2.0,5.0,7.0,6.0,5.0,7.0,7.0,6.0,7.0,7.0,6.0,5.0,7.0,7.0,7.0,6.0,6.0,6.0,5.0,7.0,6.0,6.0,7.0,4.0,5.0,,,,1.0,,,,,1.0,1.0,1.0,1.0,1.0,2.0,8.0,2.0,2.0,4.0,3.0,3.0,2.0,2.0,,,,,,1.0,1.0,,1.0,1.0,3.0,2.0,1.0,3.0,3.0,3.0,3.0,1.0,1.0,1.0,3.0,2.0,2.0,2.0,2.0,2.0,2.0,2.0,4.0,1.0,1.0,1.0,1.0,,,,,,,,1.0,1.0,,,,1.0,,,,1.0,,,,5.0,6.0,2.0,2.0,5.0,5.0,10.0,10.0,8.0,8.0,10.0,6.0,7.0,5.0,0.0,0.0,3.0,3.0,1.0,,,,,,,1.0,,,,2.0,2.0,3.0,1.0,1.0,0.6977797991001128
344.0,1.0,40.0,3.0,5.0,2.0,16.0,5.0,1.0,3.0,1.0,,,,1.0,,,1.0,,,,,,,,,,,,,,1.0,,,,2.0,2.0,2.0,3.0,1.0,1.0,3.0,3.0,3.0,1.0,2.0,3.0,3.0,3.0,3.0,3.0,2.0,3.0,3.0,4.0,2.0,4.0,2.0,4.0,2.0,7.0,6.0,6.0,5.0,3.0,6.0,5.0,6.0,4.0,3.0,5.0,2.0,4.0,99.0,4.0,99.0,1.0,1.0,3.0,1.0,3.0,2.0,3.0,4.0,,,1.0,,1.0,,,,,,1.0,,,,,3.0,3.0,3.0,4.0,2.0,,2.0,1.0,1.0,,1.0,,,2.0,2.0,5.0,7.0,5.0,5.0,7.0,6.0,6.0,6.0,6.0,6.0,7.0,6.0,7.0,4.0,1.0,5.0,3.0,4.0,7.0,3.0,4.0,2.0,4.0,3.0,,1.0,1.0,1.0,,,1.0,,8.0,8.0,8.0,8.0,8.0,8.0,8.0,8.0,8.0,3.0,3.0,3.0,3.0,1.0,,,,,,,1.0,,1.0,1.0,2.0,2.0,1.0,3.0,3.0,3.0,3.0,1.0,3.0,1.0,3.0,2.0,3.0,3.0,2.0,2.0,2.0,2.0,1.0,1.0,1.0,1.0,,1.0,,,,,,1.0,,1.0,,,,1.0,1.0,1.0,1.0,1.0,,,,99.0,7.0,4.0,5.0,2.0,5.0,9.0,10.0,7.0,8.0,8.0,2.0,3.0,4.0,2.0,0.0,6.0,3.0,1.0,,,,1.0,,,1.0,,,,1.0,1.0,1.0,1.0,1.0,0.5346637861556145
345.0,2.0,24.0,1.0,5.0,2.0,16.0,5.0,1.0,3.0,1.0,,,,,,,,1.0,,1.0,,,,,,,,,1.0,,,,,,2.0,3.0,2.0,4.0,1.0,1.0,3.0,2.0,3.0,1.0,3.0,3.0,3.0,2.0,2.0,2.0,1.0,1.0,1.0,1.0,2.0,3.0,1.0,2.0,1.0,1.0,1.0,2.0,5.0,0.0,0.0,1.0,4.0,2.0,0.0,0.0,1.0,5.0,5.0,5.0,2.0,1.0,1.0,1.0,1.0,3.0,1.0,3.0,3.0,,1.0,1.0,,,1.0,,,,,,,,,,3.0,2.0,1.0,2.0,2.0,,3.0,1.0,1.0,,,,,4.0,2.0,2.0,2.0,1.0,0.0,2.0,2.0,0.0,2.0,2.0,1.0,4.0,2.0,1.0,5.0,4.0,5.0,5.0,5.0,7.0,2.0,2.0,3.0,3.0,2.0,,,,1.0,,,1.0,,7.0,7.0,7.0,7.0,7.0,7.0,7.0,7.0,7.0,4.0,4.0,4.0,4.0,1.0,1.0,1.0,1.0,1.0,1.0,,,,1.0,4.0,2.0,2.0,1.0,3.0,3.0,3.0,3.0,3.0,3.0,2.0,3.0,2.0,3.0,3.0,1.0,2.0,2.0,2.0,4.0,4.0,4.0,1.0,,,,,1.0,,,,1.0,,,,,1.0,,,,,,,,9.0,0.0,0.0,1.0,0.0,0.0,5.0,9.0,5.0,10.0,99.0,99.0,5.0,99.0,5.0,5.0,6.0,1.0,1.0,,,,1.0,,,,,,,2.0,2.0,2.0,6.0,6.0,0.4709468561398702
346.0,1.0,57.0,5.0,4.0,3.0,16.0,6.0,1.0,2.0,1.0,,,,,,,,1.0,,1.0,,,,,,,1.0,,,,,,,,3.0,2.0,2.0,4.0,3.0,2.0,3.0,3.0,3.0,3.0,3.0,3.0,3.0,3.0,3.0,3.0,3.0,4.0,4.0,4.0,3.0,4.0,4.0,4.0,3.0,6.0,6.0,6.0,6.0,6.0,3.0,7.0,6.0,6.0,5.0,5.0,6.0,5.0,6.0,6.0,6.0,2.0,1.0,1.0,1.0,1.0,1.0,1.0,3.0,,1.0,,,,1.0,1.0,,,,,,,,,2.0,2.0,2.0,3.0,2.0,,3.0,1.0,,,1.0,,,3.0,2.0,6.0,6.0,2.0,7.0,6.0,5.0,7.0,5.0,6.0,6.0,7.0,8.0,8.0,6.0,5.0,7.0,7.0,8.0,6.0,3.0,6.0,7.0,2.0,3.0,,,,,,,,1.0,7.0,6.0,8.0,7.0,7.0,6.0,6.0,6.0,6.0,4.0,3.0,4.0,4.0,1.0,,1.0,,1.0,1.0,,,,1.0,3.0,1.0,3.0,3.0,1.0,1.0,3.0,1.0,1.0,1.0,1.0,1.0,3.0,3.0,3.0,1.0,1.0,1.0,1.0,4.0,1.0,1.0,,,,1.0,,1.0,,,1.0,1.0,1.0,,,,,,1.0,1.0,1.0,1.0,,,8.0,6.0,0.0,5.0,0.0,0.0,7.0,9.0,2.0,7.0,10.0,4.0,10.0,8.0,1.0,0.0,4.0,1.0,1.0,,,,1.0,,,,,,,3.0,3.0,3.0,6.0,5.0,0.7877190513971657
347.0,1.0,62.0,5.0,2.0,2.0,16.0,4.0,1.0,5.0,1.0,,,,,,,1.0,,,,,,,,,,1.0,,,,1.0,,,,1.0,2.0,2.0,3.0,3.0,3.0,3.0,3.0,3.0,1.0,3.0,3.0,3.0,1.0,3.0,3.0,3.0,3.0,1.0,4.0,1.0,3.0,2.0,2.0,1.0,6.0,6.0,7.0,5.0,2.0,8.0,2.0,8.0,7.0,4.0,5.0,6.0,5.0,5.0,5.0,0.0,2.0,1.0,1.0,1.0,1.0,2.0,1.0,4.0,,,1.0,,,,,1.0,,,,,,1.0,,2.0,3.0,3.0,4.0,2.0,,3.0,1.0,,,,,,2.0,2.0,4.0,6.0,6.0,3.0,9.0,7.0,4.0,6.0,7.0,7.0,6.0,8.0,8.0,2.0,4.0,2.0,4.0,8.0,6.0,3.0,5.0,1.0,4.0,2.0,,,,1.0,1.0,,1.0,,5.0,5.0,1.0,5.0,1.0,1.0,2.0,5.0,1.0,3.0,3.0,2.0,2.0,1.0,,,,,,,1.0,,1.0,2.0,2.0,2.0,1.0,2.0,1.0,1.0,1.0,1.0,1.0,1.0,1.0,2.0,1.0,2.0,2.0,2.0,2.0,1.0,3.0,1.0,1.0,,,1.0,,,1.0,1.0,,1.0,,1.0,,,,1.0,,1.0,,1.0,,,,5.0,7.0,3.0,6.0,4.0,4.0,8.0,10.0,5.0,7.0,10.0,5.0,5.0,5.0,0.0,0.0,6.0,1.0,1.0,,,,1.0,,,,,,,3.0,3.0,3.0,5.0,1.0,0.8290429629338428
348.0,1.0,52.0,4.0,3.0,2.0,16.0,6.0,1.0,2.0,1.0,1.0,,,,,,,,,,,,,,1.0,,1.0,,,,,,,,4.0,3.0,3.0,4.0,3.0,3.0,3.0,3.0,3.0,3.0,3.0,3.0,3.0,3.0,3.0,3.0,3.0,4.0,4.0,4.0,4.0,4.0,4.0,4.0,4.0,1.0,2.0,2.0,3.0,3.0,3.0,2.0,3.0,3.0,3.0,3.0,3.0,2.0,2.0,2.0,3.0,2.0,2.0,2.0,2.0,2.0,2.0,2.0,2.0,,,,,,,,,,,,,,,1.0,1.0,2.0,1.0,3.0,2.0,,3.0,,,,1.0,,,4.0,3.0,5.0,7.0,3.0,2.0,3.0,3.0,6.0,3.0,3.0,3.0,3.0,3.0,3.0,3.0,5.0,3.0,3.0,5.0,4.0,3.0,3.0,3.0,3.0,3.0,,,,,1.0,1.0,,,5.0,3.0,5.0,5.0,5.0,5.0,5.0,5.0,5.0,2.0,3.0,3.0,3.0,2.0,,,,,,,1.0,,3.0,3.0,2.0,2.0,2.0,2.0,1.0,2.0,2.0,2.0,2.0,2.0,2.0,2.0,2.0,2.0,2.0,2.0,2.0,2.0,2.0,2.0,2.0,,,1.0,,,1.0,1.0,1.0,,1.0,,,,1.0,,,,1.0,1.0,,,,5.0,3.0,3.0,3.0,3.0,3.0,9.0,9.0,5.0,9.0,8.0,3.0,2.0,2.0,3.0,2.0,7.0,1.0,2.0,13.0,,,1.0,,,,,,,2.0,3.0,2.0,5.0,11.0,0.5713676633370325
349.0,1.0,48.0,4.0,1.0,2.0,16.0,5.0,1.0,1.0,1.0,,,,,,,,1.0,,1.0,,,,,,,,,,,1.0,,,,3.0,2.0,2.0,4.0,3.0,1.0,3.0,3.0,3.0,3.0,3.0,3.0,3.0,3.0,3.0,3.0,3.0,3.0,3.0,3.0,3.0,4.0,3.0,2.0,3.0,4.0,5.0,5.0,3.0,3.0,5.0,4.0,3.0,4.0,3.0,4.0,5.0,6.0,3.0,5.0,4.0,2.0,1.0,1.0,3.0,1.0,1.0,3.0,4.0,1.0,,,,,,1.0,,,,,,,1.0,,3.0,3.0,2.0,3.0,2.0,,4.0,1.0,1.0,,,,,3.0,2.0,6.0,6.0,3.0,0.0,5.0,5.0,5.0,3.0,3.0,5.0,0.0,5.0,5.0,0.0,0.0,0.0,0.0,0.0,5.0,4.0,4.0,3.0,4.0,2.0,,1.0,,1.0,,,,,8.0,8.0,8.0,7.0,7.0,1.0,8.0,8.0,8.0,4.0,4.0,3.0,1.0,1.0,,,,,,1.0,1.0,,2.0,2.0,2.0,3.0,1.0,1.0,3.0,1.0,3.0,3.0,3.0,1.0,3.0,2.0,1.0,3.0,2.0,2.0,2.0,2.0,4.0,1.0,1.0,,1.0,,,,1.0,,,,1.0,1.0,,,,,,,1.0,1.0,1.0,,,4.0,7.0,0.0,5.0,1.0,2.0,9.0,10.0,5.0,10.0,10.0,5.0,4.0,4.0,0.0,0.0,7.0,4.0,1.0,,,,,1.0,1.0,,,,,3.0,3.0,3.0,11.0,10.0,1.9993610745697787
350.0,1.0,72.0,6.0,1.0,2.0,16.0,4.0,2.0,3.0,1.0,,,,,1.0,,,,,,,1.0,,,,,1.0,,,,,,,,2.0,2.0,4.0,,3.0,3.0,3.0,3.0,3.0,3.0,3.0,3.0,3.0,3.0,3.0,3.0,3.0,4.0,4.0,4.0,4.0,4.0,4.0,4.0,3.0,5.0,5.0,5.0,5.0,5.0,5.0,5.0,5.0,6.0,2.0,2.0,5.0,5.0,5.0,5.0,5.0,1.0,1.0,1.0,3.0,1.0,1.0,1.0,4.0,1.0,,,,,,1.0,,,,,1.0,,,,2.0,3.0,2.0,1.0,2.0,,4.0,,,,,1.0,,3.0,2.0,2.0,4.0,0.0,5.0,6.0,2.0,1.0,5.0,5.0,5.0,5.0,6.0,6.0,0.0,3.0,2.0,5.0,5.0,5.0,0.0,6.0,6.0,3.0,3.0,,,,1.0,,,,,8.0,8.0,8.0,8.0,8.0,8.0,8.0,8.0,8.0,4.0,4.0,4.0,2.0,1.0,,,,,,,,1.0,1.0,1.0,3.0,2.0,1.0,1.0,3.0,3.0,3.0,1.0,1.0,1.0,1.0,3.0,3.0,3.0,2.0,2.0,2.0,3.0,3.0,1.0,2.0,,,1.0,1.0,,,,1.0,,,,,,,,,,,1.0,,,,5.0,6.0,2.0,5.0,1.0,3.0,8.0,9.0,5.0,7.0,8.0,2.0,1.0,1.0,1.0,1.0,4.0,1.0,1.0,,,,1.0,,,,,,,3.0,3.0,3.0,11.0,10.0,1.5310307918774335
351.0,2.0,51.0,4.0,3.0,3.0,16.0,3.0,1.0,2.0,1.0,,,,,,,,1.0,,,,,,,,1.0,,,,,1.0,,,,2.0,2.0,2.0,1.0,3.0,3.0,3.0,3.0,3.0,3.0,3.0,3.0,3.0,3.0,3.0,3.0,3.0,4.0,4.0,4.0,4.0,4.0,4.0,4.0,1.0,2.0,1.0,99.0,9.0,0.0,2.0,8.0,5.0,6.0,7.0,1.0,6.0,7.0,7.0,7.0,7.0,1.0,1.0,1.0,1.0,3.0,1.0,2.0,3.0,,,1.0,,,,,,,1.0,,,,1.0,,3.0,3.0,4.0,4.0,2.0,,4.0,,,,,,1.0,2.0,2.0,9.0,9.0,10.0,0.0,8.0,99.0,7.0,9.0,7.0,8.0,0.0,9.0,7.0,1.0,8.0,8.0,1.0,99.0,7.0,3.0,7.0,1.0,3.0,5.0,,,,1.0,1.0,1.0,1.0,,3.0,3.0,3.0,3.0,3.0,3.0,3.0,3.0,3.0,4.0,4.0,4.0,4.0,1.0,,1.0,,,,1.0,1.0,,1.0,2.0,2.0,3.0,1.0,3.0,1.0,1.0,3.0,3.0,1.0,3.0,1.0,2.0,3.0,3.0,2.0,2.0,2.0,2.0,3.0,1.0,1.0,,,1.0,,,1.0,,,1.0,1.0,,,,,,,,,1.0,1.0,,,2.0,7.0,0.0,2.0,1.0,2.0,10.0,10.0,0.0,10.0,10.0,5.0,99.0,5.0,0.0,0.0,3.0,3.0,1.0,,,,1.0,,,1.0,,,,3.0,3.0,3.0,3.0,3.0,0.7627811537961875
352.0,1.0,75.0,6.0,5.0,3.0,16.0,5.0,2.0,3.0,1.0,,,,,,1.0,,,,,,,,,1.0,,1.0,,,,,,,,2.0,2.0,4.0,,3.0,3.0,3.0,3.0,3.0,3.0,3.0,3.0,3.0,3.0,3.0,3.0,3.0,4.0,4.0,4.0,4.0,4.0,4.0,4.0,3.0,5.0,6.0,7.0,7.0,1.0,6.0,5.0,6.0,6.0,2.0,6.0,6.0,5.0,7.0,5.0,7.0,2.0,1.0,1.0,1.0,2.0,2.0,2.0,2.0,1.0,,,,,,,1.0,,,,,,1.0,,3.0,2.0,4.0,5.0,2.0,,2.0,1.0,1.0,,1.0,,,2.0,2.0,1.0,6.0,7.0,0.0,7.0,8.0,9.0,6.0,7.0,6.0,1.0,9.0,6.0,0.0,1.0,5.0,1.0,6.0,8.0,7.0,0.0,0.0,3.0,4.0,,,,1.0,1.0,1.0,1.0,,3.0,3.0,3.0,3.0,3.0,3.0,3.0,3.0,3.0,3.0,2.0,2.0,2.0,2.0,,1.0,,1.0,1.0,1.0,1.0,,1.0,1.0,2.0,2.0,1.0,2.0,1.0,1.0,2.0,1.0,1.0,1.0,1.0,2.0,3.0,3.0,2.0,2.0,2.0,3.0,5.0,1.0,1.0,,1.0,,1.0,,,,,1.0,1.0,1.0,,,,1.0,,,1.0,1.0,1.0,,,4.0,6.0,0.0,4.0,1.0,3.0,9.0,10.0,7.0,10.0,10.0,7.0,8.0,7.0,1.0,0.0,7.0,1.0,2.0,7.0,,,1.0,,,,,,,3.0,3.0,3.0,3.0,3.0,0.7803135678897881
353.0,2.0,54.0,4.0,3.0,2.0,16.0,6.0,1.0,5.0,1.0,,,,,,1.0,,1.0,,,,,,,,,,,,,1.0,,,,3.0,2.0,2.0,3.0,1.0,1.0,3.0,3.0,3.0,3.0,2.0,3.0,3.0,2.0,4.0,3.0,2.0,4.0,3.0,3.0,2.0,4.0,3.0,4.0,2.0,5.0,6.0,8.0,5.0,3.0,0.0,3.0,8.0,8.0,2.0,5.0,5.0,5.0,4.0,6.0,5.0,1.0,1.0,1.0,3.0,1.0,1.0,1.0,4.0,1.0,,1.0,,,1.0,,,,,,,,,,3.0,4.0,2.0,3.0,1.0,7.0,3.0,,,,,,1.0,2.0,2.0,5.0,8.0,0.0,4.0,7.0,7.0,6.0,8.0,5.0,2.0,0.0,8.0,6.0,4.0,0.0,0.0,8.0,5.0,8.0,0.0,5.0,3.0,4.0,4.0,,1.0,,,,,,,8.0,8.0,8.0,8.0,8.0,1.0,8.0,8.0,8.0,5.0,4.0,4.0,4.0,1.0,,1.0,1.0,,,,,,1.0,2.0,2.0,2.0,1.0,3.0,3.0,3.0,3.0,1.0,3.0,3.0,2.0,2.0,2.0,3.0,1.0,1.0,1.0,2.0,4.0,1.0,2.0,,1.0,1.0,,,,,,1.0,1.0,1.0,,,,,1.0,,1.0,1.0,,,,5.0,8.0,2.0,3.0,3.0,4.0,8.0,10.0,6.0,10.0,10.0,3.0,9.0,5.0,3.0,0.0,7.0,3.0,1.0,,,,1.0,,,,,,,2.0,3.0,2.0,11.0,10.0,0.5942222861235079
354.0,2.0,60.0,5.0,2.0,2.0,16.0,6.0,1.0,2.0,1.0,,,1.0,,,1.0,,,,,,,,,,,1.0,,,,,,,,2.0,2.0,2.0,4.0,3.0,3.0,3.0,3.0,3.0,3.0,3.0,3.0,3.0,3.0,3.0,3.0,3.0,3.0,3.0,2.0,1.0,4.0,3.0,4.0,2.0,8.0,7.0,7.0,6.0,6.0,7.0,7.0,7.0,6.0,5.0,7.0,7.0,7.0,7.0,8.0,6.0,2.0,2.0,2.0,1.0,2.0,2.0,1.0,2.0,1.0,,,,,,,1.0,,,1.0,,,,,3.0,3.0,4.0,3.0,1.0,3.0,2.0,1.0,1.0,,1.0,,,2.0,2.0,6.0,8.0,6.0,6.0,7.0,6.0,8.0,7.0,5.0,7.0,8.0,7.0,10.0,7.0,5.0,7.0,5.0,6.0,7.0,8.0,5.0,7.0,4.0,5.0,,,,1.0,1.0,1.0,1.0,,8.0,1.0,1.0,8.0,8.0,1.0,8.0,8.0,1.0,5.0,5.0,3.0,2.0,2.0,,1.0,,,,1.0,1.0,,1.0,2.0,1.0,3.0,1.0,3.0,1.0,1.0,3.0,1.0,3.0,1.0,1.0,2.0,3.0,2.0,1.0,1.0,1.0,1.0,3.0,1.0,1.0,,,1.0,,,1.0,,,1.0,1.0,1.0,,,,1.0,1.0,1.0,,1.0,1.0,,,3.0,5.0,1.0,3.0,2.0,2.0,9.0,10.0,5.0,10.0,10.0,8.0,8.0,8.0,0.0,0.0,8.0,1.0,2.0,7.0,,,1.0,,,,,,,2.0,2.0,2.0,13.0,12.0,0.8954885794116583
355.0,1.0,68.0,6.0,5.0,1.0,16.0,4.0,1.0,4.0,1.0,,,,,,,,1.0,,,,1.0,,,,,,,,,1.0,,,,4.0,3.0,2.0,4.0,1.0,1.0,3.0,1.0,1.0,1.0,1.0,3.0,1.0,1.0,3.0,3.0,1.0,2.0,3.0,3.0,1.0,1.0,3.0,3.0,3.0,3.0,4.0,0.0,7.0,0.0,0.0,6.0,7.0,0.0,0.0,0.0,0.0,5.0,0.0,5.0,0.0,1.0,1.0,1.0,1.0,1.0,1.0,2.0,4.0,,,1.0,,,1.0,,,,,,1.0,,,,1.0,1.0,2.0,2.0,2.0,,3.0,1.0,,,,,,5.0,3.0,0.0,0.0,0.0,0.0,6.0,3.0,0.0,4.0,7.0,2.0,4.0,3.0,5.0,3.0,0.0,0.0,1.0,6.0,4.0,0.0,2.0,0.0,3.0,3.0,,,,,,,1.0,,7.0,7.0,7.0,7.0,7.0,7.0,7.0,7.0,7.0,4.0,4.0,4.0,4.0,1.0,,1.0,1.0,1.0,1.0,,,,1.0,4.0,3.0,3.0,3.0,3.0,3.0,3.0,3.0,3.0,3.0,3.0,3.0,3.0,2.0,3.0,2.0,1.0,2.0,2.0,5.0,5.0,5.0,,,,,1.0,1.0,,,,1.0,,,,1.0,1.0,1.0,,,1.0,,,,7.0,4.0,0.0,0.0,0.0,0.0,6.0,8.0,2.0,10.0,10.0,0.0,0.0,0.0,0.0,0.0,6.0,1.0,2.0,7.0,,,1.0,,,1.0,,,,3.0,3.0,3.0,7.0,6.0,1.0842857378536304
356.0,2.0,58.0,5.0,5.0,1.0,16.0,6.0,1.0,2.0,1.0,,,,,,1.0,,1.0,,,,,,,,,1.0,,,,,,,,2.0,2.0,2.0,4.0,3.0,3.0,3.0,3.0,3.0,3.0,3.0,3.0,3.0,3.0,3.0,3.0,3.0,3.0,4.0,4.0,4.0,4.0,4.0,4.0,4.0,8.0,8.0,8.0,6.0,7.0,5.0,6.0,6.0,7.0,5.0,7.0,7.0,8.0,7.0,8.0,6.0,1.0,1.0,1.0,1.0,1.0,1.0,1.0,4.0,,,,,,1.0,,1.0,,,1.0,,,,,4.0,4.0,2.0,5.0,2.0,,4.0,,,,,,1.0,2.0,2.0,7.0,8.0,6.0,8.0,7.0,7.0,5.0,6.0,7.0,7.0,4.0,7.0,8.0,6.0,5.0,6.0,8.0,6.0,7.0,6.0,8.0,7.0,3.0,4.0,,,,,,1.0,,,8.0,8.0,8.0,8.0,8.0,8.0,8.0,8.0,8.0,4.0,2.0,4.0,2.0,1.0,,1.0,,1.0,,1.0,1.0,,1.0,1.0,3.0,3.0,3.0,3.0,3.0,3.0,3.0,3.0,3.0,3.0,3.0,3.0,3.0,3.0,3.0,4.0,4.0,3.0,4.0,1.0,1.0,,1.0,1.0,,,,,,,,,1.0,,,,,,,,,,1.0,99.0,99.0,99.0,99.0,99.0,99.0,99.0,99.0,99.0,99.0,99.0,99.0,99.0,99.0,99.0,99.0,6.0,1.0,1.0,,,,1.0,,,,,,,3.0,3.0,3.0,13.0,12.0,0.7510264880982884
357.0,2.0,42.0,3.0,5.0,3.0,16.0,5.0,1.0,1.0,1.0,,,,,,1.0,,,,,,,,,,1.0,,,,,1.0,,,,2.0,3.0,2.0,4.0,3.0,1.0,3.0,3.0,3.0,3.0,3.0,3.0,3.0,3.0,3.0,3.0,3.0,3.0,3.0,4.0,3.0,4.0,4.0,4.0,3.0,0.0,7.0,8.0,5.0,5.0,3.0,2.0,8.0,5.0,0.0,8.0,5.0,5.0,2.0,6.0,5.0,2.0,1.0,1.0,1.0,1.0,2.0,2.0,4.0,1.0,,1.0,,,,,,1.0,,,,,,,4.0,4.0,3.0,4.0,2.0,,3.0,1.0,1.0,,1.0,,,3.0,2.0,8.0,8.0,5.0,2.0,5.0,5.0,8.0,8.0,6.0,5.0,5.0,8.0,2.0,5.0,4.0,7.0,3.0,5.0,8.0,6.0,8.0,5.0,4.0,2.0,,,,1.0,1.0,1.0,1.0,,8.0,8.0,8.0,8.0,8.0,8.0,8.0,8.0,8.0,4.0,3.0,2.0,2.0,2.0,,,,,,1.0,1.0,,1.0,1.0,3.0,3.0,3.0,3.0,3.0,3.0,3.0,3.0,3.0,3.0,3.0,3.0,3.0,3.0,2.0,2.0,2.0,2.0,3.0,1.0,1.0,,1.0,1.0,,,,,,1.0,1.0,1.0,,,,1.0,,1.0,,1.0,1.0,,,3.0,6.0,1.0,4.0,2.0,9.0,10.0,10.0,9.0,10.0,10.0,9.0,9.0,9.0,5.0,0.0,7.0,1.0,1.0,,,,1.0,,,1.0,,,,1.0,1.0,1.0,13.0,11.0,1.245338576462886
358.0,2.0,74.0,6.0,5.0,1.0,16.0,4.0,2.0,4.0,1.0,,,,,,,,,,1.0,,,,,,,,,1.0,,1.0,,,,3.0,2.0,4.0,,3.0,3.0,3.0,3.0,3.0,3.0,3.0,3.0,3.0,3.0,4.0,3.0,3.0,3.0,3.0,4.0,3.0,4.0,4.0,4.0,3.0,7.0,8.0,8.0,6.0,99.0,7.0,8.0,9.0,7.0,6.0,5.0,8.0,8.0,99.0,4.0,7.0,2.0,1.0,1.0,3.0,1.0,2.0,1.0,5.0,1.0,,1.0,,,,,,,,,,,1.0,,2.0,3.0,2.0,4.0,2.0,,4.0,,,,,,1.0,3.0,2.0,9.0,9.0,3.0,9.0,10.0,9.0,8.0,9.0,8.0,9.0,9.0,9.0,10.0,99.0,5.0,8.0,8.0,7.0,9.0,7.0,9.0,9.0,3.0,5.0,,1.0,,1.0,1.0,1.0,1.0,,6.0,6.0,6.0,6.0,6.0,1.0,6.0,6.0,6.0,5.0,3.0,3.0,3.0,1.0,,1.0,,1.0,1.0,,1.0,,1.0,2.0,1.0,3.0,1.0,1.0,1.0,1.0,1.0,1.0,1.0,1.0,1.0,3.0,1.0,3.0,2.0,2.0,2.0,2.0,3.0,1.0,1.0,1.0,,1.0,,,,,1.0,1.0,1.0,1.0,,,,,,,1.0,1.0,,,,7.0,9.0,1.0,5.0,2.0,2.0,9.0,10.0,2.0,10.0,10.0,4.0,99.0,2.0,2.0,2.0,6.0,1.0,2.0,2.0,,,1.0,,,,,,,3.0,3.0,3.0,6.0,5.0,2.0000734247117715
359.0,1.0,36.0,3.0,3.0,2.0,16.0,6.0,1.0,4.0,1.0,,,,,,1.0,,,,,,,,,,,1.0,,,,1.0,,,,2.0,2.0,2.0,3.0,3.0,3.0,3.0,3.0,3.0,3.0,3.0,3.0,3.0,3.0,1.0,1.0,3.0,3.0,4.0,4.0,4.0,4.0,4.0,4.0,4.0,2.0,7.0,6.0,7.0,7.0,5.0,7.0,9.0,7.0,0.0,7.0,7.0,9.0,7.0,8.0,8.0,1.0,1.0,1.0,1.0,1.0,1.0,1.0,4.0,1.0,,,1.0,,,,,1.0,,,,,,,2.0,3.0,3.0,5.0,1.0,6.0,3.0,,,,,,1.0,3.0,2.0,8.0,8.0,4.0,0.0,0.0,5.0,6.0,4.0,4.0,5.0,0.0,5.0,4.0,2.0,0.0,2.0,0.0,0.0,5.0,7.0,3.0,2.0,4.0,2.0,1.0,1.0,1.0,1.0,1.0,1.0,1.0,,2.0,2.0,2.0,2.0,2.0,2.0,2.0,2.0,2.0,2.0,5.0,2.0,2.0,2.0,1.0,,,,,1.0,1.0,,1.0,2.0,3.0,2.0,1.0,3.0,1.0,1.0,3.0,1.0,1.0,1.0,1.0,2.0,3.0,3.0,2.0,2.0,2.0,2.0,3.0,1.0,1.0,,1.0,1.0,,,,,,1.0,1.0,1.0,,,,1.0,1.0,1.0,1.0,1.0,,,,3.0,7.0,1.0,5.0,1.0,3.0,8.0,10.0,7.0,10.0,10.0,7.0,7.0,7.0,0.0,0.0,8.0,5.0,1.0,,,,,,1.0,,,,,2.0,2.0,2.0,2.0,4.0,0.939239993098137
360.0,1.0,70.0,6.0,1.0,2.0,16.0,4.0,2.0,6.0,1.0,,,,,,,,,,1.0,,,,,,,1.0,,,,1.0,,,,3.0,2.0,4.0,,3.0,1.0,3.0,3.0,3.0,3.0,3.0,3.0,3.0,3.0,3.0,3.0,3.0,3.0,3.0,4.0,3.0,3.0,4.0,2.0,3.0,4.0,8.0,8.0,8.0,2.0,5.0,4.0,8.0,7.0,6.0,5.0,7.0,8.0,5.0,5.0,4.0,1.0,3.0,3.0,1.0,1.0,1.0,3.0,3.0,,,1.0,,,,1.0,,,1.0,,,,,,5.0,4.0,5.0,4.0,1.0,2.0,3.0,1.0,,,,,,2.0,2.0,5.0,7.0,1.0,3.0,9.0,7.0,7.0,8.0,7.0,7.0,2.0,9.0,7.0,6.0,1.0,5.0,7.0,7.0,8.0,1.0,3.0,2.0,3.0,3.0,,,,,,,,1.0,7.0,7.0,7.0,7.0,7.0,1.0,7.0,7.0,7.0,4.0,3.0,3.0,3.0,1.0,,1.0,1.0,1.0,1.0,,,,2.0,3.0,2.0,3.0,1.0,3.0,3.0,3.0,3.0,3.0,3.0,3.0,3.0,2.0,1.0,3.0,3.0,3.0,3.0,3.0,4.0,4.0,3.0,1.0,,,,1.0,,,,1.0,1.0,1.0,,,,,,1.0,,1.0,,,,8.0,5.0,0.0,1.0,0.0,0.0,7.0,9.0,5.0,9.0,2.0,2.0,1.0,1.0,5.0,7.0,4.0,1.0,1.0,,,1.0,,,,,,,,3.0,3.0,3.0,11.0,10.0,1.5852612189222897
361.0,1.0,65.0,6.0,5.0,2.0,16.0,6.0,1.0,1.0,1.0,,,,,,1.0,,1.0,,,,,,,,,,,,,1.0,,,,3.0,2.0,1.0,4.0,3.0,2.0,3.0,3.0,3.0,3.0,3.0,3.0,3.0,3.0,3.0,3.0,2.0,5.0,2.0,3.0,2.0,4.0,1.0,2.0,2.0,5.0,5.0,5.0,5.0,5.0,3.0,2.0,5.0,5.0,2.0,5.0,2.0,5.0,1.0,2.0,2.0,1.0,1.0,1.0,1.0,1.0,1.0,1.0,3.0,1.0,,,,,,1.0,,,,1.0,,,,,3.0,4.0,2.0,4.0,2.0,,3.0,1.0,,,,,,3.0,2.0,3.0,5.0,2.0,5.0,7.0,5.0,2.0,5.0,5.0,5.0,5.0,7.0,6.0,5.0,2.0,5.0,2.0,5.0,6.0,2.0,5.0,7.0,4.0,2.0,,,,1.0,,,1.0,,8.0,8.0,8.0,8.0,8.0,8.0,8.0,8.0,8.0,4.0,4.0,4.0,2.0,1.0,,,,,,,,1.0,1.0,2.0,2.0,2.0,1.0,3.0,2.0,3.0,3.0,1.0,1.0,1.0,3.0,2.0,2.0,2.0,3.0,2.0,3.0,3.0,1.0,1.0,1.0,,,1.0,,,1.0,,,1.0,1.0,1.0,,,,,,,1.0,1.0,1.0,,,99.0,99.0,99.0,10.0,99.0,99.0,99.0,10.0,5.0,99.0,99.0,99.0,99.0,99.0,99.0,99.0,8.0,1.0,1.0,,,,1.0,,,,,,,3.0,3.0,3.0,11.0,10.0,1.4904333076754026
362.0,2.0,56.0,5.0,3.0,2.0,16.0,6.0,1.0,4.0,1.0,,,,,,1.0,,1.0,1.0,,,,,,,,,,,,,,,,3.0,2.0,2.0,4.0,3.0,2.0,3.0,2.0,3.0,3.0,3.0,3.0,3.0,1.0,3.0,3.0,3.0,3.0,4.0,3.0,3.0,4.0,4.0,4.0,4.0,4.0,5.0,5.0,5.0,0.0,0.0,4.0,5.0,6.0,3.0,0.0,3.0,4.0,9.0,1.0,3.0,2.0,1.0,1.0,1.0,1.0,1.0,3.0,3.0,,,,,,1.0,,,,,1.0,,,1.0,,3.0,2.0,4.0,2.0,1.0,2.0,3.0,1.0,,,,,,3.0,3.0,0.0,0.0,0.0,0.0,0.0,0.0,5.0,0.0,0.0,3.0,0.0,3.0,5.0,0.0,0.0,0.0,0.0,0.0,5.0,0.0,3.0,0.0,3.0,3.0,,,,1.0,1.0,1.0,1.0,,3.0,1.0,3.0,3.0,3.0,3.0,3.0,3.0,3.0,4.0,4.0,3.0,3.0,1.0,,1.0,,,,,1.0,,1.0,4.0,2.0,3.0,3.0,3.0,3.0,3.0,3.0,1.0,3.0,3.0,3.0,3.0,3.0,3.0,2.0,2.0,2.0,2.0,5.0,2.0,1.0,,,,1.0,,1.0,,,1.0,1.0,,,,,,1.0,1.0,,1.0,1.0,,,4.0,8.0,0.0,4.0,1.0,2.0,9.0,10.0,0.0,8.0,10.0,5.0,4.0,4.0,1.0,0.0,8.0,3.0,2.0,13.0,,,1.0,,,1.0,,,,2.0,2.0,2.0,3.0,3.0,0.7596031381428856
363.0,2.0,64.0,5.0,5.0,2.0,16.0,7.0,2.0,4.0,1.0,,,,,,,,1.0,,,1.0,,,,,,,,,,1.0,,,,2.0,3.0,4.0,,3.0,3.0,3.0,3.0,3.0,3.0,3.0,3.0,3.0,3.0,3.0,3.0,3.0,4.0,4.0,4.0,4.0,4.0,4.0,4.0,4.0,9.0,8.0,9.0,5.0,7.0,3.0,8.0,9.0,9.0,6.0,9.0,9.0,8.0,9.0,9.0,99.0,2.0,1.0,1.0,1.0,1.0,1.0,3.0,4.0,1.0,,1.0,,,1.0,,,,,,,,,,2.0,2.0,2.0,2.0,1.0,5.0,2.0,1.0,1.0,,,,,2.0,2.0,2.0,8.0,2.0,0.0,8.0,8.0,4.0,7.0,8.0,6.0,3.0,8.0,8.0,4.0,1.0,4.0,3.0,2.0,6.0,2.0,4.0,4.0,5.0,1.0,1.0,1.0,1.0,1.0,1.0,1.0,1.0,,8.0,1.0,1.0,1.0,1.0,1.0,1.0,8.0,1.0,1.0,1.0,1.0,1.0,3.0,,,1.0,1.0,1.0,1.0,1.0,,1.0,1.0,2.0,2.0,3.0,3.0,3.0,3.0,3.0,3.0,3.0,3.0,3.0,2.0,3.0,3.0,2.0,2.0,2.0,2.0,1.0,1.0,1.0,1.0,,,,,1.0,,,1.0,1.0,,,,,,,,1.0,1.0,,,,8.0,8.0,4.0,5.0,3.0,3.0,9.0,10.0,10.0,10.0,10.0,2.0,2.0,2.0,0.0,0.0,8.0,4.0,1.0,,,1.0,,,,,,,,2.0,2.0,2.0,1.0,1.0,0.48738954746190155
364.0,2.0,46.0,4.0,5.0,1.0,16.0,5.0,1.0,4.0,1.0,,,,,,,1.0,,,,,,1.0,,,1.0,,,,,,,,,2.0,2.0,2.0,3.0,2.0,1.0,3.0,3.0,3.0,2.0,3.0,3.0,3.0,3.0,3.0,3.0,3.0,4.0,4.0,4.0,3.0,4.0,4.0,4.0,4.0,8.0,9.0,8.0,8.0,6.0,6.0,6.0,9.0,5.0,5.0,5.0,5.0,8.0,5.0,6.0,6.0,2.0,2.0,2.0,1.0,1.0,2.0,3.0,3.0,1.0,,,,,,,1.0,,,,,,1.0,,4.0,4.0,3.0,4.0,2.0,,4.0,,,,,,1.0,2.0,3.0,8.0,8.0,7.0,0.0,3.0,6.0,8.0,6.0,6.0,7.0,0.0,8.0,8.0,3.0,6.0,3.0,0.0,0.0,6.0,8.0,2.0,6.0,3.0,3.0,,,,1.0,,1.0,1.0,,4.0,4.0,4.0,4.0,4.0,4.0,4.0,4.0,4.0,4.0,3.0,3.0,1.0,1.0,1.0,,,,,1.0,1.0,,1.0,2.0,2.0,2.0,1.0,2.0,3.0,3.0,3.0,3.0,3.0,1.0,3.0,2.0,2.0,3.0,1.0,1.0,1.0,1.0,4.0,1.0,1.0,,1.0,1.0,,,,,,1.0,1.0,1.0,,,,1.0,1.0,1.0,1.0,1.0,1.0,,,2.0,8.0,4.0,7.0,1.0,2.0,10.0,10.0,1.0,6.0,8.0,5.0,4.0,4.0,1.0,0.0,7.0,5.0,1.0,,,,1.0,,,,,,,1.0,1.0,1.0,4.0,4.0,0.6262469595035056
365.0,1.0,29.0,2.0,5.0,3.0,16.0,5.0,5.0,3.0,2.0,,,,,,,,,,,,,,,,1.0,1.0,,,,1.0,,,,3.0,2.0,8.0,,3.0,1.0,3.0,3.0,3.0,3.0,3.0,3.0,3.0,4.0,1.0,4.0,3.0,3.0,3.0,2.0,2.0,4.0,3.0,3.0,2.0,3.0,3.0,4.0,3.0,3.0,5.0,99.0,6.0,99.0,1.0,2.0,0.0,3.0,4.0,99.0,2.0,2.0,1.0,2.0,1.0,2.0,2.0,2.0,5.0,,,1.0,,,,,1.0,,,,,,1.0,,3.0,5.0,5.0,4.0,2.0,,5.0,1.0,1.0,,1.0,,,4.0,2.0,2.0,4.0,2.0,0.0,0.0,2.0,99.0,4.0,3.0,99.0,0.0,99.0,99.0,3.0,99.0,2.0,99.0,0.0,99.0,99.0,3.0,2.0,5.0,2.0,1.0,,1.0,1.0,1.0,1.0,,,2.0,2.0,2.0,2.0,2.0,2.0,2.0,2.0,2.0,1.0,5.0,1.0,2.0,3.0,1.0,,1.0,,1.0,1.0,1.0,,2.0,5.0,2.0,3.0,1.0,3.0,3.0,3.0,3.0,3.0,3.0,3.0,3.0,2.0,3.0,3.0,2.0,2.0,2.0,3.0,3.0,1.0,1.0,,1.0,1.0,,,,,1.0,1.0,1.0,1.0,,,,1.0,,1.0,1.0,1.0,1.0,,,0.0,7.0,3.0,7.0,5.0,6.0,10.0,10.0,8.0,5.0,8.0,2.0,4.0,2.0,0.0,0.0,6.0,5.0,1.0,,,,,1.0,1.0,,,,,1.0,1.0,1.0,2.0,2.0,0.9937022692988057
366.0,1.0,44.0,3.0,2.0,2.0,16.0,6.0,3.0,6.0,1.0,,,,,,,,,,,,,,,,,,,,,,,1.0,,2.0,2.0,6.0,,1.0,1.0,4.0,4.0,4.0,4.0,4.0,4.0,4.0,4.0,4.0,4.0,1.0,5.0,3.0,3.0,3.0,5.0,5.0,3.0,3.0,7.0,5.0,6.0,6.0,6.0,6.0,5.0,7.0,6.0,6.0,7.0,5.0,99.0,5.0,5.0,6.0,2.0,2.0,1.0,1.0,1.0,2.0,2.0,1.0,,,,,1.0,,,1.0,1.0,,,,,,,5.0,5.0,5.0,5.0,2.0,,5.0,,,,,,1.0,6.0,4.0,99.0,99.0,99.0,99.0,99.0,99.0,99.0,99.0,99.0,99.0,99.0,99.0,8.0,99.0,99.0,99.0,99.0,99.0,99.0,99.0,99.0,99.0,6.0,5.0,,,,,,,,1.0,8.0,8.0,8.0,8.0,8.0,8.0,8.0,8.0,8.0,5.0,5.0,5.0,5.0,2.0,,,,,,,,1.0,5.0,5.0,3.0,3.0,3.0,3.0,3.0,3.0,3.0,3.0,3.0,3.0,3.0,3.0,3.0,3.0,5.0,5.0,5.0,5.0,3.0,4.0,2.0,1.0,,,,,1.0,,,,,,,1.0,,,,,,,,,1.0,99.0,99.0,99.0,99.0,99.0,99.0,99.0,99.0,99.0,99.0,99.0,99.0,99.0,99.0,99.0,99.0,8.0,6.0,1.0,,,,,,1.0,,,,,1.0,1.0,2.0,13.0,11.0,1.0557191909572778
367.0,2.0,46.0,4.0,5.0,3.0,16.0,7.0,3.0,7.0,1.0,,,,,,1.0,,,,,,,,,,,1.0,,,,1.0,,,,3.0,2.0,6.0,,2.0,1.0,3.0,1.0,3.0,3.0,3.0,3.0,3.0,3.0,1.0,1.0,1.0,1.0,3.0,4.0,1.0,2.0,1.0,4.0,3.0,6.0,5.0,6.0,8.0,2.0,2.0,5.0,7.0,5.0,1.0,5.0,0.0,0.0,6.0,4.0,0.0,1.0,1.0,1.0,1.0,1.0,1.0,3.0,3.0,,,,,,1.0,,1.0,,,,,,1.0,,4.0,4.0,3.0,2.0,2.0,,1.0,1.0,,,1.0,,,3.0,3.0,4.0,4.0,3.0,0.0,0.0,3.0,3.0,3.0,2.0,4.0,0.0,3.0,6.0,2.0,0.0,0.0,0.0,0.0,3.0,2.0,0.0,0.0,4.0,1.0,,,1.0,1.0,,1.0,,,3.0,1.0,3.0,8.0,3.0,8.0,8.0,3.0,1.0,3.0,5.0,2.0,2.0,1.0,1.0,1.0,1.0,1.0,1.0,1.0,1.0,,1.0,2.0,2.0,3.0,1.0,2.0,1.0,3.0,2.0,3.0,3.0,2.0,3.0,2.0,3.0,2.0,1.0,1.0,1.0,1.0,5.0,4.0,1.0,,1.0,1.0,,,,,,1.0,1.0,1.0,,,,1.0,1.0,,,1.0,,,,0.0,8.0,5.0,7.0,8.0,5.0,10.0,10.0,0.0,10.0,6.0,6.0,0.0,0.0,0.0,0.0,8.0,5.0,1.0,,,,,,1.0,,,,,1.0,2.0,1.0,9.0,8.0,1.2869319082283357
368.0,2.0,46.0,4.0,5.0,2.0,16.0,4.0,1.0,4.0,1.0,,,,,,1.0,,1.0,,,,,,,,,,,,,1.0,,,,3.0,3.0,2.0,5.0,3.0,3.0,3.0,3.0,3.0,3.0,3.0,3.0,3.0,3.0,3.0,3.0,3.0,2.0,2.0,3.0,2.0,4.0,2.0,4.0,2.0,4.0,5.0,5.0,3.0,3.0,2.0,3.0,5.0,3.0,3.0,5.0,6.0,5.0,5.0,5.0,3.0,1.0,1.0,1.0,1.0,1.0,1.0,1.0,3.0,,,1.0,,,,,,,1.0,1.0,,,,,2.0,2.0,2.0,3.0,2.0,,3.0,1.0,,,,,,3.0,2.0,4.0,4.0,3.0,3.0,4.0,5.0,3.0,4.0,3.0,3.0,0.0,3.0,3.0,3.0,2.0,3.0,3.0,3.0,5.0,3.0,3.0,3.0,6.0,5.0,,,,,,,,1.0,8.0,8.0,8.0,8.0,8.0,8.0,8.0,8.0,8.0,5.0,5.0,5.0,5.0,1.0,,,,,,,,1.0,2.0,2.0,3.0,3.0,3.0,3.0,3.0,3.0,3.0,3.0,3.0,3.0,3.0,3.0,3.0,3.0,1.0,1.0,1.0,1.0,3.0,1.0,1.0,,1.0,,1.0,,,,,,1.0,1.0,,,,,,,,1.0,,,,99.0,99.0,99.0,99.0,99.0,99.0,99.0,99.0,99.0,99.0,99.0,99.0,99.0,99.0,99.0,99.0,5.0,5.0,1.0,,,,,,,1.0,,,,2.0,2.0,2.0,11.0,10.0,0.3915612359017463
369.0,1.0,38.0,3.0,1.0,3.0,16.0,6.0,2.0,5.0,2.0,,,,,,1.0,1.0,,,,,,,,,,,,1.0,,,,,,2.0,2.0,4.0,,3.0,3.0,3.0,3.0,3.0,3.0,3.0,3.0,3.0,3.0,3.0,3.0,3.0,3.0,3.0,3.0,3.0,3.0,3.0,4.0,3.0,3.0,5.0,6.0,5.0,5.0,4.0,4.0,7.0,4.0,4.0,5.0,4.0,99.0,5.0,5.0,4.0,2.0,2.0,2.0,2.0,2.0,2.0,2.0,4.0,,,1.0,,,,,,,,1.0,1.0,,,,4.0,5.0,4.0,3.0,2.0,,1.0,1.0,,,1.0,,,3.0,2.0,1.0,5.0,0.0,0.0,0.0,1.0,4.0,0.0,0.0,2.0,0.0,5.0,4.0,0.0,0.0,0.0,0.0,0.0,5.0,3.0,1.0,4.0,5.0,1.0,1.0,1.0,1.0,,,,,,2.0,2.0,2.0,2.0,2.0,2.0,2.0,2.0,2.0,1.0,1.0,1.0,1.0,3.0,,,,,,1.0,1.0,,1.0,1.0,2.0,3.0,1.0,2.0,3.0,3.0,3.0,3.0,2.0,3.0,3.0,2.0,3.0,2.0,1.0,1.0,1.0,1.0,1.0,1.0,1.0,,1.0,1.0,,,,,1.0,1.0,1.0,,,,,,1.0,,,,,,,3.0,5.0,2.0,5.0,5.0,4.0,8.0,10.0,7.0,4.0,8.0,2.0,6.0,5.0,1.0,0.0,6.0,5.0,1.0,,,,1.0,,,1.0,,,,1.0,1.0,1.0,2.0,10.0,1.9379061993569506
370.0,1.0,22.0,1.0,5.0,2.0,16.0,4.0,4.0,4.0,1.0,,,1.0,,,,1.0,,,,,,,,,,,1.0,,,,,,,2.0,2.0,7.0,,2.0,1.0,2.0,1.0,3.0,1.0,2.0,2.0,2.0,1.0,2.0,3.0,2.0,1.0,3.0,4.0,2.0,1.0,4.0,2.0,3.0,9.0,7.0,6.0,5.0,6.0,7.0,7.0,7.0,8.0,5.0,6.0,7.0,6.0,6.0,6.0,5.0,2.0,1.0,1.0,3.0,1.0,2.0,2.0,3.0,1.0,,,,,,,1.0,,1.0,,,,,,3.0,3.0,2.0,3.0,2.0,,3.0,,,1.0,,,,2.0,1.0,6.0,7.0,6.0,2.0,3.0,2.0,6.0,7.0,4.0,7.0,3.0,1.0,8.0,5.0,5.0,2.0,5.0,3.0,8.0,6.0,7.0,2.0,3.0,3.0,,1.0,,1.0,1.0,,1.0,,7.0,6.0,5.0,3.0,3.0,7.0,3.0,7.0,7.0,4.0,4.0,2.0,2.0,2.0,1.0,,,,,,,,2.0,1.0,3.0,3.0,1.0,1.0,3.0,1.0,3.0,1.0,3.0,3.0,1.0,3.0,1.0,3.0,2.0,1.0,3.0,1.0,3.0,3.0,4.0,1.0,1.0,,,,,,,,1.0,,,,,,,,,1.0,,,,5.0,99.0,99.0,99.0,6.0,6.0,2.0,10.0,6.0,7.0,8.0,6.0,6.0,5.0,5.0,6.0,6.0,6.0,3.0,,43.0,,,1.0,1.0,,1.0,,,2.0,2.0,1.0,11.0,12.0,1.0659398652082324
371.0,1.0,46.0,4.0,2.0,3.0,16.0,6.0,1.0,1.0,1.0,,,,,,,,1.0,,,,,,,,,1.0,,,,1.0,,,,2.0,2.0,2.0,3.0,3.0,3.0,3.0,3.0,3.0,3.0,3.0,3.0,3.0,3.0,3.0,3.0,3.0,3.0,4.0,4.0,4.0,4.0,4.0,4.0,4.0,7.0,7.0,8.0,7.0,7.0,6.0,7.0,7.0,6.0,2.0,5.0,6.0,5.0,7.0,7.0,5.0,2.0,1.0,1.0,3.0,1.0,2.0,1.0,2.0,1.0,,,,,1.0,,1.0,,,,,,,,2.0,3.0,2.0,3.0,2.0,,4.0,,,,,,1.0,3.0,2.0,5.0,5.0,0.0,8.0,9.0,6.0,9.0,3.0,3.0,6.0,8.0,9.0,9.0,0.0,3.0,4.0,7.0,7.0,8.0,4.0,7.0,9.0,3.0,3.0,,,,,1.0,,1.0,,6.0,6.0,8.0,6.0,6.0,1.0,6.0,8.0,1.0,4.0,4.0,3.0,2.0,1.0,,1.0,1.0,1.0,1.0,,1.0,,1.0,3.0,3.0,3.0,3.0,3.0,3.0,3.0,3.0,3.0,3.0,3.0,3.0,3.0,3.0,3.0,2.0,2.0,1.0,1.0,4.0,1.0,1.0,1.0,1.0,,,,,,1.0,,1.0,,,,,1.0,,1.0,,1.0,,,,6.0,7.0,0.0,2.0,0.0,1.0,8.0,9.0,6.0,9.0,9.0,4.0,1.0,0.0,4.0,0.0,8.0,1.0,1.0,,,,1.0,,,1.0,,,,1.0,2.0,1.0,6.0,5.0,2.0000080652281387
372.0,2.0,24.0,1.0,5.0,3.0,16.0,5.0,1.0,2.0,1.0,,,,,,,,,,,,,,1.0,,,,1.0,,,1.0,,,,1.0,2.0,2.0,3.0,1.0,1.0,3.0,3.0,3.0,1.0,3.0,3.0,3.0,3.0,3.0,2.0,1.0,2.0,2.0,2.0,1.0,3.0,2.0,3.0,1.0,8.0,5.0,7.0,6.0,6.0,8.0,8.0,10.0,6.0,2.0,8.0,5.0,6.0,6.0,7.0,7.0,2.0,2.0,1.0,1.0,2.0,2.0,2.0,4.0,1.0,,1.0,,,,,,,,,,,1.0,,3.0,4.0,3.0,4.0,1.0,2.0,2.0,1.0,,1.0,,,,2.0,3.0,2.0,10.0,5.0,0.0,0.0,8.0,7.0,8.0,5.0,6.0,0.0,7.0,9.0,6.0,5.0,4.0,99.0,3.0,9.0,7.0,3.0,4.0,5.0,2.0,1.0,,1.0,,,1.0,,,2.0,2.0,2.0,2.0,2.0,2.0,2.0,2.0,2.0,1.0,1.0,1.0,3.0,3.0,1.0,,,,,1.0,1.0,,2.0,3.0,2.0,2.0,1.0,1.0,3.0,3.0,3.0,3.0,1.0,1.0,3.0,2.0,3.0,3.0,2.0,2.0,2.0,2.0,2.0,2.0,1.0,,1.0,1.0,,,,,,1.0,1.0,1.0,,,,,,,,,1.0,,,1.0,7.0,1.0,4.0,4.0,6.0,10.0,10.0,10.0,5.0,10.0,2.0,3.0,0.0,0.0,0.0,6.0,5.0,1.0,,,,1.0,,,,,,,1.0,1.0,1.0,2.0,2.0,0.6635091168249487
373.0,2.0,69.0,6.0,5.0,2.0,16.0,7.0,2.0,6.0,1.0,,,,,,,1.0,,,,,,1.0,,,,1.0,,,,,,,,2.0,2.0,4.0,,3.0,3.0,3.0,3.0,3.0,3.0,3.0,3.0,3.0,3.0,3.0,3.0,3.0,4.0,3.0,4.0,3.0,3.0,4.0,2.0,3.0,6.0,7.0,7.0,6.0,5.0,7.0,6.0,7.0,7.0,3.0,7.0,3.0,7.0,7.0,3.0,4.0,2.0,2.0,1.0,1.0,1.0,2.0,3.0,5.0,1.0,,,,,,,1.0,,,,1.0,,,,4.0,4.0,4.0,4.0,2.0,,2.0,1.0,1.0,,,,,2.0,2.0,7.0,7.0,7.0,0.0,6.0,6.0,8.0,7.0,6.0,6.0,2.0,8.0,6.0,5.0,6.0,7.0,5.0,5.0,8.0,6.0,6.0,5.0,4.0,5.0,1.0,1.0,1.0,,1.0,,,,2.0,2.0,8.0,5.0,1.0,1.0,8.0,5.0,2.0,2.0,1.0,1.0,2.0,3.0,,,,,,1.0,1.0,,1.0,2.0,2.0,2.0,1.0,2.0,3.0,3.0,3.0,1.0,3.0,3.0,3.0,2.0,2.0,2.0,1.0,1.0,1.0,3.0,5.0,2.0,2.0,,,1.0,,,1.0,,,1.0,,1.0,,,,,,1.0,1.0,1.0,,,,4.0,6.0,2.0,5.0,5.0,5.0,10.0,10.0,10.0,8.0,10.0,5.0,6.0,5.0,1.0,0.0,8.0,1.0,1.0,,,1.0,,,,,,,,2.0,2.0,2.0,2.0,11.0,1.6976562393437487
374.0,1.0,66.0,6.0,1.0,2.0,16.0,4.0,2.0,7.0,1.0,1.0,,,,,,,,,,,,,,,,1.0,,,,,1.0,,,3.0,2.0,4.0,,4.0,4.0,4.0,4.0,4.0,4.0,4.0,4.0,4.0,4.0,4.0,4.0,4.0,4.0,4.0,4.0,4.0,5.0,4.0,4.0,4.0,6.0,10.0,9.0,99.0,7.0,7.0,5.0,8.0,7.0,6.0,5.0,6.0,7.0,6.0,5.0,5.0,2.0,1.0,1.0,1.0,2.0,2.0,1.0,4.0,,,1.0,,1.0,,,1.0,,,,,,,,2.0,2.0,2.0,5.0,2.0,,5.0,1.0,,,,,,3.0,2.0,8.0,9.0,6.0,5.0,9.0,6.0,5.0,8.0,6.0,7.0,5.0,6.0,7.0,6.0,7.0,6.0,7.0,6.0,6.0,6.0,6.0,7.0,4.0,2.0,,1.0,1.0,,,,,,8.0,8.0,8.0,8.0,8.0,8.0,8.0,8.0,8.0,5.0,5.0,5.0,5.0,1.0,,,,,,1.0,1.0,,2.0,2.0,2.0,3.0,3.0,3.0,3.0,3.0,3.0,3.0,3.0,3.0,3.0,3.0,3.0,3.0,1.0,1.0,1.0,1.0,3.0,1.0,1.0,,1.0,1.0,,,,,,,1.0,1.0,,,1.0,1.0,,,,,,,,7.0,6.0,1.0,5.0,3.0,4.0,10.0,5.0,5.0,5.0,7.0,5.0,6.0,5.0,7.0,5.0,5.0,4.0,1.0,,,1.0,,,,,,,,3.0,3.0,3.0,1.0,1.0,2.000017455110691
375.0,2.0,63.0,5.0,5.0,2.0,16.0,4.0,2.0,4.0,1.0,,,,,,,,,,,,,,,,1.0,1.0,,,,1.0,,,,2.0,2.0,4.0,,3.0,1.0,3.0,3.0,3.0,1.0,3.0,3.0,3.0,3.0,3.0,3.0,2.0,3.0,3.0,4.0,3.0,4.0,3.0,4.0,4.0,6.0,8.0,8.0,0.0,1.0,0.0,0.0,8.0,0.0,0.0,4.0,0.0,1.0,8.0,1.0,0.0,1.0,1.0,1.0,1.0,1.0,1.0,1.0,4.0,,,,,1.0,1.0,,,,,,,,1.0,,2.0,4.0,1.0,2.0,1.0,5.0,4.0,1.0,1.0,,1.0,,,3.0,3.0,1.0,3.0,5.0,0.0,8.0,8.0,0.0,7.0,8.0,3.0,0.0,10.0,9.0,8.0,0.0,8.0,0.0,0.0,9.0,0.0,5.0,3.0,4.0,5.0,,1.0,,1.0,,,1.0,,1.0,1.0,1.0,8.0,1.0,1.0,1.0,1.0,1.0,5.0,2.0,4.0,1.0,1.0,,,,,,1.0,1.0,,1.0,2.0,3.0,3.0,3.0,3.0,3.0,3.0,3.0,1.0,1.0,3.0,3.0,3.0,3.0,3.0,2.0,2.0,2.0,2.0,2.0,1.0,1.0,,,1.0,,,1.0,,,,,1.0,,,,1.0,1.0,,,,,,,4.0,4.0,0.0,5.0,4.0,5.0,9.0,10.0,6.0,10.0,10.0,7.0,7.0,2.0,0.0,0.0,4.0,5.0,2.0,2.0,,,1.0,,,,,,,2.0,2.0,2.0,1.0,1.0,0.48738954746190155
376.0,1.0,69.0,6.0,5.0,3.0,16.0,3.0,2.0,4.0,1.0,,,,,,,,,,,,,,,1.0,,1.0,,,,,,1.0,,2.0,2.0,4.0,,1.0,1.0,3.0,2.0,3.0,1.0,1.0,3.0,3.0,2.0,3.0,3.0,2.0,4.0,3.0,4.0,3.0,4.0,4.0,4.0,3.0,7.0,6.0,10.0,10.0,0.0,5.0,6.0,8.0,8.0,6.0,5.0,4.0,5.0,8.0,8.0,0.0,2.0,2.0,1.0,1.0,1.0,2.0,1.0,4.0,1.0,,,,,,,1.0,,,,,,1.0,,1.0,4.0,3.0,3.0,2.0,,2.0,1.0,,,,,,2.0,4.0,4.0,8.0,5.0,0.0,5.0,5.0,4.0,5.0,6.0,5.0,0.0,7.0,7.0,0.0,3.0,4.0,4.0,4.0,8.0,0.0,5.0,0.0,4.0,4.0,,1.0,,,1.0,,,,4.0,4.0,8.0,8.0,1.0,1.0,8.0,8.0,1.0,4.0,5.0,3.0,1.0,1.0,,1.0,,,,1.0,1.0,,1.0,2.0,2.0,3.0,3.0,3.0,1.0,3.0,3.0,1.0,1.0,1.0,1.0,2.0,3.0,2.0,2.0,1.0,1.0,2.0,3.0,1.0,3.0,,1.0,1.0,,,,,,,1.0,1.0,,,,1.0,,,,1.0,,,,4.0,3.0,0.0,5.0,4.0,6.0,9.0,10.0,5.0,2.0,10.0,5.0,4.0,5.0,8.0,0.0,3.0,4.0,1.0,,,,1.0,,,,,,,3.0,3.0,3.0,1.0,4.0,0.8795376329018724
377.0,1.0,18.0,1.0,5.0,1.0,16.0,4.0,5.0,3.0,1.0,,,,,,,,1.0,,,,,,,,,,,,,,,,,3.0,3.0,8.0,,1.0,1.0,3.0,3.0,3.0,1.0,2.0,3.0,3.0,3.0,1.0,1.0,2.0,1.0,1.0,1.0,1.0,3.0,1.0,2.0,2.0,7.0,1.0,7.0,5.0,8.0,7.0,7.0,3.0,8.0,2.0,3.0,99.0,4.0,99.0,6.0,99.0,1.0,3.0,1.0,1.0,1.0,1.0,1.0,4.0,1.0,,1.0,,,,1.0,,,,,,,,,2.0,3.0,1.0,3.0,2.0,,3.0,1.0,,1.0,,,,3.0,2.0,7.0,6.0,5.0,5.0,7.0,3.0,0.0,5.0,5.0,6.0,8.0,5.0,6.0,5.0,0.0,99.0,99.0,2.0,2.0,6.0,3.0,7.0,3.0,3.0,,,,1.0,,1.0,1.0,,8.0,1.0,8.0,8.0,8.0,1.0,8.0,8.0,8.0,4.0,4.0,4.0,4.0,1.0,,,,,,,1.0,,1.0,3.0,2.0,2.0,3.0,1.0,2.0,1.0,3.0,2.0,2.0,1.0,1.0,2.0,3.0,2.0,2.0,2.0,2.0,5.0,1.0,1.0,1.0,,1.0,1.0,,,,,,,1.0,1.0,,,,1.0,,,,1.0,1.0,,,5.0,5.0,99.0,99.0,99.0,99.0,99.0,99.0,99.0,5.0,7.0,6.0,1.0,5.0,5.0,0.0,3.0,1.0,1.0,,,,,1.0,1.0,,1.0,,,2.0,2.0,2.0,11.0,10.0,1.5124930106711456
378.0,2.0,55.0,5.0,5.0,1.0,16.0,4.0,2.0,4.0,1.0,,,,,,1.0,,,,,,,,,,1.0,,,,,,1.0,,,3.0,3.0,5.0,,1.0,1.0,1.0,3.0,2.0,1.0,1.0,3.0,3.0,1.0,3.0,3.0,1.0,3.0,2.0,3.0,2.0,4.0,2.0,3.0,2.0,1.0,3.0,5.0,3.0,2.0,2.0,3.0,4.0,5.0,3.0,5.0,5.0,5.0,5.0,3.0,3.0,1.0,2.0,2.0,2.0,3.0,1.0,3.0,4.0,1.0,,,,,,1.0,,1.0,,,,,,,2.0,3.0,3.0,2.0,2.0,,2.0,1.0,,,,,,3.0,3.0,5.0,5.0,0.0,3.0,5.0,4.0,0.0,5.0,3.0,4.0,2.0,4.0,5.0,6.0,1.0,5.0,3.0,4.0,7.0,8.0,3.0,6.0,3.0,3.0,,,,1.0,,,1.0,,6.0,3.0,1.0,7.0,7.0,6.0,6.0,7.0,1.0,4.0,2.0,3.0,2.0,1.0,,1.0,,,,,,,1.0,2.0,2.0,3.0,3.0,3.0,1.0,1.0,3.0,1.0,1.0,1.0,1.0,3.0,2.0,1.0,1.0,1.0,1.0,1.0,2.0,1.0,1.0,,1.0,,,1.0,,,,,1.0,,,,,,,,,,1.0,,,5.0,4.0,1.0,0.0,1.0,1.0,6.0,7.0,1.0,8.0,7.0,1.0,6.0,1.0,3.0,2.0,5.0,3.0,1.0,,,,1.0,,,1.0,,,,3.0,3.0,2.0,10.0,11.0,0.779510825398446
379.0,2.0,59.0,5.0,5.0,1.0,16.0,5.0,1.0,1.0,1.0,,,,,,,,1.0,,,,,,,,,1.0,,,,1.0,,,,2.0,3.0,1.0,3.0,2.0,1.0,2.0,3.0,3.0,3.0,3.0,3.0,3.0,3.0,3.0,3.0,3.0,3.0,3.0,3.0,2.0,4.0,3.0,3.0,3.0,8.0,3.0,7.0,3.0,1.0,2.0,3.0,4.0,3.0,2.0,4.0,4.0,4.0,5.0,5.0,4.0,1.0,1.0,1.0,1.0,1.0,1.0,1.0,4.0,,,,,1.0,,1.0,,,,,,,1.0,,3.0,3.0,2.0,2.0,1.0,1.0,4.0,1.0,1.0,,,,,4.0,3.0,2.0,4.0,0.0,6.0,7.0,4.0,5.0,3.0,3.0,3.0,5.0,5.0,6.0,2.0,1.0,3.0,5.0,4.0,7.0,3.0,3.0,2.0,3.0,3.0,,,,,,1.0,1.0,,8.0,8.0,8.0,8.0,8.0,8.0,8.0,8.0,8.0,4.0,5.0,4.0,4.0,1.0,,1.0,1.0,1.0,,,,,1.0,3.0,3.0,2.0,3.0,3.0,3.0,2.0,3.0,3.0,3.0,3.0,3.0,3.0,2.0,2.0,2.0,2.0,1.0,1.0,3.0,2.0,2.0,1.0,,,1.0,,,,,,,1.0,,,1.0,1.0,,,,1.0,,,,99.0,3.0,0.0,3.0,0.0,0.0,7.0,8.0,5.0,6.0,8.0,2.0,2.0,2.0,6.0,6.0,5.0,3.0,2.0,12.0,,,1.0,,,1.0,,,,2.0,2.0,2.0,13.0,12.0,1.7137082703819793
380.0,1.0,62.0,5.0,5.0,2.0,16.0,4.0,1.0,6.0,1.0,,,,,,,,1.0,,,,,,,,1.0,,,,,1.0,,,,3.0,2.0,2.0,4.0,3.0,3.0,3.0,3.0,3.0,3.0,3.0,3.0,3.0,3.0,3.0,3.0,3.0,4.0,4.0,4.0,4.0,4.0,4.0,4.0,4.0,3.0,3.0,4.0,3.0,3.0,3.0,4.0,5.0,4.0,3.0,5.0,5.0,4.0,3.0,5.0,3.0,1.0,1.0,1.0,1.0,1.0,1.0,1.0,3.0,,,,,,1.0,,1.0,,1.0,,,,,,4.0,4.0,4.0,4.0,2.0,,3.0,1.0,,,,,,3.0,2.0,7.0,7.0,4.0,5.0,5.0,5.0,5.0,5.0,4.0,5.0,3.0,5.0,3.0,4.0,4.0,5.0,3.0,3.0,5.0,3.0,4.0,3.0,3.0,4.0,,,,,,,,1.0,4.0,8.0,8.0,8.0,4.0,8.0,8.0,2.0,2.0,4.0,5.0,5.0,5.0,1.0,,,,,,,1.0,,1.0,2.0,3.0,3.0,3.0,3.0,3.0,3.0,3.0,3.0,3.0,3.0,3.0,2.0,3.0,3.0,2.0,3.0,3.0,3.0,3.0,1.0,1.0,1.0,,1.0,,,,,,,1.0,,,,,1.0,,,,,,,,5.0,6.0,2.0,4.0,4.0,3.0,6.0,10.0,5.0,7.0,9.0,7.0,9.0,7.0,4.0,1.0,5.0,4.0,1.0,,,,,,1.0,,,,,3.0,3.0,3.0,11.0,12.0,0.4101278266777226
381.0,2.0,58.0,5.0,3.0,2.0,16.0,5.0,1.0,2.0,1.0,,,,,,,,,,,,1.0,,,,1.0,,1.0,,,,,,,3.0,4.0,2.0,4.0,3.0,3.0,3.0,3.0,3.0,3.0,3.0,3.0,3.0,3.0,1.0,3.0,3.0,2.0,3.0,3.0,2.0,3.0,3.0,3.0,4.0,7.0,4.0,3.0,4.0,4.0,6.0,3.0,9.0,6.0,0.0,2.0,7.0,99.0,5.0,6.0,99.0,1.0,1.0,1.0,1.0,1.0,1.0,3.0,4.0,,,,,,1.0,,,,,1.0,,,1.0,,2.0,3.0,3.0,4.0,2.0,,4.0,,,,,,1.0,3.0,2.0,7.0,5.0,0.0,10.0,5.0,5.0,7.0,5.0,5.0,5.0,8.0,5.0,8.0,6.0,1.0,8.0,6.0,6.0,9.0,0.0,5.0,6.0,3.0,5.0,,,,,1.0,,1.0,,6.0,8.0,8.0,8.0,8.0,8.0,8.0,6.0,8.0,4.0,5.0,3.0,2.0,1.0,,1.0,1.0,1.0,1.0,,1.0,,1.0,3.0,3.0,3.0,3.0,3.0,3.0,3.0,3.0,3.0,3.0,3.0,3.0,2.0,1.0,3.0,2.0,2.0,2.0,3.0,4.0,3.0,4.0,,,,1.0,1.0,,,,1.0,1.0,,,,,,,,,1.0,,,,6.0,8.0,0.0,1.0,1.0,0.0,5.0,8.0,3.0,10.0,10.0,5.0,7.0,7.0,5.0,1.0,7.0,1.0,2.0,17.0,,,,,,1.0,,,,3.0,3.0,3.0,13.0,12.0,0.731846253573565
382.0,1.0,28.0,2.0,1.0,3.0,16.0,4.0,1.0,4.0,1.0,,,,,,1.0,,,,,1.0,,,,,1.0,,,,,,,,,2.0,2.0,2.0,3.0,3.0,2.0,3.0,3.0,3.0,2.0,3.0,3.0,3.0,3.0,3.0,3.0,3.0,3.0,4.0,4.0,3.0,4.0,4.0,4.0,3.0,9.0,8.0,9.0,8.0,8.0,7.0,7.0,8.0,8.0,7.0,8.0,9.0,9.0,10.0,7.0,7.0,2.0,1.0,1.0,1.0,1.0,2.0,2.0,2.0,,,,,,1.0,,,1.0,,,,,1.0,,2.0,2.0,2.0,2.0,2.0,,2.0,,,1.0,1.0,,,2.0,2.0,6.0,8.0,8.0,7.0,9.0,8.0,8.0,8.0,8.0,8.0,9.0,8.0,9.0,7.0,8.0,8.0,8.0,7.0,7.0,7.0,7.0,8.0,3.0,2.0,,,,1.0,,,,,1.0,1.0,1.0,1.0,1.0,1.0,1.0,1.0,1.0,2.0,3.0,3.0,3.0,2.0,1.0,,,,,,,,2.0,2.0,2.0,3.0,1.0,3.0,3.0,3.0,3.0,1.0,1.0,1.0,3.0,2.0,3.0,2.0,1.0,1.0,1.0,1.0,1.0,1.0,1.0,,1.0,1.0,,,,1.0,1.0,,1.0,1.0,,,1.0,1.0,,,1.0,,,,,4.0,5.0,0.0,1.0,2.0,2.0,8.0,10.0,9.0,9.0,10.0,8.0,5.0,3.0,1.0,1.0,5.0,1.0,1.0,,,,,1.0,1.0,,1.0,,,1.0,1.0,1.0,1.0,1.0,2.0000111369363847
383.0,1.0,45.0,4.0,3.0,3.0,16.0,4.0,1.0,5.0,1.0,,,1.0,,,,,,,1.0,,,,,1.0,,,,,,,,,,4.0,3.0,2.0,2.0,1.0,1.0,2.0,1.0,1.0,1.0,1.0,1.0,1.0,1.0,1.0,1.0,1.0,1.0,2.0,1.0,2.0,2.0,2.0,1.0,2.0,7.0,4.0,5.0,6.0,6.0,3.0,6.0,2.0,3.0,3.0,4.0,5.0,4.0,5.0,7.0,6.0,2.0,2.0,2.0,2.0,2.0,2.0,2.0,4.0,1.0,,,,,,,1.0,,1.0,,,,,,2.0,2.0,2.0,2.0,1.0,1.0,1.0,1.0,,1.0,,,,4.0,3.0,6.0,7.0,6.0,4.0,3.0,3.0,7.0,3.0,6.0,6.0,3.0,4.0,6.0,5.0,3.0,5.0,5.0,5.0,7.0,6.0,5.0,4.0,2.0,4.0,,,1.0,,1.0,,1.0,,3.0,3.0,3.0,3.0,3.0,3.0,3.0,3.0,3.0,2.0,2.0,3.0,2.0,1.0,,,,1.0,,,1.0,,1.0,1.0,2.0,2.0,2.0,3.0,3.0,3.0,3.0,3.0,3.0,2.0,2.0,3.0,3.0,3.0,2.0,1.0,1.0,1.0,1.0,1.0,1.0,,1.0,,1.0,,,,,,,,1.0,,,,,,,,,,1.0,5.0,5.0,5.0,7.0,5.0,5.0,2.0,5.0,2.0,7.0,7.0,3.0,6.0,5.0,4.0,7.0,5.0,5.0,2.0,1.0,,,1.0,,,,,,,3.0,3.0,3.0,10.0,3.0,0.7491656924474078
384.0,1.0,40.0,3.0,5.0,2.0,16.0,4.0,1.0,5.0,1.0,1.0,,,,,,,1.0,,,,,,,,,,1.0,,,,,,,1.0,4.0,2.0,1.0,1.0,1.0,3.0,1.0,1.0,3.0,2.0,3.0,3.0,3.0,3.0,3.0,3.0,3.0,4.0,4.0,2.0,3.0,4.0,4.0,4.0,4.0,8.0,9.0,3.0,4.0,0.0,6.0,7.0,4.0,3.0,4.0,5.0,99.0,99.0,5.0,3.0,1.0,1.0,1.0,1.0,1.0,2.0,1.0,5.0,,,1.0,,,1.0,,,,,,1.0,,,,3.0,3.0,1.0,5.0,2.0,,4.0,1.0,,1.0,,1.0,,2.0,4.0,0.0,10.0,0.0,0.0,0.0,10.0,0.0,8.0,6.0,4.0,0.0,8.0,4.0,0.0,0.0,4.0,0.0,99.0,10.0,0.0,0.0,2.0,5.0,1.0,,1.0,1.0,,,1.0,1.0,,2.0,2.0,2.0,2.0,2.0,2.0,2.0,2.0,2.0,1.0,1.0,1.0,2.0,1.0,1.0,,1.0,1.0,1.0,1.0,1.0,,3.0,1.0,3.0,3.0,3.0,3.0,3.0,3.0,3.0,3.0,3.0,3.0,3.0,3.0,3.0,3.0,2.0,1.0,1.0,4.0,5.0,5.0,1.0,,,,,1.0,1.0,,,1.0,1.0,1.0,,,,1.0,,,,1.0,,,,0.0,99.0,0.0,99.0,99.0,99.0,99.0,10.0,10.0,10.0,10.0,99.0,99.0,99.0,0.0,0.0,3.0,5.0,1.0,,,1.0,,,,,,,,3.0,3.0,3.0,2.0,2.0,0.5868197790769608
385.0,2.0,78.0,6.0,4.0,2.0,16.0,4.0,2.0,3.0,1.0,,,,,,,,,,,1.0,,1.0,,,,,,1.0,,,,,,3.0,3.0,4.0,,1.0,1.0,3.0,3.0,3.0,2.0,1.0,3.0,3.0,3.0,3.0,3.0,2.0,3.0,3.0,3.0,3.0,3.0,3.0,3.0,4.0,8.0,5.0,0.0,5.0,5.0,8.0,4.0,8.0,8.0,4.0,3.0,6.0,5.0,6.0,6.0,4.0,2.0,2.0,2.0,2.0,2.0,2.0,3.0,4.0,,1.0,,,,,,,1.0,,,,,1.0,,4.0,3.0,3.0,3.0,2.0,,3.0,1.0,,,,,,3.0,3.0,4.0,4.0,3.0,5.0,6.0,4.0,0.0,3.0,2.0,4.0,0.0,0.0,8.0,5.0,2.0,2.0,3.0,2.0,3.0,0.0,5.0,2.0,6.0,4.0,,,,,,,1.0,,8.0,8.0,8.0,8.0,8.0,8.0,8.0,2.0,8.0,4.0,4.0,4.0,4.0,1.0,1.0,,1.0,1.0,1.0,1.0,1.0,,1.0,1.0,3.0,3.0,1.0,3.0,3.0,3.0,3.0,3.0,3.0,3.0,3.0,3.0,3.0,3.0,2.0,2.0,2.0,2.0,1.0,1.0,1.0,,,1.0,,,1.0,,,,,,1.0,,,,,,,,,1.0,,3.0,10.0,4.0,7.0,8.0,8.0,10.0,10.0,3.0,10.0,10.0,8.0,4.0,4.0,1.0,0.0,4.0,1.0,1.0,,,,1.0,,,,,,,3.0,3.0,3.0,10.0,9.0,2.0000739462919386
386.0,2.0,56.0,5.0,3.0,2.0,16.0,4.0,6.0,5.0,1.0,,,1.0,,,,,1.0,,,,,,,,,1.0,,,,,,,,3.0,3.0,11.0,5.0,3.0,3.0,3.0,3.0,3.0,3.0,3.0,3.0,3.0,3.0,3.0,3.0,3.0,4.0,4.0,4.0,3.0,4.0,4.0,4.0,4.0,7.0,7.0,7.0,5.0,5.0,7.0,7.0,7.0,5.0,3.0,6.0,6.0,6.0,5.0,6.0,5.0,1.0,3.0,3.0,1.0,3.0,1.0,1.0,3.0,,,,,,1.0,,1.0,,1.0,,,,,,3.0,3.0,1.0,4.0,2.0,,3.0,1.0,1.0,,,,,3.0,2.0,2.0,3.0,5.0,0.0,7.0,7.0,6.0,7.0,6.0,7.0,0.0,8.0,9.0,7.0,1.0,6.0,4.0,6.0,7.0,8.0,6.0,6.0,3.0,3.0,,,,1.0,,1.0,1.0,,2.0,8.0,8.0,2.0,2.0,2.0,2.0,2.0,2.0,3.0,3.0,5.0,3.0,2.0,1.0,,,,,1.0,1.0,,1.0,3.0,3.0,2.0,1.0,3.0,3.0,3.0,3.0,3.0,3.0,1.0,3.0,2.0,2.0,2.0,5.0,5.0,5.0,5.0,4.0,1.0,2.0,,1.0,1.0,,,,,,,1.0,,,,,,,,,,,,1.0,99.0,99.0,99.0,99.0,99.0,99.0,99.0,99.0,5.0,99.0,99.0,99.0,99.0,99.0,99.0,99.0,3.0,5.0,1.0,,,,1.0,,,,,,,3.0,3.0,3.0,2.0,2.0,0.7396486285434705
387.0,1.0,33.0,2.0,2.0,3.0,16.0,4.0,1.0,4.0,2.0,,,,,,,,,,,,1.0,,,,1.0,1.0,,,,,,,,3.0,3.0,2.0,2.0,3.0,1.0,3.0,1.0,3.0,3.0,3.0,3.0,3.0,3.0,3.0,3.0,1.0,3.0,3.0,4.0,3.0,3.0,4.0,4.0,4.0,4.0,3.0,4.0,3.0,3.0,6.0,4.0,4.0,3.0,3.0,3.0,4.0,7.0,99.0,5.0,5.0,2.0,2.0,2.0,1.0,2.0,2.0,2.0,3.0,,,1.0,,,,,,,,1.0,,,1.0,,4.0,4.0,4.0,4.0,1.0,2.0,2.0,1.0,,,1.0,,,3.0,2.0,2.0,4.0,0.0,0.0,0.0,2.0,99.0,1.0,1.0,3.0,0.0,3.0,2.0,0.0,0.0,0.0,0.0,0.0,5.0,5.0,2.0,1.0,5.0,2.0,1.0,,1.0,1.0,,,,,4.0,2.0,4.0,4.0,4.0,2.0,4.0,2.0,2.0,1.0,1.0,1.0,2.0,3.0,1.0,,1.0,,1.0,1.0,1.0,,3.0,1.0,2.0,3.0,1.0,2.0,1.0,3.0,2.0,3.0,2.0,3.0,2.0,2.0,3.0,2.0,2.0,2.0,2.0,2.0,2.0,1.0,1.0,1.0,,1.0,,,,,,1.0,1.0,1.0,,,,1.0,,1.0,,1.0,1.0,,,1.0,8.0,3.0,7.0,1.0,6.0,9.0,10.0,8.0,5.0,9.0,0.0,2.0,0.0,0.0,0.0,5.0,4.0,1.0,,,,1.0,,,,,,,1.0,2.0,1.0,11.0,10.0,2.0000082924160067
388.0,2.0,62.0,5.0,5.0,2.0,16.0,4.0,1.0,5.0,1.0,,,,,1.0,,,,,1.0,,,,,,,1.0,,,,,,,,2.0,2.0,2.0,4.0,3.0,3.0,3.0,3.0,3.0,3.0,3.0,3.0,3.0,3.0,3.0,3.0,3.0,4.0,4.0,4.0,3.0,4.0,3.0,4.0,3.0,7.0,4.0,5.0,5.0,3.0,5.0,6.0,8.0,8.0,5.0,4.0,4.0,8.0,6.0,4.0,5.0,1.0,1.0,1.0,1.0,3.0,1.0,3.0,5.0,1.0,,,,,,,1.0,,,,,,1.0,,5.0,4.0,2.0,4.0,2.0,,2.0,1.0,1.0,,1.0,,,3.0,2.0,3.0,7.0,3.0,0.0,5.0,5.0,6.0,5.0,5.0,5.0,0.0,6.0,7.0,2.0,2.0,3.0,3.0,2.0,6.0,4.0,2.0,4.0,4.0,5.0,,1.0,1.0,1.0,1.0,,,,2.0,2.0,8.0,8.0,8.0,2.0,8.0,8.0,8.0,4.0,3.0,4.0,4.0,1.0,,,,,,1.0,1.0,,1.0,3.0,2.0,2.0,3.0,2.0,2.0,3.0,3.0,3.0,2.0,3.0,3.0,2.0,2.0,2.0,2.0,2.0,2.0,1.0,4.0,1.0,1.0,,1.0,1.0,,,,,,,1.0,1.0,,,,1.0,,,,,,,,2.0,4.0,2.0,7.0,3.0,2.0,10.0,10.0,6.0,7.0,9.0,5.0,5.0,4.0,1.0,1.0,4.0,5.0,1.0,,,1.0,,,,,,,,3.0,3.0,3.0,2.0,2.0,0.4745859939809871
389.0,2.0,18.0,1.0,2.0,3.0,16.0,4.0,5.0,4.0,1.0,,,,,,,,1.0,,1.0,,,,,,,1.0,,,,,,,,2.0,2.0,8.0,,1.0,1.0,3.0,3.0,3.0,1.0,2.0,3.0,3.0,3.0,1.0,3.0,1.0,3.0,3.0,5.0,3.0,3.0,1.0,3.0,2.0,5.0,7.0,5.0,7.0,7.0,3.0,5.0,5.0,5.0,5.0,7.0,5.0,7.0,7.0,10.0,5.0,1.0,3.0,3.0,3.0,3.0,1.0,3.0,4.0,,,1.0,,,1.0,1.0,,,,,,,,,1.0,1.0,2.0,5.0,2.0,,1.0,,1.0,1.0,1.0,,,3.0,2.0,5.0,5.0,5.0,5.0,6.0,5.0,5.0,5.0,5.0,5.0,7.0,5.0,6.0,5.0,5.0,5.0,5.0,5.0,5.0,5.0,5.0,6.0,3.0,1.0,,,1.0,1.0,,,1.0,,7.0,7.0,7.0,7.0,7.0,7.0,7.0,7.0,7.0,3.0,3.0,3.0,1.0,1.0,,,1.0,,,,,,1.0,3.0,2.0,2.0,2.0,2.0,2.0,2.0,2.0,1.0,2.0,2.0,2.0,2.0,2.0,2.0,2.0,2.0,2.0,2.0,4.0,1.0,1.0,1.0,,,,1.0,,,,,1.0,,,,,,,,,,,,1.0,99.0,5.0,5.0,0.0,5.0,5.0,5.0,10.0,99.0,99.0,99.0,0.0,99.0,99.0,99.0,10.0,5.0,1.0,1.0,,,,,1.0,1.0,,1.0,,,1.0,1.0,1.0,11.0,10.0,1.3133017639264213
390.0,2.0,41.0,3.0,5.0,1.0,16.0,5.0,1.0,2.0,1.0,,,1.0,,,,,,,,,,,,,,1.0,,,,1.0,,,,1.0,1.0,1.0,4.0,3.0,3.0,3.0,3.0,3.0,3.0,3.0,3.0,3.0,3.0,3.0,3.0,3.0,4.0,4.0,4.0,4.0,4.0,4.0,4.0,4.0,5.0,6.0,6.0,7.0,4.0,6.0,6.0,7.0,5.0,5.0,6.0,6.0,5.0,6.0,6.0,5.0,2.0,2.0,2.0,2.0,2.0,2.0,2.0,3.0,1.0,,,,,1.0,,,,,1.0,,,,,3.0,3.0,3.0,4.0,2.0,,4.0,,,1.0,,1.0,,2.0,2.0,5.0,6.0,4.0,4.0,5.0,6.0,7.0,6.0,5.0,5.0,6.0,6.0,6.0,5.0,4.0,5.0,5.0,6.0,7.0,5.0,4.0,4.0,4.0,2.0,,1.0,,1.0,1.0,1.0,,,1.0,1.0,1.0,1.0,1.0,1.0,1.0,1.0,1.0,3.0,3.0,2.0,2.0,2.0,,,,,,1.0,1.0,,1.0,2.0,3.0,3.0,1.0,1.0,1.0,3.0,3.0,1.0,3.0,1.0,1.0,3.0,3.0,3.0,1.0,1.0,1.0,1.0,4.0,3.0,3.0,1.0,,,,,1.0,,,1.0,1.0,1.0,,,,,,1.0,1.0,1.0,1.0,,,5.0,7.0,3.0,5.0,5.0,1.0,9.0,10.0,7.0,10.0,10.0,6.0,6.0,5.0,0.0,0.0,7.0,4.0,1.0,,,,1.0,,,1.0,,,,2.0,2.0,2.0,4.0,4.0,0.6728141585222285
391.0,1.0,43.0,3.0,5.0,1.0,16.0,4.0,1.0,2.0,1.0,,,,,,,,1.0,,1.0,,,,,,1.0,,,,,,,,,2.0,2.0,2.0,3.0,2.0,3.0,3.0,3.0,3.0,3.0,3.0,3.0,3.0,3.0,3.0,3.0,3.0,3.0,3.0,4.0,3.0,3.0,4.0,4.0,4.0,3.0,2.0,3.0,5.0,5.0,0.0,3.0,6.0,4.0,5.0,5.0,5.0,6.0,5.0,4.0,6.0,1.0,2.0,1.0,1.0,3.0,2.0,3.0,4.0,,,,,,1.0,,1.0,,,,,,1.0,,3.0,3.0,2.0,3.0,2.0,,3.0,,,,,1.0,,4.0,3.0,2.0,4.0,1.0,0.0,3.0,4.0,4.0,3.0,2.0,2.0,0.0,3.0,3.0,3.0,0.0,2.0,0.0,0.0,5.0,5.0,3.0,4.0,4.0,2.0,,,,1.0,1.0,1.0,,,5.0,5.0,5.0,6.0,6.0,2.0,5.0,5.0,2.0,3.0,5.0,2.0,2.0,2.0,,,,,,1.0,1.0,,1.0,2.0,2.0,2.0,1.0,1.0,1.0,3.0,3.0,3.0,1.0,1.0,3.0,2.0,3.0,3.0,2.0,2.0,2.0,2.0,3.0,1.0,1.0,1.0,,,,,1.0,,,1.0,1.0,,,,,,,,,1.0,1.0,,,2.0,6.0,3.0,4.0,2.0,3.0,7.0,10.0,6.0,5.0,8.0,6.0,6.0,6.0,1.0,0.0,5.0,5.0,1.0,,,,1.0,,,1.0,,,,2.0,3.0,3.0,2.0,8.0,0.9286350701795885
392.0,1.0,69.0,6.0,5.0,2.0,16.0,3.0,2.0,5.0,1.0,,,,,,1.0,,,,,,,,,,,1.0,,,,1.0,,,,2.0,2.0,4.0,,1.0,1.0,1.0,1.0,2.0,2.0,1.0,3.0,3.0,1.0,4.0,1.0,4.0,3.0,3.0,4.0,2.0,4.0,4.0,4.0,3.0,3.0,6.0,6.0,5.0,5.0,4.0,5.0,8.0,7.0,3.0,4.0,5.0,6.0,5.0,5.0,6.0,2.0,1.0,1.0,1.0,2.0,2.0,2.0,2.0,,,,,,1.0,,1.0,,,,,,1.0,,3.0,3.0,3.0,4.0,1.0,7.0,3.0,1.0,1.0,,,,,2.0,2.0,7.0,8.0,6.0,5.0,8.0,7.0,8.0,7.0,8.0,8.0,8.0,8.0,6.0,5.0,5.0,7.0,3.0,2.0,8.0,6.0,5.0,4.0,4.0,2.0,1.0,1.0,1.0,1.0,1.0,1.0,1.0,,4.0,4.0,4.0,1.0,1.0,1.0,1.0,1.0,2.0,3.0,5.0,1.0,1.0,2.0,,,,,,,1.0,,1.0,2.0,2.0,3.0,1.0,2.0,1.0,1.0,3.0,1.0,3.0,1.0,3.0,2.0,1.0,3.0,1.0,1.0,1.0,1.0,3.0,2.0,2.0,,,1.0,,,1.0,,,1.0,1.0,,,,,,1.0,,1.0,1.0,,,,3.0,5.0,1.0,4.0,3.0,4.0,8.0,10.0,7.0,7.0,10.0,6.0,7.0,6.0,2.0,0.0,3.0,1.0,1.0,,,,1.0,,,,,,,3.0,3.0,3.0,1.0,1.0,0.660140703492659
393.0,1.0,71.0,6.0,5.0,2.0,16.0,4.0,2.0,5.0,1.0,1.0,,,,,,1.0,,,,,,,,,,1.0,,,,,,,,2.0,1.0,4.0,,3.0,3.0,3.0,3.0,3.0,3.0,3.0,3.0,3.0,3.0,3.0,3.0,3.0,3.0,3.0,3.0,2.0,4.0,3.0,4.0,3.0,7.0,6.0,8.0,6.0,7.0,7.0,7.0,9.0,7.0,7.0,5.0,7.0,7.0,8.0,8.0,7.0,2.0,2.0,1.0,1.0,2.0,2.0,1.0,3.0,,1.0,,1.0,,1.0,,,,,,,,,,2.0,3.0,3.0,2.0,2.0,,3.0,1.0,,,,,,3.0,2.0,5.0,7.0,4.0,5.0,7.0,8.0,9.0,6.0,7.0,7.0,7.0,9.0,8.0,6.0,4.0,6.0,6.0,4.0,6.0,5.0,7.0,7.0,4.0,2.0,,,1.0,,,,,,1.0,1.0,1.0,1.0,1.0,1.0,1.0,1.0,1.0,5.0,4.0,4.0,2.0,1.0,,1.0,,,,,1.0,,1.0,2.0,3.0,3.0,1.0,1.0,1.0,1.0,1.0,1.0,1.0,1.0,1.0,3.0,2.0,3.0,2.0,2.0,2.0,2.0,5.0,3.0,3.0,,1.0,,1.0,,,,,,1.0,1.0,,,,1.0,,1.0,1.0,1.0,1.0,,,5.0,5.0,1.0,7.0,5.0,6.0,9.0,0.0,5.0,5.0,3.0,6.0,5.0,7.0,6.0,0.0,4.0,1.0,1.0,,,,1.0,,,,,,,3.0,3.0,3.0,1.0,1.0,0.660140703492659
394.0,2.0,55.0,5.0,3.0,3.0,16.0,3.0,6.0,6.0,1.0,,,1.0,,,,,,,,,,,,,,,,1.0,,1.0,,,,6.0,4.0,11.0,4.0,4.0,4.0,4.0,3.0,4.0,4.0,4.0,4.0,4.0,4.0,3.0,4.0,4.0,1.0,1.0,1.0,1.0,3.0,1.0,1.0,1.0,7.0,6.0,6.0,5.0,6.0,5.0,2.0,6.0,6.0,5.0,5.0,5.0,5.0,4.0,5.0,5.0,2.0,1.0,1.0,1.0,1.0,1.0,3.0,4.0,,,1.0,,,,1.0,,,,1.0,,,,,5.0,5.0,5.0,2.0,2.0,,5.0,1.0,1.0,,,,,6.0,4.0,99.0,99.0,99.0,99.0,99.0,99.0,99.0,99.0,99.0,99.0,99.0,99.0,99.0,99.0,99.0,99.0,99.0,99.0,99.0,99.0,99.0,99.0,6.0,5.0,,,,1.0,,,,,8.0,8.0,8.0,8.0,8.0,8.0,8.0,8.0,8.0,5.0,5.0,5.0,5.0,1.0,,,,,,,,1.0,1.0,5.0,3.0,3.0,3.0,3.0,3.0,3.0,3.0,3.0,3.0,3.0,3.0,3.0,3.0,3.0,5.0,5.0,5.0,5.0,1.0,1.0,1.0,,1.0,1.0,,,,,,,,,,1.0,,,,,,,,,1.0,99.0,99.0,99.0,99.0,99.0,99.0,99.0,99.0,99.0,99.0,99.0,99.0,99.0,99.0,99.0,99.0,2.0,6.0,1.0,,,,1.0,,,1.0,,,,2.0,3.0,3.0,13.0,12.0,0.9052635064326345
395.0,1.0,60.0,5.0,4.0,2.0,16.0,6.0,2.0,4.0,1.0,,,,,,,,,,,,,,,,,1.0,,,,1.0,1.0,,,1.0,1.0,4.0,,3.0,3.0,3.0,3.0,3.0,3.0,3.0,3.0,3.0,3.0,3.0,3.0,3.0,3.0,4.0,4.0,4.0,4.0,4.0,4.0,3.0,10.0,8.0,8.0,10.0,9.0,10.0,9.0,9.0,9.0,7.0,9.0,6.0,8.0,8.0,10.0,8.0,1.0,1.0,1.0,3.0,3.0,2.0,3.0,1.0,1.0,,,,,,,,1.0,,,,,1.0,,4.0,3.0,2.0,5.0,2.0,,4.0,,,,,,1.0,1.0,1.0,7.0,8.0,6.0,4.0,10.0,10.0,9.0,10.0,10.0,10.0,2.0,10.0,10.0,8.0,7.0,9.0,8.0,8.0,9.0,10.0,9.0,8.0,5.0,1.0,1.0,,1.0,1.0,,,,,1.0,1.0,1.0,3.0,1.0,1.0,1.0,1.0,1.0,1.0,1.0,1.0,1.0,2.0,,,,,,1.0,1.0,,2.0,1.0,2.0,2.0,1.0,1.0,1.0,3.0,1.0,1.0,1.0,1.0,1.0,2.0,3.0,2.0,1.0,1.0,1.0,3.0,4.0,4.0,3.0,,1.0,,,,1.0,,1.0,1.0,1.0,1.0,,,,1.0,1.0,1.0,1.0,1.0,,,,3.0,5.0,1.0,4.0,2.0,2.0,9.0,10.0,9.0,9.0,10.0,4.0,6.0,3.0,0.0,0.0,8.0,4.0,1.0,,,,1.0,,,1.0,,,,2.0,1.0,2.0,1.0,1.0,0.6302046810896785
396.0,1.0,57.0,5.0,2.0,3.0,16.0,6.0,3.0,6.0,1.0,,,,,,,,,,,,,1.0,,,,1.0,,,,1.0,,,,2.0,2.0,6.0,,2.0,2.0,3.0,3.0,3.0,2.0,3.0,1.0,3.0,1.0,1.0,1.0,3.0,4.0,2.0,1.0,2.0,4.0,2.0,3.0,2.0,5.0,6.0,6.0,5.0,5.0,5.0,4.0,7.0,5.0,3.0,5.0,5.0,5.0,5.0,4.0,5.0,2.0,2.0,2.0,2.0,2.0,2.0,2.0,3.0,,,1.0,,,,,,1.0,,,,,1.0,,4.0,4.0,4.0,4.0,2.0,,3.0,1.0,1.0,,,,,2.0,2.0,5.0,6.0,7.0,0.0,4.0,5.0,4.0,5.0,5.0,5.0,1.0,7.0,6.0,0.0,3.0,4.0,0.0,0.0,5.0,5.0,4.0,4.0,3.0,3.0,,,,1.0,1.0,,1.0,,4.0,4.0,4.0,4.0,4.0,4.0,4.0,4.0,8.0,3.0,5.0,3.0,2.0,1.0,1.0,1.0,,,,1.0,1.0,,1.0,1.0,2.0,2.0,1.0,2.0,1.0,3.0,3.0,1.0,3.0,1.0,3.0,2.0,2.0,2.0,2.0,1.0,1.0,3.0,5.0,2.0,4.0,,1.0,1.0,,,,,,1.0,1.0,,,,,1.0,,1.0,,1.0,,,,1.0,8.0,3.0,6.0,2.0,4.0,9.0,10.0,0.0,8.0,9.0,2.0,3.0,2.0,0.0,0.0,8.0,4.0,1.0,,,,,,1.0,,,,,3.0,3.0,3.0,4.0,4.0,1.0146741447850647
397.0,1.0,76.0,6.0,1.0,2.0,16.0,7.0,2.0,3.0,1.0,,,,,,,,,,,,,1.0,,,,1.0,,,,1.0,,,,1.0,2.0,4.0,,3.0,3.0,3.0,3.0,3.0,3.0,3.0,3.0,3.0,3.0,3.0,3.0,3.0,3.0,4.0,3.0,3.0,4.0,4.0,4.0,4.0,8.0,8.0,8.0,5.0,2.0,8.0,8.0,8.0,8.0,2.0,5.0,6.0,5.0,4.0,8.0,8.0,2.0,2.0,1.0,1.0,2.0,2.0,2.0,2.0,,,1.0,,,,,,,,1.0,,,1.0,,4.0,4.0,4.0,3.0,2.0,,3.0,1.0,1.0,,,,,2.0,3.0,2.0,8.0,8.0,2.0,5.0,5.0,6.0,7.0,7.0,8.0,2.0,10.0,7.0,10.0,4.0,1.0,2.0,0.0,7.0,8.0,2.0,0.0,3.0,3.0,,,,1.0,,1.0,1.0,,2.0,1.0,3.0,3.0,1.0,1.0,5.0,3.0,3.0,2.0,4.0,3.0,2.0,1.0,,,,,,1.0,1.0,,1.0,1.0,2.0,2.0,1.0,2.0,1.0,1.0,2.0,1.0,1.0,1.0,3.0,2.0,3.0,3.0,1.0,1.0,1.0,1.0,5.0,1.0,1.0,,1.0,1.0,,,,,,,1.0,1.0,,,,1.0,1.0,1.0,1.0,1.0,1.0,,,3.0,7.0,3.0,5.0,3.0,3.0,9.0,10.0,0.0,8.0,8.0,5.0,5.0,2.0,0.0,0.0,8.0,4.0,2.0,3.0,,,1.0,,,,,,,3.0,3.0,3.0,3.0,10.0,1.5310307918774335
398.0,2.0,44.0,3.0,4.0,2.0,16.0,6.0,1.0,3.0,1.0,,1.0,,,,,,,,,,,1.0,,,,,1.0,,,,,,,2.0,1.0,2.0,2.0,3.0,3.0,3.0,3.0,3.0,2.0,2.0,3.0,3.0,3.0,3.0,3.0,2.0,3.0,3.0,4.0,4.0,4.0,3.0,3.0,4.0,8.0,7.0,9.0,8.0,7.0,7.0,5.0,8.0,9.0,3.0,8.0,8.0,8.0,8.0,7.0,8.0,2.0,1.0,1.0,1.0,1.0,1.0,1.0,2.0,1.0,,,,1.0,,,,,,,,,1.0,,3.0,4.0,2.0,4.0,1.0,6.0,4.0,1.0,1.0,,,1.0,,2.0,1.0,9.0,9.0,9.0,7.0,8.0,9.0,9.0,9.0,9.0,9.0,8.0,9.0,8.0,9.0,8.0,8.0,9.0,7.0,8.0,9.0,9.0,9.0,3.0,3.0,1.0,,,,1.0,1.0,1.0,,6.0,6.0,6.0,6.0,6.0,6.0,6.0,6.0,6.0,3.0,3.0,4.0,4.0,1.0,,1.0,,,1.0,,1.0,,2.0,2.0,3.0,3.0,3.0,3.0,3.0,3.0,3.0,1.0,1.0,3.0,3.0,3.0,3.0,3.0,2.0,3.0,3.0,3.0,4.0,3.0,4.0,,1.0,,,,1.0,1.0,1.0,,1.0,1.0,,,,1.0,1.0,,1.0,1.0,1.0,,,5.0,5.0,5.0,5.0,5.0,6.0,9.0,5.0,8.0,6.0,6.0,8.0,8.0,6.0,5.0,9.0,8.0,1.0,3.0,,190.0,,,,,,,,1.0,3.0,3.0,3.0,11.0,10.0,0.5467953854927434
399.0,1.0,69.0,6.0,1.0,3.0,16.0,2.0,2.0,6.0,1.0,,,,,,,,,,,,1.0,,,1.0,,,,,,1.0,,,,2.0,2.0,4.0,,3.0,1.0,3.0,3.0,3.0,3.0,1.0,3.0,3.0,3.0,3.0,3.0,2.0,3.0,4.0,3.0,3.0,4.0,3.0,4.0,4.0,8.0,7.0,5.0,9.0,2.0,9.0,10.0,7.0,8.0,5.0,7.0,3.0,5.0,7.0,4.0,6.0,2.0,1.0,1.0,1.0,1.0,2.0,3.0,4.0,1.0,,,,,,,,1.0,,,1.0,,,,2.0,3.0,4.0,2.0,2.0,,1.0,1.0,1.0,,1.0,,,2.0,2.0,4.0,7.0,8.0,0.0,0.0,8.0,0.0,6.0,5.0,8.0,0.0,6.0,7.0,3.0,2.0,3.0,0.0,2.0,9.0,7.0,0.0,0.0,5.0,1.0,1.0,,,,,,,,2.0,2.0,2.0,8.0,2.0,2.0,4.0,2.0,2.0,1.0,5.0,2.0,2.0,2.0,,,,,1.0,1.0,1.0,,1.0,1.0,2.0,1.0,1.0,2.0,1.0,1.0,1.0,1.0,1.0,1.0,1.0,2.0,1.0,1.0,1.0,2.0,1.0,1.0,1.0,1.0,1.0,,,1.0,,,1.0,,,,1.0,,,,,,,,,1.0,,,,1.0,6.0,1.0,5.0,1.0,5.0,10.0,10.0,10.0,10.0,10.0,5.0,8.0,5.0,0.0,0.0,2.0,4.0,2.0,7.0,,,1.0,,,,,,,3.0,3.0,3.0,2.0,4.0,2.0000085786153154
400.0,2.0,60.0,5.0,5.0,1.0,16.0,5.0,1.0,2.0,1.0,,,,,,1.0,,,,,,,,,,1.0,1.0,,,,,,,,3.0,2.0,2.0,4.0,3.0,3.0,3.0,3.0,3.0,3.0,3.0,3.0,3.0,3.0,3.0,3.0,3.0,3.0,3.0,4.0,3.0,4.0,3.0,4.0,3.0,3.0,3.0,3.0,4.0,3.0,3.0,5.0,7.0,5.0,1.0,6.0,6.0,5.0,5.0,6.0,5.0,2.0,1.0,1.0,2.0,2.0,2.0,2.0,4.0,,,,,,1.0,,,,1.0,1.0,,,,,2.0,2.0,2.0,3.0,1.0,3.0,3.0,1.0,1.0,,,,,3.0,2.0,6.0,7.0,4.0,2.0,7.0,6.0,6.0,7.0,5.0,6.0,3.0,6.0,5.0,6.0,2.0,4.0,3.0,5.0,7.0,6.0,4.0,6.0,4.0,2.0,,1.0,1.0,1.0,1.0,1.0,1.0,,2.0,1.0,1.0,8.0,1.0,3.0,8.0,3.0,2.0,3.0,2.0,2.0,2.0,2.0,,,,,,1.0,1.0,,2.0,2.0,2.0,2.0,2.0,1.0,1.0,3.0,3.0,1.0,1.0,1.0,3.0,2.0,3.0,3.0,2.0,2.0,2.0,2.0,3.0,2.0,2.0,,1.0,1.0,,,,,,,1.0,,,,,,,,1.0,1.0,,,,4.0,5.0,2.0,4.0,4.0,3.0,9.0,10.0,7.0,7.0,10.0,6.0,4.0,5.0,1.0,0.0,7.0,1.0,1.0,,,,1.0,,,,,,,1.0,1.0,1.0,2.0,2.0,0.7510264880982884
401.0,2.0,57.0,5.0,3.0,2.0,16.0,4.0,1.0,1.0,1.0,,,,,,1.0,,,,,,,,,,,1.0,,,,1.0,,,,3.0,2.0,2.0,1.0,2.0,3.0,3.0,3.0,3.0,1.0,1.0,3.0,3.0,3.0,3.0,3.0,2.0,3.0,3.0,2.0,2.0,4.0,1.0,2.0,1.0,5.0,6.0,6.0,4.0,3.0,5.0,5.0,6.0,6.0,5.0,6.0,6.0,6.0,6.0,6.0,3.0,2.0,1.0,1.0,1.0,1.0,1.0,3.0,3.0,1.0,,1.0,,,,,1.0,,,,,,,,2.0,3.0,2.0,3.0,2.0,,3.0,,,,,,1.0,3.0,2.0,1.0,9.0,1.0,0.0,9.0,9.0,3.0,8.0,6.0,2.0,0.0,8.0,6.0,4.0,4.0,5.0,1.0,1.0,7.0,3.0,2.0,3.0,5.0,1.0,1.0,1.0,1.0,1.0,,,,,1.0,1.0,1.0,1.0,1.0,1.0,1.0,1.0,1.0,1.0,1.0,1.0,2.0,2.0,,,,,,1.0,1.0,,1.0,2.0,2.0,2.0,1.0,3.0,1.0,2.0,2.0,3.0,3.0,1.0,3.0,2.0,2.0,2.0,2.0,2.0,2.0,2.0,2.0,1.0,1.0,1.0,,1.0,,,,1.0,,,1.0,1.0,,,,,,,,1.0,,,,4.0,6.0,3.0,3.0,3.0,3.0,10.0,10.0,10.0,10.0,10.0,3.0,2.0,0.0,0.0,0.0,6.0,4.0,1.0,,,,1.0,,,1.0,,,,3.0,3.0,3.0,1.0,1.0,1.6699424018623314
402.0,2.0,46.0,4.0,5.0,2.0,16.0,7.0,2.0,4.0,1.0,,,,,,,,1.0,,1.0,,,,,1.0,,,,,,,,,,2.0,2.0,4.0,,1.0,1.0,2.0,1.0,1.0,3.0,1.0,3.0,3.0,1.0,3.0,3.0,1.0,3.0,2.0,4.0,1.0,4.0,1.0,3.0,1.0,8.0,7.0,7.0,4.0,5.0,4.0,3.0,8.0,7.0,4.0,5.0,7.0,8.0,7.0,4.0,6.0,1.0,3.0,3.0,3.0,3.0,1.0,3.0,3.0,,,,,,1.0,1.0,1.0,,,,,,,,2.0,3.0,1.0,4.0,2.0,,3.0,1.0,1.0,,,,,3.0,2.0,0.0,5.0,1.0,0.0,6.0,6.0,5.0,6.0,6.0,6.0,0.0,7.0,8.0,6.0,0.0,7.0,5.0,5.0,8.0,4.0,5.0,6.0,5.0,2.0,1.0,1.0,1.0,1.0,1.0,1.0,1.0,,1.0,1.0,1.0,1.0,1.0,1.0,1.0,1.0,2.0,2.0,1.0,1.0,1.0,3.0,,,1.0,1.0,1.0,1.0,1.0,,2.0,2.0,2.0,2.0,3.0,3.0,3.0,2.0,3.0,2.0,3.0,3.0,3.0,2.0,3.0,2.0,2.0,2.0,2.0,2.0,2.0,1.0,1.0,,1.0,1.0,,,,,,,,1.0,,,,,,,,1.0,1.0,,,3.0,5.0,3.0,6.0,4.0,5.0,8.0,10.0,10.0,6.0,8.0,3.0,6.0,5.0,3.0,0.0,8.0,4.0,1.0,,,,1.0,,,,,,,1.0,1.0,1.0,11.0,10.0,0.3915612359017463
403.0,2.0,65.0,6.0,5.0,3.0,16.0,4.0,2.0,2.0,1.0,,,,,,,,,,,,,,,,,1.0,,,,1.0,,,,3.0,2.0,4.0,,3.0,3.0,3.0,3.0,3.0,3.0,3.0,3.0,3.0,3.0,3.0,3.0,3.0,3.0,3.0,3.0,3.0,3.0,3.0,3.0,2.0,3.0,2.0,4.0,3.0,0.0,2.0,2.0,3.0,3.0,0.0,2.0,2.0,4.0,2.0,4.0,0.0,1.0,1.0,1.0,1.0,1.0,1.0,1.0,3.0,,,1.0,,,1.0,,,,,,,,1.0,,3.0,3.0,2.0,3.0,1.0,5.0,2.0,1.0,1.0,,,,,3.0,2.0,2.0,2.0,0.0,0.0,0.0,0.0,0.0,0.0,0.0,2.0,0.0,3.0,2.0,0.0,0.0,0.0,0.0,0.0,3.0,0.0,0.0,0.0,6.0,2.0,,,1.0,1.0,,,1.0,,8.0,8.0,8.0,8.0,8.0,8.0,8.0,8.0,8.0,5.0,5.0,2.0,1.0,3.0,,,,,1.0,1.0,1.0,,5.0,4.0,3.0,3.0,3.0,3.0,3.0,3.0,3.0,3.0,3.0,3.0,3.0,3.0,3.0,3.0,2.0,2.0,2.0,5.0,3.0,1.0,1.0,,1.0,1.0,,,,,,,,1.0,,,,,,,,,,1.0,,2.0,8.0,7.0,5.0,3.0,4.0,10.0,10.0,8.0,5.0,6.0,1.0,2.0,0.0,0.0,0.0,4.0,4.0,1.0,,,,,,,1.0,,,,1.0,1.0,1.0,11.0,10.0,2.000059565864427
404.0,1.0,46.0,4.0,2.0,3.0,16.0,5.0,1.0,4.0,1.0,,,,,,1.0,,,,,,,,,,,1.0,,,,,1.0,,,2.0,2.0,2.0,4.0,3.0,3.0,3.0,3.0,3.0,3.0,3.0,3.0,3.0,3.0,3.0,3.0,3.0,4.0,4.0,4.0,4.0,4.0,3.0,4.0,3.0,7.0,8.0,7.0,9.0,4.0,8.0,8.0,8.0,8.0,4.0,8.0,6.0,4.0,7.0,8.0,4.0,2.0,2.0,1.0,1.0,1.0,2.0,2.0,3.0,1.0,,,,,,,,,,,1.0,,1.0,,2.0,3.0,2.0,3.0,2.0,,4.0,1.0,,,1.0,,,2.0,2.0,8.0,9.0,6.0,1.0,9.0,7.0,9.0,7.0,8.0,8.0,6.0,9.0,9.0,7.0,3.0,8.0,4.0,4.0,8.0,4.0,7.0,7.0,4.0,3.0,,1.0,,1.0,,,,,1.0,5.0,2.0,1.0,1.0,1.0,8.0,5.0,2.0,3.0,2.0,1.0,2.0,3.0,,,,,,,1.0,,1.0,1.0,2.0,2.0,1.0,1.0,1.0,3.0,1.0,1.0,1.0,1.0,1.0,2.0,3.0,2.0,2.0,2.0,2.0,2.0,5.0,1.0,1.0,,1.0,1.0,,,,,,,1.0,1.0,,,,1.0,,,,1.0,,,,4.0,8.0,2.0,6.0,1.0,2.0,8.0,9.0,6.0,8.0,10.0,3.0,5.0,5.0,0.0,0.0,7.0,5.0,1.0,,,,1.0,,,,,,,1.0,2.0,2.0,5.0,4.0,0.9414112250537816
405.0,2.0,64.0,5.0,5.0,3.0,16.0,3.0,2.0,6.0,1.0,,,,,,1.0,,,,1.0,,,,,,,,,,1.0,,,,,2.0,2.0,4.0,,2.0,1.0,3.0,3.0,3.0,1.0,2.0,3.0,3.0,3.0,3.0,3.0,3.0,3.0,4.0,3.0,3.0,4.0,3.0,3.0,2.0,4.0,8.0,8.0,6.0,5.0,3.0,8.0,10.0,5.0,8.0,5.0,6.0,9.0,5.0,7.0,4.0,1.0,1.0,3.0,3.0,3.0,1.0,3.0,3.0,1.0,,,,,1.0,,,1.0,,,,,,,1.0,4.0,1.0,4.0,2.0,,2.0,1.0,,,1.0,,,2.0,2.0,6.0,9.0,5.0,3.0,8.0,5.0,6.0,9.0,5.0,7.0,4.0,8.0,5.0,5.0,3.0,5.0,4.0,3.0,5.0,4.0,5.0,6.0,4.0,4.0,,,,1.0,,,1.0,,1.0,1.0,1.0,7.0,1.0,1.0,1.0,5.0,1.0,3.0,4.0,4.0,4.0,1.0,,1.0,,,,,1.0,,1.0,2.0,3.0,2.0,1.0,3.0,1.0,1.0,3.0,1.0,1.0,3.0,3.0,2.0,3.0,3.0,2.0,2.0,2.0,2.0,2.0,2.0,2.0,1.0,,,,,1.0,,,,1.0,,,,,,,,,1.0,,,,3.0,6.0,3.0,6.0,6.0,7.0,7.0,9.0,6.0,8.0,9.0,7.0,8.0,7.0,3.0,1.0,3.0,2.0,1.0,,,1.0,,,,,,,,3.0,3.0,3.0,1.0,3.0,0.5808506423665937
406.0,1.0,57.0,5.0,5.0,3.0,16.0,7.0,1.0,2.0,1.0,,,,,,,,1.0,,,,,,,,,1.0,,,,1.0,,,,2.0,2.0,3.0,4.0,3.0,1.0,3.0,3.0,1.0,1.0,1.0,3.0,3.0,1.0,3.0,3.0,2.0,3.0,3.0,3.0,1.0,4.0,2.0,4.0,3.0,7.0,6.0,99.0,6.0,99.0,3.0,6.0,6.0,3.0,0.0,5.0,2.0,99.0,99.0,99.0,99.0,2.0,2.0,1.0,1.0,1.0,1.0,2.0,3.0,1.0,,,,,1.0,,,1.0,,,,,,,2.0,3.0,2.0,5.0,2.0,,1.0,,,,1.0,,,2.0,2.0,5.0,7.0,1.0,1.0,1.0,5.0,7.0,3.0,1.0,3.0,8.0,5.0,5.0,1.0,5.0,5.0,1.0,1.0,7.0,2.0,3.0,5.0,5.0,1.0,1.0,1.0,1.0,1.0,1.0,1.0,1.0,,8.0,1.0,1.0,8.0,8.0,1.0,1.0,5.0,1.0,2.0,5.0,2.0,2.0,2.0,,,1.0,1.0,,1.0,1.0,,1.0,2.0,3.0,2.0,3.0,3.0,1.0,2.0,2.0,1.0,1.0,3.0,1.0,2.0,3.0,2.0,1.0,1.0,1.0,1.0,3.0,1.0,1.0,,1.0,,1.0,,,,1.0,1.0,1.0,1.0,,,,,,1.0,1.0,1.0,1.0,,,6.0,5.0,3.0,3.0,2.0,2.0,9.0,10.0,8.0,9.0,9.0,1.0,2.0,2.0,0.0,0.0,8.0,1.0,1.0,,,,1.0,,,1.0,,,,1.0,1.0,2.0,11.0,10.0,0.5580554052953963
407.0,2.0,67.0,6.0,3.0,2.0,16.0,5.0,2.0,2.0,1.0,,,,,,,,,,,1.0,,,,,1.0,,,,,1.0,,,,3.0,2.0,4.0,,3.0,3.0,3.0,3.0,3.0,3.0,3.0,3.0,3.0,3.0,3.0,3.0,3.0,3.0,3.0,3.0,3.0,3.0,3.0,3.0,3.0,3.0,6.0,6.0,4.0,3.0,5.0,5.0,6.0,5.0,4.0,5.0,6.0,5.0,6.0,5.0,5.0,2.0,2.0,1.0,1.0,1.0,1.0,2.0,3.0,1.0,,,,,,,,,,,1.0,,1.0,,3.0,4.0,3.0,3.0,2.0,,3.0,,,,,,1.0,3.0,2.0,4.0,4.0,4.0,2.0,3.0,4.0,3.0,4.0,4.0,4.0,4.0,5.0,4.0,3.0,3.0,4.0,3.0,4.0,6.0,4.0,4.0,2.0,3.0,2.0,,1.0,1.0,1.0,,,,,8.0,8.0,8.0,8.0,8.0,8.0,8.0,8.0,8.0,3.0,5.0,5.0,5.0,1.0,,,,,,,1.0,,1.0,3.0,3.0,3.0,3.0,3.0,3.0,3.0,3.0,3.0,3.0,3.0,3.0,3.0,3.0,3.0,2.0,2.0,2.0,2.0,4.0,2.0,2.0,,,1.0,,,1.0,,,1.0,1.0,1.0,,,,1.0,,,,1.0,1.0,,,3.0,5.0,6.0,6.0,5.0,6.0,10.0,10.0,5.0,10.0,10.0,5.0,5.0,5.0,1.0,0.0,7.0,1.0,2.0,7.0,,,1.0,,,,,,,3.0,3.0,3.0,11.0,10.0,2.0000668228226757
408.0,1.0,58.0,5.0,3.0,2.0,16.0,4.0,1.0,3.0,1.0,,,,,,1.0,,,,,,,1.0,,1.0,,,,,,,,,,2.0,2.0,3.0,4.0,3.0,3.0,3.0,3.0,3.0,3.0,3.0,3.0,3.0,3.0,3.0,3.0,3.0,3.0,3.0,4.0,3.0,4.0,3.0,3.0,3.0,7.0,6.0,5.0,7.0,5.0,7.0,5.0,7.0,7.0,3.0,5.0,7.0,4.0,5.0,3.0,5.0,2.0,1.0,1.0,1.0,1.0,2.0,1.0,3.0,,,,,,,,1.0,,,1.0,,,1.0,,4.0,4.0,4.0,5.0,2.0,,4.0,1.0,,,,,,3.0,2.0,5.0,7.0,5.0,0.0,7.0,5.0,5.0,5.0,4.0,5.0,0.0,7.0,7.0,5.0,5.0,5.0,3.0,5.0,7.0,7.0,0.0,5.0,4.0,2.0,1.0,,1.0,1.0,1.0,,,,2.0,2.0,2.0,2.0,2.0,2.0,2.0,2.0,2.0,3.0,3.0,3.0,3.0,2.0,,,,,,1.0,1.0,,1.0,1.0,3.0,2.0,3.0,3.0,3.0,3.0,3.0,3.0,3.0,3.0,3.0,2.0,2.0,2.0,2.0,2.0,2.0,2.0,4.0,1.0,1.0,,,1.0,,,1.0,,1.0,1.0,1.0,1.0,,,,1.0,,1.0,,1.0,1.0,,,2.0,7.0,2.0,5.0,3.0,4.0,10.0,10.0,4.0,10.0,10.0,3.0,2.0,3.0,0.0,0.0,6.0,5.0,1.0,,,,1.0,,,1.0,,,,3.0,3.0,3.0,2.0,2.0,0.6173235794401248
409.0,2.0,26.0,2.0,3.0,3.0,16.0,4.0,6.0,6.0,1.0,,,,,,,,,,,,,,,,,,,,,,,,1.0,6.0,4.0,7.0,,1.0,4.0,1.0,3.0,2.0,1.0,2.0,2.0,2.0,1.0,4.0,4.0,3.0,3.0,2.0,3.0,2.0,4.0,1.0,1.0,2.0,10.0,10.0,10.0,99.0,99.0,99.0,10.0,10.0,99.0,99.0,99.0,99.0,99.0,99.0,99.0,99.0,2.0,2.0,2.0,2.0,2.0,2.0,2.0,2.0,,1.0,1.0,,,,,,1.0,,,,,,,5.0,5.0,5.0,5.0,2.0,,5.0,,,,,,1.0,6.0,4.0,99.0,99.0,99.0,99.0,99.0,99.0,99.0,99.0,99.0,10.0,5.0,99.0,99.0,99.0,99.0,99.0,99.0,99.0,99.0,99.0,99.0,99.0,6.0,5.0,,,,,,,,1.0,8.0,8.0,8.0,8.0,8.0,8.0,8.0,8.0,8.0,5.0,5.0,5.0,5.0,2.0,,,,,,,,1.0,1.0,1.0,3.0,3.0,3.0,3.0,3.0,3.0,3.0,3.0,3.0,3.0,3.0,3.0,3.0,3.0,5.0,5.0,5.0,5.0,3.0,3.0,3.0,1.0,1.0,,,,,,,,,,,1.0,,,,1.0,,,1.0,,,99.0,99.0,99.0,99.0,99.0,99.0,99.0,99.0,99.0,99.0,99.0,99.0,99.0,99.0,99.0,99.0,3.0,6.0,3.0,,131.0,,1.0,,,,,,,3.0,3.0,3.0,11.0,12.0,0.9999148437399381
410.0,2.0,56.0,5.0,3.0,2.0,16.0,3.0,1.0,6.0,1.0,,,,,,1.0,,1.0,,,,,,,,,,,,,1.0,,,,6.0,4.0,2.0,2.0,1.0,1.0,1.0,1.0,2.0,1.0,3.0,3.0,1.0,1.0,3.0,2.0,1.0,1.0,1.0,2.0,2.0,1.0,4.0,1.0,1.0,3.0,5.0,7.0,2.0,3.0,0.0,3.0,1.0,0.0,0.0,0.0,1.0,0.0,3.0,8.0,3.0,1.0,3.0,1.0,3.0,1.0,1.0,3.0,4.0,,,1.0,,,1.0,1.0,,,,,,,,,5.0,4.0,1.0,4.0,1.0,6.0,1.0,,,,,,1.0,5.0,4.0,0.0,0.0,0.0,0.0,5.0,0.0,0.0,1.0,0.0,2.0,0.0,5.0,2.0,5.0,0.0,0.0,3.0,1.0,6.0,0.0,1.0,4.0,6.0,5.0,,,,,,,,1.0,8.0,8.0,5.0,8.0,8.0,8.0,8.0,8.0,8.0,5.0,4.0,4.0,4.0,1.0,1.0,1.0,1.0,1.0,1.0,1.0,1.0,,3.0,4.0,3.0,3.0,3.0,3.0,3.0,3.0,3.0,3.0,3.0,3.0,3.0,3.0,3.0,3.0,2.0,2.0,2.0,2.0,3.0,3.0,3.0,,1.0,,,1.0,,,,,,,,1.0,,,,,,,,,1.0,99.0,99.0,99.0,99.0,99.0,99.0,99.0,99.0,99.0,99.0,99.0,99.0,99.0,99.0,99.0,99.0,3.0,5.0,2.0,9.0,,1.0,,,,,,,,3.0,3.0,3.0,12.0,11.0,0.6977797991001128
411.0,1.0,51.0,4.0,5.0,2.0,16.0,4.0,1.0,4.0,1.0,,,,1.0,,,,,,,,,,,,,1.0,,,,1.0,,,,3.0,3.0,2.0,3.0,3.0,3.0,3.0,3.0,3.0,3.0,3.0,3.0,3.0,3.0,3.0,3.0,3.0,3.0,4.0,4.0,4.0,4.0,4.0,4.0,4.0,7.0,9.0,8.0,9.0,2.0,8.0,7.0,8.0,8.0,1.0,7.0,7.0,7.0,7.0,7.0,8.0,2.0,2.0,2.0,1.0,2.0,2.0,2.0,3.0,,,,,,,,,,1.0,1.0,,,1.0,,4.0,4.0,4.0,4.0,2.0,,4.0,1.0,1.0,,,,,3.0,2.0,2.0,6.0,5.0,0.0,3.0,6.0,6.0,7.0,7.0,8.0,4.0,9.0,9.0,0.0,0.0,2.0,1.0,0.0,3.0,4.0,2.0,0.0,4.0,3.0,1.0,1.0,1.0,1.0,1.0,1.0,1.0,,4.0,4.0,4.0,2.0,1.0,1.0,4.0,4.0,2.0,2.0,2.0,2.0,2.0,2.0,,,,,,1.0,1.0,,1.0,1.0,2.0,1.0,1.0,3.0,1.0,1.0,3.0,1.0,1.0,3.0,1.0,2.0,1.0,3.0,2.0,2.0,2.0,2.0,5.0,2.0,2.0,,1.0,1.0,,,,,,1.0,1.0,1.0,,,,1.0,,1.0,1.0,1.0,1.0,,,0.0,7.0,3.0,7.0,2.0,4.0,10.0,10.0,8.0,10.0,10.0,4.0,8.0,6.0,3.0,0.0,6.0,1.0,1.0,,,,,1.0,1.0,,,,,1.0,1.0,2.0,4.0,4.0,0.3805152045370245
412.0,2.0,47.0,4.0,1.0,3.0,16.0,5.0,1.0,3.0,1.0,,,,,,,,,,1.0,1.0,1.0,,,,,,,,,,,,,5.0,3.0,2.0,1.0,1.0,1.0,3.0,3.0,3.0,1.0,1.0,3.0,3.0,2.0,3.0,3.0,1.0,1.0,1.0,2.0,1.0,3.0,1.0,1.0,1.0,6.0,0.0,0.0,0.0,0.0,0.0,0.0,5.0,0.0,0.0,0.0,6.0,0.0,5.0,0.0,0.0,3.0,3.0,3.0,3.0,3.0,3.0,3.0,4.0,1.0,,,,,1.0,1.0,,,,,,,,,2.0,4.0,1.0,4.0,2.0,,4.0,,,,,,1.0,5.0,3.0,0.0,0.0,0.0,0.0,7.0,0.0,0.0,0.0,0.0,0.0,0.0,0.0,4.0,0.0,0.0,0.0,0.0,0.0,4.0,0.0,0.0,0.0,2.0,2.0,,,,,,,,1.0,7.0,8.0,8.0,7.0,7.0,8.0,8.0,8.0,8.0,4.0,4.0,4.0,3.0,1.0,1.0,1.0,1.0,1.0,1.0,1.0,,,1.0,4.0,3.0,3.0,2.0,3.0,3.0,3.0,3.0,3.0,3.0,3.0,3.0,2.0,2.0,3.0,5.0,5.0,5.0,5.0,3.0,3.0,3.0,1.0,,,,,1.0,,,,,,,1.0,,,,,,,,,1.0,10.0,0.0,0.0,0.0,0.0,2.0,1.0,7.0,0.0,0.0,0.0,0.0,0.0,0.0,0.0,99.0,7.0,1.0,1.0,,,,1.0,,,,,,,1.0,1.0,1.0,7.0,6.0,1.1472086979131455
413.0,1.0,53.0,4.0,5.0,2.0,16.0,6.0,1.0,2.0,1.0,,,,,,1.0,,,,,,,,,,,1.0,,,,1.0,,,,2.0,2.0,3.0,3.0,3.0,3.0,3.0,3.0,3.0,3.0,3.0,3.0,3.0,3.0,3.0,3.0,3.0,2.0,4.0,4.0,2.0,4.0,2.0,4.0,3.0,4.0,5.0,5.0,5.0,2.0,5.0,7.0,8.0,8.0,2.0,4.0,8.0,5.0,8.0,5.0,8.0,2.0,1.0,1.0,1.0,1.0,1.0,1.0,4.0,1.0,,,,1.0,,,,,1.0,,,,,,4.0,4.0,3.0,4.0,2.0,,4.0,1.0,,,,,,2.0,2.0,0.0,7.0,0.0,0.0,8.0,8.0,4.0,6.0,7.0,8.0,0.0,5.0,8.0,10.0,0.0,8.0,2.0,5.0,8.0,2.0,2.0,2.0,4.0,2.0,,1.0,1.0,1.0,1.0,1.0,1.0,,1.0,1.0,1.0,1.0,1.0,1.0,1.0,1.0,1.0,3.0,1.0,2.0,1.0,2.0,,,,,,1.0,1.0,,1.0,3.0,3.0,3.0,1.0,1.0,3.0,3.0,3.0,1.0,3.0,3.0,3.0,3.0,3.0,3.0,2.0,2.0,2.0,1.0,1.0,1.0,1.0,,1.0,,1.0,,,,1.0,1.0,1.0,,,,,1.0,,,,1.0,,,,6.0,6.0,2.0,4.0,4.0,4.0,8.0,10.0,10.0,10.0,10.0,4.0,6.0,4.0,4.0,0.0,8.0,4.0,1.0,,,,1.0,,,1.0,,,,2.0,2.0,2.0,1.0,1.0,0.3666106850862128
414.0,2.0,71.0,6.0,3.0,2.0,16.0,6.0,2.0,4.0,1.0,,,,,,1.0,,,,,,,,,,,1.0,,,,,1.0,,,3.0,3.0,4.0,,1.0,1.0,3.0,3.0,3.0,2.0,1.0,3.0,3.0,3.0,3.0,3.0,1.0,3.0,3.0,4.0,3.0,3.0,4.0,4.0,4.0,4.0,4.0,7.0,4.0,0.0,3.0,4.0,8.0,4.0,4.0,4.0,6.0,3.0,6.0,5.0,3.0,2.0,1.0,1.0,1.0,1.0,2.0,1.0,3.0,,,1.0,,,1.0,,1.0,,,,,,,,2.0,3.0,3.0,3.0,1.0,4.0,3.0,1.0,1.0,,,,,3.0,3.0,4.0,5.0,5.0,1.0,5.0,7.0,3.0,5.0,2.0,4.0,1.0,4.0,4.0,0.0,0.0,4.0,2.0,2.0,2.0,3.0,7.0,0.0,4.0,2.0,,,,1.0,,,1.0,,1.0,1.0,1.0,1.0,1.0,1.0,3.0,1.0,1.0,3.0,3.0,3.0,3.0,3.0,,,,1.0,,1.0,1.0,,1.0,2.0,3.0,3.0,1.0,1.0,1.0,1.0,1.0,1.0,1.0,1.0,1.0,2.0,3.0,3.0,2.0,2.0,2.0,2.0,2.0,1.0,1.0,1.0,,1.0,,,,,,,1.0,,,,,,,,,1.0,1.0,,,3.0,4.0,1.0,3.0,3.0,2.0,9.0,10.0,6.0,9.0,9.0,4.0,5.0,3.0,1.0,0.0,8.0,5.0,1.0,,,,1.0,,,,,,,2.0,2.0,2.0,1.0,1.0,2.0000704308165775
415.0,1.0,70.0,6.0,1.0,2.0,16.0,4.0,2.0,6.0,1.0,,,,,,,,,,1.0,1.0,,,,,,,,,,1.0,,,,3.0,2.0,4.0,,3.0,1.0,3.0,3.0,3.0,3.0,3.0,3.0,3.0,3.0,3.0,3.0,3.0,3.0,3.0,4.0,3.0,3.0,4.0,2.0,3.0,6.0,8.0,8.0,8.0,3.0,6.0,7.0,7.0,7.0,7.0,6.0,7.0,7.0,7.0,7.0,6.0,1.0,3.0,3.0,1.0,1.0,1.0,1.0,3.0,,,1.0,,,,1.0,,1.0,,,,,,,2.0,4.0,2.0,4.0,1.0,2.0,3.0,,,,,1.0,,3.0,2.0,7.0,7.0,3.0,4.0,8.0,7.0,6.0,6.0,6.0,5.0,4.0,8.0,6.0,4.0,3.0,6.0,7.0,7.0,8.0,3.0,5.0,3.0,3.0,3.0,,,,,,,,1.0,7.0,7.0,7.0,7.0,7.0,1.0,7.0,7.0,7.0,3.0,3.0,3.0,3.0,1.0,,1.0,1.0,1.0,1.0,,,,2.0,3.0,3.0,3.0,1.0,3.0,3.0,3.0,3.0,3.0,3.0,3.0,3.0,2.0,1.0,3.0,3.0,3.0,3.0,3.0,4.0,4.0,4.0,1.0,,,,,1.0,,,,1.0,1.0,,,,1.0,,,,1.0,,,,8.0,6.0,0.0,4.0,1.0,1.0,6.0,8.0,6.0,9.0,7.0,6.0,2.0,3.0,5.0,5.0,4.0,1.0,1.0,,,1.0,,,,,,,,3.0,3.0,3.0,11.0,10.0,1.5852612189222897
416.0,1.0,71.0,6.0,4.0,2.0,16.0,6.0,2.0,2.0,1.0,,,,,,1.0,,,,,,,,,,,1.0,,,,1.0,,,,2.0,2.0,4.0,,3.0,3.0,3.0,3.0,3.0,3.0,3.0,3.0,3.0,3.0,3.0,3.0,3.0,4.0,4.0,4.0,4.0,4.0,4.0,4.0,3.0,5.0,6.0,5.0,4.0,4.0,3.0,6.0,7.0,6.0,2.0,4.0,5.0,4.0,5.0,4.0,5.0,2.0,1.0,1.0,2.0,1.0,2.0,2.0,3.0,,,,,,1.0,,,,,,1.0,,1.0,,4.0,4.0,4.0,4.0,2.0,,3.0,1.0,,,,,,2.0,2.0,6.0,7.0,6.0,0.0,4.0,4.0,6.0,7.0,7.0,7.0,5.0,5.0,5.0,5.0,4.0,7.0,3.0,4.0,5.0,5.0,4.0,4.0,5.0,1.0,1.0,,1.0,1.0,,,,,2.0,2.0,2.0,2.0,2.0,2.0,2.0,2.0,2.0,2.0,2.0,1.0,1.0,3.0,,,,,,1.0,1.0,,1.0,1.0,2.0,2.0,1.0,2.0,1.0,3.0,2.0,1.0,1.0,1.0,1.0,2.0,3.0,2.0,1.0,2.0,1.0,1.0,5.0,1.0,1.0,,1.0,,,,1.0,,,1.0,1.0,,,,,,,,1.0,1.0,,,,2.0,4.0,2.0,5.0,8.0,8.0,9.0,10.0,8.0,7.0,8.0,4.0,6.0,6.0,1.0,0.0,8.0,4.0,1.0,,,,1.0,,,,,,,3.0,3.0,3.0,2.0,2.0,0.9219873013264369
417.0,1.0,69.0,6.0,5.0,3.0,16.0,4.0,2.0,4.0,1.0,,,,,,,,,,,,,,,1.0,,,1.0,1.0,,,,,,2.0,2.0,4.0,,3.0,1.0,3.0,1.0,1.0,3.0,2.0,3.0,1.0,3.0,3.0,1.0,2.0,1.0,2.0,1.0,1.0,4.0,2.0,3.0,3.0,10.0,10.0,10.0,0.0,4.0,10.0,4.0,10.0,10.0,5.0,0.0,5.0,4.0,99.0,0.0,4.0,2.0,1.0,3.0,1.0,1.0,2.0,2.0,4.0,,,,,,,,1.0,,1.0,1.0,,,,,4.0,4.0,3.0,4.0,2.0,,3.0,1.0,,,,,,2.0,2.0,5.0,8.0,0.0,0.0,1.0,5.0,9.0,6.0,5.0,6.0,1.0,9.0,9.0,1.0,1.0,1.0,1.0,5.0,6.0,9.0,1.0,1.0,5.0,1.0,,,1.0,1.0,,,,,2.0,1.0,7.0,7.0,2.0,6.0,6.0,7.0,7.0,1.0,2.0,1.0,3.0,3.0,,,,,,,1.0,,2.0,4.0,2.0,1.0,1.0,1.0,1.0,1.0,2.0,1.0,1.0,1.0,2.0,2.0,1.0,1.0,1.0,1.0,1.0,2.0,4.0,1.0,1.0,,1.0,1.0,,,,,,,,1.0,,,,1.0,,,1.0,,,,,2.0,5.0,5.0,5.0,5.0,5.0,0.0,0.0,10.0,5.0,5.0,5.0,5.0,5.0,0.0,0.0,4.0,1.0,1.0,,,,,,,,1.0,,,2.0,2.0,1.0,11.0,2.0,0.8795376329018724
418.0,2.0,52.0,4.0,2.0,2.0,16.0,7.0,1.0,1.0,2.0,,,,,,1.0,,,,,,,,,,,1.0,,,,1.0,,,,3.0,2.0,2.0,4.0,3.0,3.0,3.0,3.0,3.0,2.0,3.0,3.0,3.0,3.0,3.0,3.0,3.0,1.0,1.0,3.0,2.0,3.0,3.0,3.0,3.0,2.0,5.0,5.0,3.0,3.0,1.0,3.0,6.0,6.0,0.0,5.0,5.0,2.0,1.0,5.0,1.0,2.0,2.0,1.0,1.0,1.0,2.0,1.0,4.0,1.0,,,,,,,1.0,,,,,,1.0,,4.0,4.0,3.0,3.0,1.0,5.0,2.0,1.0,,1.0,,,,3.0,3.0,0.0,5.0,4.0,0.0,3.0,6.0,5.0,3.0,4.0,5.0,2.0,6.0,4.0,3.0,3.0,4.0,3.0,3.0,6.0,3.0,3.0,3.0,5.0,1.0,1.0,1.0,1.0,1.0,1.0,1.0,1.0,,8.0,8.0,8.0,8.0,8.0,8.0,8.0,8.0,8.0,2.0,3.0,3.0,2.0,2.0,,,,,,,,1.0,5.0,5.0,2.0,3.0,1.0,1.0,3.0,3.0,3.0,3.0,3.0,3.0,3.0,2.0,3.0,3.0,2.0,2.0,2.0,2.0,3.0,3.0,3.0,,1.0,1.0,,,,,,,1.0,,,,,,,,1.0,,,,,5.0,99.0,99.0,99.0,99.0,99.0,99.0,99.0,99.0,99.0,99.0,99.0,99.0,99.0,99.0,99.0,7.0,5.0,1.0,,,,1.0,,,1.0,,,,1.0,1.0,1.0,13.0,12.0,1.6415917814018792
419.0,1.0,53.0,4.0,3.0,2.0,16.0,3.0,6.0,6.0,1.0,,,,,,1.0,,,,1.0,,,,,,,,,,,1.0,,,,3.0,2.0,11.0,4.0,3.0,2.0,3.0,3.0,2.0,2.0,2.0,3.0,3.0,3.0,3.0,3.0,2.0,4.0,3.0,4.0,3.0,4.0,3.0,4.0,3.0,9.0,7.0,9.0,6.0,6.0,8.0,7.0,8.0,8.0,0.0,6.0,8.0,6.0,8.0,7.0,5.0,1.0,1.0,1.0,1.0,1.0,1.0,3.0,1.0,,,1.0,,,1.0,1.0,,,,,,,,,1.0,3.0,2.0,2.0,1.0,2.0,2.0,1.0,1.0,,1.0,,,3.0,2.0,5.0,7.0,7.0,6.0,8.0,6.0,5.0,7.0,5.0,8.0,5.0,7.0,8.0,6.0,5.0,8.0,6.0,6.0,6.0,7.0,6.0,5.0,1.0,2.0,1.0,,1.0,1.0,,1.0,,,1.0,1.0,1.0,1.0,1.0,1.0,1.0,1.0,1.0,5.0,5.0,4.0,4.0,1.0,,,1.0,,1.0,1.0,1.0,,2.0,2.0,2.0,2.0,2.0,3.0,3.0,1.0,3.0,3.0,3.0,3.0,3.0,2.0,2.0,2.0,2.0,2.0,2.0,2.0,2.0,1.0,1.0,,1.0,,,,1.0,,1.0,,,,,,,,,,1.0,,1.0,,,5.0,5.0,5.0,5.0,4.0,6.0,8.0,0.0,5.0,8.0,10.0,4.0,7.0,0.0,0.0,0.0,2.0,1.0,1.0,,,,,,,,,1.0,,3.0,3.0,3.0,1.0,1.0,0.5447712704531031
420.0,2.0,39.0,3.0,5.0,1.0,16.0,7.0,1.0,4.0,1.0,,,,,,1.0,,1.0,,,,,,,,,1.0,,,,,,,,2.0,2.0,2.0,3.0,1.0,1.0,3.0,3.0,3.0,3.0,1.0,3.0,3.0,3.0,3.0,3.0,1.0,2.0,4.0,4.0,2.0,3.0,2.0,4.0,3.0,4.0,5.0,4.0,3.0,4.0,2.0,3.0,5.0,4.0,0.0,4.0,2.0,6.0,5.0,6.0,7.0,1.0,1.0,1.0,3.0,1.0,1.0,1.0,4.0,,1.0,,,,,,,,,1.0,,,1.0,,3.0,4.0,2.0,3.0,1.0,4.0,1.0,1.0,1.0,,1.0,,,2.0,2.0,8.0,8.0,5.0,4.0,6.0,5.0,5.0,5.0,6.0,5.0,0.0,4.0,6.0,5.0,0.0,5.0,1.0,2.0,9.0,1.0,0.0,4.0,3.0,5.0,,,,,1.0,,1.0,,8.0,1.0,8.0,8.0,8.0,1.0,1.0,4.0,8.0,4.0,3.0,4.0,3.0,1.0,,,,,,,1.0,,1.0,3.0,2.0,2.0,1.0,3.0,1.0,3.0,3.0,1.0,3.0,1.0,1.0,2.0,1.0,2.0,2.0,1.0,1.0,5.0,2.0,1.0,1.0,1.0,,1.0,,,,,,1.0,,1.0,,,,,,,1.0,1.0,,,,4.0,7.0,0.0,2.0,1.0,0.0,9.0,10.0,7.0,7.0,8.0,4.0,2.0,2.0,2.0,0.0,8.0,5.0,1.0,,,,1.0,,,,,,,2.0,3.0,3.0,3.0,3.0,0.6983321205853205
421.0,2.0,55.0,5.0,3.0,2.0,16.0,4.0,1.0,6.0,1.0,1.0,,1.0,,,1.0,,,,,,,,,,,,,,,,,,,3.0,2.0,2.0,4.0,3.0,3.0,3.0,3.0,3.0,3.0,3.0,3.0,3.0,3.0,3.0,3.0,3.0,4.0,3.0,4.0,4.0,4.0,4.0,4.0,3.0,8.0,7.0,6.0,7.0,7.0,8.0,5.0,7.0,6.0,7.0,6.0,7.0,7.0,6.0,5.0,6.0,2.0,1.0,1.0,1.0,1.0,1.0,2.0,5.0,,,1.0,,,,,,,,1.0,1.0,,,,1.0,2.0,1.0,3.0,2.0,,4.0,,,1.0,,,,3.0,2.0,6.0,7.0,3.0,3.0,7.0,6.0,5.0,6.0,6.0,5.0,2.0,6.0,6.0,6.0,4.0,5.0,5.0,5.0,6.0,5.0,5.0,6.0,5.0,2.0,1.0,1.0,1.0,1.0,1.0,1.0,1.0,,2.0,2.0,2.0,2.0,2.0,2.0,2.0,2.0,2.0,3.0,3.0,3.0,3.0,1.0,,,,,,1.0,1.0,,1.0,2.0,3.0,3.0,3.0,3.0,3.0,3.0,3.0,3.0,3.0,3.0,3.0,2.0,3.0,3.0,2.0,2.0,2.0,2.0,2.0,2.0,2.0,,1.0,1.0,,,,,,,1.0,,,,,1.0,,,,,,,,4.0,99.0,4.0,99.0,99.0,99.0,10.0,10.0,6.0,99.0,99.0,99.0,99.0,99.0,99.0,99.0,6.0,6.0,1.0,,,,,,,1.0,,,,2.0,2.0,3.0,2.0,2.0,0.6977797991001128
422.0,2.0,53.0,4.0,5.0,3.0,16.0,5.0,1.0,2.0,1.0,,,,,,1.0,,1.0,,1.0,,,,,,,,,,,,,,,3.0,3.0,3.0,2.0,1.0,1.0,1.0,1.0,2.0,1.0,1.0,2.0,2.0,2.0,1.0,1.0,1.0,1.0,1.0,1.0,1.0,1.0,1.0,1.0,1.0,2.0,2.0,2.0,1.0,1.0,2.0,2.0,2.0,2.0,0.0,2.0,2.0,2.0,2.0,2.0,2.0,1.0,1.0,1.0,1.0,1.0,1.0,3.0,4.0,,,1.0,,,1.0,1.0,,,,,,,,,3.0,3.0,3.0,2.0,1.0,3.0,3.0,1.0,1.0,,,,,4.0,3.0,1.0,1.0,1.0,1.0,1.0,1.0,1.0,0.0,0.0,1.0,1.0,2.0,1.0,0.0,1.0,0.0,1.0,1.0,1.0,1.0,1.0,0.0,2.0,3.0,,,,,,,,1.0,8.0,8.0,8.0,8.0,8.0,8.0,8.0,8.0,8.0,3.0,3.0,3.0,3.0,1.0,,1.0,,1.0,,,,,1.0,3.0,2.0,2.0,2.0,2.0,2.0,2.0,2.0,2.0,2.0,2.0,2.0,2.0,2.0,2.0,1.0,1.0,1.0,1.0,1.0,1.0,1.0,,1.0,,,,1.0,1.0,,,,1.0,,,1.0,1.0,1.0,1.0,1.0,1.0,1.0,,,5.0,7.0,0.0,1.0,1.0,2.0,7.0,7.0,4.0,7.0,8.0,0.0,4.0,0.0,0.0,0.0,7.0,4.0,1.0,,,,1.0,,1.0,,,,,3.0,3.0,3.0,11.0,10.0,0.4894286801791209
423.0,1.0,50.0,4.0,2.0,3.0,16.0,3.0,1.0,4.0,1.0,,,,,,,,,,1.0,,,,,,,1.0,,,,1.0,,,,2.0,2.0,2.0,3.0,3.0,3.0,3.0,3.0,3.0,3.0,3.0,3.0,3.0,3.0,3.0,3.0,3.0,3.0,4.0,3.0,3.0,3.0,2.0,4.0,1.0,8.0,6.0,5.0,6.0,0.0,5.0,5.0,6.0,0.0,0.0,0.0,0.0,0.0,2.0,0.0,0.0,1.0,1.0,1.0,1.0,1.0,1.0,1.0,4.0,,,1.0,,1.0,1.0,,,,,,,,,,5.0,4.0,1.0,5.0,2.0,,4.0,,,,,,1.0,3.0,2.0,0.0,1.0,0.0,0.0,5.0,0.0,0.0,1.0,0.0,0.0,0.0,5.0,7.0,3.0,0.0,1.0,1.0,0.0,0.0,2.0,2.0,2.0,6.0,5.0,,,1.0,,,,,,8.0,8.0,8.0,8.0,8.0,8.0,8.0,8.0,8.0,5.0,4.0,4.0,3.0,1.0,,,,,,,,1.0,1.0,4.0,3.0,3.0,3.0,3.0,3.0,3.0,3.0,3.0,3.0,3.0,3.0,3.0,3.0,3.0,2.0,2.0,2.0,2.0,4.0,1.0,1.0,,1.0,,1.0,,,,,,,,,1.0,,,,,,,,,1.0,99.0,99.0,99.0,99.0,99.0,99.0,99.0,99.0,99.0,99.0,99.0,99.0,99.0,99.0,99.0,99.0,3.0,3.0,1.0,,,,1.0,,,1.0,,,,3.0,3.0,3.0,13.0,12.0,0.9414112250537816
424.0,2.0,47.0,4.0,3.0,2.0,16.0,4.0,1.0,6.0,1.0,,,,1.0,,,,,,,,,,,,1.0,,,,,1.0,,,,3.0,2.0,2.0,4.0,2.0,2.0,3.0,3.0,3.0,2.0,3.0,3.0,3.0,3.0,3.0,3.0,3.0,2.0,3.0,3.0,3.0,3.0,4.0,2.0,2.0,4.0,4.0,5.0,4.0,5.0,3.0,3.0,5.0,5.0,4.0,5.0,5.0,4.0,4.0,5.0,3.0,1.0,3.0,3.0,1.0,3.0,3.0,3.0,4.0,,,,1.0,,,1.0,,,1.0,,,,,,3.0,3.0,3.0,3.0,2.0,,2.0,,,,,1.0,,3.0,2.0,3.0,4.0,3.0,1.0,5.0,6.0,2.0,4.0,5.0,4.0,3.0,5.0,4.0,4.0,3.0,4.0,4.0,4.0,3.0,4.0,4.0,3.0,4.0,3.0,,,,1.0,,,,,8.0,8.0,8.0,8.0,8.0,8.0,8.0,8.0,8.0,5.0,3.0,5.0,3.0,1.0,,,,,,,1.0,,5.0,5.0,3.0,1.0,1.0,1.0,1.0,1.0,1.0,1.0,1.0,1.0,1.0,1.0,1.0,1.0,5.0,5.0,5.0,5.0,3.0,3.0,3.0,1.0,1.0,,,,,,,,,,,1.0,,,,,,,,,1.0,4.0,5.0,5.0,6.0,99.0,3.0,5.0,99.0,6.0,99.0,99.0,99.0,99.0,99.0,99.0,99.0,5.0,6.0,1.0,,,1.0,,,,,,,,2.0,2.0,2.0,12.0,11.0,0.560585515109492
425.0,2.0,19.0,1.0,1.0,2.0,16.0,4.0,5.0,2.0,1.0,1.0,,,,,,,,,,,,,,1.0,,,,,,1.0,,,,2.0,2.0,10.0,,2.0,1.0,3.0,3.0,3.0,3.0,3.0,3.0,3.0,3.0,1.0,3.0,2.0,3.0,3.0,3.0,2.0,4.0,2.0,3.0,3.0,7.0,8.0,8.0,6.0,7.0,7.0,6.0,6.0,6.0,5.0,7.0,8.0,6.0,7.0,5.0,7.0,2.0,2.0,1.0,1.0,2.0,2.0,1.0,3.0,1.0,,1.0,,,,,1.0,,,,,,,,2.0,2.0,2.0,3.0,2.0,,3.0,1.0,,,,,,2.0,2.0,6.0,7.0,6.0,6.0,7.0,7.0,7.0,6.0,6.0,7.0,5.0,7.0,7.0,6.0,5.0,6.0,6.0,6.0,7.0,6.0,6.0,7.0,4.0,2.0,1.0,1.0,1.0,1.0,1.0,1.0,1.0,,1.0,1.0,1.0,1.0,1.0,1.0,1.0,1.0,1.0,2.0,2.0,2.0,2.0,2.0,,,,,,1.0,1.0,,1.0,2.0,3.0,2.0,1.0,1.0,1.0,1.0,1.0,1.0,1.0,1.0,1.0,2.0,3.0,2.0,2.0,2.0,2.0,2.0,2.0,1.0,1.0,,1.0,,,,1.0,,,1.0,1.0,1.0,,,,,,1.0,1.0,1.0,1.0,,,2.0,2.0,1.0,0.0,1.0,1.0,9.0,10.0,7.0,8.0,9.0,5.0,8.0,5.0,0.0,0.0,4.0,4.0,1.0,,,,,1.0,1.0,,1.0,,,2.0,2.0,2.0,11.0,10.0,1.3018521404127112
426.0,2.0,60.0,5.0,3.0,2.0,16.0,6.0,1.0,3.0,1.0,,,,,,1.0,,,,,,,,,1.0,,,,,,1.0,,,,2.0,3.0,2.0,5.0,3.0,2.0,3.0,3.0,3.0,3.0,1.0,3.0,3.0,3.0,3.0,3.0,3.0,3.0,3.0,4.0,2.0,4.0,4.0,4.0,4.0,6.0,6.0,7.0,6.0,4.0,7.0,7.0,8.0,7.0,6.0,6.0,6.0,4.0,5.0,7.0,7.0,2.0,2.0,2.0,1.0,2.0,2.0,2.0,2.0,1.0,,,,,,,,,,1.0,,,1.0,,4.0,4.0,4.0,4.0,2.0,,3.0,1.0,1.0,,,,,2.0,1.0,3.0,6.0,5.0,0.0,4.0,6.0,7.0,6.0,6.0,5.0,2.0,6.0,6.0,5.0,5.0,6.0,1.0,1.0,7.0,4.0,4.0,4.0,5.0,2.0,1.0,1.0,1.0,1.0,1.0,1.0,1.0,,2.0,1.0,2.0,2.0,1.0,1.0,2.0,1.0,1.0,3.0,5.0,2.0,2.0,2.0,,,,,,1.0,1.0,,1.0,2.0,3.0,3.0,1.0,3.0,1.0,1.0,3.0,1.0,3.0,3.0,1.0,2.0,3.0,3.0,2.0,2.0,1.0,2.0,1.0,1.0,1.0,,,1.0,,,1.0,,,1.0,1.0,1.0,,,,1.0,1.0,1.0,1.0,1.0,1.0,,,0.0,7.0,1.0,6.0,2.0,3.0,9.0,10.0,9.0,10.0,10.0,4.0,4.0,3.0,0.0,0.0,8.0,5.0,2.0,7.0,,1.0,,,,,,,,3.0,3.0,3.0,2.0,4.0,0.6739093504719693
427.0,2.0,59.0,5.0,5.0,1.0,16.0,3.0,2.0,7.0,1.0,,,,,,,,,,,,1.0,,,,,,,,,1.0,,1.0,,6.0,2.0,12.0,,1.0,1.0,3.0,1.0,3.0,1.0,3.0,3.0,3.0,3.0,3.0,3.0,1.0,4.0,3.0,4.0,2.0,4.0,4.0,4.0,1.0,5.0,5.0,5.0,5.0,6.0,6.0,5.0,6.0,4.0,5.0,5.0,5.0,5.0,7.0,6.0,5.0,2.0,2.0,1.0,1.0,1.0,1.0,2.0,3.0,1.0,,1.0,,,,,1.0,,,,,,,,5.0,5.0,5.0,4.0,2.0,,4.0,,,,,,1.0,6.0,2.0,5.0,5.0,3.0,6.0,7.0,5.0,7.0,7.0,5.0,5.0,5.0,7.0,5.0,7.0,2.0,8.0,6.0,7.0,7.0,5.0,5.0,7.0,3.0,5.0,,,,,,,1.0,,8.0,8.0,8.0,8.0,8.0,8.0,8.0,8.0,8.0,4.0,5.0,5.0,5.0,1.0,,,,,,,,1.0,4.0,2.0,2.0,2.0,3.0,3.0,3.0,3.0,3.0,1.0,1.0,3.0,1.0,3.0,2.0,3.0,2.0,2.0,2.0,2.0,3.0,1.0,1.0,,1.0,,1.0,,,,,,1.0,,,,,,1.0,,,1.0,,,,99.0,5.0,0.0,99.0,0.0,99.0,9.0,10.0,5.0,7.0,7.0,99.0,99.0,99.0,99.0,99.0,3.0,1.0,2.0,17.0,,1.0,,,,,,,,3.0,3.0,3.0,12.0,11.0,1.9747922232604511
428.0,1.0,49.0,4.0,5.0,1.0,16.0,4.0,1.0,2.0,1.0,,,,,,,1.0,,,,,1.0,,,,,,,,,1.0,,,,2.0,3.0,2.0,3.0,3.0,3.0,3.0,3.0,3.0,3.0,3.0,3.0,3.0,3.0,3.0,3.0,3.0,3.0,2.0,4.0,2.0,3.0,1.0,2.0,2.0,0.0,3.0,99.0,99.0,3.0,3.0,4.0,7.0,4.0,3.0,5.0,99.0,3.0,3.0,99.0,99.0,2.0,1.0,1.0,1.0,1.0,1.0,1.0,4.0,1.0,,,,,1.0,,,,,1.0,,,,,3.0,3.0,3.0,5.0,2.0,,4.0,,,,,,1.0,3.0,3.0,0.0,0.0,0.0,0.0,7.0,3.0,3.0,0.0,2.0,2.0,0.0,7.0,0.0,3.0,0.0,4.0,2.0,2.0,7.0,0.0,0.0,0.0,3.0,2.0,,,1.0,1.0,,,,,8.0,8.0,8.0,8.0,8.0,8.0,8.0,8.0,8.0,4.0,4.0,2.0,2.0,2.0,,,,,,1.0,1.0,,1.0,2.0,2.0,2.0,1.0,1.0,1.0,2.0,1.0,1.0,3.0,1.0,3.0,2.0,3.0,3.0,2.0,1.0,1.0,5.0,2.0,2.0,1.0,,1.0,,1.0,,,,,1.0,1.0,1.0,,,,,,1.0,1.0,1.0,1.0,,,4.0,6.0,2.0,3.0,4.0,1.0,7.0,10.0,6.0,9.0,9.0,6.0,5.0,5.0,0.0,0.0,6.0,6.0,1.0,,,,1.0,,,1.0,,,,2.0,2.0,3.0,12.0,11.0,0.586342073234104
429.0,1.0,54.0,4.0,5.0,3.0,16.0,4.0,1.0,4.0,1.0,,,,,,1.0,,1.0,,,,,,,,,,,,,1.0,,,,2.0,2.0,2.0,4.0,2.0,1.0,3.0,3.0,3.0,2.0,3.0,3.0,3.0,1.0,3.0,3.0,2.0,3.0,3.0,4.0,2.0,4.0,2.0,4.0,2.0,6.0,5.0,5.0,4.0,4.0,4.0,5.0,6.0,3.0,3.0,5.0,4.0,4.0,6.0,3.0,5.0,1.0,1.0,1.0,1.0,1.0,1.0,1.0,4.0,1.0,,,,,,,,1.0,,,,,1.0,,2.0,4.0,3.0,3.0,2.0,,3.0,1.0,1.0,,1.0,,,3.0,2.0,4.0,5.0,4.0,1.0,6.0,6.0,5.0,4.0,3.0,4.0,0.0,5.0,5.0,3.0,3.0,1.0,3.0,4.0,6.0,4.0,5.0,5.0,4.0,3.0,,,,1.0,1.0,1.0,1.0,,8.0,3.0,3.0,3.0,1.0,1.0,8.0,8.0,1.0,4.0,3.0,2.0,2.0,1.0,,1.0,,,,1.0,1.0,,1.0,3.0,2.0,2.0,1.0,1.0,1.0,1.0,1.0,1.0,1.0,1.0,1.0,2.0,2.0,2.0,2.0,2.0,2.0,2.0,1.0,1.0,1.0,,1.0,,1.0,,,,,1.0,1.0,1.0,,,,1.0,1.0,1.0,1.0,1.0,1.0,,,5.0,5.0,0.0,4.0,4.0,4.0,10.0,10.0,5.0,10.0,9.0,0.0,4.0,0.0,0.0,0.0,6.0,3.0,1.0,,,,,,1.0,,,,,2.0,2.0,3.0,3.0,3.0,0.49366079206413993
430.0,1.0,51.0,4.0,5.0,2.0,16.0,4.0,1.0,6.0,1.0,,,,,,,,1.0,,,,,,,,,1.0,,,,1.0,,,,3.0,3.0,2.0,3.0,3.0,2.0,3.0,3.0,2.0,3.0,3.0,3.0,3.0,3.0,3.0,3.0,2.0,4.0,4.0,4.0,4.0,4.0,4.0,4.0,3.0,5.0,6.0,6.0,5.0,2.0,2.0,3.0,6.0,6.0,0.0,3.0,4.0,0.0,4.0,3.0,0.0,2.0,1.0,1.0,1.0,1.0,2.0,1.0,4.0,,,,,,1.0,,,,,1.0,,1.0,,,2.0,3.0,1.0,4.0,2.0,,4.0,,,,,1.0,,4.0,3.0,3.0,4.0,1.0,4.0,3.0,1.0,3.0,3.0,3.0,5.0,0.0,6.0,7.0,0.0,0.0,0.0,0.0,2.0,5.0,6.0,4.0,0.0,4.0,2.0,,1.0,1.0,,,,,,8.0,5.0,8.0,3.0,3.0,2.0,3.0,5.0,4.0,4.0,3.0,4.0,4.0,1.0,,,,,,1.0,1.0,,1.0,1.0,2.0,2.0,1.0,3.0,1.0,3.0,2.0,3.0,3.0,1.0,3.0,2.0,3.0,3.0,2.0,2.0,2.0,2.0,3.0,1.0,1.0,,1.0,1.0,,,,,,,,1.0,,,,,,,,1.0,,,,4.0,2.0,3.0,3.0,3.0,3.0,9.0,10.0,3.0,4.0,8.0,7.0,7.0,7.0,3.0,1.0,5.0,1.0,1.0,,,,1.0,,,1.0,,,,3.0,3.0,3.0,12.0,11.0,0.3495454529394512
431.0,2.0,37.0,3.0,3.0,2.0,16.0,9.0,1.0,5.0,1.0,,,,,,,,,,1.0,,,,,,,,,,,,,,,3.0,3.0,12.0,,4.0,4.0,4.0,4.0,4.0,4.0,4.0,4.0,4.0,4.0,4.0,4.0,4.0,5.0,5.0,5.0,5.0,5.0,5.0,5.0,5.0,8.0,7.0,5.0,7.0,7.0,8.0,7.0,6.0,7.0,7.0,0.0,7.0,5.0,7.0,7.0,4.0,3.0,3.0,3.0,3.0,3.0,3.0,3.0,5.0,,,,,,,1.0,,,1.0,,,1.0,,,5.0,5.0,5.0,2.0,2.0,,4.0,,,,,,1.0,6.0,4.0,7.0,6.0,5.0,6.0,99.0,6.0,7.0,5.0,7.0,7.0,7.0,6.0,6.0,7.0,7.0,8.0,8.0,5.0,8.0,8.0,8.0,7.0,6.0,5.0,,,,,,,,1.0,8.0,8.0,8.0,8.0,8.0,8.0,8.0,8.0,8.0,5.0,5.0,5.0,5.0,3.0,,,,,,,,1.0,5.0,5.0,3.0,3.0,3.0,3.0,3.0,3.0,3.0,2.0,3.0,3.0,3.0,3.0,3.0,3.0,5.0,5.0,5.0,5.0,5.0,5.0,5.0,,,1.0,,1.0,,,,,,,,1.0,,,,,,,,,1.0,99.0,99.0,99.0,99.0,99.0,99.0,99.0,99.0,99.0,99.0,99.0,99.0,99.0,99.0,99.0,99.0,3.0,6.0,3.0,,83.0,,1.0,,,,,,,3.0,3.0,3.0,13.0,12.0,0.6626211957925897
432.0,1.0,68.0,6.0,1.0,2.0,16.0,4.0,2.0,4.0,1.0,,,1.0,,,,,,,,,,,,,,1.0,,,1.0,,,,,3.0,2.0,4.0,,3.0,3.0,3.0,3.0,3.0,3.0,3.0,3.0,3.0,3.0,3.0,3.0,3.0,4.0,3.0,4.0,3.0,4.0,4.0,5.0,4.0,0.0,6.0,99.0,0.0,0.0,5.0,5.0,8.0,6.0,0.0,99.0,99.0,5.0,99.0,5.0,0.0,2.0,2.0,2.0,2.0,2.0,2.0,2.0,4.0,,,,,,,,,1.0,1.0,,,,1.0,,3.0,3.0,4.0,4.0,2.0,,4.0,,,,,,1.0,3.0,2.0,5.0,5.0,0.0,1.0,6.0,5.0,5.0,0.0,1.0,0.0,99.0,99.0,1.0,0.0,0.0,5.0,0.0,0.0,10.0,8.0,0.0,1.0,3.0,3.0,,,,1.0,,1.0,,,8.0,8.0,8.0,8.0,8.0,8.0,8.0,8.0,8.0,4.0,2.0,2.0,2.0,2.0,,,,,,,1.0,,2.0,3.0,2.0,3.0,2.0,1.0,1.0,2.0,3.0,1.0,1.0,3.0,2.0,2.0,3.0,3.0,3.0,3.0,3.0,3.0,1.0,1.0,1.0,1.0,,1.0,,,,,,,,,1.0,,,1.0,,,,,,,,5.0,5.0,3.0,2.0,5.0,5.0,10.0,10.0,5.0,10.0,10.0,5.0,5.0,5.0,0.0,0.0,6.0,3.0,1.0,,,,1.0,,,,,,,3.0,3.0,3.0,11.0,10.0,1.7257154738823572
433.0,2.0,49.0,4.0,2.0,2.0,16.0,4.0,2.0,4.0,1.0,,,1.0,,,,,,,,,,,,,,1.0,,,,1.0,,,,3.0,3.0,4.0,,2.0,1.0,3.0,3.0,3.0,2.0,1.0,3.0,3.0,1.0,3.0,3.0,1.0,3.0,1.0,3.0,2.0,4.0,1.0,3.0,2.0,4.0,6.0,6.0,6.0,5.0,6.0,6.0,5.0,8.0,5.0,6.0,6.0,6.0,5.0,5.0,6.0,2.0,1.0,1.0,1.0,2.0,2.0,3.0,4.0,,,1.0,,,1.0,,,,,1.0,,,,,2.0,2.0,5.0,3.0,2.0,,5.0,1.0,1.0,,1.0,,,6.0,4.0,5.0,5.0,4.0,5.0,6.0,5.0,5.0,4.0,4.0,5.0,2.0,6.0,4.0,5.0,4.0,5.0,4.0,5.0,4.0,4.0,4.0,5.0,6.0,5.0,,,,,,,,1.0,8.0,8.0,8.0,8.0,8.0,8.0,8.0,8.0,8.0,5.0,5.0,5.0,2.0,1.0,,,,,,,,1.0,1.0,5.0,3.0,3.0,3.0,3.0,3.0,3.0,3.0,3.0,3.0,3.0,3.0,3.0,3.0,3.0,2.0,2.0,2.0,2.0,2.0,1.0,1.0,1.0,1.0,,,,,,,,,,,1.0,,,,,,,,,1.0,5.0,5.0,5.0,5.0,5.0,5.0,5.0,5.0,5.0,99.0,99.0,99.0,99.0,99.0,99.0,99.0,4.0,6.0,1.0,,,,,1.0,1.0,1.0,1.0,,,2.0,2.0,3.0,12.0,11.0,0.7467073518893951
434.0,2.0,35.0,3.0,3.0,2.0,16.0,5.0,1.0,4.0,1.0,,,,,,,,1.0,,1.0,,,,,,,,,,,1.0,,,,2.0,2.0,1.0,5.0,2.0,2.0,3.0,3.0,3.0,1.0,1.0,3.0,3.0,2.0,1.0,1.0,2.0,2.0,3.0,2.0,2.0,3.0,3.0,3.0,3.0,6.0,5.0,7.0,3.0,1.0,3.0,2.0,10.0,8.0,3.0,6.0,4.0,4.0,7.0,6.0,4.0,2.0,3.0,1.0,1.0,3.0,2.0,3.0,4.0,,,1.0,,,1.0,1.0,,,,,,,,,1.0,2.0,1.0,3.0,2.0,,2.0,1.0,1.0,1.0,,,,2.0,2.0,5.0,7.0,5.0,2.0,4.0,7.0,3.0,7.0,7.0,6.0,1.0,7.0,6.0,5.0,3.0,7.0,5.0,5.0,7.0,7.0,5.0,2.0,4.0,2.0,1.0,1.0,,1.0,1.0,,,,2.0,4.0,2.0,6.0,6.0,1.0,4.0,5.0,2.0,2.0,2.0,2.0,2.0,2.0,,,,,,,,1.0,1.0,2.0,2.0,1.0,1.0,1.0,1.0,1.0,3.0,3.0,3.0,1.0,3.0,2.0,3.0,3.0,1.0,1.0,1.0,1.0,2.0,2.0,2.0,1.0,1.0,,,,,,,,1.0,,,,,,,,1.0,,1.0,,,3.0,5.0,0.0,3.0,0.0,0.0,9.0,10.0,6.0,10.0,3.0,4.0,99.0,99.0,0.0,0.0,6.0,5.0,1.0,,,,,,1.0,,,,,2.0,2.0,2.0,2.0,10.0,0.6804976313079988
435.0,1.0,60.0,5.0,3.0,2.0,16.0,4.0,1.0,2.0,1.0,,,,,,,1.0,,,,,,,,,,1.0,,,,,1.0,,,2.0,4.0,1.0,4.0,3.0,3.0,3.0,3.0,3.0,3.0,3.0,3.0,3.0,3.0,3.0,3.0,3.0,4.0,4.0,4.0,3.0,4.0,4.0,4.0,4.0,5.0,7.0,7.0,6.0,6.0,7.0,6.0,7.0,7.0,3.0,7.0,7.0,7.0,5.0,5.0,6.0,2.0,1.0,2.0,1.0,1.0,2.0,2.0,5.0,1.0,,,,1.0,,,,,,,1.0,,,,3.0,3.0,2.0,5.0,2.0,,3.0,1.0,1.0,,1.0,,,3.0,4.0,7.0,7.0,6.0,5.0,7.0,6.0,8.0,7.0,5.0,8.0,0.0,7.0,7.0,7.0,0.0,4.0,7.0,5.0,7.0,8.0,7.0,6.0,6.0,4.0,,,,,,,,1.0,8.0,8.0,8.0,8.0,8.0,8.0,8.0,8.0,8.0,3.0,4.0,3.0,2.0,1.0,,,,,,,,1.0,2.0,4.0,3.0,3.0,3.0,3.0,3.0,3.0,3.0,1.0,1.0,3.0,1.0,3.0,3.0,2.0,1.0,1.0,1.0,1.0,3.0,1.0,2.0,,,1.0,,,1.0,,,,,,,1.0,,1.0,,1.0,1.0,,,,,99.0,8.0,2.0,5.0,1.0,3.0,7.0,10.0,5.0,7.0,8.0,5.0,7.0,7.0,5.0,1.0,6.0,6.0,2.0,8.0,,,1.0,,,1.0,,,,3.0,3.0,3.0,11.0,10.0,0.6703957268725725
436.0,2.0,58.0,5.0,1.0,2.0,16.0,5.0,6.0,4.0,1.0,1.0,,,,,1.0,,,,,,,,,,,,,,,1.0,,,,3.0,3.0,11.0,5.0,3.0,3.0,3.0,3.0,3.0,3.0,3.0,3.0,3.0,3.0,3.0,3.0,3.0,2.0,3.0,3.0,2.0,3.0,3.0,3.0,3.0,1.0,9.0,8.0,6.0,2.0,7.0,3.0,9.0,7.0,0.0,6.0,7.0,5.0,99.0,5.0,1.0,1.0,1.0,1.0,1.0,1.0,1.0,3.0,3.0,1.0,,1.0,,,,,,,1.0,,,,,,2.0,3.0,2.0,3.0,2.0,,4.0,,1.0,,,1.0,,4.0,3.0,7.0,7.0,4.0,1.0,7.0,8.0,6.0,4.0,4.0,6.0,7.0,9.0,2.0,3.0,0.0,6.0,7.0,6.0,8.0,7.0,7.0,3.0,3.0,5.0,,,,1.0,,,1.0,,8.0,8.0,8.0,7.0,8.0,8.0,8.0,8.0,8.0,4.0,4.0,4.0,2.0,1.0,,,,,,,,1.0,1.0,3.0,2.0,2.0,3.0,3.0,3.0,3.0,3.0,3.0,3.0,3.0,3.0,2.0,2.0,3.0,2.0,2.0,2.0,2.0,2.0,1.0,1.0,1.0,1.0,,,,,,,,1.0,1.0,,,,1.0,,,,1.0,,,,99.0,99.0,99.0,99.0,99.0,99.0,99.0,99.0,99.0,99.0,99.0,99.0,99.0,99.0,99.0,99.0,7.0,1.0,1.0,,,,1.0,,,1.0,,,,2.0,2.0,2.0,13.0,12.0,1.240645197558156
437.0,2.0,50.0,4.0,2.0,3.0,16.0,4.0,1.0,4.0,1.0,,,,,1.0,1.0,,,,,,,,,,,,,,,1.0,,,,3.0,2.0,2.0,3.0,3.0,1.0,3.0,3.0,3.0,3.0,3.0,3.0,3.0,3.0,3.0,3.0,3.0,3.0,3.0,4.0,3.0,4.0,4.0,4.0,3.0,5.0,7.0,7.0,4.0,4.0,4.0,5.0,4.0,3.0,5.0,4.0,3.0,5.0,3.0,5.0,5.0,2.0,1.0,1.0,1.0,1.0,2.0,3.0,3.0,,,,,1.0,,,1.0,1.0,,,,,,,3.0,3.0,5.0,3.0,2.0,,3.0,1.0,,,1.0,,,3.0,2.0,5.0,5.0,3.0,4.0,6.0,5.0,6.0,4.0,4.0,4.0,4.0,5.0,5.0,3.0,2.0,3.0,3.0,2.0,7.0,4.0,5.0,2.0,3.0,5.0,1.0,1.0,1.0,1.0,1.0,1.0,1.0,,8.0,8.0,8.0,8.0,8.0,8.0,8.0,8.0,8.0,3.0,5.0,2.0,2.0,3.0,,,,,,,1.0,,1.0,3.0,3.0,3.0,3.0,3.0,3.0,3.0,3.0,3.0,3.0,3.0,3.0,3.0,3.0,3.0,1.0,1.0,1.0,1.0,2.0,2.0,2.0,,1.0,,1.0,,,1.0,1.0,1.0,1.0,1.0,,,1.0,1.0,1.0,1.0,1.0,1.0,1.0,,,99.0,99.0,4.0,6.0,99.0,0.0,7.0,10.0,99.0,99.0,99.0,99.0,99.0,99.0,99.0,99.0,6.0,1.0,1.0,,,,1.0,,,1.0,,,,1.0,1.0,1.0,1.0,11.0,0.9687395887960318
438.0,2.0,53.0,4.0,3.0,2.0,16.0,4.0,1.0,3.0,1.0,,,,,,1.0,,,,,,,,,,1.0,,,,,1.0,,,,3.0,2.0,2.0,3.0,3.0,1.0,3.0,3.0,3.0,3.0,3.0,3.0,3.0,3.0,3.0,3.0,3.0,4.0,4.0,4.0,3.0,4.0,4.0,4.0,3.0,5.0,6.0,6.0,4.0,6.0,4.0,4.0,5.0,4.0,4.0,6.0,5.0,4.0,99.0,5.0,4.0,2.0,3.0,1.0,1.0,3.0,2.0,3.0,3.0,,,1.0,,,,,,1.0,,,,,1.0,,2.0,5.0,3.0,3.0,2.0,,5.0,1.0,1.0,,,,,3.0,2.0,5.0,5.0,5.0,0.0,7.0,5.0,2.0,6.0,5.0,5.0,0.0,6.0,6.0,6.0,4.0,4.0,3.0,4.0,4.0,5.0,4.0,7.0,4.0,2.0,,1.0,,1.0,,,1.0,,8.0,8.0,8.0,8.0,8.0,8.0,8.0,8.0,8.0,3.0,3.0,5.0,2.0,2.0,,,,,,,1.0,,1.0,2.0,2.0,2.0,3.0,3.0,3.0,3.0,3.0,3.0,3.0,3.0,3.0,3.0,3.0,2.0,2.0,2.0,2.0,2.0,4.0,2.0,2.0,1.0,,1.0,,,,,,1.0,1.0,1.0,,,,1.0,,,,1.0,1.0,,,4.0,8.0,8.0,3.0,2.0,3.0,9.0,10.0,5.0,10.0,10.0,7.0,7.0,5.0,0.0,0.0,6.0,4.0,1.0,,,,1.0,,,1.0,,,,1.0,1.0,1.0,3.0,4.0,0.5414083653018315
439.0,1.0,68.0,6.0,4.0,2.0,16.0,5.0,2.0,6.0,1.0,,,,,,,,,,,,,,,,,1.0,,,,1.0,1.0,,,2.0,2.0,4.0,,3.0,3.0,3.0,3.0,3.0,3.0,3.0,3.0,3.0,3.0,3.0,3.0,3.0,4.0,4.0,4.0,3.0,4.0,4.0,4.0,4.0,8.0,7.0,7.0,8.0,2.0,7.0,8.0,8.0,7.0,2.0,5.0,99.0,7.0,6.0,6.0,4.0,2.0,2.0,1.0,1.0,1.0,2.0,2.0,3.0,1.0,,,,,,,,1.0,,,,,1.0,,3.0,4.0,4.0,5.0,2.0,,3.0,1.0,,,,,,2.0,2.0,5.0,6.0,6.0,0.0,8.0,4.0,8.0,6.0,6.0,8.0,2.0,7.0,8.0,8.0,5.0,7.0,3.0,2.0,8.0,5.0,8.0,4.0,3.0,4.0,1.0,,1.0,,,1.0,,,1.0,4.0,4.0,8.0,8.0,1.0,8.0,4.0,5.0,3.0,3.0,2.0,2.0,2.0,,1.0,,,,1.0,1.0,,1.0,2.0,3.0,3.0,3.0,3.0,3.0,3.0,3.0,3.0,3.0,3.0,3.0,2.0,3.0,3.0,2.0,1.0,1.0,2.0,3.0,3.0,3.0,,,1.0,,,1.0,,,1.0,1.0,1.0,,,,,,,1.0,1.0,1.0,,,3.0,6.0,2.0,5.0,2.0,2.0,8.0,10.0,2.0,8.0,8.0,4.0,3.0,1.0,1.0,0.0,7.0,4.0,1.0,,,1.0,,,,,,,,2.0,2.0,1.0,4.0,4.0,0.8790700379362486
440.0,1.0,56.0,5.0,5.0,1.0,16.0,4.0,1.0,4.0,1.0,,,,,,,1.0,,,,,,,,,1.0,1.0,,,,,,,,2.0,2.0,2.0,4.0,3.0,3.0,3.0,3.0,3.0,3.0,3.0,3.0,3.0,3.0,3.0,3.0,3.0,2.0,4.0,4.0,2.0,3.0,4.0,3.0,4.0,5.0,6.0,7.0,5.0,3.0,3.0,3.0,7.0,5.0,3.0,6.0,5.0,6.0,5.0,7.0,4.0,2.0,1.0,1.0,3.0,2.0,2.0,2.0,5.0,1.0,,,,,,,1.0,,,1.0,,,,,4.0,4.0,4.0,4.0,2.0,,2.0,1.0,1.0,,,,,2.0,2.0,3.0,6.0,1.0,0.0,0.0,4.0,4.0,4.0,6.0,3.0,0.0,6.0,6.0,0.0,4.0,3.0,0.0,0.0,6.0,5.0,1.0,0.0,5.0,1.0,1.0,1.0,1.0,1.0,1.0,1.0,1.0,,2.0,2.0,2.0,2.0,2.0,2.0,2.0,2.0,2.0,2.0,2.0,2.0,3.0,3.0,1.0,,1.0,,,1.0,1.0,,2.0,2.0,3.0,3.0,1.0,3.0,1.0,1.0,1.0,1.0,1.0,3.0,3.0,2.0,3.0,3.0,2.0,1.0,1.0,1.0,3.0,1.0,1.0,,,1.0,,,1.0,,,1.0,1.0,,,,,,,,,,,1.0,,2.0,8.0,1.0,5.0,0.0,1.0,8.0,10.0,9.0,9.0,10.0,4.0,6.0,5.0,0.0,0.0,5.0,5.0,1.0,,,,1.0,,,,,,,2.0,2.0,2.0,2.0,2.0,0.7140580741464422
441.0,2.0,23.0,1.0,5.0,2.0,16.0,4.0,1.0,4.0,1.0,1.0,,,1.0,,,,,,,,,,,,,1.0,,,,,,,,2.0,2.0,2.0,3.0,1.0,1.0,2.0,2.0,1.0,2.0,3.0,2.0,2.0,1.0,2.0,2.0,3.0,2.0,1.0,2.0,2.0,3.0,1.0,2.0,3.0,7.0,8.0,8.0,5.0,8.0,9.0,8.0,8.0,6.0,3.0,4.0,6.0,7.0,5.0,8.0,6.0,2.0,2.0,2.0,2.0,2.0,2.0,2.0,3.0,1.0,,1.0,,,,,1.0,,,,,,,,2.0,2.0,5.0,2.0,1.0,2.0,2.0,1.0,,,,,,2.0,2.0,5.0,6.0,5.0,6.0,6.0,5.0,4.0,5.0,5.0,6.0,6.0,4.0,6.0,5.0,6.0,4.0,5.0,6.0,5.0,7.0,5.0,5.0,4.0,5.0,,,,,,,1.0,,5.0,3.0,5.0,5.0,7.0,5.0,2.0,5.0,5.0,3.0,3.0,3.0,4.0,2.0,1.0,,,,,,,,1.0,3.0,1.0,1.0,2.0,3.0,1.0,1.0,3.0,1.0,1.0,3.0,1.0,3.0,2.0,3.0,4.0,4.0,4.0,4.0,2.0,1.0,1.0,,1.0,,,1.0,,,,1.0,,,,,,,1.0,,1.0,,,,,1.0,5.0,4.0,5.0,8.0,3.0,7.0,3.0,5.0,6.0,5.0,6.0,5.0,6.0,6.0,5.0,4.0,1.0,3.0,,131.0,,,,,,,,1.0,2.0,3.0,2.0,9.0,9.0,0.530832091247636
442.0,1.0,72.0,6.0,5.0,2.0,16.0,5.0,2.0,3.0,1.0,,,,,,,,,,,,,,,,,1.0,1.0,,,,1.0,,,2.0,2.0,4.0,,3.0,3.0,3.0,3.0,3.0,3.0,3.0,3.0,3.0,3.0,3.0,3.0,3.0,4.0,4.0,4.0,4.0,4.0,4.0,4.0,4.0,7.0,7.0,7.0,6.0,7.0,7.0,7.0,8.0,7.0,6.0,7.0,7.0,7.0,6.0,7.0,6.0,2.0,1.0,1.0,1.0,2.0,2.0,2.0,3.0,,,,,,,,,,,,,,,1.0,3.0,4.0,3.0,4.0,2.0,,3.0,,,,,,1.0,2.0,2.0,3.0,7.0,3.0,0.0,5.0,7.0,6.0,6.0,7.0,6.0,2.0,7.0,6.0,1.0,2.0,5.0,2.0,2.0,6.0,4.0,5.0,3.0,4.0,2.0,,1.0,1.0,1.0,,1.0,,,1.0,1.0,1.0,1.0,1.0,1.0,1.0,1.0,1.0,1.0,1.0,1.0,2.0,3.0,,,,,,1.0,1.0,,2.0,2.0,2.0,3.0,1.0,2.0,1.0,1.0,2.0,1.0,1.0,3.0,3.0,2.0,3.0,3.0,2.0,2.0,2.0,3.0,4.0,3.0,3.0,,1.0,1.0,,,,,,1.0,1.0,,,,,1.0,,1.0,,1.0,1.0,,,3.0,4.0,2.0,4.0,3.0,3.0,9.0,10.0,8.0,9.0,9.0,5.0,6.0,5.0,1.0,0.0,7.0,4.0,1.0,,,,1.0,,,,,,,2.0,2.0,2.0,1.0,1.0,0.6014680154101033
443.0,1.0,35.0,3.0,2.0,3.0,16.0,7.0,1.0,2.0,1.0,,,,,,1.0,,,,,,,,,,,1.0,,,,,1.0,,,3.0,3.0,3.0,4.0,1.0,1.0,3.0,3.0,3.0,1.0,2.0,3.0,3.0,3.0,3.0,3.0,2.0,3.0,3.0,3.0,2.0,4.0,2.0,3.0,4.0,7.0,8.0,8.0,7.0,7.0,7.0,6.0,7.0,7.0,2.0,7.0,4.0,7.0,7.0,8.0,8.0,2.0,2.0,2.0,1.0,1.0,1.0,1.0,4.0,1.0,,1.0,,,1.0,,,,,,,,,,3.0,3.0,3.0,3.0,2.0,,2.0,1.0,,,,,,3.0,2.0,8.0,8.0,7.0,4.0,6.0,6.0,6.0,7.0,5.0,6.0,5.0,8.0,7.0,7.0,5.0,6.0,5.0,5.0,6.0,6.0,4.0,6.0,4.0,2.0,,1.0,,1.0,,1.0,1.0,,5.0,2.0,1.0,1.0,1.0,2.0,5.0,5.0,1.0,2.0,2.0,2.0,4.0,3.0,,,,,,1.0,1.0,,1.0,3.0,3.0,2.0,1.0,1.0,3.0,1.0,3.0,1.0,1.0,1.0,1.0,2.0,3.0,3.0,2.0,2.0,2.0,2.0,2.0,1.0,1.0,1.0,,,,,1.0,,,,1.0,,,,,1.0,,1.0,1.0,1.0,1.0,,,2.0,7.0,4.0,4.0,3.0,3.0,7.0,10.0,7.0,7.0,8.0,6.0,7.0,7.0,0.0,0.0,8.0,1.0,1.0,,,,1.0,,,1.0,,,,1.0,1.0,1.0,1.0,4.0,1.4365028721904924
444.0,2.0,56.0,5.0,5.0,1.0,16.0,5.0,6.0,6.0,1.0,,,,,,,,1.0,,,,,,,,1.0,,,,,1.0,,,,4.0,2.0,11.0,4.0,3.0,1.0,3.0,3.0,3.0,3.0,3.0,3.0,3.0,3.0,3.0,3.0,1.0,3.0,4.0,4.0,3.0,4.0,4.0,4.0,3.0,3.0,3.0,4.0,2.0,3.0,1.0,2.0,4.0,4.0,5.0,5.0,5.0,5.0,2.0,6.0,3.0,1.0,1.0,1.0,1.0,3.0,1.0,3.0,5.0,1.0,,,,,1.0,,,1.0,,,,,,,5.0,5.0,2.0,3.0,2.0,,3.0,1.0,,,,,,6.0,4.0,99.0,99.0,99.0,99.0,99.0,99.0,2.0,3.0,99.0,4.0,5.0,5.0,6.0,6.0,99.0,99.0,5.0,99.0,5.0,99.0,3.0,99.0,6.0,5.0,,,,,,,,1.0,8.0,8.0,8.0,8.0,8.0,8.0,8.0,8.0,8.0,5.0,5.0,5.0,5.0,1.0,,,,,,,,1.0,2.0,3.0,3.0,3.0,3.0,3.0,3.0,3.0,3.0,3.0,3.0,3.0,3.0,3.0,3.0,3.0,5.0,5.0,5.0,5.0,3.0,2.0,2.0,1.0,1.0,,,,,,,1.0,,,,,,,,,1.0,,,,,5.0,99.0,99.0,99.0,99.0,99.0,99.0,99.0,99.0,99.0,99.0,99.0,99.0,99.0,99.0,99.0,6.0,3.0,1.0,,,,1.0,,,,,,,3.0,3.0,3.0,12.0,11.0,0.7160672196177453
445.0,2.0,47.0,4.0,5.0,3.0,16.0,5.0,1.0,2.0,1.0,,,,,,1.0,,1.0,,1.0,,,,,,,,,,,,,,,2.0,2.0,2.0,4.0,3.0,3.0,3.0,3.0,3.0,3.0,3.0,3.0,3.0,3.0,3.0,3.0,3.0,4.0,4.0,4.0,4.0,4.0,4.0,4.0,4.0,8.0,8.0,5.0,5.0,5.0,5.0,8.0,8.0,8.0,4.0,5.0,5.0,5.0,7.0,5.0,6.0,1.0,1.0,1.0,1.0,1.0,1.0,1.0,3.0,,,,,,1.0,1.0,1.0,,,,,,,,2.0,3.0,2.0,5.0,1.0,7.0,3.0,1.0,,,,,,2.0,2.0,8.0,9.0,6.0,8.0,8.0,8.0,8.0,8.0,8.0,8.0,5.0,8.0,7.0,7.0,8.0,7.0,7.0,8.0,8.0,5.0,8.0,6.0,4.0,3.0,,,,,,,1.0,,8.0,8.0,8.0,7.0,8.0,2.0,8.0,3.0,2.0,3.0,5.0,5.0,5.0,2.0,,,,1.0,,,,,2.0,2.0,2.0,3.0,3.0,3.0,3.0,2.0,3.0,3.0,3.0,3.0,3.0,3.0,3.0,2.0,3.0,3.0,3.0,3.0,2.0,2.0,2.0,,1.0,,1.0,,,,,1.0,1.0,,,,1.0,1.0,,,,,,,,8.0,99.0,5.0,3.0,5.0,8.0,9.0,99.0,8.0,6.0,6.0,8.0,6.0,6.0,6.0,6.0,7.0,1.0,1.0,,,,1.0,,,,1.0,,,1.0,1.0,1.0,3.0,1.0,0.4894286801791209
446.0,1.0,53.0,4.0,4.0,3.0,16.0,4.0,1.0,4.0,1.0,,,,,,1.0,,,,,,,1.0,,,,,,,,1.0,,,,2.0,1.0,2.0,4.0,1.0,1.0,3.0,3.0,3.0,1.0,1.0,3.0,3.0,1.0,3.0,3.0,1.0,4.0,4.0,4.0,2.0,4.0,3.0,4.0,4.0,2.0,4.0,6.0,5.0,6.0,5.0,7.0,7.0,7.0,5.0,6.0,5.0,7.0,6.0,6.0,7.0,1.0,1.0,1.0,1.0,1.0,1.0,1.0,5.0,,,,,,1.0,,,,,,1.0,,1.0,,3.0,3.0,3.0,3.0,2.0,,3.0,1.0,,,,,,2.0,2.0,8.0,9.0,2.0,3.0,7.0,7.0,4.0,7.0,6.0,5.0,6.0,6.0,6.0,2.0,3.0,6.0,2.0,2.0,5.0,7.0,4.0,4.0,5.0,1.0,1.0,1.0,1.0,1.0,1.0,1.0,1.0,,2.0,2.0,2.0,2.0,2.0,2.0,2.0,2.0,2.0,3.0,2.0,2.0,2.0,2.0,1.0,,1.0,,,1.0,1.0,,2.0,1.0,2.0,3.0,1.0,3.0,1.0,1.0,3.0,2.0,3.0,1.0,3.0,2.0,3.0,3.0,1.0,1.0,1.0,1.0,1.0,1.0,1.0,,,1.0,1.0,,,,1.0,1.0,1.0,1.0,,,,1.0,,,,1.0,1.0,,,2.0,9.0,3.0,4.0,4.0,4.0,10.0,10.0,9.0,10.0,10.0,4.0,5.0,5.0,1.0,1.0,5.0,1.0,1.0,,,,1.0,,,1.0,,,,2.0,2.0,2.0,2.0,2.0,0.6968233031107343
447.0,2.0,54.0,4.0,1.0,3.0,16.0,4.0,2.0,6.0,1.0,,,,,,,,,,,,,,,1.0,,1.0,,,,1.0,,,,2.0,3.0,6.0,,1.0,1.0,1.0,1.0,1.0,1.0,1.0,2.0,2.0,1.0,3.0,3.0,1.0,2.0,1.0,2.0,1.0,3.0,2.0,2.0,1.0,8.0,7.0,8.0,3.0,5.0,5.0,7.0,2.0,7.0,4.0,3.0,3.0,6.0,5.0,7.0,6.0,2.0,2.0,1.0,1.0,2.0,2.0,2.0,3.0,1.0,,1.0,,,,,,1.0,,,,,,,4.0,3.0,4.0,5.0,1.0,7.0,3.0,1.0,,,,,,2.0,3.0,2.0,7.0,0.0,0.0,5.0,5.0,8.0,6.0,6.0,8.0,0.0,7.0,8.0,0.0,2.0,2.0,0.0,0.0,6.0,2.0,2.0,2.0,4.0,2.0,1.0,1.0,1.0,1.0,1.0,1.0,1.0,,2.0,2.0,2.0,2.0,1.0,2.0,1.0,2.0,2.0,2.0,2.0,2.0,2.0,1.0,,,,1.0,,1.0,1.0,,1.0,1.0,2.0,2.0,1.0,3.0,1.0,1.0,3.0,1.0,2.0,1.0,2.0,2.0,3.0,2.0,1.0,2.0,2.0,2.0,2.0,1.0,1.0,,1.0,1.0,,,,,,1.0,1.0,,,,,,1.0,1.0,1.0,1.0,1.0,,,2.0,7.0,0.0,5.0,6.0,5.0,9.0,10.0,6.0,4.0,10.0,5.0,6.0,5.0,0.0,0.0,5.0,5.0,2.0,13.0,,1.0,,,,,,,,2.0,2.0,2.0,2.0,1.0,1.1878438163754672
448.0,1.0,67.0,6.0,5.0,2.0,16.0,3.0,2.0,6.0,1.0,,,,,,1.0,,,,,,,,,,,1.0,,,1.0,,,,,3.0,2.0,4.0,,3.0,2.0,3.0,3.0,3.0,3.0,3.0,3.0,3.0,3.0,3.0,3.0,3.0,3.0,3.0,4.0,4.0,4.0,4.0,4.0,3.0,1.0,99.0,99.0,1.0,2.0,2.0,99.0,7.0,1.0,1.0,99.0,1.0,99.0,99.0,99.0,2.0,1.0,3.0,3.0,3.0,1.0,1.0,3.0,4.0,1.0,,,,,,,,,,,1.0,,1.0,,3.0,3.0,2.0,5.0,2.0,,3.0,1.0,1.0,,,,,3.0,4.0,1.0,2.0,1.0,1.0,3.0,0.0,0.0,2.0,2.0,2.0,0.0,99.0,1.0,1.0,0.0,0.0,0.0,0.0,1.0,0.0,1.0,1.0,3.0,2.0,,,,1.0,,,1.0,,8.0,8.0,8.0,8.0,8.0,1.0,8.0,8.0,8.0,4.0,4.0,4.0,5.0,1.0,,1.0,,,,1.0,1.0,,1.0,2.0,2.0,2.0,2.0,2.0,3.0,2.0,3.0,3.0,3.0,1.0,3.0,1.0,2.0,2.0,3.0,3.0,3.0,3.0,5.0,3.0,3.0,,,1.0,,,1.0,,1.0,,1.0,,,,,,,,,,,1.0,,2.0,5.0,99.0,4.0,0.0,1.0,10.0,10.0,0.0,6.0,6.0,3.0,0.0,0.0,0.0,0.0,3.0,2.0,2.0,3.0,,,1.0,,,,,,,3.0,3.0,3.0,3.0,3.0,0.6227725296645248
449.0,2.0,54.0,4.0,3.0,3.0,16.0,4.0,2.0,4.0,1.0,,,,,,1.0,,,,,,,,,1.0,,,,,,1.0,,,,2.0,2.0,4.0,,3.0,2.0,3.0,3.0,2.0,3.0,3.0,3.0,3.0,3.0,3.0,3.0,3.0,3.0,2.0,3.0,2.0,3.0,4.0,4.0,2.0,3.0,5.0,6.0,5.0,5.0,5.0,3.0,8.0,7.0,2.0,6.0,3.0,6.0,5.0,6.0,5.0,2.0,1.0,1.0,1.0,1.0,2.0,3.0,4.0,,,1.0,,,1.0,,1.0,,,,,,,,2.0,3.0,5.0,4.0,2.0,,4.0,,,,,,1.0,3.0,2.0,5.0,7.0,1.0,4.0,7.0,8.0,7.0,7.0,6.0,6.0,4.0,6.0,6.0,5.0,3.0,5.0,6.0,99.0,99.0,7.0,5.0,99.0,3.0,5.0,,,,,,,,1.0,8.0,8.0,8.0,8.0,8.0,8.0,8.0,8.0,1.0,2.0,5.0,2.0,2.0,2.0,,,,,,1.0,1.0,,1.0,2.0,2.0,3.0,3.0,3.0,3.0,3.0,3.0,3.0,2.0,3.0,3.0,3.0,3.0,3.0,2.0,2.0,2.0,2.0,2.0,2.0,2.0,,1.0,1.0,,,,,,,,,,1.0,,,,,,1.0,,,,4.0,6.0,4.0,5.0,5.0,5.0,9.0,10.0,5.0,7.0,7.0,5.0,5.0,5.0,3.0,1.0,4.0,4.0,1.0,,,1.0,,,,,,,,1.0,1.0,1.0,1.0,3.0,0.7917113127389842
450.0,2.0,66.0,6.0,1.0,2.0,16.0,3.0,2.0,4.0,1.0,,,,,,,,,,,1.0,,,,,,1.0,,,,1.0,,,,3.0,2.0,4.0,,3.0,3.0,3.0,3.0,3.0,3.0,3.0,3.0,3.0,3.0,3.0,3.0,3.0,3.0,2.0,3.0,3.0,4.0,3.0,3.0,3.0,8.0,7.0,7.0,7.0,6.0,6.0,7.0,8.0,6.0,5.0,7.0,6.0,6.0,8.0,6.0,6.0,2.0,1.0,1.0,1.0,1.0,2.0,1.0,2.0,,,,,1.0,,,,1.0,,,,1.0,,,3.0,2.0,3.0,3.0,2.0,,3.0,,,1.0,,,,3.0,2.0,6.0,6.0,6.0,4.0,6.0,7.0,6.0,7.0,6.0,6.0,8.0,7.0,8.0,5.0,5.0,7.0,6.0,7.0,6.0,5.0,7.0,4.0,4.0,3.0,,1.0,,,,,,,1.0,1.0,1.0,1.0,1.0,1.0,1.0,1.0,1.0,3.0,3.0,3.0,2.0,1.0,,,1.0,,1.0,1.0,1.0,,1.0,2.0,2.0,1.0,1.0,1.0,1.0,1.0,1.0,1.0,1.0,3.0,3.0,1.0,1.0,1.0,2.0,2.0,2.0,1.0,2.0,1.0,1.0,1.0,1.0,,,,,,,,1.0,,,,,,1.0,,1.0,,,,,3.0,3.0,3.0,5.0,4.0,8.0,8.0,7.0,8.0,9.0,5.0,4.0,4.0,4.0,2.0,2.0,5.0,1.0,1.0,,,,1.0,,,,,,,1.0,2.0,2.0,1.0,1.0,2.0000697577864375
451.0,1.0,68.0,6.0,1.0,2.0,16.0,4.0,2.0,4.0,1.0,,,,,,1.0,1.0,,,,,,,,,,,,,,1.0,,,,3.0,2.0,4.0,,3.0,3.0,3.0,3.0,3.0,3.0,3.0,3.0,3.0,3.0,3.0,3.0,3.0,3.0,4.0,4.0,3.0,4.0,4.0,4.0,4.0,3.0,4.0,4.0,5.0,4.0,4.0,4.0,4.0,4.0,4.0,4.0,4.0,4.0,4.0,4.0,99.0,1.0,1.0,1.0,1.0,1.0,1.0,1.0,5.0,1.0,,,,,1.0,,,,,,,,1.0,,3.0,4.0,4.0,4.0,2.0,,5.0,,,,,,1.0,3.0,2.0,4.0,4.0,1.0,5.0,7.0,5.0,7.0,5.0,5.0,5.0,10.0,5.0,4.0,4.0,2.0,4.0,5.0,4.0,7.0,0.0,4.0,5.0,6.0,3.0,,,,1.0,1.0,,1.0,,8.0,8.0,8.0,8.0,8.0,8.0,8.0,8.0,8.0,4.0,3.0,3.0,2.0,1.0,1.0,1.0,1.0,1.0,1.0,1.0,1.0,,1.0,3.0,3.0,3.0,3.0,1.0,3.0,3.0,3.0,1.0,1.0,3.0,1.0,3.0,3.0,3.0,2.0,2.0,2.0,5.0,5.0,1.0,1.0,1.0,,1.0,,,,,,1.0,1.0,,,,,1.0,,,,1.0,,,,5.0,5.0,0.0,4.0,2.0,4.0,10.0,10.0,99.0,10.0,10.0,4.0,4.0,4.0,0.0,0.0,6.0,1.0,1.0,,,,1.0,,,1.0,,,,3.0,3.0,3.0,10.0,9.0,1.7257154738823572
452.0,2.0,35.0,3.0,1.0,2.0,16.0,6.0,1.0,5.0,2.0,,,,,,1.0,,,,,,,1.0,,,1.0,,,,,,,,,3.0,2.0,2.0,4.0,3.0,3.0,3.0,3.0,3.0,3.0,3.0,3.0,3.0,3.0,3.0,3.0,3.0,3.0,3.0,3.0,3.0,3.0,3.0,3.0,2.0,7.0,7.0,7.0,6.0,8.0,8.0,7.0,7.0,7.0,6.0,7.0,7.0,8.0,6.0,7.0,6.0,2.0,2.0,2.0,1.0,1.0,2.0,1.0,3.0,,,,,,1.0,,,,,1.0,1.0,,,,2.0,3.0,3.0,2.0,1.0,6.0,2.0,,,1.0,,,,3.0,2.0,6.0,7.0,5.0,5.0,5.0,7.0,5.0,7.0,8.0,6.0,4.0,8.0,8.0,6.0,6.0,8.0,4.0,4.0,7.0,7.0,6.0,8.0,4.0,3.0,,,,,,1.0,1.0,,2.0,2.0,2.0,2.0,2.0,2.0,2.0,2.0,2.0,3.0,3.0,2.0,3.0,3.0,,,,,,,1.0,,2.0,2.0,2.0,2.0,1.0,1.0,1.0,1.0,1.0,1.0,1.0,1.0,1.0,2.0,1.0,2.0,2.0,2.0,2.0,2.0,2.0,2.0,2.0,,1.0,1.0,,,,,,,,1.0,,,,,1.0,,1.0,,1.0,,,3.0,8.0,2.0,3.0,2.0,6.0,8.0,10.0,7.0,8.0,8.0,2.0,4.0,7.0,1.0,0.0,7.0,5.0,1.0,,,1.0,,,,,,,,1.0,1.0,1.0,2.0,2.0,1.082246456182599
453.0,1.0,53.0,4.0,3.0,3.0,16.0,5.0,1.0,6.0,1.0,,,,,,,,,,,,,,,,1.0,1.0,,,,1.0,,,,3.0,3.0,2.0,4.0,2.0,1.0,3.0,3.0,3.0,3.0,2.0,3.0,3.0,3.0,3.0,3.0,1.0,2.0,3.0,3.0,1.0,2.0,2.0,3.0,2.0,4.0,4.0,4.0,6.0,4.0,4.0,5.0,6.0,5.0,1.0,5.0,6.0,6.0,2.0,4.0,5.0,2.0,3.0,3.0,1.0,1.0,1.0,1.0,2.0,,,1.0,1.0,,,,,,,,,,1.0,,2.0,4.0,3.0,3.0,2.0,,3.0,1.0,,,1.0,,,3.0,2.0,3.0,4.0,3.0,2.0,4.0,4.0,4.0,4.0,2.0,5.0,4.0,5.0,4.0,3.0,2.0,2.0,2.0,3.0,6.0,4.0,3.0,3.0,5.0,2.0,,1.0,1.0,1.0,,,,,8.0,8.0,1.0,8.0,1.0,1.0,1.0,2.0,1.0,3.0,5.0,2.0,5.0,2.0,,,,,,,1.0,,1.0,3.0,3.0,3.0,3.0,3.0,3.0,3.0,3.0,3.0,3.0,3.0,3.0,2.0,3.0,3.0,2.0,2.0,2.0,2.0,2.0,2.0,1.0,1.0,,,,,1.0,,,,1.0,1.0,,,,,,,,1.0,,,,5.0,5.0,3.0,6.0,4.0,3.0,8.0,10.0,6.0,6.0,9.0,4.0,3.0,3.0,1.0,0.0,6.0,1.0,1.0,,,,1.0,,,,,,,1.0,2.0,2.0,1.0,2.0,0.706758136492545
454.0,1.0,41.0,3.0,2.0,2.0,16.0,4.0,1.0,3.0,1.0,,,,,,1.0,,,,1.0,,,,,,,,,,,1.0,,,,3.0,2.0,3.0,3.0,3.0,3.0,3.0,3.0,3.0,3.0,3.0,3.0,3.0,3.0,3.0,3.0,3.0,3.0,3.0,3.0,3.0,3.0,3.0,3.0,3.0,2.0,5.0,5.0,2.0,5.0,2.0,2.0,5.0,3.0,1.0,3.0,5.0,1.0,99.0,5.0,1.0,1.0,1.0,1.0,1.0,3.0,1.0,1.0,4.0,,,,,,1.0,1.0,,,,1.0,,,,,2.0,2.0,2.0,4.0,2.0,,4.0,1.0,1.0,,,,,4.0,3.0,1.0,1.0,0.0,5.0,5.0,1.0,0.0,0.0,4.0,3.0,4.0,3.0,5.0,7.0,2.0,5.0,7.0,7.0,6.0,0.0,4.0,6.0,2.0,3.0,,,,,,,,1.0,7.0,7.0,7.0,7.0,7.0,7.0,7.0,7.0,7.0,4.0,4.0,4.0,1.0,1.0,1.0,1.0,1.0,1.0,1.0,,,,1.0,4.0,3.0,3.0,2.0,3.0,3.0,3.0,3.0,3.0,3.0,3.0,3.0,3.0,2.0,3.0,3.0,3.0,3.0,3.0,4.0,4.0,4.0,1.0,,,,,1.0,,,,1.0,,,,,,,,,1.0,,,,5.0,10.0,0.0,1.0,0.0,0.0,5.0,7.0,2.0,9.0,9.0,9.0,9.0,9.0,5.0,5.0,6.0,4.0,1.0,,,,1.0,,,1.0,,,,2.0,2.0,2.0,7.0,6.0,1.019603942642568
455.0,2.0,66.0,6.0,1.0,1.0,16.0,2.0,2.0,4.0,1.0,,,,,,1.0,,,,,,,,,,,1.0,,,,1.0,,,,2.0,4.0,4.0,,3.0,3.0,3.0,3.0,3.0,3.0,3.0,3.0,3.0,3.0,3.0,3.0,3.0,3.0,4.0,4.0,3.0,4.0,3.0,4.0,3.0,8.0,9.0,8.0,8.0,5.0,7.0,7.0,9.0,7.0,6.0,8.0,5.0,5.0,9.0,7.0,99.0,2.0,2.0,1.0,1.0,1.0,2.0,1.0,5.0,1.0,,,,,,,1.0,,,,,,1.0,,3.0,2.0,4.0,3.0,1.0,4.0,4.0,1.0,,,1.0,,,2.0,4.0,8.0,9.0,8.0,8.0,9.0,9.0,8.0,7.0,8.0,8.0,5.0,10.0,9.0,5.0,5.0,7.0,2.0,6.0,8.0,8.0,5.0,2.0,3.0,5.0,,,,1.0,1.0,1.0,1.0,,8.0,8.0,1.0,5.0,8.0,8.0,5.0,8.0,1.0,5.0,3.0,2.0,1.0,1.0,,,,,,1.0,1.0,,1.0,1.0,2.0,2.0,1.0,3.0,3.0,3.0,3.0,1.0,3.0,1.0,3.0,2.0,3.0,2.0,2.0,1.0,1.0,1.0,2.0,1.0,1.0,,1.0,1.0,,,,,,1.0,1.0,1.0,,,,1.0,,1.0,1.0,1.0,1.0,,,3.0,7.0,3.0,3.0,1.0,3.0,10.0,10.0,6.0,10.0,10.0,7.0,6.0,6.0,3.0,1.0,3.0,2.0,1.0,,,,1.0,,,,,,,3.0,3.0,3.0,12.0,3.0,2.000087021454507
456.0,1.0,51.0,4.0,5.0,1.0,16.0,4.0,1.0,3.0,1.0,,,,,,1.0,,1.0,,,,1.0,,,,,,,,,,,,,3.0,2.0,3.0,4.0,3.0,3.0,3.0,3.0,3.0,3.0,3.0,3.0,3.0,3.0,3.0,3.0,3.0,4.0,4.0,4.0,3.0,4.0,4.0,4.0,4.0,0.0,5.0,5.0,0.0,0.0,0.0,0.0,8.0,2.0,0.0,0.0,0.0,0.0,0.0,0.0,0.0,2.0,3.0,1.0,1.0,3.0,1.0,3.0,4.0,,,1.0,,,1.0,1.0,,,,,,,,,4.0,4.0,1.0,4.0,2.0,,4.0,1.0,,,,,,4.0,3.0,2.0,3.0,0.0,0.0,0.0,0.0,0.0,0.0,0.0,0.0,0.0,0.0,0.0,0.0,0.0,0.0,0.0,0.0,0.0,0.0,0.0,0.0,4.0,5.0,,,,,,,,1.0,8.0,8.0,8.0,8.0,8.0,8.0,8.0,8.0,8.0,5.0,5.0,5.0,5.0,1.0,,,,,,,,1.0,5.0,5.0,3.0,3.0,3.0,3.0,3.0,3.0,3.0,3.0,3.0,3.0,3.0,3.0,3.0,3.0,2.0,2.0,2.0,2.0,2.0,2.0,2.0,,1.0,,,,1.0,,,,,,,1.0,,,,,,,1.0,,,5.0,2.0,2.0,4.0,4.0,5.0,7.0,9.0,6.0,5.0,5.0,5.0,5.0,5.0,5.0,5.0,6.0,3.0,1.0,,,,1.0,,,1.0,,,,2.0,2.0,3.0,13.0,12.0,0.5399240671085339
457.0,2.0,39.0,3.0,4.0,3.0,16.0,4.0,1.0,3.0,1.0,,,,,,1.0,,1.0,,,,,,,,,1.0,,,,,,,,3.0,2.0,2.0,3.0,3.0,3.0,3.0,3.0,3.0,3.0,3.0,3.0,3.0,3.0,1.0,1.0,3.0,2.0,2.0,3.0,2.0,2.0,2.0,3.0,1.0,4.0,7.0,5.0,5.0,6.0,3.0,5.0,7.0,6.0,3.0,6.0,6.0,6.0,5.0,5.0,5.0,2.0,1.0,1.0,1.0,1.0,2.0,3.0,3.0,,,1.0,,,1.0,,,,,1.0,,,,,3.0,2.0,2.0,5.0,2.0,,4.0,,1.0,,,,,3.0,2.0,6.0,5.0,6.0,5.0,7.0,5.0,6.0,6.0,6.0,5.0,5.0,7.0,6.0,5.0,5.0,6.0,5.0,5.0,7.0,6.0,5.0,5.0,3.0,2.0,,,1.0,1.0,,1.0,,,3.0,3.0,3.0,3.0,3.0,1.0,3.0,3.0,1.0,4.0,2.0,4.0,4.0,1.0,,1.0,,,,,1.0,,1.0,3.0,2.0,2.0,2.0,1.0,1.0,2.0,1.0,1.0,1.0,1.0,3.0,2.0,2.0,2.0,2.0,2.0,2.0,2.0,1.0,1.0,1.0,1.0,,,,,1.0,,,1.0,1.0,,,,,,,,,1.0,,,,5.0,5.0,0.0,5.0,3.0,6.0,7.0,10.0,5.0,6.0,10.0,5.0,4.0,4.0,3.0,0.0,6.0,3.0,1.0,,,,,,1.0,,1.0,,,1.0,2.0,2.0,11.0,11.0,0.7093841189021394
458.0,1.0,60.0,5.0,3.0,3.0,16.0,5.0,1.0,1.0,1.0,,,,1.0,,1.0,,,,,,,,,,,1.0,,,,,,,,3.0,2.0,3.0,3.0,3.0,2.0,3.0,3.0,3.0,2.0,3.0,3.0,3.0,3.0,3.0,3.0,3.0,3.0,3.0,4.0,2.0,3.0,2.0,4.0,3.0,5.0,6.0,8.0,4.0,0.0,4.0,8.0,7.0,4.0,0.0,99.0,4.0,5.0,6.0,6.0,3.0,2.0,2.0,1.0,1.0,1.0,2.0,2.0,3.0,1.0,,,,,,,,,,,1.0,,1.0,,4.0,4.0,4.0,3.0,2.0,,3.0,1.0,1.0,,,,,3.0,2.0,4.0,6.0,7.0,0.0,3.0,6.0,6.0,7.0,6.0,7.0,4.0,10.0,5.0,4.0,5.0,8.0,1.0,0.0,6.0,4.0,0.0,0.0,4.0,2.0,,1.0,1.0,1.0,1.0,,1.0,,2.0,2.0,2.0,2.0,2.0,2.0,2.0,2.0,8.0,1.0,1.0,3.0,2.0,1.0,,,,,,1.0,1.0,,2.0,2.0,2.0,2.0,1.0,2.0,1.0,1.0,3.0,1.0,3.0,2.0,1.0,2.0,3.0,3.0,2.0,2.0,2.0,2.0,1.0,1.0,1.0,,1.0,1.0,,,,,,1.0,1.0,1.0,,,,,,,1.0,1.0,1.0,,,1.0,7.0,1.0,6.0,1.0,5.0,9.0,10.0,5.0,8.0,10.0,4.0,4.0,3.0,0.0,0.0,6.0,1.0,1.0,,,,1.0,,,1.0,,,,2.0,3.0,2.0,4.0,4.0,1.9845840488642061
459.0,2.0,44.0,3.0,2.0,1.0,16.0,4.0,1.0,5.0,1.0,,,,,,1.0,,,,1.0,,,,,,,,,,1.0,,,,,5.0,3.0,3.0,3.0,3.0,3.0,3.0,3.0,3.0,3.0,3.0,3.0,3.0,3.0,3.0,3.0,3.0,2.0,1.0,4.0,2.0,4.0,4.0,1.0,4.0,0.0,0.0,0.0,0.0,0.0,1.0,0.0,2.0,0.0,0.0,0.0,3.0,0.0,2.0,0.0,2.0,3.0,3.0,3.0,3.0,3.0,3.0,3.0,3.0,,,,,,1.0,1.0,,,1.0,,,,,,5.0,4.0,1.0,5.0,2.0,,4.0,1.0,1.0,,,,,5.0,3.0,0.0,0.0,0.0,0.0,2.0,2.0,0.0,0.0,2.0,0.0,0.0,3.0,4.0,2.0,0.0,0.0,2.0,3.0,3.0,0.0,2.0,0.0,4.0,1.0,,,1.0,,,,1.0,,8.0,8.0,8.0,8.0,8.0,8.0,8.0,8.0,8.0,4.0,4.0,4.0,4.0,1.0,,,,,,,,1.0,1.0,4.0,3.0,3.0,3.0,3.0,3.0,3.0,3.0,3.0,3.0,3.0,3.0,3.0,3.0,3.0,5.0,5.0,5.0,5.0,2.0,1.0,1.0,,1.0,,,,1.0,,,,1.0,,,,,,,,,,,,1.0,99.0,99.0,99.0,99.0,99.0,99.0,99.0,99.0,99.0,99.0,99.0,99.0,99.0,99.0,99.0,99.0,5.0,3.0,1.0,,,1.0,,,,,,,,2.0,2.0,2.0,13.0,12.0,1.2967356811270583
460.0,2.0,65.0,6.0,5.0,2.0,16.0,4.0,1.0,4.0,1.0,,,,,,,,,,,,,,,,,1.0,,,1.0,1.0,,,,3.0,2.0,2.0,3.0,1.0,1.0,3.0,3.0,3.0,1.0,1.0,3.0,3.0,3.0,3.0,3.0,1.0,3.0,3.0,4.0,3.0,4.0,3.0,4.0,2.0,7.0,7.0,7.0,5.0,7.0,7.0,3.0,7.0,5.0,3.0,6.0,6.0,6.0,5.0,7.0,1.0,2.0,1.0,1.0,1.0,1.0,1.0,1.0,3.0,1.0,,,,,,,,1.0,,,,,1.0,,4.0,4.0,4.0,4.0,1.0,5.0,3.0,1.0,1.0,,,,,2.0,2.0,5.0,7.0,5.0,4.0,7.0,7.0,5.0,7.0,7.0,7.0,5.0,7.0,7.0,6.0,2.0,6.0,6.0,6.0,8.0,7.0,7.0,7.0,4.0,2.0,1.0,1.0,1.0,1.0,1.0,,1.0,,1.0,1.0,2.0,1.0,1.0,1.0,1.0,2.0,2.0,4.0,3.0,3.0,2.0,1.0,,,,,,,1.0,,1.0,2.0,3.0,3.0,3.0,3.0,3.0,3.0,3.0,3.0,3.0,3.0,3.0,2.0,3.0,3.0,2.0,2.0,2.0,2.0,3.0,1.0,1.0,,1.0,1.0,,,,,,1.0,1.0,1.0,,,,1.0,,1.0,1.0,1.0,1.0,,,3.0,5.0,2.0,5.0,4.0,4.0,10.0,10.0,7.0,7.0,3.0,3.0,5.0,4.0,0.0,0.0,5.0,3.0,1.0,,,1.0,,,,,,,,3.0,3.0,3.0,1.0,1.0,1.8480687009804735
461.0,1.0,50.0,4.0,1.0,3.0,16.0,6.0,1.0,1.0,1.0,,,,,,,,1.0,,,,,,,,1.0,1.0,,,,,,,,1.0,2.0,2.0,1.0,2.0,1.0,3.0,1.0,1.0,3.0,1.0,3.0,3.0,2.0,1.0,1.0,3.0,1.0,1.0,1.0,1.0,3.0,1.0,1.0,2.0,0.0,0.0,0.0,0.0,0.0,0.0,0.0,5.0,0.0,0.0,0.0,4.0,0.0,3.0,0.0,0.0,2.0,3.0,3.0,3.0,3.0,2.0,3.0,1.0,1.0,,,,,,1.0,1.0,,,,,,,,1.0,1.0,1.0,2.0,1.0,4.0,3.0,1.0,,,,,,4.0,2.0,0.0,4.0,0.0,0.0,0.0,8.0,9.0,1.0,0.0,5.0,4.0,0.0,0.0,0.0,0.0,0.0,5.0,8.0,6.0,0.0,0.0,0.0,5.0,1.0,,1.0,,,,,,,2.0,2.0,2.0,7.0,2.0,2.0,2.0,2.0,2.0,1.0,4.0,1.0,4.0,2.0,,,,,,1.0,,,1.0,1.0,2.0,1.0,1.0,1.0,1.0,1.0,1.0,1.0,1.0,1.0,3.0,2.0,1.0,2.0,1.0,1.0,1.0,1.0,1.0,1.0,1.0,,1.0,1.0,,,,,1.0,,1.0,,,,,,,1.0,1.0,,,,,5.0,2.0,4.0,0.0,4.0,6.0,10.0,10.0,10.0,10.0,10.0,4.0,2.0,7.0,0.0,0.0,6.0,5.0,1.0,,,,,,1.0,,,,,1.0,1.0,1.0,2.0,2.0,2.000010909748193
462.0,1.0,69.0,6.0,5.0,2.0,16.0,6.0,2.0,3.0,1.0,,,,,,1.0,,,,,,,,,,1.0,1.0,,,,,,,,2.0,2.0,4.0,,3.0,3.0,3.0,3.0,3.0,3.0,3.0,3.0,3.0,3.0,3.0,3.0,3.0,4.0,4.0,4.0,4.0,4.0,4.0,4.0,4.0,3.0,5.0,6.0,8.0,1.0,6.0,4.0,5.0,6.0,1.0,2.0,5.0,4.0,7.0,3.0,5.0,2.0,2.0,2.0,1.0,2.0,2.0,3.0,4.0,1.0,,,,,,,1.0,,,,,,1.0,,4.0,4.0,4.0,4.0,2.0,,3.0,1.0,1.0,,,,,4.0,2.0,2.0,3.0,4.0,0.0,1.0,5.0,6.0,3.0,4.0,5.0,1.0,7.0,3.0,1.0,5.0,6.0,0.0,0.0,5.0,2.0,2.0,1.0,3.0,3.0,,,,1.0,1.0,1.0,1.0,,4.0,4.0,4.0,4.0,4.0,4.0,4.0,4.0,4.0,3.0,3.0,2.0,2.0,1.0,,,,,,1.0,1.0,,2.0,2.0,2.0,1.0,1.0,2.0,1.0,1.0,3.0,3.0,3.0,2.0,3.0,2.0,3.0,1.0,2.0,2.0,2.0,2.0,5.0,1.0,1.0,,1.0,1.0,,,,,,1.0,1.0,1.0,,,,,,,,1.0,1.0,,,0.0,8.0,4.0,5.0,0.0,5.0,10.0,10.0,4.0,7.0,6.0,2.0,4.0,2.0,0.0,0.0,8.0,5.0,1.0,,,,1.0,,,,,,,2.0,2.0,2.0,4.0,4.0,0.6014680154101033
463.0,1.0,67.0,6.0,5.0,1.0,16.0,6.0,2.0,3.0,1.0,,,,,,1.0,,1.0,,,,,,,,,1.0,,,,,,,,3.0,2.0,5.0,,3.0,3.0,3.0,3.0,3.0,3.0,3.0,3.0,3.0,3.0,3.0,3.0,3.0,4.0,4.0,3.0,4.0,4.0,4.0,4.0,3.0,0.0,4.0,3.0,5.0,3.0,0.0,1.0,4.0,2.0,1.0,3.0,5.0,5.0,5.0,4.0,0.0,2.0,1.0,1.0,1.0,1.0,1.0,1.0,3.0,,,,,,1.0,1.0,,,,,,,1.0,,1.0,1.0,2.0,3.0,2.0,,4.0,1.0,,,,1.0,,3.0,2.0,4.0,5.0,1.0,5.0,8.0,1.0,5.0,6.0,5.0,6.0,6.0,4.0,0.0,1.0,3.0,5.0,5.0,6.0,6.0,1.0,6.0,5.0,3.0,3.0,,,,,,1.0,,,8.0,6.0,6.0,6.0,6.0,1.0,6.0,8.0,6.0,4.0,1.0,4.0,1.0,1.0,,1.0,1.0,1.0,1.0,,1.0,,1.0,3.0,1.0,2.0,3.0,1.0,3.0,3.0,3.0,1.0,1.0,3.0,1.0,2.0,2.0,2.0,2.0,2.0,2.0,1.0,3.0,2.0,2.0,,,,1.0,,1.0,,1.0,,1.0,,,,1.0,1.0,1.0,,,1.0,,,,5.0,5.0,0.0,4.0,0.0,1.0,6.0,10.0,1.0,9.0,10.0,7.0,7.0,7.0,3.0,0.0,8.0,1.0,2.0,1.0,,,1.0,,,,,,,3.0,3.0,3.0,6.0,5.0,0.9619632418968612
464.0,2.0,51.0,4.0,1.0,3.0,16.0,4.0,1.0,3.0,2.0,,,,,,,,,,,,,,,,,1.0,,,1.0,,1.0,,,2.0,2.0,2.0,3.0,3.0,3.0,3.0,3.0,3.0,3.0,3.0,3.0,3.0,3.0,3.0,3.0,3.0,3.0,3.0,4.0,3.0,4.0,4.0,4.0,4.0,6.0,6.0,6.0,5.0,99.0,8.0,4.0,6.0,5.0,99.0,99.0,99.0,99.0,6.0,5.0,7.0,2.0,1.0,1.0,1.0,1.0,2.0,1.0,3.0,,,,,,,,,1.0,,,1.0,1.0,,,5.0,3.0,2.0,4.0,2.0,,3.0,,,,,,1.0,3.0,2.0,99.0,99.0,99.0,99.0,6.0,5.0,99.0,99.0,99.0,5.0,99.0,6.0,7.0,99.0,99.0,99.0,4.0,99.0,99.0,4.0,6.0,99.0,4.0,5.0,,,,,1.0,1.0,1.0,,8.0,8.0,8.0,8.0,8.0,8.0,8.0,8.0,8.0,2.0,2.0,2.0,2.0,3.0,,,,,,,1.0,,1.0,5.0,2.0,3.0,3.0,3.0,3.0,3.0,3.0,3.0,3.0,3.0,3.0,2.0,3.0,3.0,2.0,2.0,2.0,2.0,2.0,2.0,2.0,,1.0,1.0,,,,,,,1.0,,,,,1.0,,,,,1.0,,,99.0,5.0,1.0,99.0,99.0,99.0,10.0,10.0,7.0,9.0,10.0,99.0,99.0,99.0,2.0,0.0,6.0,1.0,1.0,,,,1.0,,,1.0,,,,1.0,1.0,1.0,13.0,12.0,1.1472086979131455
465.0,1.0,55.0,5.0,5.0,1.0,16.0,4.0,1.0,6.0,1.0,,,,,,1.0,,1.0,,,,,,,,,1.0,,,,,,,,5.0,3.0,2.0,3.0,3.0,2.0,3.0,3.0,3.0,3.0,3.0,3.0,1.0,3.0,3.0,2.0,3.0,2.0,3.0,3.0,3.0,4.0,4.0,4.0,4.0,0.0,5.0,3.0,0.0,0.0,0.0,0.0,6.0,0.0,0.0,0.0,0.0,0.0,4.0,4.0,0.0,1.0,3.0,3.0,1.0,1.0,1.0,3.0,1.0,1.0,1.0,,,,1.0,,,,,,,,,,2.0,2.0,1.0,4.0,2.0,,3.0,1.0,,,1.0,,,4.0,3.0,0.0,0.0,0.0,0.0,3.0,6.0,5.0,2.0,0.0,0.0,0.0,7.0,0.0,0.0,0.0,0.0,0.0,6.0,6.0,0.0,6.0,0.0,2.0,4.0,,,,,,,,1.0,8.0,1.0,8.0,7.0,7.0,3.0,3.0,7.0,2.0,5.0,5.0,4.0,4.0,1.0,,1.0,1.0,1.0,,1.0,,,1.0,1.0,2.0,3.0,2.0,1.0,3.0,1.0,3.0,1.0,1.0,3.0,1.0,2.0,2.0,3.0,2.0,2.0,2.0,2.0,3.0,1.0,1.0,,1.0,,,1.0,,,,,1.0,,,,,1.0,,,,,,,,10.0,5.0,0.0,5.0,99.0,99.0,6.0,10.0,0.0,10.0,10.0,5.0,5.0,5.0,1.0,0.0,3.0,1.0,1.0,,,,1.0,,,,,,,3.0,3.0,3.0,8.0,7.0,0.6559416022712563
466.0,2.0,45.0,4.0,5.0,2.0,16.0,7.0,1.0,2.0,1.0,,,,,,1.0,,,,,,,,,,1.0,1.0,,,,,,,,2.0,2.0,2.0,4.0,3.0,3.0,3.0,3.0,3.0,3.0,3.0,3.0,3.0,3.0,3.0,3.0,3.0,4.0,4.0,4.0,4.0,4.0,4.0,4.0,4.0,8.0,9.0,8.0,7.0,7.0,6.0,8.0,9.0,9.0,6.0,7.0,7.0,8.0,7.0,7.0,8.0,2.0,2.0,1.0,1.0,1.0,2.0,1.0,4.0,1.0,,,,,1.0,1.0,,,,,,,,,1.0,2.0,5.0,5.0,2.0,,3.0,1.0,1.0,,,,,2.0,4.0,3.0,5.0,0.0,0.0,7.0,7.0,6.0,7.0,7.0,7.0,8.0,8.0,8.0,7.0,3.0,8.0,6.0,7.0,9.0,5.0,6.0,7.0,4.0,2.0,1.0,,,,,,1.0,,1.0,1.0,1.0,1.0,1.0,1.0,1.0,1.0,1.0,3.0,2.0,1.0,1.0,3.0,,,1.0,1.0,1.0,,1.0,,1.0,3.0,3.0,2.0,3.0,3.0,3.0,2.0,1.0,1.0,1.0,1.0,1.0,2.0,2.0,2.0,3.0,3.0,3.0,5.0,3.0,1.0,1.0,1.0,1.0,,,,,,1.0,1.0,1.0,,,,,,1.0,,,1.0,1.0,,,6.0,7.0,2.0,6.0,0.0,0.0,7.0,10.0,9.0,8.0,9.0,0.0,0.0,0.0,4.0,0.0,8.0,1.0,1.0,,,,1.0,,,,,,,2.0,2.0,2.0,1.0,1.0,0.3772530801280392
467.0,1.0,33.0,2.0,5.0,2.0,16.0,7.0,1.0,2.0,1.0,,,,,,,,,,,,1.0,,,,,1.0,,,,,1.0,,,3.0,3.0,3.0,2.0,3.0,2.0,3.0,3.0,3.0,3.0,3.0,3.0,3.0,3.0,3.0,3.0,3.0,4.0,2.0,4.0,3.0,2.0,4.0,4.0,3.0,2.0,2.0,2.0,1.0,5.0,7.0,5.0,5.0,8.0,0.0,0.0,5.0,0.0,0.0,99.0,0.0,1.0,3.0,3.0,1.0,3.0,1.0,1.0,3.0,,,1.0,,,1.0,,,,,,,,1.0,,4.0,4.0,5.0,4.0,2.0,,5.0,,,,,1.0,,3.0,3.0,2.0,3.0,0.0,5.0,2.0,0.0,3.0,0.0,0.0,0.0,99.0,1.0,1.0,0.0,0.0,0.0,2.0,2.0,5.0,0.0,0.0,8.0,6.0,5.0,,,,,,,,1.0,8.0,8.0,8.0,8.0,7.0,1.0,8.0,8.0,8.0,4.0,4.0,4.0,4.0,1.0,,1.0,1.0,1.0,1.0,1.0,,,1.0,1.0,3.0,2.0,2.0,3.0,3.0,3.0,3.0,2.0,3.0,3.0,3.0,3.0,2.0,2.0,2.0,2.0,2.0,2.0,4.0,2.0,2.0,1.0,,,,,1.0,1.0,1.0,1.0,1.0,1.0,,,1.0,1.0,1.0,,,,,,,6.0,5.0,0.0,3.0,0.0,0.0,5.0,8.0,4.0,5.0,8.0,4.0,6.0,99.0,2.0,0.0,8.0,1.0,1.0,,,,1.0,,,1.0,,,,1.0,1.0,1.0,11.0,10.0,0.831798307842747
468.0,1.0,49.0,4.0,4.0,3.0,16.0,5.0,1.0,3.0,1.0,,,,,,,,,,,1.0,1.0,,,,,,,,,1.0,,,,3.0,2.0,2.0,2.0,3.0,2.0,3.0,3.0,2.0,3.0,2.0,3.0,3.0,1.0,3.0,2.0,1.0,3.0,3.0,4.0,3.0,4.0,4.0,4.0,3.0,3.0,6.0,6.0,3.0,5.0,4.0,4.0,7.0,4.0,2.0,7.0,3.0,7.0,6.0,3.0,3.0,1.0,3.0,1.0,1.0,1.0,1.0,1.0,4.0,,,1.0,,,1.0,1.0,,,,,,,,,2.0,3.0,2.0,3.0,2.0,,3.0,1.0,1.0,,1.0,,,3.0,2.0,3.0,6.0,0.0,0.0,4.0,4.0,5.0,5.0,5.0,4.0,5.0,7.0,5.0,7.0,0.0,6.0,6.0,5.0,6.0,1.0,1.0,6.0,3.0,4.0,,,,,1.0,,,,1.0,1.0,1.0,1.0,1.0,1.0,1.0,1.0,1.0,4.0,3.0,3.0,3.0,1.0,,1.0,1.0,1.0,1.0,,,,2.0,4.0,1.0,2.0,3.0,3.0,3.0,3.0,3.0,1.0,1.0,1.0,3.0,2.0,3.0,2.0,1.0,1.0,1.0,1.0,3.0,1.0,1.0,1.0,,,,,1.0,,,,1.0,,,,,1.0,,,,1.0,1.0,,,6.0,6.0,0.0,2.0,1.0,1.0,7.0,9.0,5.0,10.0,10.0,5.0,5.0,2.0,1.0,0.0,6.0,1.0,1.0,,,,1.0,,,1.0,,,,1.0,2.0,2.0,1.0,1.0,0.6182119530748345
469.0,1.0,49.0,4.0,1.0,2.0,16.0,5.0,1.0,5.0,1.0,,,,,,,1.0,,,,1.0,1.0,,,,,,,,,,,,,3.0,3.0,2.0,3.0,1.0,1.0,3.0,3.0,3.0,3.0,3.0,3.0,3.0,3.0,3.0,3.0,1.0,3.0,2.0,4.0,4.0,4.0,4.0,2.0,3.0,4.0,4.0,8.0,7.0,3.0,4.0,3.0,7.0,5.0,2.0,5.0,6.0,5.0,5.0,4.0,0.0,2.0,1.0,1.0,1.0,1.0,2.0,3.0,4.0,,,,,,,,,,1.0,1.0,,,1.0,,3.0,3.0,2.0,4.0,1.0,5.0,4.0,1.0,,,,,,5.0,3.0,3.0,3.0,4.0,0.0,3.0,5.0,3.0,3.0,0.0,6.0,1.0,9.0,6.0,0.0,0.0,4.0,0.0,0.0,8.0,3.0,5.0,3.0,3.0,4.0,,1.0,,1.0,,,1.0,,8.0,4.0,8.0,3.0,8.0,1.0,8.0,3.0,1.0,3.0,4.0,3.0,2.0,2.0,,,,,,1.0,1.0,,2.0,2.0,2.0,2.0,3.0,3.0,1.0,3.0,3.0,3.0,3.0,3.0,2.0,2.0,3.0,2.0,2.0,2.0,2.0,2.0,4.0,2.0,2.0,1.0,,,,,1.0,,,1.0,1.0,1.0,,,,,1.0,,1.0,,1.0,,,4.0,8.0,3.0,5.0,3.0,3.0,9.0,10.0,5.0,7.0,10.0,4.0,4.0,3.0,0.0,0.0,7.0,5.0,1.0,,,1.0,,,,,,,,1.0,1.0,1.0,11.0,10.0,0.9431529090620364
470.0,1.0,40.0,3.0,3.0,2.0,16.0,5.0,1.0,4.0,1.0,,1.0,,,,,,,,,,,,,,,1.0,,,,1.0,,,,2.0,1.0,2.0,1.0,1.0,1.0,3.0,2.0,3.0,1.0,3.0,3.0,2.0,3.0,3.0,2.0,1.0,4.0,4.0,4.0,4.0,4.0,4.0,4.0,3.0,10.0,10.0,10.0,8.0,10.0,10.0,10.0,10.0,10.0,6.0,10.0,10.0,10.0,10.0,10.0,8.0,2.0,2.0,1.0,1.0,1.0,2.0,3.0,1.0,1.0,,,,,,,,,1.0,,1.0,,,,1.0,1.0,1.0,5.0,1.0,2.0,3.0,1.0,,,,1.0,,2.0,1.0,10.0,10.0,8.0,10.0,9.0,10.0,10.0,10.0,10.0,10.0,10.0,10.0,10.0,10.0,10.0,10.0,10.0,10.0,10.0,10.0,8.0,10.0,3.0,3.0,,,,,1.0,1.0,1.0,,6.0,6.0,6.0,6.0,6.0,6.0,6.0,6.0,6.0,5.0,1.0,3.0,1.0,2.0,,,,,1.0,,,,1.0,1.0,3.0,3.0,3.0,3.0,3.0,3.0,3.0,1.0,1.0,3.0,3.0,3.0,3.0,3.0,1.0,1.0,1.0,1.0,1.0,1.0,1.0,,1.0,1.0,,,,,,1.0,1.0,,,,,,,1.0,,1.0,1.0,,,5.0,4.0,7.0,0.0,4.0,4.0,8.0,10.0,5.0,4.0,4.0,7.0,6.0,6.0,7.0,10.0,5.0,1.0,3.0,,190.0,,1.0,,,,,,,3.0,3.0,3.0,11.0,5.0,0.939239993098137
471.0,2.0,47.0,4.0,5.0,2.0,16.0,5.0,1.0,4.0,1.0,,,,,,,,,,1.0,,,,,,,1.0,,,,,1.0,,,2.0,2.0,2.0,3.0,3.0,1.0,3.0,3.0,3.0,3.0,3.0,3.0,3.0,3.0,3.0,3.0,3.0,3.0,4.0,4.0,3.0,4.0,3.0,4.0,3.0,4.0,5.0,7.0,5.0,5.0,6.0,2.0,6.0,5.0,4.0,5.0,5.0,5.0,5.0,5.0,5.0,2.0,1.0,1.0,1.0,3.0,2.0,1.0,3.0,,,,,,,1.0,1.0,,1.0,,,,,,2.0,3.0,2.0,3.0,2.0,,3.0,1.0,,,,,,2.0,2.0,1.0,5.0,1.0,0.0,7.0,5.0,1.0,5.0,5.0,6.0,0.0,4.0,4.0,5.0,0.0,3.0,2.0,1.0,7.0,4.0,3.0,3.0,4.0,3.0,,,,,,1.0,,,2.0,2.0,2.0,2.0,1.0,2.0,2.0,2.0,2.0,3.0,2.0,2.0,2.0,2.0,,,,,,1.0,,,1.0,2.0,2.0,3.0,1.0,3.0,3.0,2.0,3.0,2.0,1.0,1.0,3.0,2.0,2.0,2.0,1.0,1.0,2.0,1.0,2.0,1.0,2.0,1.0,,1.0,,,,,,,,,1.0,,,,,,,,1.0,,,2.0,5.0,0.0,5.0,7.0,6.0,10.0,9.0,7.0,8.0,10.0,5.0,4.0,4.0,0.0,4.0,6.0,5.0,1.0,,,,1.0,,,,,,,2.0,2.0,2.0,2.0,2.0,0.3915612359017463
472.0,1.0,61.0,5.0,5.0,2.0,16.0,4.0,1.0,3.0,1.0,1.0,,,,,,,,,1.0,,,,,,,1.0,,,,,,,,3.0,3.0,3.0,3.0,2.0,1.0,3.0,3.0,3.0,3.0,2.0,3.0,3.0,3.0,3.0,3.0,2.0,4.0,4.0,4.0,3.0,4.0,4.0,4.0,2.0,7.0,6.0,6.0,6.0,4.0,6.0,5.0,9.0,7.0,4.0,6.0,5.0,5.0,7.0,5.0,3.0,3.0,3.0,3.0,3.0,3.0,1.0,3.0,4.0,,,,,,,1.0,,1.0,1.0,,,,,,1.0,1.0,1.0,4.0,2.0,,2.0,1.0,,,,,,3.0,3.0,4.0,7.0,4.0,0.0,7.0,9.0,0.0,7.0,6.0,6.0,1.0,7.0,8.0,4.0,4.0,4.0,6.0,5.0,7.0,3.0,6.0,2.0,4.0,2.0,,1.0,,1.0,,,,,1.0,1.0,1.0,7.0,1.0,1.0,1.0,1.0,1.0,1.0,1.0,1.0,1.0,3.0,,1.0,,,,1.0,1.0,,1.0,1.0,2.0,2.0,3.0,3.0,1.0,3.0,3.0,3.0,3.0,1.0,1.0,2.0,3.0,2.0,2.0,1.0,1.0,1.0,1.0,1.0,1.0,,1.0,,1.0,,,,,,1.0,1.0,,,,1.0,,,,1.0,,,,5.0,3.0,1.0,6.0,4.0,5.0,8.0,10.0,8.0,10.0,10.0,6.0,9.0,4.0,2.0,0.0,6.0,5.0,1.0,,,,1.0,,,,,,,1.0,1.0,1.0,1.0,1.0,0.39609770538400135
473.0,1.0,59.0,5.0,3.0,3.0,16.0,4.0,2.0,4.0,1.0,,,,,,1.0,,,,,,,,,1.0,,1.0,,,,,,,,3.0,2.0,4.0,,3.0,3.0,3.0,3.0,3.0,3.0,3.0,3.0,3.0,3.0,3.0,3.0,3.0,3.0,4.0,3.0,3.0,4.0,3.0,2.0,3.0,3.0,4.0,5.0,3.0,0.0,5.0,3.0,4.0,3.0,0.0,6.0,5.0,5.0,6.0,2.0,5.0,2.0,2.0,1.0,1.0,1.0,2.0,1.0,3.0,1.0,,1.0,,,,,,,,,,,1.0,,3.0,3.0,4.0,3.0,2.0,,3.0,1.0,1.0,,,,,3.0,2.0,4.0,5.0,5.0,0.0,8.0,7.0,3.0,4.0,0.0,0.0,0.0,5.0,6.0,0.0,0.0,0.0,0.0,0.0,7.0,0.0,3.0,1.0,3.0,3.0,,,,,,,,1.0,5.0,5.0,5.0,8.0,8.0,1.0,8.0,5.0,2.0,4.0,2.0,3.0,2.0,1.0,1.0,,,,,1.0,1.0,,1.0,3.0,2.0,3.0,1.0,3.0,3.0,1.0,2.0,1.0,1.0,1.0,3.0,2.0,3.0,2.0,1.0,1.0,1.0,1.0,4.0,1.0,1.0,,1.0,1.0,,,,,,1.0,1.0,1.0,,,,,,,1.0,1.0,,,,2.0,7.0,0.0,3.0,0.0,2.0,9.0,10.0,0.0,10.0,5.0,2.0,0.0,0.0,2.0,0.0,5.0,2.0,1.0,,,,1.0,,,1.0,,,,1.0,1.0,2.0,5.0,4.0,0.9027235129453536
474.0,2.0,64.0,5.0,5.0,1.0,16.0,4.0,2.0,6.0,1.0,,,,,,1.0,,1.0,,,,,,,,,1.0,,,,,,,,4.0,2.0,12.0,,1.0,1.0,1.0,3.0,3.0,3.0,1.0,3.0,3.0,1.0,3.0,3.0,1.0,2.0,1.0,3.0,2.0,4.0,1.0,2.0,1.0,6.0,99.0,99.0,7.0,6.0,1.0,2.0,1.0,2.0,3.0,0.0,5.0,5.0,2.0,5.0,2.0,1.0,3.0,1.0,3.0,3.0,1.0,3.0,4.0,,,,,1.0,1.0,,,,,,,1.0,,,4.0,4.0,2.0,4.0,2.0,,4.0,,,,,,1.0,3.0,2.0,2.0,3.0,0.0,6.0,3.0,2.0,0.0,4.0,4.0,3.0,0.0,99.0,5.0,7.0,2.0,6.0,99.0,4.0,5.0,0.0,2.0,7.0,3.0,5.0,,,,1.0,,,,,1.0,1.0,8.0,6.0,1.0,1.0,1.0,8.0,1.0,4.0,5.0,4.0,2.0,1.0,,1.0,,,,,,,1.0,4.0,3.0,3.0,3.0,3.0,2.0,3.0,3.0,1.0,3.0,3.0,1.0,2.0,3.0,3.0,2.0,2.0,1.0,2.0,3.0,1.0,1.0,1.0,,,,,1.0,,,,1.0,,,,,1.0,,,,,,,,8.0,3.0,1.0,3.0,2.0,3.0,7.0,10.0,6.0,7.0,9.0,2.0,2.0,2.0,3.0,1.0,6.0,1.0,1.0,,,,1.0,,,1.0,,,,3.0,3.0,3.0,6.0,1.0,0.7160672196177453
475.0,1.0,57.0,5.0,5.0,3.0,16.0,8.0,1.0,2.0,1.0,,1.0,,,,,,,,,,1.0,,,,,,,,,,1.0,,,4.0,3.0,2.0,3.0,1.0,1.0,3.0,3.0,3.0,1.0,2.0,3.0,3.0,1.0,3.0,3.0,1.0,3.0,2.0,3.0,1.0,4.0,1.0,3.0,3.0,2.0,1.0,2.0,3.0,3.0,4.0,2.0,4.0,3.0,2.0,0.0,2.0,4.0,2.0,3.0,3.0,2.0,1.0,1.0,1.0,1.0,2.0,1.0,2.0,,1.0,,,1.0,,,1.0,,,,,,,,2.0,2.0,2.0,3.0,2.0,,4.0,1.0,1.0,,,,,5.0,3.0,2.0,2.0,1.0,7.0,5.0,1.0,5.0,1.0,2.0,4.0,7.0,4.0,4.0,0.0,0.0,5.0,2.0,3.0,7.0,0.0,2.0,4.0,2.0,4.0,,,,,1.0,,1.0,,8.0,6.0,6.0,6.0,6.0,6.0,6.0,6.0,6.0,4.0,4.0,4.0,1.0,1.0,1.0,1.0,,1.0,1.0,,1.0,,1.0,4.0,3.0,3.0,3.0,1.0,1.0,3.0,3.0,1.0,1.0,3.0,1.0,3.0,3.0,3.0,2.0,2.0,2.0,2.0,2.0,2.0,2.0,1.0,,,,,1.0,,1.0,1.0,1.0,,,,,,1.0,1.0,1.0,1.0,1.0,,,4.0,9.0,0.0,2.0,0.0,0.0,6.0,9.0,4.0,10.0,10.0,9.0,9.0,9.0,5.0,0.0,8.0,4.0,1.0,,,,1.0,,,1.0,,,,2.0,2.0,2.0,10.0,9.0,0.5580554052953963
476.0,2.0,22.0,1.0,3.0,2.0,16.0,4.0,1.0,2.0,1.0,1.0,,,,1.0,,,,,,,,,,,,1.0,,,,,,,,2.0,2.0,3.0,4.0,3.0,3.0,3.0,3.0,3.0,3.0,3.0,3.0,3.0,3.0,3.0,3.0,3.0,3.0,3.0,4.0,3.0,4.0,3.0,4.0,3.0,7.0,5.0,6.0,4.0,6.0,5.0,5.0,8.0,5.0,5.0,6.0,5.0,3.0,6.0,5.0,5.0,2.0,2.0,2.0,1.0,2.0,2.0,3.0,4.0,1.0,,,,,,,,,,1.0,,,1.0,,4.0,3.0,4.0,3.0,2.0,,3.0,1.0,,,,,,3.0,3.0,2.0,4.0,3.0,2.0,3.0,6.0,4.0,4.0,7.0,3.0,2.0,4.0,5.0,5.0,4.0,5.0,2.0,3.0,6.0,5.0,3.0,3.0,4.0,2.0,,,1.0,1.0,,,,,2.0,2.0,2.0,2.0,8.0,2.0,8.0,2.0,8.0,2.0,2.0,2.0,2.0,2.0,,,,,,1.0,1.0,,2.0,2.0,2.0,3.0,1.0,1.0,3.0,2.0,3.0,3.0,3.0,1.0,3.0,2.0,2.0,2.0,1.0,2.0,2.0,3.0,4.0,3.0,3.0,,1.0,1.0,,,,,,1.0,,1.0,,,,1.0,,1.0,,1.0,,,,3.0,8.0,0.0,5.0,5.0,5.0,10.0,10.0,7.0,8.0,10.0,5.0,5.0,1.0,0.0,0.0,6.0,5.0,1.0,,,,1.0,,,1.0,,,,1.0,1.0,2.0,2.0,2.0,0.7970779826511782
477.0,1.0,62.0,5.0,1.0,2.0,16.0,4.0,1.0,5.0,1.0,,,,,,1.0,,,,,,,,,,1.0,,,,1.0,,,,,3.0,2.0,2.0,4.0,3.0,3.0,3.0,3.0,3.0,3.0,3.0,3.0,3.0,3.0,3.0,3.0,3.0,4.0,4.0,4.0,4.0,4.0,4.0,4.0,4.0,0.0,5.0,5.0,0.0,0.0,1.0,0.0,4.0,7.0,0.0,0.0,7.0,5.0,5.0,2.0,1.0,2.0,1.0,1.0,1.0,1.0,2.0,2.0,4.0,,,,,,,,,,,,,,,1.0,4.0,4.0,4.0,4.0,2.0,,4.0,,1.0,,,,,4.0,2.0,7.0,7.0,1.0,0.0,2.0,2.0,5.0,0.0,0.0,0.0,1.0,7.0,8.0,0.0,0.0,0.0,0.0,0.0,8.0,0.0,2.0,0.0,4.0,1.0,,,,,,,,1.0,4.0,4.0,4.0,4.0,5.0,4.0,4.0,5.0,5.0,5.0,5.0,3.0,4.0,1.0,1.0,,1.0,,,1.0,1.0,,1.0,1.0,2.0,2.0,3.0,3.0,3.0,2.0,2.0,3.0,3.0,3.0,3.0,2.0,3.0,3.0,2.0,1.0,1.0,2.0,2.0,4.0,5.0,1.0,,,,,1.0,1.0,,,,,,,1.0,,,,,,,,,5.0,3.0,6.0,7.0,8.0,5.0,5.0,8.0,5.0,8.0,7.0,8.0,4.0,5.0,5.0,7.0,5.0,3.0,1.0,,,,1.0,,,,,,,3.0,3.0,3.0,5.0,4.0,1.1066178935115178
478.0,2.0,39.0,3.0,4.0,3.0,16.0,7.0,1.0,3.0,1.0,,,,,,,,,,,,,,,,1.0,1.0,,,,1.0,,,,2.0,2.0,2.0,4.0,3.0,3.0,3.0,3.0,3.0,3.0,3.0,3.0,3.0,3.0,3.0,3.0,3.0,3.0,4.0,4.0,2.0,4.0,2.0,4.0,2.0,5.0,6.0,7.0,7.0,0.0,0.0,4.0,7.0,3.0,0.0,7.0,0.0,7.0,5.0,0.0,7.0,2.0,1.0,1.0,1.0,1.0,2.0,2.0,4.0,,,,,,1.0,,,,,,1.0,,1.0,,4.0,4.0,3.0,3.0,1.0,6.0,3.0,1.0,1.0,,,,,3.0,2.0,0.0,6.0,6.0,0.0,6.0,8.0,6.0,6.0,6.0,7.0,0.0,7.0,7.0,0.0,0.0,7.0,3.0,0.0,6.0,7.0,1.0,0.0,4.0,1.0,,1.0,1.0,1.0,,,,,5.0,3.0,3.0,3.0,3.0,1.0,5.0,5.0,2.0,2.0,2.0,2.0,2.0,2.0,,,,,,1.0,1.0,,1.0,1.0,2.0,2.0,1.0,2.0,1.0,1.0,3.0,1.0,3.0,2.0,1.0,2.0,3.0,3.0,2.0,2.0,2.0,2.0,1.0,1.0,1.0,,1.0,1.0,,,,1.0,1.0,1.0,1.0,1.0,,,,,1.0,,1.0,,1.0,,,2.0,6.0,2.0,4.0,3.0,3.0,8.0,10.0,7.0,8.0,10.0,5.0,5.0,6.0,0.0,0.0,8.0,3.0,1.0,,,,1.0,,,,,,,1.0,1.0,1.0,3.0,3.0,0.7093841189021394
479.0,2.0,38.0,3.0,5.0,2.0,16.0,2.0,1.0,4.0,1.0,1.0,,,,,,,1.0,,,,,,,,,1.0,,,,,,,,4.0,2.0,2.0,3.0,2.0,1.0,3.0,1.0,3.0,1.0,3.0,2.0,2.0,2.0,2.0,2.0,1.0,1.0,2.0,3.0,1.0,3.0,3.0,4.0,1.0,2.0,7.0,2.0,2.0,3.0,0.0,0.0,7.0,0.0,0.0,5.0,5.0,2.0,4.0,8.0,2.0,2.0,1.0,3.0,1.0,3.0,1.0,3.0,4.0,,1.0,,,,1.0,,,1.0,,,,,,,3.0,2.0,4.0,2.0,2.0,,5.0,1.0,,1.0,,,,5.0,3.0,0.0,3.0,0.0,0.0,5.0,3.0,0.0,0.0,1.0,2.0,0.0,6.0,4.0,2.0,0.0,2.0,2.0,3.0,4.0,0.0,0.0,3.0,3.0,3.0,,,,1.0,,,,,8.0,8.0,8.0,8.0,8.0,8.0,8.0,8.0,8.0,3.0,2.0,3.0,3.0,1.0,1.0,,,1.0,1.0,1.0,,,1.0,1.0,3.0,3.0,3.0,1.0,3.0,3.0,3.0,1.0,1.0,3.0,3.0,3.0,3.0,1.0,2.0,2.0,1.0,2.0,2.0,3.0,2.0,,1.0,,,1.0,,1.0,1.0,,,1.0,,,,,1.0,,1.0,,,,,99.0,99.0,99.0,99.0,99.0,99.0,99.0,99.0,6.0,99.0,99.0,99.0,99.0,99.0,99.0,99.0,2.0,3.0,1.0,,,,1.0,,,1.0,,,,2.0,2.0,2.0,12.0,11.0,0.4366325202170412
480.0,2.0,27.0,2.0,2.0,3.0,16.0,7.0,1.0,6.0,1.0,,,,,,,,,,,,,,,,,,,,,,,,1.0,3.0,4.0,9.0,,1.0,1.0,4.0,3.0,4.0,3.0,3.0,3.0,3.0,3.0,4.0,4.0,4.0,2.0,3.0,5.0,3.0,2.0,4.0,5.0,4.0,6.0,5.0,4.0,5.0,4.0,5.0,6.0,6.0,6.0,6.0,6.0,5.0,8.0,6.0,5.0,6.0,2.0,2.0,1.0,1.0,1.0,2.0,2.0,3.0,,,1.0,,,,,,1.0,1.0,,,,,,3.0,4.0,3.0,5.0,2.0,,3.0,,,,,,1.0,6.0,3.0,6.0,8.0,5.0,6.0,5.0,4.0,7.0,5.0,10.0,4.0,7.0,7.0,7.0,6.0,8.0,6.0,6.0,7.0,5.0,6.0,7.0,6.0,6.0,5.0,,,,,,,,1.0,5.0,3.0,5.0,3.0,8.0,3.0,3.0,5.0,5.0,4.0,4.0,2.0,3.0,1.0,,,,,,,,1.0,5.0,5.0,2.0,3.0,3.0,3.0,3.0,3.0,3.0,2.0,3.0,3.0,3.0,3.0,3.0,3.0,3.0,4.0,2.0,1.0,2.0,3.0,3.0,,,,1.0,,1.0,,,,,,,1.0,,,,,,,,,1.0,4.0,3.0,7.0,7.0,6.0,4.0,4.0,6.0,1.0,2.0,8.0,2.0,7.0,8.0,8.0,9.0,3.0,2.0,1.0,,,,,1.0,1.0,,1.0,,,1.0,1.0,1.0,8.0,7.0,1.2234978570718358
481.0,1.0,46.0,4.0,4.0,3.0,16.0,5.0,1.0,6.0,1.0,,,,1.0,,,,,,1.0,,,,,,,1.0,,,,,,,,3.0,2.0,12.0,,3.0,3.0,3.0,3.0,3.0,3.0,1.0,3.0,3.0,3.0,3.0,3.0,3.0,4.0,4.0,4.0,4.0,4.0,4.0,4.0,4.0,3.0,3.0,3.0,3.0,3.0,3.0,3.0,3.0,3.0,3.0,3.0,3.0,3.0,3.0,3.0,3.0,1.0,1.0,1.0,1.0,3.0,1.0,3.0,3.0,,,,,,,1.0,1.0,1.0,,,,,,,2.0,2.0,2.0,5.0,2.0,,1.0,,1.0,,,,,4.0,3.0,0.0,0.0,0.0,0.0,1.0,0.0,0.0,1.0,0.0,0.0,0.0,1.0,2.0,0.0,2.0,0.0,0.0,0.0,0.0,0.0,0.0,0.0,5.0,1.0,1.0,1.0,1.0,1.0,1.0,,,,8.0,8.0,8.0,8.0,8.0,8.0,8.0,8.0,8.0,5.0,5.0,5.0,5.0,1.0,1.0,1.0,1.0,1.0,1.0,1.0,1.0,,4.0,4.0,2.0,3.0,3.0,3.0,3.0,3.0,3.0,3.0,3.0,2.0,3.0,2.0,3.0,3.0,2.0,1.0,1.0,3.0,5.0,3.0,5.0,1.0,1.0,,,,,,,,,,1.0,,,,,,,,,1.0,,0.0,0.0,0.0,0.0,0.0,0.0,0.0,0.0,2.0,0.0,0.0,0.0,0.0,0.0,0.0,0.0,7.0,3.0,3.0,,18.0,1.0,,,,,,,,1.0,1.0,1.0,11.0,10.0,0.6401095519979574
482.0,2.0,50.0,4.0,5.0,2.0,16.0,4.0,1.0,3.0,2.0,,,,,,,,1.0,,,,,,,1.0,1.0,,,,,,,,,3.0,1.0,3.0,3.0,1.0,1.0,3.0,1.0,2.0,1.0,3.0,3.0,3.0,3.0,3.0,3.0,1.0,2.0,3.0,2.0,1.0,3.0,2.0,3.0,1.0,4.0,7.0,5.0,5.0,5.0,4.0,5.0,5.0,5.0,5.0,5.0,6.0,4.0,4.0,5.0,6.0,2.0,1.0,2.0,1.0,1.0,1.0,2.0,3.0,1.0,,1.0,,,,,,,,,1.0,,,,4.0,2.0,3.0,3.0,2.0,,1.0,,,,,,1.0,3.0,2.0,3.0,5.0,4.0,4.0,5.0,5.0,4.0,4.0,5.0,5.0,5.0,5.0,6.0,6.0,5.0,5.0,5.0,4.0,5.0,4.0,6.0,5.0,4.0,2.0,,,1.0,1.0,,,,,1.0,1.0,1.0,1.0,1.0,1.0,1.0,1.0,1.0,2.0,2.0,2.0,2.0,2.0,,,,,,1.0,1.0,,2.0,2.0,3.0,3.0,3.0,3.0,3.0,3.0,3.0,2.0,3.0,3.0,3.0,3.0,3.0,3.0,2.0,2.0,1.0,1.0,1.0,3.0,1.0,1.0,1.0,,,,,,,,,,,1.0,,,,,,,,,1.0,5.0,4.0,1.0,7.0,6.0,5.0,8.0,10.0,6.0,9.0,7.0,5.0,6.0,5.0,3.0,1.0,4.0,6.0,1.0,,,,,,1.0,1.0,,,,1.0,1.0,1.0,1.0,1.0,0.3473876882626968
483.0,2.0,72.0,6.0,4.0,3.0,16.0,5.0,2.0,4.0,1.0,,,,,,1.0,,,,,,,,,,,,,,,1.0,1.0,,,2.0,2.0,4.0,,3.0,1.0,3.0,3.0,3.0,3.0,3.0,3.0,3.0,3.0,4.0,4.0,1.0,3.0,2.0,3.0,1.0,4.0,1.0,4.0,1.0,7.0,8.0,6.0,5.0,6.0,3.0,5.0,8.0,4.0,6.0,5.0,6.0,6.0,8.0,7.0,5.0,1.0,1.0,1.0,1.0,1.0,2.0,1.0,3.0,1.0,,,,,,,1.0,,,,,,1.0,,2.0,3.0,2.0,3.0,2.0,,3.0,,,,,,1.0,2.0,2.0,7.0,7.0,7.0,6.0,7.0,5.0,8.0,8.0,6.0,6.0,6.0,6.0,6.0,6.0,5.0,6.0,5.0,6.0,6.0,5.0,6.0,6.0,4.0,3.0,,1.0,1.0,1.0,1.0,,,,1.0,1.0,8.0,1.0,1.0,1.0,1.0,8.0,8.0,3.0,2.0,3.0,1.0,2.0,,1.0,,1.0,,1.0,1.0,,1.0,2.0,2.0,2.0,3.0,1.0,1.0,3.0,3.0,1.0,1.0,1.0,1.0,2.0,3.0,2.0,2.0,1.0,1.0,1.0,3.0,3.0,3.0,,,1.0,,,1.0,,,1.0,1.0,1.0,,,,1.0,,1.0,1.0,1.0,1.0,,,3.0,3.0,0.0,3.0,3.0,2.0,8.0,10.0,5.0,9.0,9.0,6.0,7.0,6.0,2.0,0.0,7.0,1.0,1.0,,,,1.0,,,,,,,2.0,2.0,3.0,3.0,1.0,2.0000826775775886
484.0,2.0,67.0,6.0,5.0,2.0,16.0,1.0,2.0,6.0,1.0,,,,,,1.0,,,,,,,1.0,,,1.0,,,,,,,,,2.0,4.0,4.0,,3.0,3.0,3.0,3.0,3.0,3.0,3.0,3.0,3.0,3.0,3.0,3.0,3.0,2.0,3.0,3.0,2.0,3.0,3.0,4.0,3.0,1.0,6.0,5.0,2.0,0.0,2.0,1.0,4.0,3.0,2.0,0.0,1.0,1.0,99.0,3.0,0.0,2.0,2.0,2.0,2.0,1.0,2.0,2.0,5.0,1.0,,1.0,,,,,,,,1.0,,,,,3.0,3.0,5.0,4.0,2.0,,3.0,1.0,,,1.0,,,3.0,2.0,5.0,8.0,4.0,0.0,0.0,7.0,6.0,4.0,5.0,1.0,0.0,7.0,4.0,0.0,5.0,1.0,0.0,0.0,7.0,5.0,0.0,0.0,4.0,5.0,1.0,,,1.0,,,1.0,,2.0,2.0,2.0,2.0,2.0,2.0,2.0,2.0,2.0,1.0,2.0,2.0,2.0,3.0,,,,,,1.0,1.0,,2.0,3.0,2.0,3.0,3.0,2.0,3.0,1.0,3.0,3.0,3.0,3.0,3.0,2.0,3.0,3.0,1.0,5.0,1.0,3.0,3.0,1.0,1.0,,1.0,1.0,,,,,,,,1.0,,,,1.0,,1.0,1.0,1.0,,,,0.0,8.0,0.0,5.0,2.0,1.0,9.0,10.0,10.0,9.0,10.0,5.0,6.0,6.0,0.0,0.0,2.0,5.0,1.0,,,,1.0,,,,,,,2.0,2.0,3.0,2.0,2.0,1.6976562393437487
485.0,1.0,50.0,4.0,5.0,3.0,16.0,7.0,1.0,2.0,1.0,,,,,,,,,,1.0,,,,,,,1.0,,,,1.0,,,,2.0,4.0,3.0,3.0,3.0,3.0,3.0,3.0,3.0,3.0,3.0,3.0,3.0,3.0,3.0,3.0,3.0,3.0,3.0,4.0,3.0,4.0,4.0,4.0,3.0,7.0,8.0,99.0,8.0,5.0,7.0,7.0,8.0,8.0,0.0,99.0,5.0,7.0,8.0,6.0,99.0,2.0,2.0,1.0,1.0,1.0,2.0,1.0,5.0,1.0,,,,,,,1.0,,,,,,1.0,,3.0,5.0,2.0,5.0,2.0,,3.0,,,,1.0,,,3.0,4.0,3.0,5.0,2.0,3.0,8.0,5.0,9.0,6.0,6.0,8.0,2.0,8.0,8.0,4.0,1.0,4.0,5.0,5.0,10.0,5.0,5.0,7.0,4.0,5.0,,1.0,,1.0,,,1.0,,8.0,8.0,8.0,8.0,8.0,8.0,8.0,8.0,8.0,3.0,5.0,2.0,2.0,2.0,,,,,,,1.0,,1.0,2.0,3.0,3.0,3.0,3.0,3.0,3.0,3.0,3.0,3.0,3.0,3.0,3.0,3.0,3.0,2.0,2.0,2.0,2.0,4.0,2.0,2.0,1.0,,1.0,,,,,,1.0,1.0,1.0,,,,1.0,1.0,1.0,1.0,1.0,1.0,,,5.0,7.0,3.0,4.0,1.0,2.0,9.0,10.0,6.0,9.0,10.0,3.0,5.0,4.0,0.0,0.0,8.0,3.0,1.0,,,,1.0,,,1.0,,,,1.0,1.0,1.0,13.0,12.0,0.4756217859915425
486.0,2.0,73.0,6.0,4.0,2.0,16.0,4.0,2.0,4.0,1.0,,1.0,,,,1.0,,1.0,,,,,,,,,,,,,,,,,5.0,3.0,4.0,,3.0,3.0,3.0,3.0,3.0,3.0,3.0,3.0,3.0,3.0,3.0,3.0,3.0,3.0,3.0,4.0,2.0,4.0,2.0,3.0,2.0,0.0,99.0,99.0,3.0,0.0,0.0,4.0,4.0,3.0,3.0,0.0,3.0,99.0,6.0,5.0,99.0,3.0,3.0,3.0,3.0,3.0,3.0,3.0,5.0,,,,,,1.0,1.0,,1.0,,,,,,,1.0,2.0,1.0,4.0,2.0,,3.0,,,,,,1.0,5.0,3.0,4.0,2.0,0.0,3.0,6.0,0.0,0.0,0.0,2.0,2.0,5.0,4.0,0.0,4.0,0.0,2.0,5.0,5.0,5.0,1.0,3.0,4.0,2.0,2.0,,,,,,,,1.0,6.0,6.0,6.0,6.0,6.0,6.0,6.0,6.0,6.0,4.0,4.0,4.0,4.0,1.0,1.0,1.0,1.0,1.0,1.0,,,,1.0,4.0,3.0,2.0,2.0,1.0,3.0,3.0,3.0,2.0,3.0,3.0,3.0,3.0,3.0,3.0,2.0,2.0,2.0,2.0,3.0,1.0,1.0,1.0,,,1.0,,,,,,1.0,,,,,,,,,1.0,1.0,,,7.0,7.0,1.0,4.0,0.0,0.0,7.0,9.0,0.0,8.0,9.0,3.0,6.0,4.0,5.0,2.0,4.0,1.0,1.0,,,,,,,,1.0,,,3.0,3.0,3.0,6.0,5.0,2.0000756648250273
487.0,1.0,35.0,3.0,2.0,2.0,16.0,4.0,1.0,4.0,1.0,,,1.0,,,1.0,,,,,,,,,,,1.0,,,,,,,,2.0,2.0,2.0,4.0,3.0,1.0,3.0,3.0,3.0,2.0,3.0,3.0,3.0,2.0,3.0,3.0,1.0,3.0,4.0,4.0,4.0,3.0,4.0,3.0,3.0,1.0,8.0,8.0,5.0,5.0,7.0,6.0,8.0,7.0,5.0,8.0,6.0,6.0,7.0,7.0,5.0,2.0,1.0,1.0,2.0,1.0,2.0,2.0,3.0,1.0,,,,,,,,1.0,1.0,,,,,,3.0,3.0,2.0,4.0,2.0,,3.0,1.0,1.0,,1.0,,,2.0,2.0,6.0,8.0,5.0,0.0,5.0,7.0,4.0,5.0,5.0,7.0,0.0,8.0,3.0,4.0,3.0,3.0,4.0,3.0,7.0,7.0,5.0,6.0,5.0,2.0,,1.0,,1.0,,,,,2.0,2.0,2.0,2.0,1.0,1.0,2.0,2.0,2.0,1.0,2.0,1.0,3.0,2.0,,,1.0,,1.0,1.0,1.0,,1.0,2.0,2.0,2.0,1.0,3.0,3.0,3.0,2.0,2.0,2.0,1.0,1.0,2.0,1.0,2.0,1.0,1.0,1.0,1.0,2.0,1.0,1.0,,,1.0,1.0,,,,,,,,,1.0,,,,,1.0,,,,,4.0,6.0,0.0,4.0,5.0,3.0,7.0,10.0,5.0,9.0,5.0,6.0,5.0,5.0,0.0,0.0,5.0,6.0,1.0,,,,1.0,,,,,,,2.0,2.0,2.0,13.0,12.0,1.1492559851732842
488.0,2.0,67.0,6.0,5.0,1.0,16.0,8.0,2.0,4.0,1.0,,,,,,,,,,,,,,,,,1.0,,,,1.0,1.0,,,2.0,2.0,4.0,,3.0,3.0,3.0,3.0,3.0,3.0,3.0,3.0,3.0,3.0,3.0,3.0,3.0,4.0,4.0,4.0,4.0,4.0,3.0,4.0,3.0,7.0,9.0,8.0,7.0,1.0,7.0,4.0,7.0,6.0,1.0,7.0,7.0,8.0,7.0,3.0,5.0,2.0,1.0,1.0,1.0,1.0,2.0,2.0,4.0,1.0,,,,,,,1.0,,,,,,1.0,,4.0,4.0,4.0,5.0,2.0,,4.0,1.0,,,,,,2.0,2.0,3.0,7.0,4.0,1.0,6.0,4.0,3.0,7.0,7.0,7.0,5.0,7.0,7.0,7.0,2.0,7.0,2.0,2.0,8.0,3.0,4.0,1.0,4.0,3.0,1.0,1.0,,1.0,1.0,,,,3.0,3.0,8.0,3.0,3.0,1.0,8.0,2.0,1.0,4.0,4.0,3.0,1.0,1.0,,,,,,1.0,1.0,,1.0,2.0,2.0,2.0,1.0,3.0,1.0,1.0,3.0,1.0,3.0,1.0,3.0,2.0,1.0,3.0,1.0,1.0,1.0,1.0,5.0,1.0,1.0,1.0,,,,,1.0,,,1.0,1.0,1.0,,,,1.0,,1.0,1.0,1.0,,,,3.0,7.0,2.0,5.0,3.0,4.0,9.0,10.0,8.0,9.0,10.0,6.0,7.0,4.0,1.0,0.0,8.0,3.0,1.0,,,1.0,,,,,,,,3.0,3.0,3.0,2.0,3.0,2.0000734247117715
489.0,1.0,69.0,6.0,3.0,3.0,16.0,4.0,2.0,4.0,1.0,,,,,,1.0,,,,,,,,,,1.0,1.0,,,,,,,,2.0,2.0,4.0,,3.0,3.0,3.0,3.0,3.0,3.0,3.0,3.0,3.0,3.0,3.0,3.0,3.0,3.0,4.0,4.0,4.0,4.0,4.0,4.0,2.0,6.0,6.0,8.0,9.0,2.0,9.0,7.0,9.0,8.0,4.0,8.0,6.0,4.0,8.0,6.0,7.0,2.0,2.0,1.0,1.0,2.0,2.0,3.0,3.0,1.0,,,,,,,,,,,1.0,,1.0,,3.0,3.0,3.0,4.0,2.0,,3.0,1.0,1.0,,,,,2.0,2.0,6.0,8.0,5.0,0.0,7.0,7.0,9.0,5.0,3.0,7.0,1.0,8.0,7.0,2.0,2.0,4.0,2.0,1.0,9.0,1.0,1.0,2.0,4.0,2.0,,1.0,,1.0,,,1.0,,2.0,2.0,2.0,2.0,1.0,1.0,2.0,2.0,2.0,5.0,2.0,2.0,2.0,2.0,1.0,,,,,1.0,1.0,,1.0,1.0,2.0,2.0,1.0,2.0,3.0,1.0,2.0,1.0,3.0,1.0,3.0,2.0,3.0,3.0,2.0,2.0,2.0,2.0,2.0,2.0,2.0,,,1.0,,,1.0,,,1.0,,1.0,,,,1.0,,,,1.0,,,,2.0,8.0,2.0,6.0,2.0,3.0,9.0,10.0,8.0,7.0,9.0,4.0,6.0,5.0,0.0,0.0,6.0,3.0,1.0,,,,1.0,,,,,,,3.0,3.0,2.0,2.0,2.0,1.3707711819963728
490.0,2.0,32.0,2.0,2.0,3.0,16.0,6.0,1.0,1.0,1.0,,,,,1.0,1.0,,,,,,,,,,,1.0,,,,,,,,3.0,2.0,2.0,4.0,2.0,1.0,3.0,3.0,3.0,2.0,1.0,3.0,3.0,2.0,1.0,1.0,2.0,3.0,3.0,4.0,2.0,4.0,2.0,4.0,4.0,4.0,8.0,8.0,6.0,5.0,7.0,6.0,7.0,5.0,0.0,6.0,7.0,5.0,7.0,7.0,6.0,2.0,1.0,1.0,1.0,1.0,2.0,2.0,4.0,1.0,,,,1.0,,,,,,,,,1.0,,3.0,3.0,2.0,5.0,1.0,2.0,3.0,1.0,1.0,,,,,3.0,3.0,6.0,5.0,4.0,0.0,3.0,3.0,3.0,3.0,1.0,5.0,0.0,7.0,4.0,4.0,0.0,2.0,0.0,0.0,6.0,4.0,3.0,1.0,4.0,3.0,,1.0,1.0,1.0,1.0,1.0,1.0,,2.0,2.0,2.0,2.0,2.0,2.0,2.0,2.0,2.0,2.0,1.0,1.0,1.0,3.0,1.0,,,,,1.0,1.0,,1.0,2.0,3.0,3.0,1.0,3.0,3.0,3.0,3.0,3.0,3.0,3.0,3.0,2.0,3.0,3.0,2.0,2.0,2.0,2.0,3.0,1.0,1.0,,,1.0,,,1.0,,,1.0,1.0,1.0,,,,1.0,,1.0,1.0,1.0,1.0,,,2.0,5.0,2.0,3.0,3.0,3.0,9.0,10.0,8.0,8.0,9.0,6.0,7.0,6.0,1.0,0.0,8.0,5.0,1.0,,,,,1.0,1.0,,,,,1.0,1.0,1.0,2.0,2.0,2.000014748481766
491.0,2.0,51.0,4.0,3.0,2.0,16.0,3.0,3.0,4.0,1.0,,,,,,1.0,,,,,,,,,,,1.0,,,,1.0,,,,3.0,2.0,6.0,,2.0,1.0,3.0,3.0,3.0,3.0,3.0,3.0,3.0,1.0,3.0,3.0,3.0,4.0,4.0,4.0,4.0,4.0,4.0,4.0,2.0,6.0,6.0,5.0,4.0,5.0,4.0,4.0,5.0,4.0,5.0,5.0,5.0,5.0,5.0,5.0,5.0,1.0,1.0,1.0,1.0,1.0,1.0,1.0,3.0,1.0,,1.0,,,,,,,,1.0,,,,,3.0,3.0,2.0,3.0,2.0,,3.0,,,,,,1.0,6.0,2.0,3.0,4.0,4.0,3.0,5.0,99.0,4.0,4.0,4.0,5.0,0.0,99.0,6.0,4.0,2.0,3.0,4.0,4.0,5.0,5.0,5.0,5.0,6.0,5.0,,,,1.0,,,,,8.0,8.0,8.0,8.0,8.0,8.0,8.0,8.0,8.0,3.0,3.0,3.0,2.0,1.0,,,,,,,,1.0,2.0,2.0,3.0,3.0,3.0,3.0,3.0,3.0,3.0,3.0,3.0,3.0,3.0,3.0,3.0,3.0,2.0,2.0,2.0,2.0,3.0,1.0,1.0,1.0,1.0,,,,,,,,1.0,,,,,,,,,1.0,,,,99.0,99.0,99.0,99.0,99.0,99.0,99.0,99.0,5.0,5.0,5.0,99.0,5.0,99.0,99.0,99.0,3.0,3.0,2.0,9.0,,,1.0,,,1.0,,,,3.0,3.0,3.0,12.0,11.0,0.6102534309875046
492.0,1.0,62.0,5.0,5.0,2.0,16.0,6.0,1.0,1.0,1.0,,,,,,,,,,,,,,,1.0,,1.0,,,,,1.0,,,2.0,2.0,2.0,3.0,1.0,1.0,3.0,3.0,3.0,3.0,3.0,3.0,3.0,3.0,3.0,3.0,2.0,4.0,4.0,4.0,4.0,4.0,4.0,4.0,4.0,8.0,5.0,7.0,7.0,6.0,3.0,8.0,8.0,7.0,3.0,9.0,4.0,6.0,4.0,7.0,7.0,2.0,2.0,1.0,1.0,1.0,2.0,2.0,5.0,1.0,,,,,1.0,,,,,,1.0,,,,4.0,4.0,3.0,3.0,2.0,,3.0,1.0,1.0,,,,,2.0,2.0,3.0,5.0,7.0,6.0,5.0,3.0,7.0,6.0,6.0,7.0,4.0,6.0,8.0,7.0,5.0,2.0,6.0,6.0,7.0,4.0,3.0,6.0,4.0,2.0,1.0,1.0,1.0,1.0,,,,,4.0,4.0,4.0,4.0,4.0,4.0,4.0,4.0,1.0,3.0,2.0,2.0,2.0,2.0,,,,,,,1.0,,1.0,2.0,3.0,2.0,1.0,1.0,1.0,3.0,3.0,1.0,1.0,1.0,1.0,2.0,3.0,2.0,2.0,1.0,1.0,2.0,3.0,1.0,3.0,,,1.0,,,1.0,,,1.0,1.0,1.0,,,,1.0,1.0,1.0,1.0,1.0,,,,3.0,5.0,2.0,5.0,3.0,3.0,10.0,10.0,7.0,7.0,6.0,3.0,6.0,2.0,0.0,0.0,8.0,6.0,1.0,,,,1.0,,,1.0,,,,2.0,2.0,2.0,11.0,11.0,0.9815271935874873
493.0,1.0,38.0,3.0,2.0,3.0,16.0,6.0,1.0,3.0,2.0,,1.0,,,,,,,,,1.0,1.0,,,,,,,,,,,,,2.0,3.0,2.0,4.0,3.0,1.0,3.0,3.0,3.0,3.0,2.0,3.0,1.0,3.0,3.0,3.0,3.0,3.0,2.0,4.0,2.0,3.0,4.0,3.0,4.0,4.0,8.0,7.0,4.0,3.0,7.0,7.0,8.0,6.0,6.0,7.0,10.0,8.0,8.0,8.0,8.0,2.0,1.0,3.0,1.0,1.0,2.0,3.0,4.0,,1.0,,,,,1.0,,,,1.0,,,,,2.0,2.0,1.0,3.0,2.0,,2.0,1.0,,,1.0,,,3.0,2.0,4.0,7.0,6.0,1.0,6.0,6.0,6.0,7.0,7.0,8.0,2.0,9.0,8.0,7.0,6.0,6.0,4.0,8.0,5.0,3.0,6.0,6.0,4.0,2.0,,,,1.0,,1.0,,,1.0,1.0,1.0,2.0,1.0,2.0,1.0,1.0,1.0,3.0,2.0,1.0,3.0,2.0,,,,,,1.0,1.0,,1.0,3.0,2.0,2.0,1.0,2.0,3.0,1.0,1.0,1.0,1.0,1.0,1.0,2.0,3.0,2.0,1.0,1.0,1.0,1.0,1.0,1.0,1.0,1.0,1.0,,,,,,,1.0,1.0,,,,,,,,,,1.0,,,4.0,9.0,8.0,6.0,7.0,6.0,1.0,0.0,6.0,9.0,8.0,6.0,5.0,5.0,1.0,0.0,8.0,3.0,1.0,,,,1.0,,,1.0,,,,1.0,1.0,1.0,1.0,1.0,1.3227815443776152
494.0,1.0,42.0,3.0,4.0,3.0,16.0,6.0,1.0,2.0,1.0,1.0,,,,,1.0,,,,,,,,,,,,,,,1.0,,,,3.0,2.0,1.0,5.0,2.0,2.0,3.0,3.0,3.0,3.0,3.0,3.0,3.0,3.0,3.0,3.0,3.0,3.0,2.0,4.0,2.0,4.0,4.0,3.0,2.0,5.0,7.0,8.0,8.0,6.0,7.0,7.0,7.0,8.0,7.0,6.0,3.0,7.0,7.0,5.0,8.0,1.0,1.0,1.0,1.0,1.0,1.0,1.0,4.0,1.0,,,,,,,1.0,1.0,,,,,,,3.0,3.0,3.0,4.0,2.0,,3.0,1.0,,,1.0,,,2.0,2.0,2.0,8.0,2.0,5.0,8.0,6.0,4.0,7.0,8.0,8.0,5.0,9.0,8.0,3.0,0.0,6.0,5.0,4.0,10.0,4.0,2.0,1.0,5.0,2.0,1.0,1.0,1.0,1.0,,,,,1.0,1.0,1.0,1.0,1.0,1.0,1.0,1.0,1.0,2.0,2.0,1.0,3.0,3.0,,,1.0,,1.0,1.0,1.0,,1.0,2.0,3.0,3.0,3.0,3.0,3.0,3.0,3.0,1.0,3.0,3.0,3.0,3.0,3.0,3.0,2.0,2.0,2.0,1.0,4.0,3.0,3.0,1.0,1.0,,,,,,,,1.0,1.0,,,,1.0,,,,,1.0,,,5.0,6.0,1.0,7.0,2.0,2.0,9.0,10.0,6.0,8.0,10.0,2.0,5.0,2.0,2.0,0.0,8.0,5.0,2.0,9.0,,,1.0,,,,,,,3.0,3.0,3.0,1.0,1.0,1.0632852569509694
495.0,1.0,75.0,6.0,3.0,3.0,16.0,4.0,2.0,4.0,1.0,,,,,,,,1.0,,,,1.0,,,,,,,,1.0,,,,,3.0,3.0,4.0,,3.0,3.0,3.0,3.0,3.0,3.0,3.0,3.0,3.0,3.0,3.0,3.0,3.0,4.0,4.0,4.0,3.0,4.0,4.0,4.0,4.0,4.0,7.0,5.0,0.0,2.0,3.0,3.0,6.0,4.0,2.0,5.0,0.0,2.0,99.0,3.0,4.0,2.0,2.0,2.0,2.0,2.0,2.0,2.0,4.0,1.0,,1.0,,,,,,,,,,,1.0,,4.0,4.0,4.0,5.0,2.0,,2.0,1.0,1.0,,1.0,,,6.0,4.0,0.0,0.0,0.0,0.0,3.0,5.0,5.0,3.0,3.0,6.0,2.0,7.0,6.0,0.0,0.0,2.0,0.0,0.0,3.0,3.0,4.0,0.0,6.0,5.0,,1.0,1.0,1.0,1.0,1.0,1.0,,8.0,8.0,8.0,8.0,8.0,8.0,8.0,8.0,8.0,2.0,2.0,2.0,2.0,3.0,,,,,,,,1.0,5.0,5.0,3.0,2.0,3.0,3.0,3.0,3.0,3.0,3.0,3.0,3.0,3.0,2.0,3.0,3.0,2.0,2.0,2.0,2.0,2.0,1.0,1.0,,1.0,1.0,,,,,,1.0,1.0,,,,,,,,,1.0,1.0,,,99.0,99.0,99.0,99.0,99.0,99.0,99.0,99.0,99.0,99.0,99.0,99.0,99.0,99.0,99.0,99.0,4.0,6.0,1.0,,,,1.0,,,,,,,3.0,3.0,3.0,13.0,12.0,1.3707711819963728
496.0,2.0,53.0,4.0,5.0,2.0,16.0,5.0,1.0,2.0,1.0,,,,,,,,,,,,,,,,,1.0,,,,1.0,1.0,,,2.0,2.0,2.0,4.0,3.0,1.0,3.0,1.0,3.0,3.0,3.0,3.0,3.0,3.0,3.0,1.0,1.0,4.0,4.0,4.0,4.0,4.0,4.0,4.0,4.0,6.0,7.0,7.0,7.0,7.0,8.0,7.0,8.0,7.0,6.0,7.0,7.0,8.0,6.0,8.0,7.0,2.0,2.0,1.0,1.0,1.0,2.0,1.0,3.0,,,1.0,,,,,,1.0,,,1.0,,,,3.0,3.0,2.0,5.0,2.0,,2.0,1.0,,,1.0,,,2.0,2.0,6.0,8.0,8.0,8.0,9.0,9.0,9.0,8.0,9.0,8.0,9.0,8.0,7.0,9.0,7.0,9.0,8.0,8.0,9.0,8.0,7.0,9.0,4.0,2.0,,1.0,1.0,1.0,,,,,1.0,1.0,1.0,1.0,1.0,1.0,1.0,1.0,1.0,2.0,2.0,2.0,2.0,3.0,,,,,,1.0,1.0,,1.0,1.0,2.0,3.0,3.0,3.0,3.0,3.0,3.0,3.0,3.0,3.0,3.0,3.0,3.0,3.0,2.0,2.0,2.0,2.0,1.0,1.0,1.0,,1.0,1.0,,,,,,,,1.0,,,,,,,1.0,1.0,,,,99.0,99.0,99.0,99.0,99.0,99.0,99.0,99.0,8.0,8.0,8.0,6.0,6.0,6.0,0.0,0.0,7.0,1.0,1.0,,,,1.0,,,1.0,,,,1.0,2.0,1.0,1.0,1.0,0.3772530801280392
497.0,1.0,33.0,2.0,5.0,1.0,16.0,5.0,4.0,6.0,1.0,,,1.0,,,,1.0,,,,,,,,,,,,,,,1.0,,,3.0,2.0,8.0,,1.0,1.0,3.0,2.0,3.0,2.0,1.0,3.0,3.0,3.0,1.0,1.0,1.0,1.0,2.0,2.0,1.0,1.0,2.0,1.0,1.0,3.0,0.0,0.0,2.0,0.0,3.0,4.0,0.0,0.0,0.0,2.0,3.0,5.0,2.0,5.0,0.0,1.0,2.0,1.0,3.0,1.0,1.0,3.0,3.0,,1.0,,,,,,,1.0,,1.0,,,,,1.0,3.0,1.0,3.0,2.0,,3.0,,,,,1.0,,5.0,2.0,4.0,4.0,0.0,0.0,0.0,0.0,0.0,0.0,0.0,0.0,0.0,1.0,2.0,0.0,0.0,0.0,0.0,0.0,2.0,0.0,0.0,0.0,3.0,4.0,,,,,1.0,,,,5.0,5.0,8.0,7.0,5.0,8.0,7.0,5.0,8.0,4.0,1.0,4.0,1.0,1.0,1.0,1.0,1.0,1.0,1.0,1.0,1.0,,1.0,3.0,2.0,2.0,2.0,1.0,1.0,1.0,1.0,1.0,1.0,1.0,1.0,1.0,3.0,3.0,2.0,1.0,2.0,1.0,1.0,1.0,1.0,1.0,,,,,1.0,,,1.0,1.0,,,,,,,1.0,,,1.0,,,0.0,7.0,7.0,7.0,8.0,2.0,8.0,5.0,0.0,9.0,7.0,0.0,0.0,0.0,0.0,0.0,4.0,5.0,1.0,,,,,1.0,1.0,,,,,2.0,2.0,2.0,11.0,8.0,1.2684183335790837
498.0,2.0,45.0,4.0,2.0,3.0,16.0,4.0,1.0,3.0,1.0,,,,,1.0,1.0,,,,,,,,,,,1.0,,,,,,,,3.0,2.0,2.0,3.0,3.0,1.0,3.0,3.0,3.0,3.0,3.0,3.0,3.0,3.0,3.0,3.0,2.0,3.0,2.0,2.0,1.0,4.0,3.0,2.0,2.0,6.0,6.0,4.0,5.0,3.0,4.0,4.0,5.0,3.0,4.0,5.0,5.0,5.0,7.0,6.0,6.0,1.0,1.0,1.0,1.0,1.0,1.0,1.0,3.0,,,,,,1.0,,,1.0,1.0,,,,,,2.0,3.0,2.0,5.0,2.0,,3.0,1.0,1.0,,1.0,,,3.0,2.0,99.0,99.0,0.0,4.0,8.0,4.0,0.0,5.0,5.0,6.0,1.0,7.0,7.0,3.0,1.0,3.0,2.0,0.0,8.0,0.0,2.0,3.0,6.0,4.0,,,,,,,,1.0,8.0,1.0,8.0,8.0,8.0,8.0,8.0,8.0,2.0,3.0,4.0,4.0,4.0,1.0,,,,,,,1.0,,1.0,3.0,3.0,3.0,3.0,3.0,3.0,3.0,3.0,1.0,3.0,3.0,3.0,3.0,3.0,3.0,1.0,5.0,5.0,5.0,4.0,1.0,1.0,,1.0,,,,1.0,,,,,,1.0,,,,,,,,,,1.0,99.0,7.0,0.0,5.0,1.0,6.0,7.0,10.0,3.0,10.0,10.0,4.0,2.0,5.0,3.0,0.0,6.0,1.0,2.0,9.0,,,1.0,,,1.0,,,,3.0,3.0,3.0,12.0,1.0,0.8594523038150116
499.0,1.0,67.0,6.0,3.0,2.0,16.0,4.0,2.0,3.0,1.0,,1.0,,,,,,,,,,,,,,,1.0,,,,1.0,,,,2.0,2.0,4.0,,3.0,3.0,3.0,3.0,3.0,3.0,3.0,3.0,3.0,3.0,3.0,3.0,3.0,4.0,3.0,4.0,4.0,4.0,4.0,4.0,3.0,7.0,8.0,8.0,6.0,4.0,5.0,6.0,8.0,7.0,2.0,5.0,6.0,2.0,5.0,7.0,7.0,1.0,1.0,1.0,1.0,1.0,1.0,1.0,3.0,1.0,,,,,,,1.0,,,,,1.0,,,2.0,3.0,3.0,3.0,2.0,,3.0,,,,1.0,,,2.0,2.0,7.0,8.0,6.0,2.0,7.0,8.0,8.0,7.0,7.0,7.0,0.0,8.0,8.0,0.0,2.0,5.0,5.0,3.0,7.0,5.0,5.0,0.0,4.0,2.0,,1.0,1.0,1.0,1.0,1.0,1.0,,1.0,1.0,1.0,1.0,1.0,1.0,1.0,1.0,1.0,2.0,2.0,2.0,2.0,2.0,,,,,,1.0,1.0,,1.0,1.0,3.0,3.0,1.0,1.0,1.0,3.0,3.0,1.0,3.0,1.0,1.0,2.0,3.0,3.0,2.0,2.0,3.0,3.0,5.0,3.0,3.0,,1.0,1.0,,,,,,,1.0,1.0,,,,1.0,,1.0,1.0,1.0,1.0,,,5.0,6.0,0.0,3.0,1.0,1.0,9.0,10.0,8.0,7.0,7.0,5.0,5.0,4.0,2.0,0.0,5.0,1.0,1.0,,,,1.0,,,,,,,2.0,2.0,2.0,1.0,1.0,0.9373959584839097
500.0,2.0,60.0,5.0,5.0,2.0,16.0,4.0,1.0,4.0,1.0,,,,,,,,1.0,,1.0,,,,,,,,1.0,,,,,,,2.0,2.0,2.0,4.0,3.0,1.0,3.0,3.0,3.0,3.0,3.0,3.0,3.0,3.0,3.0,3.0,3.0,3.0,4.0,4.0,1.0,3.0,1.0,4.0,1.0,1.0,2.0,2.0,1.0,1.0,1.0,1.0,7.0,0.0,1.0,1.0,2.0,1.0,4.0,1.0,1.0,1.0,1.0,1.0,3.0,1.0,1.0,3.0,4.0,1.0,,,,,1.0,,,,,1.0,,,,,4.0,4.0,1.0,2.0,1.0,4.0,1.0,1.0,1.0,,1.0,,,2.0,2.0,0.0,8.0,0.0,0.0,8.0,7.0,0.0,9.0,1.0,1.0,0.0,6.0,7.0,0.0,0.0,0.0,0.0,0.0,8.0,0.0,8.0,0.0,5.0,1.0,1.0,1.0,1.0,1.0,,,1.0,,1.0,1.0,1.0,1.0,1.0,1.0,1.0,1.0,1.0,4.0,2.0,2.0,2.0,2.0,,,1.0,,,1.0,1.0,,1.0,1.0,2.0,2.0,1.0,2.0,1.0,1.0,1.0,1.0,1.0,1.0,1.0,2.0,2.0,2.0,2.0,2.0,2.0,2.0,1.0,1.0,1.0,,1.0,1.0,,,,,,1.0,1.0,1.0,,,1.0,,,,,,1.0,,,3.0,9.0,1.0,3.0,2.0,2.0,10.0,10.0,9.0,10.0,10.0,1.0,1.0,1.0,0.0,0.0,6.0,1.0,1.0,,,,1.0,,,,,,,2.0,3.0,3.0,1.0,1.0,0.48738954746190155
501.0,1.0,48.0,4.0,2.0,2.0,16.0,6.0,1.0,5.0,1.0,,,,,,,,,,,,,,,,1.0,1.0,,,,1.0,,,,2.0,2.0,3.0,3.0,3.0,3.0,3.0,3.0,3.0,3.0,3.0,3.0,3.0,3.0,3.0,3.0,3.0,4.0,3.0,4.0,4.0,4.0,3.0,2.0,3.0,7.0,6.0,7.0,6.0,4.0,5.0,6.0,7.0,7.0,4.0,5.0,6.0,6.0,6.0,6.0,6.0,2.0,1.0,1.0,1.0,1.0,2.0,1.0,3.0,1.0,,1.0,,,,,,,,,,,1.0,,2.0,2.0,3.0,4.0,1.0,5.0,3.0,1.0,1.0,,,,,3.0,2.0,4.0,5.0,2.0,2.0,4.0,5.0,7.0,3.0,4.0,3.0,2.0,7.0,7.0,2.0,1.0,2.0,3.0,2.0,7.0,4.0,2.0,2.0,4.0,5.0,,1.0,1.0,1.0,1.0,1.0,1.0,,5.0,1.0,5.0,5.0,2.0,2.0,5.0,5.0,2.0,2.0,5.0,3.0,2.0,2.0,1.0,,,,,1.0,1.0,,1.0,2.0,2.0,2.0,1.0,3.0,3.0,3.0,3.0,2.0,3.0,1.0,3.0,2.0,2.0,2.0,2.0,2.0,2.0,2.0,1.0,1.0,1.0,,1.0,,1.0,,,,1.0,1.0,1.0,1.0,,,,1.0,1.0,1.0,1.0,1.0,1.0,,,2.0,8.0,1.0,6.0,2.0,1.0,9.0,10.0,7.0,9.0,10.0,3.0,6.0,5.0,1.0,0.0,8.0,3.0,1.0,,,,,,,,,,1.0,2.0,2.0,2.0,5.0,4.0,0.7065801906991548
502.0,2.0,67.0,6.0,5.0,3.0,16.0,5.0,1.0,2.0,2.0,,,,,,,,,,,,,1.0,,1.0,,1.0,,,,,,,,2.0,2.0,2.0,4.0,3.0,3.0,3.0,3.0,3.0,3.0,3.0,3.0,3.0,3.0,3.0,3.0,3.0,3.0,3.0,4.0,3.0,3.0,4.0,4.0,4.0,7.0,8.0,8.0,7.0,2.0,7.0,6.0,8.0,8.0,0.0,7.0,2.0,7.0,6.0,7.0,8.0,2.0,2.0,1.0,1.0,2.0,2.0,2.0,3.0,1.0,,,,,,,1.0,,,,,,1.0,,3.0,3.0,4.0,4.0,2.0,,2.0,1.0,,1.0,1.0,,,4.0,2.0,8.0,8.0,7.0,0.0,2.0,8.0,7.0,6.0,6.0,6.0,2.0,8.0,8.0,4.0,7.0,3.0,2.0,4.0,7.0,8.0,5.0,2.0,5.0,2.0,1.0,1.0,1.0,,,,,,2.0,2.0,2.0,2.0,2.0,2.0,2.0,2.0,2.0,1.0,2.0,2.0,2.0,3.0,1.0,,1.0,1.0,,1.0,1.0,,2.0,1.0,2.0,3.0,1.0,2.0,1.0,1.0,3.0,1.0,1.0,3.0,1.0,2.0,1.0,3.0,1.0,1.0,1.0,1.0,2.0,2.0,2.0,,1.0,1.0,,,,,,1.0,1.0,1.0,,,,1.0,,1.0,,1.0,,,,1.0,9.0,1.0,4.0,3.0,10.0,9.0,0.0,10.0,9.0,10.0,4.0,5.0,6.0,2.0,0.0,7.0,4.0,1.0,,,,1.0,,,1.0,,,,2.0,2.0,2.0,2.0,2.0,2.000059565864427
503.0,1.0,72.0,6.0,1.0,3.0,16.0,4.0,2.0,3.0,1.0,,,,,,1.0,,,,,,,,,,,,,,,,1.0,,,2.0,2.0,4.0,,3.0,3.0,3.0,3.0,3.0,3.0,3.0,3.0,3.0,3.0,3.0,3.0,3.0,4.0,3.0,4.0,3.0,4.0,4.0,4.0,4.0,5.0,6.0,7.0,8.0,7.0,8.0,7.0,8.0,7.0,5.0,6.0,7.0,6.0,7.0,6.0,6.0,1.0,1.0,1.0,1.0,1.0,1.0,1.0,4.0,1.0,,,,,,,1.0,1.0,,,,,,,2.0,2.0,2.0,3.0,2.0,,3.0,,1.0,,,,,2.0,2.0,6.0,7.0,7.0,5.0,6.0,7.0,6.0,7.0,7.0,6.0,5.0,6.0,5.0,5.0,5.0,6.0,5.0,5.0,6.0,5.0,5.0,6.0,4.0,2.0,,,1.0,,,,,,1.0,1.0,1.0,1.0,1.0,1.0,1.0,1.0,1.0,2.0,2.0,2.0,2.0,2.0,,1.0,,,,,1.0,,1.0,2.0,1.0,2.0,1.0,1.0,1.0,1.0,1.0,1.0,1.0,1.0,1.0,3.0,2.0,2.0,2.0,1.0,2.0,1.0,3.0,3.0,2.0,,1.0,1.0,,,,,,,,1.0,,,,1.0,,,,,,,,4.0,5.0,3.0,4.0,3.0,3.0,8.0,10.0,8.0,8.0,8.0,6.0,7.0,6.0,3.0,1.0,6.0,1.0,1.0,,,,1.0,,,,,,,2.0,2.0,2.0,1.0,1.0,1.9862803493290124
504.0,1.0,49.0,4.0,5.0,2.0,16.0,6.0,1.0,3.0,1.0,,,,,,1.0,,,,,1.0,,1.0,,,,,,,,,,,,2.0,2.0,2.0,3.0,3.0,3.0,3.0,3.0,3.0,3.0,3.0,3.0,3.0,3.0,3.0,3.0,3.0,2.0,3.0,3.0,3.0,3.0,3.0,4.0,3.0,6.0,8.0,7.0,8.0,8.0,5.0,8.0,10.0,8.0,7.0,8.0,6.0,8.0,8.0,8.0,8.0,2.0,1.0,1.0,1.0,1.0,1.0,2.0,5.0,1.0,,,,,1.0,,,,,1.0,,,,,5.0,2.0,3.0,3.0,2.0,,3.0,1.0,,1.0,,,,2.0,2.0,8.0,9.0,8.0,8.0,9.0,5.0,9.0,9.0,9.0,8.0,7.0,9.0,10.0,7.0,5.0,9.0,5.0,5.0,8.0,5.0,6.0,6.0,3.0,4.0,,,,,,,,1.0,3.0,3.0,3.0,3.0,3.0,3.0,3.0,3.0,3.0,4.0,5.0,3.0,2.0,1.0,,,,,,1.0,1.0,,2.0,1.0,3.0,3.0,1.0,1.0,3.0,3.0,2.0,1.0,1.0,3.0,1.0,2.0,2.0,2.0,2.0,2.0,2.0,3.0,4.0,3.0,2.0,1.0,1.0,,,,,1.0,1.0,,,,,,,1.0,1.0,,,,,,,2.0,8.0,1.0,2.0,0.0,0.0,9.0,10.0,5.0,10.0,10.0,7.0,5.0,5.0,0.0,0.0,7.0,1.0,1.0,,,,1.0,,,1.0,,,,1.0,2.0,2.0,3.0,3.0,0.33758780270602085
505.0,2.0,59.0,5.0,5.0,1.0,16.0,4.0,1.0,2.0,1.0,,,,1.0,,,1.0,,,,,,,,,,1.0,,,,,,,,2.0,1.0,2.0,3.0,3.0,3.0,3.0,3.0,3.0,3.0,3.0,3.0,3.0,3.0,3.0,3.0,3.0,3.0,4.0,4.0,3.0,3.0,3.0,4.0,2.0,8.0,9.0,9.0,7.0,1.0,6.0,7.0,9.0,8.0,7.0,8.0,8.0,8.0,6.0,7.0,99.0,2.0,2.0,1.0,1.0,1.0,2.0,1.0,5.0,1.0,,,,,,,1.0,,,,,,1.0,,3.0,5.0,4.0,4.0,2.0,,3.0,1.0,,,1.0,,,2.0,1.0,8.0,8.0,10.0,1.0,7.0,8.0,7.0,8.0,6.0,8.0,3.0,9.0,8.0,1.0,5.0,7.0,3.0,5.0,7.0,7.0,6.0,2.0,4.0,5.0,,,,1.0,1.0,1.0,1.0,,8.0,8.0,8.0,3.0,8.0,8.0,3.0,5.0,8.0,5.0,3.0,3.0,2.0,1.0,1.0,1.0,,1.0,1.0,1.0,1.0,,1.0,3.0,2.0,3.0,1.0,3.0,1.0,1.0,1.0,1.0,1.0,1.0,1.0,2.0,3.0,3.0,1.0,1.0,1.0,1.0,4.0,1.0,1.0,,1.0,1.0,,,,,,1.0,1.0,1.0,,,,1.0,,1.0,,1.0,,,,3.0,8.0,2.0,3.0,2.0,1.0,9.0,10.0,2.0,10.0,10.0,8.0,9.0,7.0,0.0,0.0,5.0,1.0,2.0,3.0,,,1.0,,,,,,,3.0,3.0,3.0,3.0,3.0,0.7510264880982884
506.0,2.0,19.0,1.0,2.0,3.0,16.0,4.0,4.0,3.0,1.0,,,,,,,,,,,,,,,,,,,1.0,,,,,,2.0,1.0,7.0,,3.0,3.0,3.0,3.0,3.0,3.0,3.0,3.0,3.0,3.0,3.0,3.0,3.0,4.0,4.0,4.0,4.0,4.0,4.0,4.0,3.0,10.0,5.0,5.0,5.0,5.0,5.0,5.0,10.0,5.0,4.0,5.0,5.0,99.0,5.0,7.0,5.0,2.0,2.0,2.0,2.0,2.0,2.0,3.0,2.0,1.0,,,,,1.0,,,1.0,,,,,,,2.0,2.0,2.0,5.0,2.0,,1.0,,,1.0,,1.0,,3.0,2.0,4.0,5.0,5.0,5.0,5.0,5.0,5.0,5.0,5.0,5.0,5.0,5.0,5.0,5.0,5.0,5.0,5.0,5.0,5.0,5.0,5.0,5.0,5.0,3.0,,,,1.0,,,,,8.0,8.0,8.0,8.0,8.0,8.0,8.0,8.0,8.0,2.0,2.0,3.0,1.0,1.0,,,,,1.0,,,,1.0,1.0,3.0,3.0,3.0,1.0,3.0,3.0,3.0,3.0,3.0,3.0,3.0,2.0,2.0,3.0,2.0,2.0,2.0,1.0,4.0,5.0,1.0,,1.0,,,,1.0,1.0,1.0,1.0,1.0,1.0,,,1.0,1.0,1.0,1.0,1.0,1.0,1.0,,,0.0,0.0,0.0,0.0,0.0,0.0,0.0,0.0,0.0,0.0,0.0,0.0,0.0,0.0,0.0,0.0,5.0,3.0,3.0,,9.0,,,1.0,1.0,,1.0,,,3.0,2.0,2.0,11.0,10.0,1.165143078351612
507.0,2.0,39.0,3.0,1.0,3.0,16.0,4.0,1.0,4.0,1.0,,,,,,,,,,1.0,1.0,,,,,,1.0,,,,,,,,4.0,3.0,2.0,3.0,1.0,1.0,3.0,2.0,3.0,1.0,1.0,3.0,3.0,1.0,1.0,3.0,1.0,3.0,3.0,4.0,3.0,3.0,3.0,2.0,3.0,3.0,6.0,5.0,1.0,2.0,1.0,2.0,5.0,3.0,1.0,5.0,5.0,5.0,5.0,2.0,0.0,3.0,1.0,3.0,3.0,1.0,1.0,3.0,4.0,1.0,,1.0,,,,1.0,,,,,,,,,5.0,4.0,1.0,2.0,2.0,,3.0,,,,,,1.0,5.0,3.0,0.0,0.0,0.0,0.0,3.0,0.0,0.0,1.0,0.0,0.0,0.0,0.0,0.0,0.0,0.0,0.0,0.0,0.0,3.0,3.0,0.0,0.0,5.0,5.0,1.0,1.0,1.0,1.0,1.0,,1.0,,8.0,8.0,8.0,8.0,8.0,8.0,8.0,8.0,8.0,5.0,5.0,5.0,2.0,1.0,1.0,1.0,1.0,1.0,1.0,1.0,1.0,,2.0,3.0,2.0,3.0,3.0,1.0,1.0,1.0,1.0,1.0,1.0,1.0,3.0,3.0,2.0,2.0,5.0,5.0,5.0,5.0,4.0,1.0,1.0,1.0,1.0,,,,,,,,,,1.0,,,,,,,,,1.0,,5.0,99.0,99.0,99.0,99.0,99.0,99.0,99.0,6.0,6.0,99.0,99.0,99.0,99.0,99.0,99.0,3.0,6.0,1.0,,,,1.0,,,1.0,,,,2.0,2.0,2.0,11.0,10.0,1.4419296996096644
508.0,2.0,71.0,6.0,5.0,1.0,16.0,7.0,2.0,2.0,1.0,,,,,,1.0,,,,,,,,,,1.0,1.0,,,,,,,,3.0,2.0,4.0,,3.0,3.0,3.0,3.0,3.0,3.0,3.0,3.0,3.0,3.0,3.0,3.0,3.0,2.0,3.0,4.0,2.0,4.0,3.0,4.0,3.0,3.0,8.0,8.0,4.0,1.0,8.0,4.0,6.0,9.0,2.0,7.0,3.0,4.0,5.0,2.0,3.0,2.0,2.0,1.0,1.0,1.0,2.0,2.0,3.0,1.0,,,,,,,1.0,,,,1.0,,,,4.0,4.0,4.0,4.0,2.0,,3.0,1.0,,,1.0,,,2.0,2.0,8.0,8.0,8.0,2.0,7.0,8.0,8.0,7.0,8.0,7.0,2.0,8.0,6.0,9.0,7.0,7.0,2.0,3.0,7.0,8.0,2.0,1.0,4.0,2.0,,1.0,,1.0,1.0,1.0,1.0,,2.0,2.0,2.0,2.0,1.0,1.0,1.0,2.0,2.0,1.0,1.0,1.0,4.0,3.0,,,,,,1.0,1.0,,1.0,2.0,3.0,2.0,1.0,3.0,3.0,3.0,3.0,1.0,1.0,1.0,1.0,2.0,3.0,2.0,2.0,2.0,2.0,2.0,3.0,1.0,1.0,,1.0,1.0,,,,,,1.0,1.0,1.0,,,,1.0,,1.0,1.0,1.0,,,,4.0,5.0,3.0,5.0,2.0,4.0,9.0,10.0,4.0,7.0,9.0,2.0,5.0,3.0,0.0,0.0,8.0,4.0,1.0,,,,1.0,,,,,,,1.0,1.0,1.0,13.0,12.0,2.0000698167124686
509.0,1.0,19.0,1.0,5.0,1.0,16.0,3.0,5.0,4.0,1.0,,1.0,1.0,,,,,,,,,1.0,,,,,,,,,,,,,3.0,3.0,12.0,,4.0,3.0,3.0,3.0,3.0,4.0,2.0,3.0,3.0,3.0,3.0,3.0,3.0,3.0,3.0,3.0,3.0,3.0,4.0,3.0,3.0,4.0,4.0,5.0,9.0,5.0,4.0,6.0,7.0,0.0,3.0,5.0,5.0,5.0,2.0,6.0,7.0,2.0,2.0,2.0,1.0,2.0,2.0,2.0,3.0,,,,,,1.0,,,1.0,1.0,,,,,,3.0,3.0,2.0,3.0,2.0,,3.0,,1.0,,,,,3.0,3.0,5.0,5.0,5.0,5.0,6.0,5.0,2.0,5.0,7.0,7.0,5.0,8.0,8.0,5.0,2.0,5.0,4.0,6.0,7.0,5.0,4.0,8.0,3.0,3.0,,,,,,,,1.0,8.0,3.0,3.0,7.0,8.0,1.0,8.0,3.0,8.0,3.0,3.0,3.0,3.0,1.0,,1.0,,1.0,1.0,,,,1.0,2.0,3.0,3.0,1.0,3.0,1.0,3.0,3.0,1.0,1.0,1.0,3.0,3.0,1.0,3.0,2.0,2.0,2.0,3.0,2.0,3.0,3.0,,1.0,1.0,,,,,,1.0,,1.0,,,1.0,,,,1.0,1.0,,,,5.0,4.0,0.0,4.0,3.0,1.0,7.0,7.0,0.0,7.0,10.0,5.0,5.0,5.0,2.0,0.0,2.0,3.0,1.0,,,,,1.0,1.0,,1.0,,,1.0,1.0,1.0,11.0,10.0,1.7048204428687035
510.0,1.0,46.0,4.0,1.0,2.0,16.0,6.0,1.0,4.0,1.0,1.0,,1.0,,,,,,,,,,,,,,,,,,1.0,,,,3.0,4.0,2.0,4.0,3.0,1.0,3.0,3.0,3.0,1.0,3.0,3.0,3.0,1.0,1.0,1.0,3.0,4.0,4.0,4.0,4.0,4.0,4.0,4.0,3.0,7.0,7.0,5.0,6.0,6.0,5.0,3.0,8.0,5.0,3.0,99.0,5.0,4.0,6.0,5.0,4.0,2.0,1.0,1.0,2.0,1.0,2.0,3.0,3.0,,,,,,,,,,1.0,1.0,,,1.0,,2.0,2.0,2.0,3.0,2.0,,3.0,1.0,1.0,,,,,3.0,4.0,6.0,6.0,5.0,0.0,7.0,4.0,4.0,6.0,6.0,7.0,0.0,6.0,8.0,5.0,3.0,5.0,5.0,6.0,7.0,6.0,6.0,6.0,3.0,5.0,1.0,,,1.0,,,,,8.0,8.0,8.0,7.0,8.0,1.0,1.0,2.0,2.0,5.0,5.0,2.0,2.0,3.0,,,,,,,1.0,,2.0,2.0,3.0,2.0,1.0,1.0,1.0,1.0,1.0,1.0,1.0,1.0,1.0,2.0,1.0,2.0,5.0,3.0,3.0,3.0,5.0,5.0,5.0,1.0,,,,1.0,,,,1.0,1.0,,,,1.0,1.0,,,,1.0,,,,2.0,4.0,1.0,3.0,3.0,3.0,8.0,10.0,10.0,8.0,10.0,6.0,6.0,1.0,2.0,0.0,6.0,3.0,1.0,,,,,1.0,1.0,,,,,1.0,1.0,1.0,11.0,10.0,0.9685976311250727
511.0,1.0,61.0,5.0,1.0,3.0,16.0,6.0,2.0,6.0,1.0,,,,,,,,1.0,,,,,,,1.0,,1.0,,,,,,,,3.0,2.0,4.0,,3.0,3.0,3.0,3.0,3.0,3.0,3.0,3.0,3.0,3.0,3.0,3.0,3.0,3.0,3.0,3.0,3.0,4.0,3.0,3.0,3.0,6.0,4.0,5.0,7.0,2.0,3.0,6.0,7.0,6.0,3.0,5.0,5.0,6.0,5.0,4.0,5.0,2.0,2.0,2.0,1.0,2.0,2.0,2.0,4.0,1.0,,,,,1.0,,,,,,,,1.0,,4.0,4.0,4.0,4.0,2.0,,4.0,1.0,1.0,,1.0,,,2.0,2.0,2.0,6.0,5.0,3.0,6.0,5.0,7.0,6.0,5.0,7.0,1.0,7.0,7.0,0.0,2.0,7.0,3.0,1.0,7.0,7.0,4.0,0.0,4.0,2.0,,1.0,1.0,1.0,1.0,1.0,1.0,,2.0,2.0,2.0,2.0,1.0,1.0,1.0,2.0,1.0,3.0,5.0,2.0,2.0,3.0,,,,,,,1.0,,1.0,2.0,1.0,2.0,1.0,1.0,1.0,1.0,1.0,1.0,1.0,1.0,1.0,2.0,3.0,2.0,2.0,2.0,2.0,2.0,1.0,1.0,1.0,,1.0,,1.0,,,,1.0,1.0,1.0,1.0,,,,,,1.0,1.0,1.0,1.0,,,3.0,5.0,4.0,6.0,5.0,4.0,9.0,9.0,2.0,7.0,8.0,6.0,5.0,5.0,2.0,2.0,7.0,5.0,1.0,,,1.0,,,,,,,,2.0,3.0,3.0,3.0,4.0,1.354400935663273
512.0,2.0,50.0,4.0,1.0,2.0,16.0,4.0,1.0,5.0,1.0,,,,,,1.0,,,,1.0,,,,,,,,,,,1.0,,,,3.0,2.0,2.0,3.0,3.0,1.0,3.0,3.0,3.0,2.0,2.0,3.0,3.0,3.0,1.0,3.0,3.0,2.0,3.0,3.0,2.0,4.0,3.0,3.0,2.0,5.0,7.0,7.0,2.0,3.0,5.0,6.0,7.0,7.0,3.0,2.0,3.0,5.0,99.0,5.0,7.0,2.0,1.0,1.0,1.0,1.0,2.0,3.0,3.0,,,1.0,1.0,,,,,,,1.0,,,,,3.0,3.0,2.0,4.0,2.0,,4.0,,,,,,1.0,3.0,2.0,5.0,5.0,3.0,0.0,3.0,5.0,7.0,5.0,4.0,5.0,0.0,8.0,5.0,5.0,0.0,7.0,6.0,2.0,8.0,6.0,5.0,2.0,3.0,3.0,,,,,,,1.0,,1.0,1.0,1.0,1.0,1.0,1.0,1.0,1.0,1.0,3.0,3.0,3.0,3.0,1.0,,,,,,1.0,1.0,,1.0,2.0,3.0,3.0,3.0,3.0,3.0,3.0,3.0,3.0,3.0,3.0,3.0,3.0,3.0,3.0,1.0,2.0,1.0,1.0,3.0,2.0,2.0,,1.0,1.0,,,,,,1.0,,1.0,,,,,,,,1.0,1.0,,,1.0,2.0,2.0,3.0,3.0,5.0,10.0,10.0,5.0,9.0,9.0,5.0,8.0,5.0,1.0,1.0,6.0,5.0,1.0,,,1.0,,,,,,,,3.0,3.0,3.0,1.0,1.0,0.970531832403361
513.0,1.0,67.0,6.0,2.0,2.0,16.0,2.0,2.0,6.0,1.0,,1.0,,,,,,,,,,1.0,,,,,,1.0,,,,,,,3.0,2.0,4.0,,3.0,3.0,3.0,3.0,3.0,3.0,3.0,3.0,3.0,3.0,3.0,3.0,3.0,3.0,3.0,3.0,2.0,3.0,3.0,3.0,2.0,5.0,4.0,4.0,5.0,4.0,4.0,4.0,5.0,6.0,5.0,5.0,5.0,4.0,4.0,5.0,5.0,2.0,2.0,2.0,2.0,2.0,2.0,2.0,3.0,1.0,,,1.0,,,,,,1.0,,,,,,3.0,3.0,3.0,3.0,2.0,,2.0,1.0,,,,,,3.0,2.0,5.0,5.0,5.0,7.0,6.0,6.0,6.0,5.0,5.0,5.0,5.0,5.0,6.0,4.0,5.0,6.0,5.0,5.0,5.0,5.0,5.0,5.0,5.0,2.0,1.0,1.0,,1.0,,,,,2.0,2.0,2.0,2.0,2.0,2.0,2.0,2.0,2.0,2.0,2.0,1.0,2.0,2.0,,,,,,1.0,1.0,,3.0,2.0,2.0,2.0,1.0,2.0,1.0,3.0,3.0,1.0,1.0,1.0,1.0,2.0,3.0,3.0,2.0,2.0,2.0,2.0,2.0,2.0,2.0,1.0,,,1.0,,,1.0,,,,,,,,,,,1.0,,,,,5.0,5.0,6.0,6.0,5.0,5.0,5.0,5.0,9.0,9.0,10.0,5.0,5.0,5.0,1.0,0.0,3.0,3.0,1.0,,,,1.0,,,,,,,2.0,2.0,2.0,2.0,2.0,1.187627333396063
514.0,2.0,52.0,4.0,5.0,2.0,16.0,7.0,1.0,1.0,1.0,,,,,,,1.0,,,,,1.0,,,,,,,,,,1.0,,,3.0,3.0,2.0,1.0,3.0,1.0,3.0,3.0,3.0,3.0,3.0,3.0,3.0,3.0,3.0,3.0,1.0,1.0,1.0,1.0,1.0,1.0,1.0,3.0,1.0,2.0,0.0,0.0,2.0,1.0,0.0,3.0,5.0,4.0,1.0,0.0,1.0,0.0,0.0,1.0,0.0,2.0,1.0,1.0,1.0,1.0,1.0,1.0,3.0,,,,,,1.0,,,,,1.0,1.0,,,,3.0,1.0,3.0,5.0,1.0,2.0,4.0,1.0,,,,,,5.0,3.0,2.0,1.0,0.0,1.0,1.0,0.0,1.0,0.0,0.0,0.0,2.0,2.0,1.0,0.0,0.0,1.0,0.0,0.0,1.0,0.0,0.0,4.0,2.0,3.0,,,,,,,,1.0,8.0,8.0,8.0,8.0,8.0,8.0,8.0,8.0,8.0,4.0,4.0,2.0,1.0,1.0,,1.0,,1.0,1.0,,1.0,,1.0,3.0,3.0,3.0,3.0,3.0,3.0,3.0,3.0,3.0,3.0,3.0,3.0,3.0,3.0,3.0,1.0,1.0,1.0,1.0,3.0,1.0,1.0,,,1.0,,,1.0,,,,1.0,1.0,,,,1.0,,,,1.0,,,,5.0,7.0,0.0,4.0,1.0,0.0,7.0,2.0,8.0,8.0,10.0,3.0,0.0,0.0,6.0,3.0,8.0,1.0,1.0,,,,1.0,,,,,,,1.0,1.0,2.0,10.0,9.0,0.8608241302907117
515.0,2.0,52.0,4.0,4.0,3.0,16.0,7.0,1.0,4.0,1.0,,,,,,,1.0,,,,,,,,,,1.0,,,,1.0,,,,2.0,2.0,2.0,4.0,1.0,1.0,2.0,3.0,3.0,1.0,1.0,3.0,3.0,3.0,3.0,3.0,1.0,1.0,3.0,3.0,2.0,3.0,3.0,3.0,4.0,6.0,7.0,5.0,6.0,0.0,2.0,6.0,7.0,6.0,2.0,5.0,1.0,6.0,99.0,4.0,1.0,2.0,2.0,1.0,3.0,1.0,2.0,3.0,2.0,1.0,,,,,,,1.0,,,,,,1.0,,3.0,4.0,4.0,3.0,2.0,,2.0,1.0,,,1.0,,,1.0,3.0,2.0,8.0,6.0,0.0,2.0,8.0,7.0,7.0,9.0,6.0,0.0,9.0,7.0,0.0,5.0,2.0,0.0,0.0,0.0,5.0,1.0,0.0,4.0,2.0,,1.0,,1.0,1.0,1.0,1.0,,2.0,2.0,2.0,1.0,1.0,1.0,2.0,2.0,8.0,4.0,4.0,4.0,2.0,1.0,,,,,,1.0,1.0,,3.0,3.0,2.0,3.0,1.0,1.0,1.0,3.0,3.0,3.0,3.0,3.0,3.0,2.0,3.0,3.0,1.0,1.0,1.0,1.0,1.0,1.0,1.0,,1.0,1.0,,,,,,1.0,1.0,1.0,,,,1.0,,,1.0,1.0,,,,1.0,6.0,2.0,5.0,3.0,3.0,9.0,10.0,5.0,8.0,10.0,2.0,5.0,5.0,0.0,0.0,8.0,5.0,1.0,,,,1.0,,,1.0,,,,2.0,2.0,2.0,12.0,11.0,0.7170514883975626
516.0,2.0,45.0,4.0,5.0,2.0,16.0,4.0,1.0,4.0,1.0,,,,,,1.0,,,,,,,,,1.0,,1.0,,,,,,,,2.0,1.0,2.0,3.0,3.0,3.0,3.0,3.0,3.0,1.0,3.0,3.0,3.0,3.0,3.0,3.0,3.0,1.0,3.0,4.0,2.0,4.0,4.0,4.0,4.0,3.0,7.0,8.0,2.0,0.0,2.0,7.0,10.0,9.0,1.0,4.0,4.0,7.0,99.0,2.0,2.0,2.0,2.0,1.0,1.0,2.0,2.0,2.0,3.0,,,,,1.0,,,,1.0,,,,,1.0,,3.0,4.0,2.0,4.0,2.0,,2.0,1.0,1.0,,1.0,,,2.0,1.0,5.0,9.0,4.0,0.0,0.0,6.0,10.0,5.0,4.0,5.0,0.0,8.0,6.0,3.0,6.0,1.0,4.0,4.0,7.0,9.0,5.0,3.0,5.0,2.0,1.0,1.0,1.0,1.0,1.0,1.0,1.0,,2.0,2.0,2.0,2.0,2.0,2.0,2.0,2.0,2.0,2.0,2.0,1.0,4.0,3.0,1.0,,1.0,1.0,1.0,1.0,1.0,,1.0,1.0,2.0,3.0,1.0,3.0,3.0,3.0,3.0,3.0,3.0,3.0,3.0,2.0,3.0,3.0,1.0,1.0,1.0,3.0,5.0,3.0,3.0,,1.0,1.0,,,,,,1.0,1.0,1.0,,,,1.0,,1.0,,,,,,1.0,8.0,1.0,6.0,4.0,5.0,10.0,10.0,10.0,10.0,10.0,2.0,3.0,3.0,0.0,0.0,4.0,5.0,1.0,,,,1.0,,,,,,,2.0,2.0,2.0,2.0,2.0,0.3915612359017463
517.0,2.0,57.0,5.0,5.0,1.0,16.0,6.0,1.0,4.0,1.0,1.0,,,,,,,,,,,,,,,,1.0,1.0,,,,,,,2.0,2.0,2.0,3.0,1.0,1.0,3.0,1.0,2.0,1.0,1.0,3.0,3.0,2.0,3.0,3.0,1.0,4.0,3.0,3.0,2.0,4.0,3.0,4.0,3.0,8.0,8.0,8.0,5.0,6.0,7.0,7.0,8.0,8.0,6.0,7.0,7.0,8.0,8.0,8.0,8.0,2.0,2.0,2.0,1.0,2.0,2.0,2.0,2.0,1.0,,,,,,,,,,1.0,,,1.0,,4.0,4.0,4.0,4.0,2.0,,3.0,1.0,,,,,,2.0,2.0,8.0,9.0,5.0,0.0,4.0,8.0,8.0,9.0,4.0,8.0,3.0,7.0,7.0,0.0,5.0,6.0,5.0,2.0,8.0,8.0,4.0,5.0,5.0,1.0,1.0,1.0,1.0,1.0,1.0,1.0,1.0,,1.0,1.0,1.0,1.0,1.0,1.0,1.0,1.0,1.0,2.0,3.0,2.0,3.0,2.0,,,1.0,,,1.0,1.0,,1.0,2.0,2.0,3.0,1.0,3.0,1.0,3.0,3.0,3.0,3.0,1.0,3.0,2.0,3.0,3.0,1.0,1.0,1.0,1.0,3.0,2.0,2.0,,1.0,1.0,,,,,,1.0,1.0,1.0,,,,,,1.0,,1.0,1.0,,,3.0,4.0,2.0,4.0,1.0,2.0,10.0,10.0,10.0,10.0,10.0,4.0,4.0,2.0,0.0,0.0,8.0,4.0,1.0,,,,,,,1.0,,,,1.0,1.0,1.0,1.0,1.0,0.779510825398446
518.0,1.0,54.0,4.0,5.0,3.0,16.0,7.0,1.0,4.0,1.0,,,,,,,,1.0,,,,,,,,,1.0,,,,1.0,,,,2.0,1.0,3.0,4.0,3.0,1.0,3.0,3.0,3.0,3.0,3.0,3.0,3.0,3.0,3.0,3.0,1.0,4.0,3.0,4.0,3.0,4.0,4.0,3.0,3.0,7.0,10.0,10.0,10.0,4.0,2.0,9.0,7.0,8.0,5.0,9.0,5.0,8.0,10.0,7.0,7.0,1.0,1.0,1.0,1.0,1.0,2.0,2.0,3.0,,,1.0,,1.0,1.0,,,,,,,,,,4.0,4.0,1.0,3.0,2.0,,2.0,1.0,1.0,,1.0,,,3.0,2.0,3.0,6.0,4.0,1.0,8.0,7.0,9.0,7.0,7.0,2.0,5.0,9.0,7.0,8.0,3.0,1.0,4.0,3.0,8.0,1.0,3.0,3.0,4.0,2.0,,1.0,1.0,1.0,,,,,3.0,4.0,1.0,7.0,7.0,1.0,1.0,3.0,1.0,1.0,1.0,1.0,1.0,2.0,,1.0,,,1.0,,1.0,,1.0,2.0,2.0,1.0,1.0,2.0,1.0,1.0,1.0,1.0,1.0,1.0,1.0,2.0,1.0,3.0,1.0,2.0,1.0,1.0,5.0,1.0,1.0,,,1.0,1.0,,,,,1.0,1.0,1.0,,,,,1.0,,1.0,1.0,,,,5.0,6.0,0.0,3.0,1.0,1.0,8.0,10.0,8.0,9.0,10.0,5.0,5.0,5.0,0.0,0.0,8.0,1.0,1.0,,,1.0,,,,,,,,1.0,1.0,1.0,1.0,1.0,0.49366079206413993
519.0,2.0,50.0,4.0,5.0,2.0,16.0,5.0,3.0,3.0,1.0,,,,,,,,,,1.0,,,,,,,1.0,,,1.0,,,,,2.0,2.0,6.0,,3.0,3.0,3.0,3.0,3.0,3.0,3.0,3.0,3.0,3.0,3.0,3.0,3.0,3.0,4.0,4.0,2.0,4.0,3.0,4.0,4.0,0.0,4.0,5.0,0.0,3.0,2.0,3.0,8.0,4.0,2.0,5.0,7.0,4.0,6.0,6.0,5.0,1.0,1.0,1.0,1.0,3.0,1.0,3.0,5.0,,,,,,1.0,1.0,,,1.0,,,,,,5.0,3.0,2.0,3.0,2.0,,3.0,,,,,1.0,,2.0,2.0,3.0,3.0,3.0,0.0,5.0,3.0,1.0,2.0,2.0,4.0,0.0,4.0,0.0,1.0,2.0,3.0,3.0,3.0,1.0,0.0,1.0,3.0,6.0,5.0,,,,1.0,,,,,8.0,8.0,8.0,8.0,8.0,8.0,8.0,8.0,8.0,5.0,3.0,3.0,2.0,1.0,,,,,,,1.0,,1.0,2.0,3.0,3.0,3.0,3.0,3.0,3.0,3.0,3.0,3.0,3.0,3.0,3.0,3.0,3.0,5.0,5.0,5.0,5.0,1.0,1.0,1.0,1.0,1.0,,,,,,,,,,,1.0,,,,,,,,,1.0,5.0,99.0,99.0,99.0,99.0,99.0,7.0,10.0,0.0,99.0,99.0,99.0,99.0,99.0,99.0,99.0,6.0,3.0,2.0,7.0,,,1.0,,,1.0,,,,3.0,3.0,3.0,13.0,12.0,0.3473876882626968
520.0,2.0,30.0,2.0,5.0,1.0,16.0,4.0,1.0,5.0,1.0,,,,,,1.0,,,,,,,,,,,1.0,,,,,,,,3.0,3.0,2.0,1.0,3.0,1.0,3.0,3.0,3.0,2.0,3.0,1.0,3.0,3.0,3.0,3.0,3.0,1.0,1.0,1.0,3.0,1.0,3.0,3.0,1.0,0.0,0.0,3.0,0.0,0.0,0.0,0.0,5.0,3.0,0.0,0.0,3.0,4.0,4.0,3.0,0.0,2.0,2.0,2.0,2.0,2.0,2.0,3.0,4.0,,,,,,,,,1.0,1.0,1.0,,,,,2.0,1.0,4.0,4.0,2.0,,3.0,1.0,1.0,,1.0,,,3.0,3.0,0.0,0.0,0.0,0.0,0.0,0.0,0.0,0.0,0.0,0.0,0.0,0.0,0.0,0.0,0.0,0.0,0.0,0.0,2.0,0.0,0.0,0.0,3.0,3.0,1.0,,1.0,,,1.0,,,8.0,8.0,8.0,8.0,8.0,8.0,8.0,8.0,8.0,3.0,3.0,3.0,3.0,1.0,,,,,,,,1.0,1.0,4.0,2.0,1.0,1.0,1.0,1.0,1.0,1.0,1.0,1.0,1.0,1.0,2.0,2.0,1.0,2.0,2.0,2.0,2.0,3.0,3.0,3.0,,1.0,1.0,,,,,,,,1.0,,,,,,1.0,1.0,,,,,0.0,99.0,99.0,99.0,99.0,99.0,99.0,99.0,99.0,99.0,99.0,99.0,99.0,99.0,99.0,99.0,5.0,5.0,3.0,,9.0,,1.0,,,,,,,3.0,3.0,3.0,13.0,12.0,0.8383953467266663
521.0,1.0,66.0,6.0,4.0,2.0,16.0,5.0,2.0,4.0,1.0,,,,,,,,,,,,,,,,,1.0,,1.0,1.0,,,,,2.0,1.0,4.0,,3.0,3.0,3.0,3.0,3.0,3.0,3.0,3.0,3.0,3.0,3.0,3.0,3.0,4.0,4.0,4.0,4.0,4.0,4.0,4.0,4.0,8.0,7.0,7.0,3.0,5.0,7.0,6.0,7.0,6.0,3.0,7.0,6.0,5.0,8.0,5.0,8.0,2.0,2.0,1.0,1.0,1.0,2.0,1.0,5.0,,,,,,1.0,,1.0,,,,,,1.0,,5.0,4.0,5.0,3.0,2.0,,3.0,1.0,,,1.0,,,2.0,2.0,2.0,7.0,4.0,1.0,7.0,7.0,7.0,7.0,7.0,7.0,2.0,6.0,7.0,7.0,4.0,6.0,5.0,2.0,7.0,5.0,5.0,2.0,5.0,1.0,1.0,1.0,1.0,1.0,1.0,1.0,1.0,,1.0,1.0,1.0,1.0,1.0,1.0,1.0,1.0,1.0,5.0,1.0,1.0,1.0,3.0,,1.0,,1.0,1.0,1.0,1.0,,1.0,5.0,2.0,3.0,1.0,1.0,1.0,3.0,3.0,3.0,3.0,1.0,3.0,2.0,3.0,2.0,2.0,2.0,2.0,2.0,3.0,1.0,1.0,,1.0,1.0,,,,,1.0,1.0,1.0,1.0,,,,,1.0,,,1.0,1.0,,,4.0,5.0,2.0,3.0,1.0,2.0,9.0,10.0,10.0,10.0,10.0,2.0,3.0,2.0,0.0,0.0,7.0,1.0,3.0,,9.0,,1.0,,,,,,,3.0,3.0,3.0,1.0,1.0,0.9569557048296796
522.0,1.0,24.0,1.0,2.0,3.0,16.0,6.0,1.0,1.0,1.0,,,,,,,,,,,,,,1.0,,,,,,,,,,,1.0,1.0,2.0,3.0,1.0,1.0,3.0,3.0,3.0,3.0,1.0,1.0,2.0,3.0,1.0,1.0,3.0,2.0,3.0,3.0,3.0,3.0,3.0,3.0,4.0,10.0,8.0,10.0,7.0,10.0,7.0,10.0,10.0,10.0,10.0,9.0,10.0,7.0,10.0,7.0,8.0,2.0,1.0,2.0,1.0,1.0,2.0,1.0,1.0,,,,,,,,,,,,,,,1.0,1.0,1.0,4.0,3.0,2.0,,3.0,,,1.0,,,,1.0,1.0,10.0,10.0,10.0,10.0,10.0,10.0,10.0,10.0,10.0,10.0,9.0,10.0,9.0,10.0,10.0,10.0,10.0,10.0,10.0,10.0,10.0,10.0,3.0,3.0,,,,,,1.0,,,7.0,7.0,7.0,7.0,7.0,7.0,7.0,7.0,7.0,4.0,4.0,3.0,1.0,1.0,,1.0,,,,,,,1.0,1.0,1.0,2.0,3.0,1.0,1.0,2.0,1.0,1.0,1.0,1.0,1.0,1.0,2.0,2.0,1.0,1.0,1.0,1.0,4.0,4.0,4.0,,,,1.0,1.0,,,1.0,1.0,1.0,,,,,1.0,1.0,1.0,,,,,,8.0,6.0,1.0,2.0,2.0,1.0,7.0,7.0,5.0,7.0,9.0,4.0,3.0,3.0,5.0,5.0,8.0,1.0,1.0,,,,,1.0,1.0,,1.0,,,1.0,1.0,1.0,7.0,5.0,2.000011719192801
523.0,1.0,47.0,4.0,5.0,1.0,16.0,7.0,1.0,4.0,1.0,,,,,,1.0,,1.0,,1.0,,,,,,,,,,,,,,,2.0,2.0,2.0,3.0,3.0,3.0,3.0,3.0,3.0,3.0,3.0,3.0,3.0,3.0,3.0,3.0,3.0,4.0,3.0,3.0,3.0,4.0,2.0,3.0,4.0,6.0,6.0,6.0,7.0,7.0,4.0,7.0,7.0,7.0,4.0,5.0,6.0,6.0,5.0,7.0,6.0,1.0,1.0,1.0,1.0,1.0,1.0,1.0,3.0,1.0,1.0,,,,1.0,,,,,,,,,,2.0,2.0,2.0,3.0,2.0,,3.0,1.0,,,,,,2.0,2.0,6.0,7.0,5.0,4.0,8.0,6.0,4.0,7.0,6.0,5.0,6.0,7.0,7.0,8.0,3.0,8.0,4.0,5.0,5.0,3.0,6.0,8.0,3.0,3.0,,,,1.0,,,,,1.0,1.0,1.0,1.0,1.0,1.0,1.0,1.0,1.0,4.0,3.0,3.0,2.0,2.0,,,,,,,1.0,,1.0,2.0,2.0,2.0,3.0,3.0,3.0,3.0,3.0,1.0,3.0,3.0,3.0,3.0,3.0,2.0,1.0,1.0,1.0,1.0,4.0,1.0,1.0,,1.0,,1.0,,,1.0,1.0,1.0,1.0,1.0,,,1.0,,,,,,1.0,,,3.0,5.0,1.0,3.0,2.0,4.0,8.0,10.0,7.0,9.0,9.0,2.0,3.0,1.0,1.0,0.0,8.0,1.0,1.0,,,1.0,,,,,,,,2.0,2.0,3.0,1.0,1.0,0.60858039059301
524.0,2.0,56.0,5.0,5.0,3.0,16.0,6.0,1.0,4.0,1.0,1.0,,,,,,,1.0,,,,,,,,,1.0,,,,,,,,4.0,2.0,2.0,4.0,1.0,1.0,3.0,3.0,3.0,1.0,2.0,3.0,3.0,3.0,4.0,3.0,2.0,3.0,2.0,3.0,2.0,3.0,3.0,2.0,2.0,5.0,7.0,7.0,5.0,3.0,0.0,6.0,6.0,6.0,0.0,3.0,4.0,3.0,5.0,5.0,5.0,1.0,1.0,1.0,1.0,1.0,1.0,1.0,3.0,,,1.0,,,1.0,1.0,,,,,,,,,2.0,2.0,2.0,3.0,2.0,,2.0,1.0,1.0,,,,,4.0,2.0,6.0,5.0,0.0,2.0,6.0,1.0,0.0,1.0,3.0,4.0,3.0,5.0,1.0,4.0,3.0,2.0,2.0,4.0,4.0,2.0,3.0,6.0,3.0,3.0,,,,,,,,1.0,8.0,8.0,8.0,6.0,6.0,1.0,8.0,8.0,8.0,3.0,3.0,3.0,2.0,2.0,1.0,1.0,,1.0,1.0,,1.0,,1.0,4.0,3.0,3.0,3.0,3.0,3.0,3.0,3.0,3.0,3.0,3.0,3.0,3.0,3.0,3.0,2.0,2.0,2.0,2.0,4.0,2.0,2.0,1.0,,,,,1.0,,,1.0,1.0,1.0,,,,,1.0,,,1.0,,,,5.0,7.0,10.0,3.0,1.0,2.0,7.0,9.0,5.0,9.0,10.0,6.0,8.0,6.0,1.0,0.0,7.0,1.0,1.0,,,1.0,,,,,,,,1.0,1.0,1.0,11.0,10.0,0.6323140499380858
525.0,1.0,44.0,3.0,2.0,3.0,16.0,5.0,1.0,5.0,2.0,,,,1.0,,,,,,,,,,,,,1.0,,,,1.0,,,,3.0,3.0,2.0,2.0,2.0,1.0,3.0,1.0,1.0,1.0,2.0,3.0,3.0,1.0,1.0,1.0,1.0,3.0,2.0,2.0,1.0,3.0,2.0,3.0,2.0,4.0,2.0,5.0,5.0,3.0,3.0,3.0,2.0,2.0,0.0,3.0,1.0,0.0,6.0,4.0,4.0,2.0,1.0,1.0,1.0,1.0,2.0,1.0,4.0,1.0,,,1.0,,1.0,,,,,,,,,,3.0,2.0,2.0,2.0,2.0,,2.0,1.0,,1.0,,,,4.0,3.0,1.0,7.0,0.0,0.0,1.0,1.0,0.0,3.0,1.0,2.0,2.0,2.0,5.0,1.0,0.0,1.0,0.0,0.0,1.0,0.0,0.0,0.0,5.0,1.0,1.0,,1.0,,,,,,8.0,8.0,2.0,7.0,7.0,1.0,8.0,8.0,2.0,5.0,1.0,2.0,5.0,3.0,,,,,,,1.0,,3.0,3.0,2.0,3.0,1.0,1.0,3.0,3.0,3.0,1.0,1.0,3.0,1.0,2.0,3.0,3.0,2.0,2.0,2.0,2.0,1.0,1.0,1.0,,1.0,,,,1.0,,,,1.0,1.0,,,,1.0,,,,1.0,,,,5.0,8.0,6.0,4.0,4.0,3.0,8.0,5.0,6.0,8.0,4.0,1.0,3.0,3.0,0.0,0.0,6.0,4.0,1.0,,,,,1.0,1.0,,,,,1.0,1.0,1.0,7.0,6.0,1.4518177474111378
526.0,2.0,55.0,5.0,5.0,2.0,16.0,3.0,3.0,7.0,1.0,,,,1.0,,,,,,,,,,,,,1.0,1.0,,,,,,,5.0,3.0,6.0,,2.0,1.0,3.0,4.0,4.0,1.0,1.0,2.0,4.0,1.0,1.0,1.0,1.0,4.0,1.0,4.0,1.0,3.0,2.0,2.0,3.0,6.0,0.0,0.0,3.0,0.0,0.0,0.0,8.0,0.0,0.0,0.0,0.0,0.0,0.0,0.0,0.0,3.0,3.0,3.0,3.0,3.0,3.0,3.0,4.0,,1.0,,,,1.0,1.0,,,,,,,,,3.0,3.0,2.0,4.0,1.0,2.0,3.0,1.0,1.0,,1.0,,,5.0,3.0,1.0,0.0,0.0,10.0,6.0,0.0,0.0,0.0,1.0,0.0,0.0,0.0,6.0,5.0,0.0,0.0,0.0,0.0,0.0,0.0,4.0,4.0,6.0,4.0,,,,1.0,,1.0,,,8.0,8.0,8.0,8.0,8.0,8.0,8.0,8.0,8.0,4.0,5.0,4.0,3.0,1.0,1.0,1.0,1.0,1.0,1.0,1.0,1.0,,1.0,4.0,1.0,3.0,3.0,3.0,3.0,3.0,3.0,3.0,3.0,3.0,3.0,3.0,3.0,3.0,5.0,5.0,5.0,5.0,5.0,5.0,5.0,,1.0,,1.0,,,,,,,,,1.0,,,,,,,,,1.0,99.0,99.0,99.0,99.0,99.0,99.0,99.0,99.0,99.0,99.0,99.0,99.0,99.0,99.0,99.0,99.0,3.0,6.0,1.0,,,,,1.0,,,,,,3.0,3.0,3.0,9.0,12.0,1.2347398607764273
527.0,2.0,52.0,4.0,5.0,2.0,16.0,4.0,3.0,5.0,1.0,,,,,,,,,1.0,,,,,,,,1.0,,,,1.0,,,,2.0,3.0,6.0,,1.0,1.0,2.0,3.0,2.0,1.0,3.0,3.0,3.0,1.0,4.0,3.0,1.0,2.0,1.0,3.0,1.0,3.0,3.0,1.0,1.0,3.0,6.0,5.0,4.0,0.0,6.0,3.0,5.0,3.0,2.0,4.0,3.0,3.0,3.0,4.0,5.0,3.0,3.0,3.0,1.0,3.0,3.0,3.0,2.0,1.0,,,,,,,,,,1.0,,1.0,,,2.0,4.0,3.0,4.0,2.0,,2.0,,,,1.0,,,2.0,2.0,4.0,5.0,0.0,0.0,4.0,6.0,0.0,4.0,2.0,1.0,0.0,3.0,6.0,0.0,0.0,0.0,1.0,0.0,1.0,1.0,2.0,2.0,5.0,3.0,,,1.0,,,,,,1.0,1.0,1.0,8.0,1.0,1.0,1.0,1.0,1.0,3.0,3.0,1.0,1.0,3.0,,,,,,1.0,,,2.0,2.0,3.0,2.0,2.0,3.0,3.0,3.0,2.0,3.0,3.0,3.0,3.0,3.0,3.0,2.0,1.0,3.0,2.0,5.0,3.0,3.0,4.0,,,,1.0,,1.0,1.0,,,,,,,,,,,,,,,1.0,4.0,6.0,0.0,5.0,4.0,5.0,0.0,0.0,3.0,3.0,3.0,1.0,2.0,2.0,7.0,2.0,5.0,1.0,1.0,,,,1.0,,,,,,,1.0,2.0,2.0,1.0,1.0,0.38127505875447554
528.0,1.0,65.0,6.0,5.0,2.0,16.0,6.0,1.0,3.0,1.0,,,,1.0,,,,,,,,,,,1.0,1.0,,,,,,,,,3.0,2.0,2.0,4.0,3.0,3.0,3.0,3.0,3.0,3.0,3.0,3.0,3.0,3.0,3.0,3.0,3.0,3.0,3.0,4.0,3.0,3.0,3.0,3.0,3.0,6.0,7.0,7.0,7.0,3.0,7.0,7.0,8.0,7.0,5.0,7.0,7.0,5.0,7.0,6.0,7.0,2.0,1.0,1.0,1.0,1.0,2.0,1.0,5.0,,,,,,,,1.0,,,,1.0,,1.0,,4.0,4.0,4.0,4.0,2.0,,2.0,1.0,1.0,,,,,3.0,2.0,5.0,6.0,4.0,1.0,2.0,7.0,6.0,5.0,6.0,6.0,0.0,8.0,7.0,3.0,5.0,4.0,3.0,3.0,7.0,7.0,1.0,2.0,6.0,2.0,,,1.0,,,,,,8.0,8.0,8.0,8.0,8.0,8.0,8.0,8.0,8.0,5.0,5.0,5.0,5.0,2.0,,,1.0,,,1.0,1.0,,5.0,4.0,3.0,3.0,3.0,3.0,3.0,3.0,3.0,3.0,3.0,3.0,3.0,3.0,3.0,3.0,1.0,1.0,1.0,3.0,4.0,3.0,3.0,,,1.0,,,1.0,,,,,1.0,,,,,,,,1.0,,,,3.0,2.0,7.0,2.0,7.0,7.0,0.0,0.0,2.0,7.0,9.0,2.0,6.0,6.0,0.0,0.0,8.0,6.0,1.0,,,,1.0,,,,,,,3.0,3.0,3.0,12.0,11.0,0.6014680154101033
529.0,1.0,62.0,5.0,2.0,2.0,16.0,3.0,3.0,6.0,1.0,1.0,1.0,,,,,1.0,,,,,,,,,,,,,,,,,,5.0,3.0,6.0,,3.0,3.0,3.0,3.0,3.0,3.0,3.0,3.0,3.0,3.0,3.0,3.0,3.0,1.0,1.0,1.0,1.0,4.0,1.0,1.0,1.0,5.0,5.0,5.0,5.0,5.0,5.0,5.0,5.0,5.0,5.0,5.0,5.0,5.0,5.0,5.0,5.0,2.0,2.0,2.0,2.0,2.0,2.0,2.0,1.0,1.0,,,,,,,1.0,1.0,,,,,,,1.0,1.0,1.0,1.0,2.0,,4.0,1.0,1.0,,,1.0,,3.0,3.0,5.0,5.0,3.0,3.0,3.0,3.0,3.0,3.0,3.0,3.0,3.0,3.0,3.0,3.0,3.0,3.0,3.0,3.0,3.0,3.0,3.0,3.0,3.0,1.0,1.0,1.0,,1.0,,,,,8.0,8.0,8.0,8.0,8.0,8.0,8.0,8.0,8.0,4.0,1.0,1.0,1.0,1.0,,,,,,,,1.0,1.0,1.0,3.0,3.0,3.0,3.0,3.0,3.0,3.0,3.0,3.0,3.0,3.0,3.0,3.0,3.0,1.0,1.0,1.0,1.0,1.0,1.0,1.0,1.0,1.0,,,,,,,,1.0,1.0,,,,,,1.0,1.0,1.0,,,,99.0,99.0,99.0,99.0,99.0,99.0,99.0,99.0,99.0,99.0,99.0,99.0,99.0,99.0,99.0,99.0,3.0,1.0,1.0,,,,,,,,,,1.0,1.0,1.0,1.0,13.0,12.0,0.7821138440566181
530.0,1.0,51.0,4.0,3.0,3.0,16.0,5.0,1.0,2.0,2.0,,,,,,1.0,,,,,,,,,,,1.0,,,,1.0,,,,2.0,2.0,3.0,4.0,3.0,3.0,3.0,3.0,3.0,3.0,3.0,3.0,3.0,3.0,3.0,3.0,3.0,3.0,3.0,3.0,3.0,3.0,4.0,4.0,3.0,1.0,6.0,7.0,5.0,5.0,4.0,7.0,7.0,6.0,3.0,7.0,7.0,8.0,7.0,6.0,7.0,2.0,1.0,1.0,1.0,1.0,1.0,1.0,3.0,1.0,,1.0,,,,,1.0,,,,,,,,4.0,4.0,3.0,4.0,2.0,,3.0,1.0,,1.0,,,,3.0,2.0,2.0,6.0,1.0,0.0,1.0,5.0,5.0,5.0,7.0,6.0,0.0,7.0,2.0,2.0,2.0,2.0,2.0,2.0,7.0,7.0,2.0,3.0,5.0,1.0,1.0,1.0,1.0,1.0,1.0,,,,2.0,2.0,2.0,2.0,2.0,2.0,2.0,2.0,2.0,1.0,2.0,1.0,3.0,3.0,,,1.0,,,1.0,1.0,,1.0,1.0,2.0,3.0,1.0,3.0,1.0,1.0,3.0,3.0,1.0,1.0,1.0,2.0,1.0,2.0,2.0,2.0,1.0,1.0,4.0,2.0,2.0,,1.0,,,,1.0,,1.0,1.0,1.0,1.0,,,,1.0,,1.0,1.0,1.0,,,,2.0,8.0,2.0,5.0,2.0,2.0,9.0,10.0,10.0,8.0,10.0,2.0,4.0,4.0,0.0,0.0,7.0,5.0,1.0,,,,1.0,,,1.0,,,,1.0,1.0,1.0,2.0,2.0,0.7412629242660165
531.0,1.0,54.0,4.0,5.0,3.0,16.0,8.0,1.0,1.0,1.0,,,,,,,1.0,1.0,,,1.0,,,,,,,,,,,,,,3.0,2.0,2.0,4.0,3.0,3.0,3.0,3.0,3.0,3.0,3.0,3.0,3.0,3.0,3.0,3.0,3.0,3.0,4.0,3.0,3.0,4.0,3.0,4.0,4.0,6.0,3.0,4.0,5.0,0.0,0.0,3.0,5.0,4.0,0.0,5.0,2.0,1.0,6.0,6.0,3.0,3.0,3.0,3.0,3.0,3.0,3.0,3.0,4.0,1.0,1.0,,1.0,,,,,,,,,,,,1.0,1.0,1.0,2.0,2.0,,4.0,,,,,,1.0,5.0,3.0,3.0,2.0,1.0,0.0,3.0,2.0,0.0,0.0,1.0,0.0,0.0,0.0,3.0,0.0,0.0,0.0,1.0,1.0,1.0,3.0,2.0,0.0,1.0,4.0,,,,,,,,1.0,8.0,8.0,8.0,8.0,8.0,8.0,8.0,8.0,8.0,4.0,4.0,4.0,4.0,1.0,1.0,1.0,1.0,1.0,1.0,1.0,1.0,,1.0,4.0,2.0,3.0,2.0,2.0,2.0,1.0,2.0,2.0,2.0,2.0,2.0,3.0,2.0,2.0,2.0,2.0,2.0,2.0,1.0,1.0,1.0,,1.0,,,,1.0,,,,,,1.0,,,,,,,,,,1.0,0.0,0.0,3.0,3.0,3.0,3.0,0.0,0.0,0.0,0.0,0.0,0.0,0.0,0.0,0.0,0.0,8.0,1.0,1.0,,,,1.0,,,1.0,,,,1.0,1.0,1.0,9.0,8.0,1.0852839429025358
532.0,1.0,23.0,1.0,3.0,2.0,16.0,7.0,1.0,2.0,1.0,,,,,,,,1.0,,,,,,,,,,,,1.0,1.0,,,,2.0,2.0,2.0,2.0,3.0,2.0,3.0,3.0,3.0,1.0,3.0,3.0,3.0,3.0,1.0,1.0,3.0,2.0,3.0,4.0,2.0,4.0,3.0,4.0,2.0,7.0,8.0,7.0,4.0,7.0,4.0,99.0,8.0,6.0,3.0,6.0,4.0,5.0,8.0,6.0,5.0,1.0,1.0,1.0,1.0,1.0,2.0,1.0,2.0,,,1.0,,,1.0,,,,,,,,1.0,,3.0,4.0,2.0,4.0,2.0,,3.0,1.0,1.0,,,,,2.0,2.0,3.0,6.0,3.0,4.0,6.0,6.0,3.0,5.0,5.0,5.0,3.0,6.0,7.0,6.0,3.0,4.0,6.0,7.0,8.0,3.0,5.0,6.0,3.0,2.0,,,,1.0,,,1.0,,8.0,8.0,8.0,8.0,8.0,1.0,1.0,8.0,1.0,4.0,5.0,4.0,5.0,1.0,,1.0,1.0,1.0,1.0,,1.0,,2.0,2.0,2.0,3.0,3.0,3.0,3.0,3.0,3.0,3.0,3.0,3.0,3.0,2.0,3.0,3.0,3.0,3.0,3.0,3.0,5.0,3.0,3.0,1.0,1.0,,,,,,,,1.0,1.0,,,,,,,,1.0,,,,7.0,6.0,1.0,3.0,1.0,2.0,7.0,8.0,7.0,9.0,9.0,1.0,3.0,2.0,1.0,0.0,8.0,4.0,1.0,,,,,1.0,1.0,,1.0,,,2.0,2.0,2.0,1.0,1.0,1.6005761735141328
533.0,2.0,56.0,5.0,5.0,2.0,16.0,8.0,1.0,1.0,1.0,,,,,,,,1.0,,,,,,,,,1.0,,,,,,,,3.0,2.0,2.0,4.0,3.0,3.0,3.0,3.0,3.0,3.0,3.0,3.0,3.0,3.0,3.0,3.0,3.0,4.0,4.0,4.0,4.0,4.0,4.0,4.0,3.0,5.0,5.0,6.0,5.0,5.0,5.0,5.0,5.0,5.0,5.0,5.0,4.0,5.0,5.0,5.0,5.0,1.0,1.0,1.0,1.0,1.0,1.0,1.0,3.0,1.0,,,,,,,1.0,1.0,,,,,,,5.0,5.0,5.0,3.0,1.0,7.0,5.0,1.0,,,,,,6.0,2.0,6.0,5.0,6.0,5.0,4.0,5.0,5.0,5.0,5.0,5.0,4.0,5.0,5.0,6.0,5.0,6.0,5.0,4.0,5.0,5.0,4.0,5.0,6.0,5.0,,,,,,,,1.0,8.0,8.0,8.0,8.0,8.0,8.0,8.0,8.0,8.0,5.0,5.0,5.0,5.0,2.0,,,,,,,,1.0,5.0,5.0,3.0,3.0,3.0,3.0,3.0,3.0,3.0,3.0,3.0,3.0,3.0,3.0,3.0,3.0,5.0,5.0,5.0,5.0,4.0,5.0,4.0,1.0,,,,1.0,,,,,,,,1.0,,1.0,,,,,,,,99.0,99.0,99.0,99.0,99.0,99.0,99.0,99.0,5.0,99.0,5.0,5.0,99.0,99.0,5.0,99.0,8.0,1.0,1.0,,,,1.0,,,1.0,,,,1.0,1.0,1.0,12.0,11.0,1.071496983965886
534.0,2.0,54.0,4.0,5.0,1.0,16.0,6.0,1.0,1.0,1.0,1.0,,,,,,,1.0,,1.0,,,,,,,,,,,,,,,4.0,2.0,2.0,3.0,3.0,3.0,3.0,3.0,3.0,3.0,3.0,3.0,3.0,3.0,3.0,3.0,3.0,4.0,4.0,4.0,3.0,4.0,4.0,4.0,3.0,7.0,7.0,8.0,5.0,3.0,3.0,6.0,6.0,5.0,5.0,7.0,3.0,8.0,5.0,3.0,3.0,1.0,1.0,1.0,1.0,1.0,1.0,1.0,4.0,,,,,,1.0,1.0,1.0,,,,,,,,2.0,2.0,1.0,2.0,2.0,,3.0,1.0,,,,1.0,,3.0,2.0,7.0,7.0,4.0,1.0,8.0,8.0,2.0,4.0,4.0,4.0,2.0,8.0,4.0,3.0,3.0,6.0,7.0,8.0,9.0,3.0,4.0,4.0,4.0,2.0,,,1.0,1.0,1.0,,,,8.0,8.0,8.0,8.0,8.0,8.0,8.0,8.0,8.0,4.0,3.0,2.0,2.0,2.0,,,,,,,,1.0,2.0,2.0,3.0,3.0,3.0,3.0,3.0,3.0,3.0,3.0,3.0,3.0,3.0,3.0,3.0,3.0,2.0,3.0,3.0,3.0,4.0,2.0,2.0,1.0,,,,,1.0,,,,1.0,,,,,,,,,,,1.0,,5.0,99.0,99.0,99.0,99.0,99.0,99.0,99.0,7.0,99.0,99.0,99.0,99.0,99.0,99.0,99.0,8.0,4.0,1.0,,,,1.0,,,1.0,,,,2.0,2.0,2.0,12.0,11.0,1.3767667604284533
535.0,2.0,65.0,6.0,5.0,2.0,16.0,3.0,1.0,2.0,1.0,,,,,,1.0,,,,1.0,,,,,,,1.0,,,,,,,,3.0,2.0,2.0,4.0,3.0,2.0,3.0,3.0,3.0,3.0,1.0,3.0,3.0,3.0,3.0,3.0,3.0,4.0,3.0,4.0,3.0,4.0,4.0,4.0,3.0,3.0,3.0,4.0,5.0,3.0,2.0,3.0,5.0,4.0,2.0,3.0,3.0,5.0,5.0,4.0,2.0,1.0,1.0,1.0,1.0,1.0,1.0,1.0,5.0,1.0,,,1.0,,,1.0,,,,,,,,,3.0,3.0,2.0,2.0,2.0,,2.0,1.0,1.0,,1.0,,,3.0,2.0,3.0,5.0,1.0,3.0,3.0,3.0,0.0,3.0,4.0,3.0,0.0,5.0,3.0,1.0,0.0,1.0,2.0,2.0,4.0,0.0,3.0,1.0,1.0,1.0,,,1.0,1.0,,,1.0,,8.0,8.0,1.0,8.0,1.0,1.0,8.0,1.0,1.0,3.0,3.0,3.0,2.0,1.0,,1.0,,,,,1.0,,1.0,3.0,2.0,3.0,1.0,3.0,3.0,1.0,3.0,3.0,3.0,3.0,3.0,2.0,1.0,3.0,2.0,2.0,2.0,2.0,4.0,3.0,2.0,1.0,1.0,,,,,,,1.0,1.0,,,,,,,1.0,,1.0,1.0,,,5.0,6.0,0.0,6.0,2.0,2.0,8.0,10.0,5.0,10.0,10.0,6.0,7.0,7.0,0.0,0.0,3.0,4.0,1.0,,,,1.0,,,1.0,,,,3.0,3.0,3.0,1.0,3.0,1.7805378720074647
536.0,1.0,71.0,6.0,5.0,2.0,16.0,4.0,2.0,5.0,1.0,,,,,,,,,,1.0,,,,,,,1.0,,,1.0,,,,,3.0,1.0,4.0,,3.0,3.0,3.0,3.0,3.0,3.0,3.0,3.0,3.0,3.0,3.0,3.0,3.0,4.0,3.0,4.0,2.0,4.0,3.0,4.0,3.0,7.0,8.0,8.0,7.0,7.0,8.0,7.0,9.0,8.0,5.0,6.0,5.0,6.0,8.0,7.0,7.0,1.0,2.0,1.0,1.0,1.0,2.0,2.0,3.0,1.0,,1.0,,,,,,,1.0,,,,,,2.0,3.0,2.0,3.0,2.0,,3.0,,1.0,,1.0,,,3.0,2.0,5.0,5.0,4.0,4.0,7.0,7.0,8.0,6.0,6.0,6.0,7.0,8.0,8.0,5.0,3.0,5.0,5.0,4.0,6.0,1.0,7.0,6.0,4.0,2.0,,1.0,1.0,1.0,1.0,1.0,1.0,,1.0,1.0,1.0,1.0,1.0,1.0,1.0,1.0,1.0,4.0,3.0,4.0,1.0,1.0,,1.0,,,,,1.0,,1.0,2.0,3.0,3.0,1.0,1.0,1.0,1.0,3.0,1.0,1.0,3.0,1.0,3.0,3.0,3.0,2.0,2.0,2.0,2.0,3.0,2.0,3.0,,1.0,1.0,,,,,,1.0,1.0,1.0,,,,1.0,1.0,1.0,1.0,1.0,1.0,,,5.0,5.0,3.0,4.0,5.0,5.0,6.0,10.0,5.0,8.0,8.0,3.0,7.0,4.0,3.0,0.0,4.0,1.0,1.0,,,,1.0,,,,,,,3.0,3.0,3.0,1.0,1.0,0.660140703492659
537.0,2.0,55.0,5.0,2.0,2.0,16.0,7.0,1.0,1.0,1.0,,,,,1.0,,,,1.0,,,1.0,,,,,,,,,,,,,3.0,2.0,2.0,4.0,3.0,3.0,3.0,3.0,3.0,3.0,3.0,3.0,3.0,3.0,3.0,3.0,3.0,3.0,3.0,4.0,3.0,4.0,4.0,4.0,1.0,3.0,2.0,3.0,3.0,5.0,4.0,6.0,6.0,6.0,3.0,6.0,6.0,5.0,99.0,6.0,7.0,2.0,1.0,1.0,1.0,1.0,2.0,1.0,4.0,1.0,,,,,1.0,,,,,,,,1.0,,5.0,5.0,3.0,3.0,2.0,,3.0,,,,,,1.0,3.0,2.0,99.0,99.0,3.0,0.0,5.0,8.0,6.0,5.0,5.0,4.0,5.0,5.0,4.0,5.0,1.0,3.0,4.0,2.0,10.0,4.0,4.0,5.0,3.0,5.0,,,1.0,1.0,1.0,1.0,1.0,,8.0,8.0,8.0,8.0,8.0,8.0,8.0,8.0,8.0,5.0,5.0,5.0,5.0,1.0,1.0,1.0,1.0,1.0,1.0,1.0,1.0,,1.0,3.0,2.0,2.0,1.0,1.0,1.0,3.0,3.0,1.0,3.0,1.0,3.0,3.0,3.0,2.0,1.0,1.0,1.0,3.0,4.0,1.0,1.0,,1.0,1.0,,,,,,1.0,1.0,,,,,,,1.0,1.0,,1.0,,,5.0,5.0,4.0,5.0,4.0,3.0,9.0,10.0,5.0,10.0,7.0,5.0,1.0,1.0,1.0,0.0,8.0,6.0,1.0,,,,1.0,,,1.0,,,,1.0,1.0,1.0,10.0,9.0,1.9992710533889873
538.0,1.0,52.0,4.0,2.0,3.0,16.0,5.0,1.0,4.0,1.0,,,,,,1.0,,,,,,,,,,,1.0,,,,1.0,,,,2.0,3.0,1.0,3.0,1.0,1.0,3.0,3.0,3.0,3.0,3.0,3.0,3.0,3.0,3.0,3.0,3.0,3.0,3.0,3.0,2.0,4.0,3.0,3.0,2.0,6.0,7.0,7.0,6.0,5.0,6.0,6.0,8.0,6.0,5.0,6.0,5.0,6.0,7.0,6.0,4.0,2.0,1.0,1.0,1.0,1.0,2.0,2.0,2.0,,,,,,,,1.0,,1.0,,,,1.0,,5.0,4.0,4.0,3.0,2.0,,4.0,1.0,1.0,,1.0,,,2.0,2.0,2.0,7.0,4.0,4.0,5.0,6.0,8.0,6.0,6.0,6.0,5.0,8.0,5.0,6.0,2.0,6.0,2.0,3.0,7.0,4.0,5.0,4.0,4.0,5.0,,1.0,,1.0,1.0,1.0,1.0,,3.0,3.0,1.0,5.0,1.0,1.0,1.0,5.0,5.0,4.0,5.0,2.0,2.0,1.0,,1.0,,,,1.0,1.0,,1.0,1.0,2.0,2.0,1.0,2.0,1.0,3.0,3.0,3.0,1.0,1.0,1.0,2.0,3.0,2.0,2.0,2.0,2.0,1.0,2.0,1.0,1.0,,1.0,,1.0,,,,1.0,1.0,1.0,1.0,,,,1.0,1.0,1.0,1.0,1.0,1.0,,,3.0,6.0,0.0,4.0,1.0,3.0,9.0,10.0,3.0,7.0,10.0,7.0,5.0,6.0,0.0,0.0,7.0,1.0,1.0,,,1.0,,,,,,,,1.0,1.0,2.0,5.0,3.0,0.9414112250537816
539.0,2.0,54.0,4.0,5.0,1.0,16.0,6.0,1.0,4.0,1.0,,,,,,1.0,1.0,,,,1.0,,,,,,,,,,,,,,3.0,2.0,2.0,3.0,1.0,1.0,3.0,3.0,3.0,1.0,3.0,3.0,3.0,3.0,3.0,3.0,3.0,3.0,3.0,4.0,3.0,4.0,4.0,4.0,3.0,7.0,6.0,7.0,7.0,6.0,7.0,6.0,7.0,7.0,5.0,6.0,5.0,7.0,8.0,7.0,7.0,2.0,2.0,2.0,2.0,2.0,2.0,2.0,2.0,1.0,,,,,1.0,,,,,,,,1.0,,4.0,4.0,4.0,3.0,2.0,,3.0,,1.0,,1.0,,,3.0,2.0,7.0,8.0,5.0,1.0,5.0,6.0,6.0,6.0,6.0,6.0,5.0,7.0,6.0,5.0,5.0,6.0,6.0,5.0,7.0,5.0,7.0,5.0,3.0,3.0,,,,,,1.0,1.0,,5.0,5.0,5.0,5.0,5.0,5.0,5.0,5.0,5.0,3.0,3.0,3.0,2.0,2.0,,,,,,,1.0,,2.0,2.0,2.0,2.0,1.0,1.0,1.0,3.0,1.0,1.0,1.0,1.0,3.0,2.0,3.0,2.0,1.0,1.0,1.0,1.0,3.0,3.0,3.0,,1.0,1.0,,,,,,,,,1.0,,,,,1.0,1.0,,1.0,,,1.0,5.0,5.0,7.0,5.0,9.0,0.0,0.0,6.0,7.0,5.0,7.0,8.0,8.0,0.0,0.0,8.0,1.0,1.0,,,,,,,1.0,,,,2.0,2.0,2.0,5.0,4.0,0.6262469595035056
540.0,2.0,54.0,4.0,3.0,3.0,16.0,4.0,1.0,4.0,1.0,,,,,,1.0,,,,1.0,,,,,,1.0,,,,,,,,,3.0,3.0,2.0,3.0,1.0,1.0,3.0,3.0,3.0,3.0,1.0,3.0,3.0,1.0,3.0,3.0,4.0,2.0,2.0,3.0,2.0,2.0,2.0,3.0,2.0,2.0,3.0,2.0,5.0,2.0,3.0,2.0,2.0,2.0,2.0,4.0,4.0,4.0,4.0,4.0,2.0,3.0,3.0,3.0,3.0,3.0,3.0,3.0,4.0,,,,1.0,,,1.0,,,1.0,,,,,,3.0,3.0,2.0,3.0,1.0,2.0,4.0,1.0,1.0,,1.0,,,4.0,3.0,3.0,5.0,0.0,0.0,5.0,0.0,0.0,6.0,0.0,0.0,0.0,8.0,5.0,0.0,0.0,0.0,0.0,0.0,0.0,0.0,0.0,0.0,3.0,3.0,,,,1.0,,,1.0,,3.0,3.0,3.0,3.0,3.0,3.0,3.0,3.0,3.0,4.0,3.0,4.0,3.0,1.0,,,,,,,1.0,,1.0,4.0,2.0,3.0,1.0,1.0,3.0,2.0,3.0,1.0,3.0,1.0,2.0,3.0,3.0,2.0,2.0,2.0,2.0,2.0,1.0,1.0,1.0,,,1.0,,,1.0,,,,,1.0,,,,,,,,,1.0,,,99.0,99.0,99.0,99.0,99.0,99.0,99.0,99.0,0.0,99.0,99.0,99.0,99.0,99.0,99.0,99.0,6.0,5.0,1.0,,,,1.0,,,1.0,,,,3.0,3.0,3.0,3.0,3.0,0.7917113127389842
541.0,1.0,57.0,5.0,1.0,3.0,16.0,6.0,1.0,1.0,2.0,1.0,,,,,,1.0,,,,,,1.0,,,,,,,,,,,,3.0,3.0,2.0,1.0,3.0,2.0,3.0,3.0,3.0,3.0,1.0,3.0,3.0,1.0,3.0,3.0,2.0,1.0,3.0,4.0,2.0,1.0,3.0,4.0,2.0,3.0,6.0,7.0,4.0,3.0,0.0,3.0,3.0,3.0,2.0,5.0,2.0,4.0,6.0,3.0,4.0,2.0,2.0,2.0,2.0,2.0,2.0,2.0,3.0,1.0,,,,,,,,,,1.0,,,1.0,,4.0,4.0,4.0,3.0,2.0,,3.0,1.0,1.0,,,,,3.0,3.0,3.0,4.0,0.0,0.0,0.0,1.0,99.0,0.0,1.0,2.0,0.0,5.0,5.0,0.0,0.0,0.0,0.0,0.0,6.0,0.0,1.0,0.0,5.0,2.0,1.0,,,1.0,,,,,8.0,8.0,8.0,8.0,8.0,8.0,8.0,8.0,8.0,2.0,2.0,2.0,2.0,3.0,1.0,1.0,1.0,1.0,1.0,1.0,1.0,,4.0,4.0,2.0,2.0,1.0,2.0,3.0,3.0,2.0,2.0,2.0,2.0,2.0,2.0,3.0,1.0,2.0,2.0,2.0,2.0,3.0,3.0,3.0,1.0,,1.0,,,,,,1.0,,,,,,1.0,,,,1.0,,,,0.0,8.0,5.0,6.0,2.0,3.0,9.0,10.0,7.0,5.0,9.0,3.0,3.0,1.0,0.0,0.0,8.0,4.0,1.0,,,,1.0,,,1.0,,,,1.0,1.0,1.0,11.0,2.0,2.0000119460527572
542.0,1.0,37.0,3.0,4.0,3.0,16.0,4.0,1.0,2.0,2.0,,,,,,,,1.0,,1.0,,,,,,,1.0,,,,,,,,2.0,2.0,2.0,4.0,3.0,3.0,3.0,3.0,3.0,3.0,3.0,3.0,3.0,3.0,3.0,3.0,3.0,4.0,4.0,4.0,4.0,4.0,2.0,4.0,3.0,5.0,5.0,6.0,5.0,6.0,3.0,7.0,7.0,5.0,4.0,5.0,7.0,8.0,6.0,6.0,6.0,1.0,1.0,1.0,1.0,3.0,1.0,3.0,3.0,,,1.0,,,1.0,1.0,,,,,,,,,3.0,3.0,3.0,4.0,2.0,,3.0,1.0,,,,,,2.0,2.0,7.0,8.0,4.0,4.0,8.0,5.0,4.0,5.0,5.0,7.0,4.0,7.0,5.0,5.0,5.0,2.0,4.0,5.0,8.0,3.0,6.0,4.0,3.0,5.0,,,,1.0,,,,,1.0,1.0,1.0,1.0,1.0,1.0,1.0,1.0,1.0,3.0,3.0,3.0,3.0,1.0,,,,1.0,1.0,1.0,1.0,,1.0,1.0,2.0,2.0,1.0,1.0,1.0,3.0,2.0,3.0,3.0,1.0,3.0,2.0,3.0,3.0,2.0,2.0,3.0,3.0,4.0,4.0,4.0,,1.0,1.0,,,,,,,1.0,,,,,,,,,,,,1.0,2.0,3.0,1.0,4.0,2.0,2.0,9.0,10.0,6.0,9.0,9.0,4.0,7.0,5.0,1.0,0.0,5.0,1.0,1.0,,,,1.0,,,,,,,1.0,1.0,1.0,1.0,1.0,1.0632852569509694
543.0,1.0,50.0,4.0,3.0,3.0,16.0,8.0,1.0,2.0,1.0,,,,,,1.0,,1.0,,,,,,,,,,,,,1.0,,,,2.0,3.0,2.0,3.0,3.0,3.0,3.0,3.0,3.0,3.0,3.0,3.0,3.0,3.0,3.0,3.0,3.0,3.0,3.0,4.0,2.0,4.0,3.0,4.0,2.0,2.0,6.0,6.0,7.0,2.0,2.0,5.0,5.0,6.0,2.0,6.0,0.0,5.0,7.0,5.0,4.0,1.0,3.0,3.0,3.0,3.0,1.0,3.0,4.0,,,,,,1.0,1.0,,,,1.0,,,,,3.0,4.0,1.0,3.0,2.0,,3.0,1.0,1.0,,1.0,,,3.0,3.0,3.0,4.0,5.0,0.0,1.0,1.0,3.0,3.0,5.0,6.0,3.0,7.0,3.0,2.0,2.0,4.0,0.0,1.0,7.0,3.0,2.0,2.0,3.0,3.0,,1.0,,1.0,,,1.0,,8.0,8.0,8.0,7.0,7.0,1.0,8.0,8.0,2.0,3.0,3.0,3.0,2.0,2.0,,,,,,1.0,1.0,,1.0,3.0,2.0,3.0,1.0,3.0,3.0,1.0,1.0,1.0,1.0,3.0,1.0,2.0,3.0,3.0,2.0,2.0,2.0,2.0,2.0,1.0,1.0,1.0,,1.0,,,,,,1.0,1.0,1.0,,,,,,,1.0,1.0,1.0,,,5.0,8.0,2.0,5.0,3.0,3.0,8.0,10.0,5.0,7.0,10.0,5.0,4.0,4.0,1.0,0.0,8.0,5.0,1.0,,,,1.0,,,,,,,2.0,2.0,3.0,3.0,3.0,0.7412629242660165
544.0,1.0,59.0,5.0,5.0,1.0,16.0,4.0,2.0,5.0,1.0,,,,,,1.0,,1.0,,,,,1.0,,,,,,,,,,,,1.0,1.0,4.0,,3.0,1.0,3.0,2.0,1.0,1.0,1.0,3.0,3.0,1.0,1.0,3.0,1.0,2.0,2.0,4.0,3.0,3.0,1.0,2.0,1.0,2.0,6.0,3.0,6.0,0.0,5.0,0.0,4.0,8.0,7.0,0.0,1.0,4.0,6.0,0.0,7.0,2.0,3.0,1.0,2.0,2.0,2.0,1.0,4.0,,,1.0,,,1.0,,,,,,,,1.0,,3.0,3.0,3.0,4.0,2.0,,5.0,,,,,1.0,,1.0,1.0,3.0,8.0,8.0,0.0,5.0,3.0,0.0,7.0,6.0,3.0,0.0,0.0,4.0,0.0,0.0,1.0,0.0,0.0,2.0,3.0,0.0,0.0,4.0,5.0,,,1.0,,,,,,2.0,3.0,2.0,1.0,4.0,3.0,2.0,2.0,1.0,5.0,3.0,4.0,3.0,1.0,,,,,,,1.0,,1.0,4.0,2.0,3.0,3.0,1.0,1.0,1.0,3.0,1.0,1.0,1.0,1.0,2.0,3.0,3.0,1.0,1.0,3.0,1.0,1.0,1.0,1.0,,1.0,1.0,,,,,,,,,,1.0,,,,,,,,,1.0,0.0,8.0,0.0,3.0,3.0,3.0,9.0,10.0,6.0,9.0,10.0,6.0,6.0,6.0,0.0,0.0,3.0,5.0,1.0,,,,1.0,,,1.0,,,,3.0,3.0,3.0,3.0,10.0,0.6953000174986909
545.0,2.0,65.0,6.0,5.0,2.0,16.0,5.0,1.0,6.0,1.0,,,,,,1.0,,,,,,,,,,,1.0,,,,1.0,,,,3.0,2.0,2.0,3.0,1.0,1.0,3.0,1.0,3.0,2.0,1.0,3.0,3.0,3.0,3.0,3.0,2.0,4.0,3.0,4.0,3.0,4.0,3.0,3.0,4.0,7.0,7.0,8.0,6.0,4.0,5.0,6.0,8.0,5.0,6.0,5.0,4.0,6.0,6.0,5.0,6.0,2.0,2.0,2.0,1.0,2.0,2.0,2.0,4.0,1.0,,1.0,,,,,,,,,,,1.0,,4.0,4.0,4.0,3.0,2.0,,2.0,1.0,1.0,,,,,4.0,2.0,5.0,6.0,4.0,2.0,2.0,5.0,7.0,3.0,3.0,4.0,6.0,6.0,6.0,4.0,6.0,4.0,2.0,1.0,7.0,6.0,4.0,3.0,4.0,2.0,,,,1.0,,1.0,1.0,,4.0,4.0,7.0,4.0,4.0,4.0,4.0,4.0,2.0,4.0,3.0,2.0,2.0,1.0,1.0,,1.0,,,1.0,1.0,,1.0,2.0,1.0,1.0,1.0,2.0,1.0,3.0,1.0,1.0,1.0,1.0,1.0,2.0,2.0,3.0,2.0,2.0,1.0,1.0,2.0,2.0,2.0,,1.0,1.0,,,,,,1.0,1.0,1.0,,,,1.0,,1.0,1.0,1.0,1.0,,,2.0,5.0,4.0,5.0,2.0,2.0,9.0,10.0,4.0,8.0,9.0,4.0,4.0,5.0,0.0,0.0,7.0,1.0,1.0,,,,,,,1.0,,,,2.0,2.0,2.0,4.0,4.0,1.6976562393437487
546.0,2.0,66.0,6.0,1.0,2.0,16.0,3.0,2.0,4.0,1.0,,,,,1.0,,,,,,,,,,,,1.0,,,,,1.0,,,3.0,2.0,4.0,,3.0,2.0,3.0,3.0,3.0,3.0,3.0,3.0,3.0,3.0,3.0,3.0,3.0,3.0,3.0,2.0,2.0,4.0,3.0,3.0,3.0,8.0,7.0,7.0,7.0,6.0,7.0,7.0,8.0,6.0,5.0,7.0,6.0,6.0,7.0,6.0,5.0,2.0,1.0,1.0,1.0,1.0,2.0,3.0,2.0,,,,,,1.0,,,1.0,,,,1.0,,,5.0,3.0,3.0,3.0,2.0,,3.0,,,,,1.0,,3.0,2.0,5.0,6.0,5.0,6.0,6.0,8.0,7.0,7.0,6.0,7.0,8.0,8.0,9.0,6.0,6.0,6.0,6.0,7.0,7.0,5.0,7.0,5.0,4.0,5.0,,,,,1.0,,,,1.0,1.0,1.0,1.0,1.0,1.0,1.0,1.0,1.0,3.0,2.0,2.0,2.0,1.0,,,1.0,,1.0,1.0,1.0,,2.0,2.0,2.0,1.0,1.0,1.0,1.0,1.0,1.0,1.0,1.0,1.0,2.0,1.0,3.0,3.0,1.0,2.0,2.0,3.0,1.0,1.0,1.0,,1.0,,,,1.0,,,1.0,1.0,,,,,,,,,,1.0,,,3.0,3.0,3.0,8.0,4.0,8.0,9.0,8.0,6.0,8.0,5.0,3.0,5.0,2.0,2.0,3.0,5.0,1.0,1.0,,,,1.0,,,,,,,2.0,2.0,2.0,1.0,1.0,2.0000697577864375
547.0,2.0,55.0,5.0,5.0,2.0,16.0,5.0,1.0,4.0,1.0,,,,,,1.0,,,,,,,,,1.0,,,1.0,,,,,,,2.0,2.0,2.0,4.0,2.0,2.0,3.0,3.0,2.0,2.0,1.0,3.0,3.0,3.0,3.0,3.0,3.0,4.0,4.0,4.0,3.0,4.0,4.0,4.0,3.0,7.0,7.0,6.0,6.0,4.0,7.0,7.0,7.0,6.0,5.0,6.0,6.0,6.0,8.0,6.0,7.0,2.0,2.0,2.0,1.0,2.0,2.0,2.0,3.0,1.0,,,,,,,1.0,1.0,,,,,,,4.0,4.0,3.0,3.0,1.0,5.0,3.0,1.0,,,1.0,,,2.0,2.0,6.0,7.0,7.0,7.0,7.0,8.0,7.0,7.0,6.0,7.0,7.0,6.0,7.0,7.0,6.0,7.0,6.0,6.0,7.0,7.0,7.0,6.0,3.0,5.0,,,,,1.0,1.0,1.0,,3.0,8.0,1.0,3.0,1.0,1.0,3.0,3.0,1.0,3.0,5.0,3.0,2.0,1.0,,,,,,,1.0,,1.0,2.0,2.0,2.0,3.0,3.0,2.0,3.0,2.0,3.0,1.0,3.0,3.0,2.0,2.0,2.0,2.0,2.0,2.0,2.0,1.0,1.0,1.0,,1.0,1.0,,,,,,1.0,1.0,,,,,1.0,,,1.0,,,,,2.0,7.0,4.0,2.0,3.0,4.0,8.0,10.0,3.0,8.0,7.0,4.0,7.0,6.0,1.0,1.0,7.0,1.0,1.0,,,,,,,1.0,,,,1.0,1.0,1.0,3.0,3.0,0.48738954746190155
548.0,1.0,54.0,4.0,3.0,2.0,16.0,4.0,1.0,5.0,1.0,,1.0,,,1.0,,,,,1.0,,,,,,,,,,,,,,,5.0,3.0,2.0,3.0,1.0,3.0,3.0,3.0,3.0,1.0,1.0,3.0,3.0,2.0,4.0,3.0,2.0,2.0,2.0,3.0,1.0,1.0,3.0,1.0,1.0,0.0,0.0,0.0,0.0,0.0,0.0,0.0,7.0,0.0,0.0,99.0,99.0,99.0,99.0,99.0,0.0,1.0,3.0,3.0,3.0,3.0,1.0,3.0,4.0,,1.0,,,,1.0,1.0,,,,,,,,,5.0,4.0,1.0,4.0,2.0,,4.0,,,,,,1.0,5.0,3.0,0.0,0.0,0.0,0.0,2.0,0.0,0.0,0.0,0.0,0.0,0.0,0.0,4.0,0.0,0.0,0.0,0.0,0.0,8.0,0.0,0.0,0.0,2.0,4.0,,,,,,,,1.0,7.0,8.0,7.0,7.0,7.0,8.0,8.0,7.0,8.0,4.0,4.0,4.0,3.0,1.0,1.0,1.0,1.0,1.0,1.0,1.0,,,1.0,4.0,3.0,3.0,2.0,3.0,3.0,3.0,3.0,3.0,3.0,3.0,3.0,3.0,3.0,3.0,2.0,2.0,2.0,2.0,2.0,2.0,2.0,1.0,,,,,1.0,,,,1.0,1.0,,,1.0,,,,,1.0,,,,10.0,2.0,0.0,0.0,0.0,0.0,4.0,7.0,2.0,10.0,10.0,10.0,10.0,10.0,6.0,0.0,6.0,1.0,1.0,,,1.0,,,,,,,,3.0,3.0,3.0,7.0,6.0,0.577459140519932
549.0,1.0,53.0,4.0,2.0,2.0,16.0,4.0,3.0,7.0,1.0,,,,,,,,,,,1.0,,,,1.0,,,,,,1.0,,,,3.0,2.0,6.0,,3.0,1.0,3.0,2.0,1.0,2.0,1.0,3.0,3.0,3.0,3.0,3.0,1.0,3.0,2.0,3.0,2.0,3.0,3.0,2.0,2.0,2.0,3.0,2.0,2.0,4.0,2.0,2.0,2.0,0.0,3.0,3.0,3.0,3.0,3.0,4.0,3.0,2.0,1.0,1.0,1.0,1.0,2.0,2.0,3.0,,,1.0,,,,,1.0,,1.0,,,,,,3.0,4.0,3.0,2.0,2.0,,3.0,,,,1.0,,,3.0,2.0,2.0,3.0,4.0,2.0,3.0,4.0,4.0,2.0,3.0,3.0,3.0,3.0,3.0,3.0,3.0,3.0,3.0,3.0,2.0,3.0,2.0,2.0,4.0,2.0,,,1.0,,,,,,8.0,8.0,8.0,8.0,8.0,8.0,8.0,8.0,8.0,3.0,2.0,2.0,2.0,3.0,,,,,,,,1.0,3.0,2.0,2.0,2.0,1.0,1.0,1.0,1.0,1.0,1.0,1.0,1.0,1.0,2.0,2.0,2.0,2.0,2.0,2.0,2.0,2.0,2.0,2.0,,1.0,,1.0,,,,,1.0,1.0,,,,,,,,,1.0,,,,99.0,99.0,99.0,99.0,99.0,99.0,99.0,99.0,8.0,99.0,99.0,99.0,99.0,99.0,99.0,99.0,6.0,1.0,1.0,,,1.0,,,,,,,,1.0,1.0,1.0,11.0,10.0,1.83832379664834
550.0,1.0,51.0,4.0,5.0,3.0,16.0,4.0,2.0,7.0,1.0,,,,,,,,,,,,,,,,,,,,,,,,1.0,3.0,2.0,4.0,,3.0,2.0,3.0,3.0,2.0,2.0,3.0,3.0,3.0,3.0,3.0,3.0,2.0,3.0,3.0,4.0,3.0,3.0,3.0,3.0,2.0,4.0,7.0,6.0,4.0,4.0,3.0,5.0,6.0,4.0,6.0,7.0,1.0,8.0,7.0,5.0,6.0,1.0,1.0,1.0,1.0,1.0,1.0,1.0,3.0,,,1.0,,,1.0,,,,,,,,1.0,,5.0,4.0,2.0,3.0,2.0,,2.0,,1.0,,,,,3.0,2.0,2.0,4.0,1.0,1.0,2.0,5.0,3.0,4.0,4.0,4.0,1.0,6.0,5.0,4.0,4.0,4.0,2.0,2.0,7.0,2.0,3.0,3.0,4.0,5.0,1.0,1.0,1.0,1.0,1.0,1.0,1.0,,8.0,8.0,8.0,8.0,8.0,8.0,8.0,8.0,2.0,2.0,5.0,2.0,2.0,3.0,,,,,,1.0,1.0,,1.0,5.0,2.0,3.0,1.0,3.0,2.0,2.0,3.0,3.0,3.0,3.0,3.0,2.0,3.0,2.0,1.0,2.0,2.0,1.0,2.0,1.0,1.0,,,1.0,,,1.0,,,,1.0,1.0,,,,1.0,,,,1.0,,,,1.0,6.0,1.0,4.0,4.0,3.0,9.0,10.0,9.0,6.0,10.0,5.0,6.0,5.0,0.0,0.0,4.0,5.0,1.0,,,1.0,,,,,,,,1.0,1.0,2.0,13.0,12.0,1.2506272669126195
551.0,1.0,79.0,6.0,5.0,2.0,16.0,5.0,2.0,4.0,1.0,,,,,,,,,,1.0,,,,,,,1.0,,,,1.0,,,,3.0,2.0,4.0,,2.0,2.0,3.0,3.0,3.0,3.0,3.0,3.0,3.0,3.0,3.0,3.0,3.0,4.0,3.0,4.0,3.0,4.0,4.0,4.0,3.0,8.0,7.0,7.0,7.0,4.0,3.0,4.0,8.0,6.0,5.0,6.0,6.0,5.0,5.0,6.0,6.0,1.0,1.0,1.0,1.0,3.0,1.0,1.0,3.0,,,,,1.0,1.0,1.0,,,,,,,,,2.0,3.0,3.0,2.0,1.0,1.0,2.0,1.0,1.0,,,,,3.0,2.0,6.0,7.0,7.0,8.0,8.0,9.0,8.0,8.0,8.0,7.0,8.0,8.0,9.0,8.0,6.0,7.0,7.0,6.0,7.0,6.0,7.0,7.0,3.0,3.0,,,,1.0,,,,,8.0,8.0,8.0,8.0,8.0,8.0,8.0,8.0,8.0,3.0,3.0,3.0,2.0,1.0,,,,,,1.0,1.0,,1.0,2.0,2.0,2.0,3.0,3.0,3.0,3.0,3.0,1.0,1.0,3.0,2.0,2.0,3.0,2.0,2.0,2.0,2.0,2.0,3.0,1.0,1.0,,1.0,1.0,,,,,,,1.0,1.0,,,,1.0,,,,1.0,,,,7.0,8.0,4.0,7.0,4.0,4.0,9.0,10.0,7.0,8.0,8.0,2.0,6.0,1.0,1.0,0.0,7.0,3.0,1.0,,,,1.0,,,,,,,3.0,3.0,3.0,1.0,1.0,0.67795021938502
552.0,2.0,52.0,4.0,2.0,2.0,16.0,6.0,1.0,1.0,1.0,,,,,,,1.0,,,,,,,,1.0,,1.0,,,,,,,,2.0,2.0,2.0,2.0,2.0,1.0,1.0,3.0,3.0,3.0,1.0,3.0,3.0,1.0,3.0,3.0,2.0,1.0,2.0,4.0,3.0,3.0,3.0,4.0,2.0,7.0,7.0,6.0,8.0,0.0,8.0,6.0,7.0,8.0,5.0,7.0,4.0,7.0,7.0,5.0,6.0,2.0,1.0,1.0,1.0,1.0,2.0,1.0,3.0,,,,,1.0,,,1.0,,,,,,1.0,,4.0,4.0,4.0,5.0,2.0,,2.0,1.0,1.0,,,,,2.0,2.0,6.0,8.0,4.0,0.0,1.0,5.0,5.0,5.0,1.0,9.0,1.0,8.0,8.0,0.0,6.0,5.0,2.0,2.0,7.0,5.0,5.0,1.0,4.0,2.0,1.0,1.0,1.0,1.0,1.0,1.0,1.0,,2.0,2.0,2.0,2.0,2.0,2.0,2.0,2.0,2.0,2.0,2.0,1.0,3.0,3.0,,,,,,1.0,1.0,,1.0,1.0,3.0,3.0,1.0,3.0,3.0,1.0,3.0,1.0,2.0,3.0,3.0,2.0,3.0,3.0,2.0,2.0,2.0,1.0,1.0,1.0,1.0,,1.0,1.0,,,,,1.0,,,1.0,,,,1.0,,1.0,1.0,1.0,1.0,,,2.0,8.0,3.0,5.0,3.0,3.0,9.0,10.0,9.0,9.0,9.0,5.0,7.0,5.0,0.0,0.0,7.0,5.0,1.0,,,,1.0,,,1.0,,,,1.0,1.0,1.0,2.0,2.0,1.6415917814018792
553.0,1.0,75.0,6.0,5.0,2.0,16.0,5.0,1.0,4.0,1.0,,,,,,1.0,,1.0,,1.0,,,,,,,,,,,,,,,2.0,1.0,4.0,,2.0,3.0,3.0,3.0,3.0,3.0,1.0,3.0,3.0,2.0,3.0,3.0,3.0,4.0,4.0,4.0,4.0,4.0,3.0,4.0,3.0,5.0,6.0,7.0,2.0,6.0,2.0,5.0,9.0,9.0,5.0,5.0,4.0,9.0,7.0,10.0,3.0,2.0,2.0,1.0,1.0,1.0,1.0,2.0,3.0,1.0,,,,,1.0,,,,,,,1.0,,,1.0,2.0,1.0,2.0,1.0,2.0,3.0,1.0,,,1.0,,,2.0,1.0,5.0,7.0,5.0,2.0,3.0,6.0,7.0,7.0,7.0,6.0,2.0,5.0,7.0,3.0,2.0,6.0,5.0,5.0,6.0,3.0,4.0,5.0,4.0,2.0,1.0,1.0,1.0,1.0,1.0,1.0,1.0,,8.0,1.0,3.0,1.0,1.0,1.0,1.0,3.0,3.0,2.0,1.0,3.0,1.0,2.0,,1.0,,1.0,1.0,1.0,1.0,,1.0,3.0,3.0,3.0,3.0,1.0,3.0,3.0,3.0,3.0,3.0,3.0,3.0,2.0,1.0,3.0,2.0,1.0,2.0,3.0,5.0,1.0,1.0,,,1.0,,,1.0,1.0,,,1.0,,,,,,1.0,,1.0,,,,,6.0,8.0,1.0,2.0,2.0,2.0,8.0,9.0,7.0,9.0,9.0,2.0,7.0,2.0,1.0,1.0,6.0,1.0,1.0,,,1.0,,,,,,,,2.0,3.0,3.0,1.0,1.0,0.67795021938502
554.0,1.0,65.0,6.0,5.0,2.0,16.0,6.0,2.0,2.0,1.0,,,,,1.0,,,1.0,,,,,,,,,,,,,,1.0,,,2.0,2.0,4.0,,3.0,3.0,3.0,3.0,3.0,3.0,3.0,3.0,3.0,3.0,3.0,3.0,3.0,2.0,3.0,4.0,3.0,4.0,4.0,4.0,3.0,6.0,4.0,7.0,3.0,4.0,5.0,6.0,8.0,6.0,1.0,7.0,5.0,6.0,6.0,6.0,5.0,1.0,1.0,1.0,1.0,3.0,1.0,1.0,3.0,1.0,,,,,,,,1.0,,,,,1.0,,2.0,4.0,3.0,5.0,1.0,4.0,3.0,1.0,1.0,,1.0,,,2.0,2.0,4.0,6.0,5.0,3.0,2.0,5.0,8.0,7.0,7.0,7.0,3.0,8.0,7.0,1.0,6.0,6.0,1.0,4.0,7.0,8.0,4.0,1.0,4.0,2.0,,1.0,,1.0,,,1.0,,2.0,3.0,3.0,2.0,1.0,1.0,5.0,5.0,1.0,2.0,3.0,2.0,2.0,2.0,,,,,,1.0,1.0,,1.0,2.0,2.0,2.0,1.0,2.0,1.0,3.0,3.0,1.0,3.0,3.0,1.0,2.0,2.0,2.0,2.0,2.0,2.0,2.0,4.0,2.0,2.0,,1.0,1.0,,,,,,1.0,1.0,1.0,,,,,1.0,1.0,1.0,1.0,1.0,,,3.0,7.0,3.0,5.0,2.0,3.0,9.0,10.0,6.0,8.0,9.0,5.0,7.0,7.0,1.0,0.0,8.0,1.0,1.0,,,,1.0,,,1.0,,,,3.0,3.0,3.0,3.0,3.0,0.6531770384457968
555.0,2.0,53.0,4.0,3.0,2.0,16.0,4.0,1.0,4.0,1.0,,,,,,,,,,,,,,,,1.0,1.0,,,,1.0,,,,3.0,3.0,2.0,5.0,2.0,1.0,3.0,3.0,2.0,1.0,1.0,1.0,4.0,4.0,3.0,3.0,1.0,2.0,1.0,3.0,1.0,3.0,2.0,3.0,2.0,8.0,9.0,99.0,5.0,99.0,8.0,8.0,5.0,6.0,5.0,5.0,99.0,5.0,8.0,5.0,8.0,2.0,1.0,1.0,1.0,1.0,2.0,2.0,5.0,,,,,,,,1.0,,1.0,,1.0,,,,3.0,4.0,4.0,5.0,2.0,,4.0,1.0,,,,,,6.0,4.0,99.0,99.0,5.0,5.0,8.0,6.0,5.0,8.0,8.0,8.0,1.0,8.0,8.0,7.0,5.0,8.0,5.0,5.0,8.0,8.0,5.0,7.0,4.0,5.0,,1.0,,1.0,1.0,1.0,1.0,,8.0,8.0,8.0,8.0,8.0,8.0,8.0,8.0,8.0,4.0,5.0,3.0,5.0,1.0,,,,,,,1.0,,1.0,1.0,2.0,3.0,3.0,3.0,3.0,3.0,3.0,3.0,3.0,3.0,3.0,3.0,3.0,3.0,2.0,2.0,2.0,2.0,3.0,3.0,1.0,,1.0,,1.0,,,,,1.0,1.0,1.0,,,,,,,,1.0,1.0,,,3.0,7.0,3.0,3.0,4.0,5.0,4.0,9.0,6.0,8.0,10.0,5.0,7.0,99.0,99.0,0.0,6.0,5.0,1.0,,,,1.0,,,1.0,,,,3.0,3.0,3.0,11.0,10.0,0.6102534309875046
556.0,2.0,54.0,4.0,5.0,1.0,16.0,6.0,1.0,6.0,1.0,,,,1.0,,,,1.0,,,,,,,,,1.0,,,,,,,,3.0,3.0,2.0,3.0,3.0,2.0,3.0,3.0,3.0,1.0,3.0,3.0,3.0,3.0,3.0,3.0,1.0,3.0,2.0,4.0,3.0,3.0,4.0,3.0,4.0,7.0,5.0,6.0,5.0,5.0,4.0,7.0,8.0,8.0,6.0,3.0,4.0,5.0,5.0,7.0,6.0,2.0,1.0,1.0,1.0,1.0,2.0,3.0,4.0,1.0,,,,,,,1.0,,,,,,1.0,,3.0,3.0,2.0,3.0,2.0,,3.0,,1.0,,,,,3.0,2.0,3.0,6.0,2.0,7.0,7.0,4.0,3.0,7.0,6.0,4.0,3.0,6.0,7.0,6.0,2.0,5.0,4.0,2.0,6.0,2.0,4.0,6.0,3.0,2.0,,,,,,,1.0,,1.0,1.0,1.0,6.0,6.0,1.0,1.0,1.0,1.0,3.0,3.0,3.0,2.0,1.0,,1.0,,1.0,,,1.0,,1.0,3.0,3.0,2.0,1.0,1.0,2.0,3.0,3.0,3.0,1.0,1.0,3.0,3.0,3.0,2.0,2.0,2.0,2.0,2.0,3.0,2.0,2.0,,,1.0,,,1.0,,,,1.0,,,,1.0,,,1.0,1.0,,,,,6.0,7.0,0.0,2.0,0.0,2.0,8.0,10.0,6.0,9.0,10.0,5.0,7.0,4.0,1.0,0.0,8.0,4.0,1.0,,,,,,,,,,1.0,2.0,2.0,3.0,12.0,11.0,0.5752773463492634
557.0,2.0,60.0,5.0,5.0,2.0,16.0,4.0,1.0,2.0,1.0,,,,,,1.0,1.0,,,,,,,,,,,,,1.0,,,,,2.0,1.0,2.0,3.0,1.0,3.0,3.0,1.0,1.0,3.0,3.0,1.0,1.0,3.0,1.0,1.0,3.0,2.0,4.0,4.0,3.0,2.0,4.0,4.0,3.0,4.0,5.0,8.0,5.0,5.0,5.0,8.0,8.0,5.0,4.0,5.0,9.0,7.0,7.0,6.0,5.0,2.0,1.0,1.0,1.0,1.0,2.0,1.0,2.0,,,1.0,,,,,,,,1.0,,1.0,,,2.0,4.0,2.0,4.0,2.0,,4.0,1.0,1.0,,,,,2.0,2.0,9.0,9.0,9.0,9.0,8.0,6.0,9.0,8.0,8.0,6.0,8.0,8.0,5.0,8.0,6.0,7.0,2.0,5.0,5.0,8.0,7.0,8.0,3.0,3.0,,,,1.0,,1.0,1.0,,1.0,1.0,1.0,1.0,1.0,1.0,1.0,1.0,1.0,4.0,3.0,3.0,3.0,1.0,,,,,,,1.0,,1.0,2.0,2.0,2.0,3.0,3.0,3.0,3.0,3.0,3.0,3.0,3.0,3.0,3.0,3.0,3.0,1.0,1.0,1.0,1.0,1.0,1.0,1.0,1.0,1.0,,,,,,,,1.0,1.0,,,1.0,1.0,1.0,1.0,1.0,1.0,1.0,,,5.0,5.0,0.0,5.0,5.0,5.0,8.0,10.0,5.0,3.0,10.0,5.0,5.0,99.0,99.0,0.0,6.0,1.0,3.0,,70.0,,1.0,,,,,1.0,,3.0,3.0,3.0,3.0,3.0,0.46957970080662303
558.0,2.0,57.0,5.0,3.0,3.0,16.0,3.0,1.0,4.0,1.0,,,,,,,,1.0,,,,,,,,,,,,1.0,1.0,,,,3.0,2.0,2.0,3.0,3.0,2.0,3.0,3.0,3.0,3.0,3.0,3.0,3.0,3.0,3.0,3.0,3.0,3.0,4.0,4.0,3.0,4.0,3.0,4.0,3.0,8.0,7.0,8.0,4.0,5.0,5.0,6.0,8.0,8.0,6.0,6.0,7.0,7.0,7.0,6.0,7.0,1.0,3.0,3.0,3.0,1.0,1.0,3.0,4.0,1.0,,,,,1.0,,,,,1.0,,,,,3.0,3.0,1.0,4.0,2.0,,5.0,1.0,,,,,,2.0,4.0,8.0,8.0,7.0,0.0,4.0,8.0,7.0,7.0,4.0,5.0,3.0,8.0,8.0,0.0,4.0,4.0,2.0,4.0,9.0,4.0,6.0,0.0,3.0,5.0,,1.0,1.0,1.0,,,1.0,,8.0,1.0,8.0,8.0,8.0,8.0,8.0,8.0,6.0,2.0,2.0,2.0,5.0,2.0,,,,,,1.0,1.0,,2.0,3.0,2.0,2.0,1.0,1.0,1.0,3.0,3.0,1.0,1.0,3.0,1.0,3.0,2.0,3.0,2.0,2.0,2.0,2.0,2.0,1.0,2.0,,1.0,1.0,,,,,,1.0,1.0,1.0,,,,1.0,,,,1.0,,,,3.0,5.0,0.0,4.0,3.0,3.0,10.0,10.0,5.0,10.0,1.0,6.0,5.0,5.0,0.0,0.0,3.0,6.0,1.0,,,,1.0,,,1.0,,,,2.0,2.0,1.0,3.0,3.0,0.985469916468309
559.0,2.0,72.0,6.0,5.0,1.0,16.0,3.0,2.0,5.0,1.0,,,,,,1.0,,,,,,,,,,,,,,,1.0,1.0,,,2.0,2.0,4.0,,3.0,3.0,3.0,3.0,3.0,3.0,3.0,3.0,3.0,3.0,3.0,3.0,3.0,4.0,3.0,4.0,4.0,4.0,4.0,4.0,3.0,6.0,7.0,7.0,8.0,5.0,6.0,7.0,8.0,7.0,3.0,7.0,8.0,7.0,7.0,5.0,5.0,2.0,1.0,1.0,1.0,1.0,2.0,1.0,3.0,1.0,,,,,,,,1.0,,,1.0,,,,3.0,2.0,3.0,3.0,2.0,,3.0,1.0,1.0,,,,,2.0,2.0,6.0,7.0,6.0,6.0,7.0,6.0,7.0,6.0,8.0,7.0,6.0,8.0,7.0,7.0,3.0,7.0,5.0,3.0,7.0,5.0,6.0,5.0,3.0,3.0,,,,1.0,1.0,,1.0,,1.0,3.0,3.0,3.0,1.0,1.0,3.0,3.0,1.0,4.0,4.0,4.0,1.0,1.0,,1.0,,1.0,,,1.0,,1.0,2.0,3.0,2.0,3.0,1.0,3.0,3.0,2.0,1.0,3.0,1.0,3.0,2.0,2.0,2.0,1.0,1.0,1.0,1.0,2.0,1.0,1.0,,,1.0,,,1.0,,1.0,1.0,1.0,1.0,,,,1.0,,1.0,1.0,1.0,1.0,,,3.0,5.0,0.0,5.0,3.0,4.0,8.0,10.0,3.0,7.0,10.0,5.0,4.0,4.0,2.0,0.0,3.0,3.0,2.0,17.0,,,1.0,,,,,,,3.0,3.0,3.0,3.0,3.0,2.000072119709079
560.0,2.0,78.0,6.0,4.0,2.0,16.0,3.0,2.0,6.0,1.0,,,,,,1.0,,,,,,,,,1.0,,,,,,1.0,,,,2.0,2.0,4.0,,3.0,1.0,3.0,3.0,3.0,1.0,3.0,3.0,3.0,3.0,3.0,3.0,1.0,4.0,4.0,4.0,4.0,4.0,4.0,4.0,4.0,5.0,5.0,8.0,8.0,5.0,8.0,8.0,8.0,8.0,5.0,5.0,5.0,5.0,5.0,5.0,5.0,2.0,2.0,1.0,1.0,1.0,2.0,2.0,5.0,,,,,,,,1.0,,,,1.0,,1.0,,2.0,2.0,5.0,5.0,2.0,,3.0,1.0,,,1.0,,,3.0,2.0,5.0,7.0,7.0,0.0,5.0,5.0,10.0,5.0,5.0,5.0,0.0,8.0,5.0,0.0,4.0,8.0,0.0,0.0,7.0,5.0,5.0,0.0,5.0,2.0,1.0,1.0,1.0,1.0,1.0,,,,4.0,4.0,4.0,4.0,2.0,4.0,4.0,4.0,2.0,5.0,5.0,5.0,2.0,1.0,1.0,,,,1.0,1.0,1.0,,2.0,3.0,2.0,3.0,3.0,2.0,3.0,3.0,3.0,3.0,3.0,3.0,3.0,2.0,3.0,3.0,1.0,1.0,1.0,1.0,5.0,1.0,1.0,,1.0,1.0,,,,,,1.0,1.0,1.0,,,,,,1.0,1.0,1.0,1.0,,,0.0,6.0,1.0,6.0,1.0,6.0,10.0,10.0,5.0,10.0,10.0,4.0,7.0,4.0,0.0,0.0,3.0,5.0,1.0,,,1.0,,,,,,,,3.0,3.0,3.0,4.0,4.0,2.000073176340807
561.0,2.0,54.0,4.0,2.0,2.0,16.0,4.0,1.0,3.0,1.0,,,,,,,,1.0,,1.0,,,,,,,1.0,,,,,,,,3.0,1.0,2.0,4.0,3.0,2.0,3.0,3.0,3.0,3.0,3.0,3.0,3.0,3.0,3.0,3.0,3.0,1.0,1.0,3.0,1.0,4.0,1.0,3.0,1.0,0.0,0.0,0.0,0.0,0.0,0.0,0.0,10.0,10.0,0.0,0.0,0.0,0.0,10.0,0.0,0.0,1.0,1.0,1.0,1.0,1.0,1.0,1.0,2.0,,,1.0,,,1.0,1.0,,,,,,,,,2.0,4.0,1.0,3.0,2.0,,3.0,1.0,,,,1.0,,2.0,2.0,5.0,5.0,0.0,0.0,10.0,0.0,0.0,10.0,6.0,5.0,0.0,7.0,0.0,0.0,0.0,0.0,5.0,10.0,10.0,0.0,0.0,0.0,3.0,1.0,1.0,,1.0,1.0,,,1.0,,8.0,8.0,8.0,8.0,8.0,8.0,8.0,8.0,8.0,2.0,3.0,3.0,2.0,2.0,,,,,,,,1.0,1.0,1.0,3.0,3.0,3.0,3.0,3.0,3.0,3.0,3.0,3.0,3.0,3.0,3.0,3.0,3.0,1.0,1.0,3.0,1.0,4.0,2.0,2.0,,1.0,,,,1.0,,,,,,1.0,,,,,,,,,1.0,,99.0,99.0,99.0,99.0,99.0,99.0,99.0,99.0,5.0,9.0,10.0,6.0,99.0,0.0,1.0,1.0,3.0,2.0,3.0,,3.0,,1.0,,,1.0,,,,2.0,2.0,3.0,11.0,10.0,0.6624683880778927
562.0,2.0,50.0,4.0,5.0,2.0,16.0,6.0,1.0,2.0,1.0,,,,,,,,1.0,,,,,,,,,1.0,,,,1.0,,,,3.0,1.0,2.0,3.0,2.0,1.0,3.0,3.0,3.0,3.0,3.0,3.0,3.0,3.0,3.0,3.0,2.0,4.0,4.0,4.0,4.0,4.0,4.0,4.0,3.0,9.0,6.0,3.0,5.0,3.0,5.0,7.0,7.0,3.0,6.0,8.0,2.0,6.0,5.0,6.0,7.0,1.0,1.0,1.0,1.0,1.0,1.0,1.0,4.0,,,1.0,,1.0,,,,1.0,,,,,,,3.0,4.0,2.0,4.0,2.0,,2.0,1.0,1.0,,1.0,,,2.0,2.0,4.0,7.0,3.0,2.0,7.0,7.0,1.0,7.0,7.0,8.0,7.0,8.0,8.0,5.0,2.0,6.0,6.0,8.0,9.0,0.0,5.0,4.0,4.0,1.0,1.0,1.0,1.0,1.0,,,1.0,,1.0,1.0,1.0,1.0,1.0,1.0,1.0,1.0,1.0,1.0,1.0,1.0,1.0,2.0,,,,1.0,1.0,1.0,1.0,,1.0,1.0,3.0,2.0,3.0,1.0,3.0,3.0,3.0,1.0,1.0,3.0,1.0,2.0,2.0,3.0,1.0,1.0,1.0,1.0,2.0,1.0,1.0,1.0,,1.0,,,,,,,1.0,1.0,,,,1.0,,,,1.0,1.0,,,5.0,5.0,4.0,5.0,0.0,0.0,10.0,10.0,10.0,9.0,9.0,1.0,0.0,0.0,0.0,0.0,8.0,1.0,1.0,,,,,1.0,1.0,,,,,1.0,1.0,2.0,1.0,1.0,0.3772530801280392
563.0,1.0,34.0,2.0,1.0,2.0,16.0,4.0,1.0,3.0,1.0,,,,,,,,1.0,,1.0,,,,,,,,,,,1.0,,,,2.0,2.0,2.0,3.0,2.0,1.0,3.0,3.0,3.0,3.0,3.0,3.0,3.0,3.0,3.0,3.0,2.0,2.0,2.0,3.0,1.0,3.0,2.0,4.0,4.0,1.0,3.0,3.0,3.0,5.0,2.0,3.0,5.0,4.0,0.0,4.0,4.0,3.0,5.0,4.0,3.0,3.0,3.0,3.0,3.0,3.0,3.0,3.0,4.0,,,1.0,,,1.0,1.0,,,,,,,,,4.0,4.0,1.0,2.0,1.0,1.0,3.0,1.0,1.0,,1.0,,,3.0,3.0,3.0,4.0,0.0,0.0,5.0,4.0,0.0,0.0,0.0,2.0,0.0,2.0,2.0,5.0,0.0,0.0,4.0,4.0,5.0,2.0,0.0,3.0,3.0,3.0,,,,,,,,1.0,7.0,7.0,7.0,7.0,7.0,8.0,6.0,8.0,1.0,3.0,3.0,2.0,2.0,1.0,,1.0,1.0,1.0,1.0,,,,1.0,2.0,3.0,3.0,2.0,3.0,3.0,3.0,3.0,1.0,3.0,3.0,3.0,3.0,3.0,3.0,1.0,1.0,1.0,1.0,3.0,3.0,3.0,1.0,,,,1.0,,,,,,,1.0,,1.0,1.0,,,,,,,,7.0,7.0,0.0,6.0,1.0,2.0,5.0,8.0,0.0,10.0,10.0,3.0,2.0,4.0,0.0,0.0,5.0,5.0,1.0,,,,1.0,,,1.0,,,,1.0,1.0,1.0,11.0,10.0,1.9497146209686775
564.0,1.0,70.0,6.0,3.0,2.0,16.0,4.0,2.0,4.0,1.0,,1.0,,,,,,1.0,,1.0,,,,,,,,,,,,,,,5.0,3.0,5.0,,3.0,3.0,3.0,3.0,3.0,3.0,3.0,3.0,3.0,3.0,3.0,3.0,3.0,4.0,4.0,4.0,3.0,4.0,4.0,4.0,3.0,2.0,0.0,2.0,2.0,3.0,1.0,2.0,2.0,2.0,0.0,0.0,2.0,1.0,1.0,2.0,2.0,1.0,3.0,1.0,3.0,1.0,1.0,3.0,3.0,,,,,,1.0,,,,,1.0,,,1.0,,2.0,4.0,1.0,4.0,2.0,,2.0,,1.0,,,,,5.0,3.0,0.0,0.0,0.0,5.0,7.0,0.0,2.0,0.0,0.0,0.0,7.0,4.0,5.0,0.0,0.0,0.0,2.0,0.0,8.0,0.0,0.0,7.0,3.0,4.0,,,,1.0,,,1.0,,6.0,6.0,6.0,6.0,6.0,6.0,6.0,8.0,8.0,4.0,4.0,4.0,4.0,1.0,,1.0,1.0,1.0,1.0,,1.0,,1.0,4.0,1.0,2.0,3.0,1.0,2.0,3.0,3.0,3.0,1.0,3.0,1.0,1.0,2.0,2.0,1.0,1.0,3.0,3.0,3.0,1.0,3.0,1.0,,,1.0,,,,,,,,1.0,,1.0,1.0,,,,,,,,5.0,8.0,0.0,0.0,0.0,0.0,6.0,8.0,5.0,8.0,10.0,5.0,9.0,6.0,6.0,2.0,4.0,1.0,1.0,,,,1.0,,,,,,,3.0,3.0,3.0,13.0,12.0,1.0565944978329147
565.0,1.0,27.0,2.0,5.0,3.0,16.0,6.0,1.0,2.0,1.0,,,,,,1.0,,,,,,,,,,,1.0,,1.0,,,,,,2.0,3.0,2.0,3.0,3.0,2.0,3.0,3.0,3.0,3.0,3.0,3.0,3.0,3.0,2.0,3.0,2.0,4.0,4.0,3.0,3.0,4.0,4.0,3.0,2.0,5.0,8.0,6.0,4.0,4.0,6.0,6.0,8.0,7.0,2.0,4.0,5.0,7.0,7.0,6.0,5.0,2.0,2.0,1.0,1.0,2.0,2.0,2.0,2.0,1.0,,1.0,,,,,1.0,,,,,,,,2.0,4.0,3.0,3.0,2.0,,2.0,1.0,1.0,1.0,,,,2.0,3.0,3.0,5.0,2.0,0.0,0.0,6.0,5.0,4.0,6.0,6.0,0.0,7.0,7.0,2.0,2.0,0.0,2.0,0.0,7.0,8.0,6.0,0.0,5.0,1.0,1.0,1.0,1.0,1.0,1.0,1.0,1.0,,8.0,8.0,2.0,2.0,6.0,8.0,8.0,8.0,2.0,1.0,1.0,1.0,1.0,3.0,1.0,,1.0,,1.0,1.0,1.0,,2.0,2.0,3.0,3.0,1.0,3.0,3.0,3.0,3.0,3.0,3.0,3.0,3.0,2.0,1.0,3.0,2.0,2.0,1.0,1.0,1.0,1.0,1.0,1.0,1.0,,,,,,,,1.0,,,,,,,1.0,1.0,1.0,1.0,,,2.0,6.0,4.0,6.0,3.0,5.0,10.0,10.0,6.0,10.0,8.0,3.0,7.0,2.0,0.0,0.0,8.0,4.0,1.0,,,,,1.0,1.0,,,,,1.0,1.0,1.0,11.0,2.0,1.0791322044197234
566.0,1.0,60.0,5.0,3.0,3.0,16.0,5.0,1.0,1.0,1.0,,,,1.0,,1.0,,,,,,,,,,,1.0,,,,,,,,3.0,2.0,3.0,3.0,3.0,2.0,3.0,3.0,3.0,2.0,3.0,3.0,3.0,3.0,3.0,3.0,3.0,3.0,3.0,3.0,2.0,4.0,2.0,3.0,3.0,4.0,5.0,8.0,2.0,0.0,5.0,5.0,8.0,2.0,1.0,5.0,5.0,5.0,6.0,5.0,1.0,2.0,2.0,1.0,1.0,1.0,2.0,2.0,3.0,1.0,,1.0,,,,,,,,,,,1.0,,4.0,4.0,4.0,3.0,2.0,,3.0,1.0,1.0,,,,,3.0,2.0,4.0,7.0,8.0,0.0,2.0,3.0,6.0,5.0,7.0,8.0,3.0,9.0,6.0,3.0,5.0,8.0,0.0,0.0,5.0,4.0,0.0,0.0,4.0,2.0,1.0,1.0,1.0,1.0,1.0,,1.0,,2.0,2.0,2.0,2.0,2.0,2.0,2.0,2.0,2.0,1.0,2.0,3.0,2.0,1.0,,,,,,1.0,1.0,,2.0,2.0,2.0,2.0,1.0,2.0,1.0,1.0,2.0,1.0,3.0,2.0,1.0,2.0,3.0,3.0,2.0,2.0,2.0,2.0,1.0,1.0,1.0,,1.0,1.0,,,,,,1.0,1.0,1.0,,,,,,1.0,,1.0,1.0,,,1.0,6.0,1.0,6.0,2.0,5.0,9.0,10.0,5.0,7.0,10.0,4.0,5.0,5.0,0.0,0.0,6.0,1.0,1.0,,,,1.0,,,1.0,,,,2.0,3.0,2.0,4.0,4.0,1.9845840488642061
567.0,1.0,73.0,6.0,5.0,3.0,16.0,3.0,2.0,4.0,1.0,,,,,,1.0,,,,,,1.0,,,,1.0,,,,,,,,,3.0,2.0,4.0,,3.0,3.0,3.0,3.0,3.0,3.0,3.0,3.0,3.0,3.0,3.0,3.0,3.0,3.0,4.0,4.0,3.0,4.0,4.0,4.0,3.0,5.0,5.0,99.0,3.0,0.0,3.0,3.0,7.0,7.0,1.0,5.0,1.0,5.0,99.0,5.0,99.0,2.0,2.0,1.0,1.0,1.0,2.0,3.0,3.0,,,1.0,,,,,,,,,,1.0,1.0,,2.0,2.0,3.0,3.0,2.0,,3.0,,1.0,,,,,3.0,2.0,1.0,3.0,0.0,0.0,3.0,3.0,3.0,3.0,2.0,1.0,1.0,3.0,4.0,1.0,0.0,4.0,1.0,3.0,4.0,0.0,0.0,0.0,3.0,3.0,,1.0,,,,,,,1.0,1.0,1.0,1.0,1.0,1.0,1.0,1.0,1.0,5.0,5.0,5.0,5.0,2.0,,,,,,,1.0,,1.0,3.0,2.0,2.0,3.0,1.0,1.0,3.0,3.0,1.0,1.0,3.0,3.0,2.0,2.0,3.0,1.0,1.0,1.0,3.0,5.0,1.0,1.0,,1.0,1.0,,,,,,1.0,1.0,,,,,,,,1.0,,1.0,,,3.0,8.0,0.0,2.0,0.0,0.0,8.0,10.0,7.0,9.0,10.0,5.0,6.0,7.0,0.0,0.0,3.0,5.0,2.0,3.0,,,1.0,,,,,,,3.0,3.0,3.0,11.0,10.0,0.8795376329018724
568.0,2.0,38.0,3.0,1.0,2.0,16.0,6.0,1.0,3.0,1.0,,,,,,1.0,,,,,,,,,,,1.0,,,,1.0,,,,3.0,2.0,3.0,2.0,1.0,1.0,1.0,2.0,3.0,1.0,1.0,3.0,3.0,1.0,3.0,4.0,2.0,2.0,2.0,2.0,1.0,4.0,2.0,3.0,3.0,3.0,99.0,5.0,5.0,99.0,7.0,99.0,8.0,3.0,8.0,99.0,8.0,6.0,6.0,6.0,7.0,2.0,1.0,1.0,1.0,1.0,2.0,1.0,3.0,1.0,,,,1.0,,,,1.0,,,,,,,3.0,4.0,5.0,3.0,1.0,2.0,2.0,1.0,1.0,,,,,6.0,2.0,7.0,7.0,2.0,4.0,6.0,8.0,5.0,9.0,6.0,7.0,3.0,5.0,7.0,6.0,6.0,5.0,5.0,5.0,7.0,5.0,6.0,5.0,4.0,5.0,,1.0,,1.0,,1.0,1.0,,8.0,1.0,1.0,8.0,1.0,3.0,8.0,8.0,2.0,2.0,2.0,2.0,2.0,1.0,,,,,,1.0,1.0,,1.0,3.0,2.0,2.0,1.0,3.0,3.0,3.0,3.0,1.0,1.0,3.0,1.0,2.0,3.0,3.0,2.0,2.0,2.0,2.0,3.0,2.0,1.0,1.0,,1.0,,,,,,1.0,,,,,,,,1.0,,1.0,1.0,,,5.0,8.0,0.0,2.0,1.0,2.0,9.0,10.0,6.0,10.0,10.0,3.0,3.0,4.0,0.0,0.0,8.0,5.0,1.0,,,,1.0,,,,,,,1.0,1.0,1.0,12.0,11.0,0.9860574037334805
569.0,1.0,64.0,5.0,5.0,2.0,16.0,3.0,2.0,7.0,1.0,,,,,,1.0,,,,,,,,,,,,,1.0,,1.0,,,,3.0,2.0,4.0,,3.0,3.0,3.0,3.0,3.0,3.0,3.0,3.0,3.0,3.0,3.0,3.0,3.0,4.0,4.0,4.0,4.0,4.0,4.0,4.0,4.0,4.0,8.0,4.0,5.0,4.0,4.0,5.0,6.0,5.0,3.0,3.0,5.0,4.0,4.0,4.0,3.0,2.0,2.0,2.0,2.0,2.0,2.0,2.0,3.0,1.0,,1.0,,,,,,,,,,,1.0,,4.0,4.0,4.0,4.0,2.0,,4.0,1.0,,,1.0,,,3.0,2.0,5.0,6.0,5.0,0.0,0.0,3.0,4.0,3.0,0.0,3.0,0.0,5.0,3.0,2.0,4.0,0.0,0.0,0.0,0.0,3.0,3.0,0.0,5.0,2.0,,,1.0,1.0,,,,,2.0,2.0,2.0,2.0,2.0,2.0,2.0,2.0,8.0,4.0,4.0,4.0,3.0,1.0,1.0,,1.0,,,1.0,1.0,,5.0,2.0,2.0,1.0,1.0,2.0,1.0,1.0,2.0,2.0,2.0,2.0,2.0,2.0,1.0,2.0,2.0,2.0,2.0,2.0,5.0,2.0,2.0,,1.0,,,,1.0,,,1.0,,1.0,,,,,,,1.0,,,,,2.0,9.0,2.0,8.0,5.0,7.0,9.0,10.0,5.0,6.0,10.0,4.0,5.0,4.0,0.0,0.0,3.0,5.0,2.0,7.0,,,1.0,,,,,,,3.0,3.0,3.0,2.0,2.0,1.1310631466948464
570.0,2.0,42.0,3.0,3.0,2.0,16.0,4.0,1.0,6.0,1.0,,,,,,1.0,,,,1.0,,,,,,1.0,,,,,,,,,3.0,2.0,2.0,4.0,3.0,3.0,3.0,3.0,3.0,3.0,3.0,3.0,3.0,3.0,3.0,3.0,3.0,4.0,3.0,4.0,3.0,4.0,4.0,2.0,4.0,4.0,3.0,4.0,5.0,3.0,0.0,2.0,5.0,5.0,0.0,2.0,5.0,1.0,5.0,5.0,1.0,1.0,3.0,3.0,3.0,3.0,1.0,3.0,4.0,,,1.0,,,1.0,1.0,,,,,,,,,2.0,2.0,1.0,3.0,2.0,,3.0,1.0,1.0,,,,,4.0,2.0,1.0,3.0,0.0,0.0,4.0,1.0,0.0,2.0,1.0,1.0,0.0,3.0,3.0,1.0,0.0,1.0,2.0,2.0,3.0,2.0,1.0,1.0,4.0,2.0,,1.0,1.0,1.0,,,1.0,,8.0,8.0,8.0,7.0,8.0,8.0,8.0,8.0,8.0,4.0,3.0,3.0,3.0,1.0,,,,,,,,1.0,1.0,4.0,3.0,3.0,3.0,1.0,1.0,3.0,3.0,3.0,1.0,1.0,3.0,2.0,3.0,2.0,5.0,5.0,5.0,5.0,4.0,1.0,3.0,1.0,,,,,1.0,,1.0,1.0,1.0,1.0,,,1.0,1.0,,,,1.0,1.0,,,5.0,3.0,1.0,2.0,1.0,3.0,4.0,9.0,5.0,7.0,9.0,0.0,0.0,0.0,0.0,0.0,6.0,4.0,1.0,,,1.0,,,,,,,,1.0,1.0,2.0,11.0,9.0,0.6251126102810783
571.0,2.0,42.0,3.0,5.0,2.0,16.0,6.0,1.0,1.0,1.0,,,,,,,,1.0,,,,1.0,,,,,1.0,,,,,,,,2.0,2.0,2.0,3.0,3.0,3.0,3.0,3.0,3.0,3.0,3.0,3.0,3.0,3.0,1.0,3.0,3.0,2.0,2.0,3.0,2.0,3.0,3.0,2.0,3.0,4.0,3.0,6.0,3.0,5.0,1.0,5.0,8.0,7.0,2.0,6.0,3.0,6.0,7.0,6.0,5.0,2.0,1.0,1.0,1.0,1.0,2.0,3.0,4.0,,,,,,1.0,,1.0,,,,1.0,,,,3.0,4.0,4.0,4.0,2.0,,3.0,1.0,,,,,,2.0,2.0,7.0,7.0,6.0,0.0,5.0,8.0,7.0,7.0,5.0,7.0,4.0,7.0,5.0,5.0,1.0,4.0,4.0,4.0,6.0,3.0,4.0,5.0,3.0,3.0,,,,1.0,1.0,1.0,1.0,,1.0,1.0,3.0,4.0,1.0,1.0,3.0,4.0,1.0,3.0,2.0,3.0,2.0,1.0,,,,,,,1.0,,1.0,2.0,2.0,2.0,1.0,2.0,1.0,3.0,2.0,1.0,1.0,2.0,2.0,2.0,2.0,2.0,1.0,1.0,1.0,1.0,4.0,1.0,1.0,,1.0,,1.0,,,,,,1.0,1.0,,,,,,,1.0,1.0,1.0,,,3.0,8.0,8.0,2.0,3.0,4.0,8.0,10.0,7.0,9.0,10.0,3.0,6.0,6.0,0.0,0.0,8.0,3.0,1.0,,,,,,1.0,,1.0,,,1.0,2.0,2.0,4.0,4.0,0.9599106729931535
572.0,2.0,38.0,3.0,1.0,2.0,16.0,6.0,1.0,4.0,1.0,1.0,,,1.0,,,,,,,,,,,,,1.0,,,,,,,,2.0,2.0,2.0,3.0,3.0,1.0,3.0,3.0,3.0,3.0,3.0,3.0,3.0,3.0,3.0,3.0,1.0,2.0,2.0,4.0,4.0,2.0,1.0,4.0,3.0,7.0,4.0,7.0,4.0,5.0,5.0,4.0,4.0,4.0,2.0,2.0,7.0,4.0,99.0,2.0,4.0,2.0,1.0,1.0,1.0,2.0,1.0,2.0,4.0,,,,,,,,,,1.0,1.0,,,1.0,,3.0,3.0,3.0,4.0,2.0,,4.0,1.0,,,,,,2.0,2.0,5.0,7.0,0.0,0.0,3.0,3.0,0.0,2.0,0.0,0.0,0.0,5.0,5.0,3.0,0.0,0.0,0.0,0.0,7.0,0.0,4.0,3.0,3.0,3.0,,1.0,1.0,1.0,,1.0,1.0,,8.0,8.0,3.0,8.0,8.0,2.0,8.0,8.0,2.0,4.0,4.0,3.0,3.0,1.0,1.0,,,,,1.0,1.0,,1.0,1.0,2.0,3.0,1.0,3.0,3.0,3.0,3.0,2.0,2.0,3.0,3.0,2.0,3.0,3.0,2.0,2.0,2.0,2.0,2.0,1.0,1.0,,1.0,1.0,,,,,,1.0,1.0,1.0,,,,1.0,,1.0,,1.0,,,,3.0,7.0,2.0,3.0,2.0,2.0,7.0,10.0,2.0,10.0,10.0,2.0,5.0,5.0,1.0,0.0,8.0,5.0,1.0,,,,1.0,,,1.0,,,,1.0,3.0,1.0,12.0,2.0,1.11144369452718
573.0,1.0,23.0,1.0,5.0,2.0,16.0,6.0,1.0,2.0,2.0,,,1.0,,,,,,1.0,,,,,,,,1.0,,,,,,,,2.0,4.0,10.0,,3.0,3.0,3.0,3.0,3.0,3.0,3.0,3.0,3.0,3.0,3.0,3.0,1.0,3.0,3.0,2.0,3.0,3.0,3.0,3.0,3.0,7.0,5.0,4.0,3.0,99.0,6.0,99.0,6.0,5.0,0.0,3.0,4.0,5.0,99.0,3.0,5.0,2.0,1.0,1.0,1.0,2.0,2.0,3.0,4.0,,,,,,,,,,1.0,1.0,,,1.0,,2.0,3.0,1.0,4.0,2.0,,3.0,,,,,,1.0,2.0,1.0,3.0,7.0,3.0,0.0,6.0,10.0,6.0,6.0,5.0,5.0,0.0,6.0,8.0,5.0,4.0,6.0,5.0,0.0,4.0,7.0,4.0,5.0,5.0,1.0,1.0,1.0,1.0,1.0,1.0,1.0,1.0,,2.0,2.0,2.0,2.0,2.0,2.0,2.0,2.0,2.0,2.0,1.0,1.0,2.0,3.0,,,,,,1.0,1.0,,1.0,2.0,2.0,2.0,1.0,3.0,3.0,1.0,3.0,3.0,3.0,1.0,3.0,2.0,3.0,2.0,1.0,1.0,1.0,1.0,1.0,1.0,1.0,,1.0,,1.0,,,,,,,,,1.0,,,,,1.0,,,,,2.0,6.0,8.0,5.0,7.0,7.0,3.0,0.0,10.0,8.0,10.0,0.0,0.0,0.0,0.0,0.0,7.0,4.0,1.0,,,,,1.0,1.0,,,,,1.0,1.0,1.0,5.0,4.0,1.026989039032398
574.0,1.0,26.0,2.0,2.0,3.0,16.0,4.0,1.0,4.0,1.0,,,,,,1.0,1.0,,1.0,,,,,,,,,,,,,,,,3.0,2.0,10.0,,2.0,3.0,3.0,3.0,3.0,1.0,1.0,3.0,3.0,1.0,3.0,3.0,1.0,1.0,1.0,3.0,2.0,3.0,2.0,1.0,3.0,5.0,3.0,2.0,0.0,7.0,3.0,8.0,7.0,99.0,0.0,6.0,2.0,6.0,99.0,5.0,10.0,2.0,1.0,2.0,1.0,2.0,2.0,2.0,3.0,,1.0,,,,,,,,1.0,,,,1.0,,3.0,3.0,1.0,5.0,2.0,,3.0,1.0,,,,,,3.0,2.0,99.0,7.0,2.0,0.0,8.0,6.0,7.0,8.0,99.0,7.0,0.0,99.0,99.0,5.0,0.0,8.0,0.0,0.0,6.0,6.0,0.0,6.0,4.0,3.0,,1.0,,1.0,,1.0,1.0,,8.0,8.0,8.0,8.0,8.0,8.0,8.0,8.0,8.0,2.0,3.0,1.0,1.0,3.0,,,,,,,,1.0,2.0,4.0,2.0,3.0,1.0,1.0,3.0,2.0,3.0,2.0,3.0,3.0,3.0,3.0,3.0,3.0,1.0,2.0,1.0,3.0,2.0,5.0,5.0,,1.0,1.0,,,,,,,1.0,1.0,,,,,,,,1.0,1.0,,,99.0,99.0,99.0,99.0,99.0,99.0,8.0,10.0,7.0,99.0,99.0,99.0,99.0,99.0,0.0,0.0,6.0,6.0,1.0,,,,,,,,,,1.0,1.0,1.0,1.0,13.0,12.0,2.0000082924160067
575.0,2.0,40.0,3.0,2.0,2.0,16.0,4.0,1.0,4.0,1.0,,,,,,,,1.0,,,,,,,,,1.0,,,,1.0,,,,3.0,3.0,2.0,2.0,3.0,2.0,3.0,3.0,3.0,2.0,3.0,1.0,1.0,3.0,3.0,3.0,3.0,3.0,2.0,3.0,2.0,4.0,2.0,3.0,2.0,4.0,6.0,4.0,3.0,6.0,1.0,6.0,6.0,6.0,1.0,6.0,6.0,8.0,5.0,6.0,5.0,1.0,1.0,1.0,1.0,1.0,2.0,3.0,4.0,,,1.0,,,1.0,,,,1.0,,,,,,3.0,4.0,3.0,3.0,2.0,,3.0,1.0,1.0,,,,,4.0,3.0,4.0,5.0,1.0,0.0,6.0,8.0,7.0,6.0,5.0,4.0,1.0,6.0,7.0,7.0,2.0,6.0,0.0,0.0,7.0,6.0,1.0,3.0,4.0,2.0,1.0,1.0,1.0,1.0,1.0,,1.0,,2.0,2.0,2.0,7.0,7.0,2.0,2.0,4.0,2.0,4.0,3.0,4.0,3.0,1.0,1.0,,1.0,,,1.0,1.0,,2.0,2.0,2.0,3.0,3.0,1.0,1.0,1.0,2.0,1.0,1.0,2.0,1.0,2.0,3.0,3.0,2.0,2.0,2.0,2.0,2.0,1.0,1.0,,1.0,1.0,,,,,,,1.0,,,,,,1.0,,1.0,1.0,1.0,,,3.0,6.0,2.0,6.0,2.0,3.0,10.0,10.0,8.0,6.0,9.0,2.0,7.0,6.0,0.0,0.0,6.0,5.0,1.0,,,,1.0,,,,,,,1.0,2.0,3.0,2.0,2.0,0.8326582997145089
576.0,1.0,65.0,6.0,1.0,2.0,16.0,3.0,2.0,5.0,1.0,,,,,,,,,,,,,,,,,1.0,1.0,,,1.0,,,,3.0,3.0,4.0,,2.0,1.0,3.0,3.0,2.0,1.0,2.0,3.0,3.0,2.0,3.0,3.0,1.0,2.0,3.0,4.0,2.0,4.0,2.0,4.0,3.0,9.0,1.0,1.0,4.0,0.0,9.0,5.0,2.0,7.0,1.0,2.0,7.0,7.0,8.0,7.0,2.0,2.0,2.0,1.0,1.0,2.0,2.0,2.0,3.0,1.0,,1.0,,,,,,,,,,,1.0,,4.0,4.0,4.0,5.0,2.0,,3.0,1.0,1.0,,1.0,,,2.0,2.0,3.0,6.0,1.0,1.0,1.0,4.0,7.0,6.0,4.0,8.0,0.0,8.0,8.0,1.0,8.0,2.0,2.0,1.0,6.0,8.0,3.0,1.0,5.0,1.0,1.0,1.0,1.0,1.0,,,1.0,,2.0,2.0,2.0,2.0,2.0,2.0,2.0,2.0,2.0,1.0,1.0,1.0,4.0,3.0,,,1.0,,,1.0,1.0,,4.0,3.0,2.0,3.0,1.0,2.0,1.0,3.0,3.0,3.0,3.0,2.0,2.0,2.0,1.0,3.0,2.0,2.0,2.0,2.0,2.0,1.0,1.0,,,1.0,,,1.0,,,1.0,1.0,1.0,,,,,,1.0,1.0,1.0,1.0,,,2.0,6.0,2.0,6.0,4.0,4.0,10.0,10.0,9.0,6.0,10.0,5.0,5.0,5.0,1.0,0.0,3.0,4.0,2.0,7.0,,,1.0,,,,,,,3.0,3.0,3.0,2.0,4.0,1.6803815300631764
577.0,2.0,57.0,5.0,3.0,2.0,16.0,5.0,1.0,3.0,1.0,,,,,,1.0,,,,,,,1.0,,,,,1.0,,,,,,,2.0,2.0,2.0,5.0,3.0,3.0,3.0,3.0,3.0,3.0,2.0,3.0,3.0,3.0,3.0,3.0,3.0,3.0,3.0,4.0,3.0,4.0,4.0,4.0,3.0,7.0,5.0,99.0,3.0,5.0,5.0,5.0,5.0,5.0,3.0,4.0,99.0,5.0,99.0,5.0,99.0,1.0,1.0,1.0,1.0,1.0,1.0,1.0,4.0,1.0,,1.0,,,1.0,,,,,,,,,,4.0,4.0,2.0,2.0,1.0,5.0,3.0,1.0,1.0,,1.0,,,3.0,2.0,99.0,99.0,5.0,0.0,99.0,5.0,8.0,6.0,6.0,6.0,6.0,5.0,7.0,6.0,0.0,5.0,5.0,0.0,6.0,5.0,3.0,6.0,4.0,2.0,,,1.0,1.0,,1.0,,,8.0,8.0,8.0,8.0,8.0,8.0,8.0,8.0,8.0,3.0,4.0,2.0,2.0,1.0,,,,,1.0,,1.0,,1.0,3.0,2.0,2.0,3.0,1.0,3.0,3.0,1.0,1.0,1.0,3.0,1.0,2.0,2.0,3.0,3.0,1.0,2.0,2.0,4.0,1.0,1.0,1.0,1.0,,,,,,,1.0,1.0,,,,,1.0,,1.0,1.0,,,,,99.0,99.0,99.0,99.0,99.0,99.0,99.0,99.0,5.0,9.0,10.0,5.0,7.0,0.0,3.0,0.0,7.0,1.0,1.0,,,,1.0,,,1.0,,,,1.0,1.0,2.0,10.0,9.0,0.6739093504719693
578.0,2.0,66.0,6.0,3.0,2.0,16.0,4.0,6.0,4.0,1.0,,,,,,,,,,,,,,,,,,,,,,,,1.0,2.0,2.0,11.0,5.0,3.0,3.0,3.0,3.0,3.0,3.0,3.0,3.0,3.0,3.0,3.0,3.0,3.0,3.0,3.0,4.0,3.0,3.0,4.0,4.0,3.0,7.0,7.0,6.0,7.0,7.0,6.0,7.0,9.0,6.0,7.0,5.0,7.0,6.0,6.0,7.0,7.0,2.0,2.0,2.0,2.0,2.0,2.0,2.0,2.0,,1.0,,1.0,,,,,1.0,,,,,,,3.0,3.0,4.0,5.0,2.0,,4.0,,,,,,1.0,2.0,2.0,6.0,6.0,4.0,7.0,6.0,5.0,4.0,6.0,6.0,6.0,3.0,6.0,6.0,6.0,4.0,5.0,5.0,5.0,5.0,5.0,4.0,5.0,6.0,5.0,,,,,,,,1.0,8.0,8.0,8.0,8.0,8.0,8.0,8.0,8.0,8.0,4.0,3.0,4.0,3.0,2.0,1.0,1.0,,1.0,1.0,1.0,1.0,,4.0,4.0,3.0,3.0,3.0,3.0,3.0,3.0,3.0,3.0,3.0,3.0,3.0,3.0,3.0,3.0,5.0,5.0,5.0,5.0,2.0,2.0,1.0,,1.0,,,,1.0,,,,,,,1.0,,,,,,,,,1.0,6.0,5.0,5.0,0.0,5.0,5.0,6.0,4.0,4.0,6.0,1.0,1.0,2.0,1.0,1.0,0.0,2.0,3.0,2.0,1.0,,,1.0,,,,,,,3.0,3.0,3.0,13.0,12.0,2.0000704308165775
579.0,1.0,58.0,5.0,5.0,2.0,16.0,4.0,1.0,3.0,1.0,,,,,,1.0,,1.0,,,1.0,,,,,,,,,,,,,,2.0,2.0,2.0,3.0,3.0,3.0,3.0,3.0,3.0,3.0,3.0,3.0,3.0,3.0,3.0,3.0,3.0,2.0,3.0,4.0,3.0,3.0,2.0,3.0,3.0,1.0,4.0,99.0,3.0,1.0,1.0,4.0,3.0,2.0,3.0,99.0,2.0,2.0,99.0,4.0,2.0,1.0,1.0,1.0,3.0,1.0,1.0,1.0,3.0,1.0,,,,,1.0,,,,,,,1.0,,,2.0,3.0,2.0,4.0,2.0,,3.0,1.0,1.0,,,,,4.0,3.0,3.0,3.0,0.0,1.0,2.0,2.0,1.0,1.0,1.0,2.0,3.0,2.0,3.0,2.0,0.0,3.0,2.0,2.0,5.0,0.0,4.0,1.0,3.0,5.0,,,,1.0,,,,,8.0,8.0,8.0,8.0,8.0,8.0,8.0,8.0,8.0,5.0,3.0,4.0,3.0,1.0,1.0,1.0,1.0,1.0,1.0,1.0,1.0,,2.0,3.0,2.0,2.0,3.0,3.0,3.0,3.0,3.0,3.0,3.0,3.0,3.0,2.0,3.0,2.0,2.0,2.0,2.0,2.0,2.0,1.0,1.0,,1.0,,1.0,,,,,1.0,1.0,,,,,1.0,,,,1.0,,,,99.0,9.0,1.0,5.0,4.0,2.0,8.0,10.0,99.0,9.0,10.0,5.0,8.0,2.0,2.0,1.0,6.0,1.0,1.0,,,,1.0,,,,,,,3.0,3.0,3.0,11.0,10.0,0.39609770538400135
580.0,1.0,42.0,3.0,5.0,1.0,16.0,4.0,1.0,3.0,1.0,1.0,,,,,,,,,1.0,,,,,,,1.0,,,,,,,,2.0,3.0,2.0,5.0,1.0,1.0,3.0,3.0,3.0,2.0,3.0,3.0,3.0,1.0,1.0,1.0,1.0,1.0,3.0,2.0,1.0,3.0,1.0,3.0,1.0,5.0,3.0,4.0,5.0,5.0,2.0,6.0,7.0,6.0,2.0,5.0,5.0,5.0,5.0,7.0,6.0,1.0,1.0,1.0,1.0,1.0,1.0,3.0,4.0,,,,,,1.0,1.0,,,,,1.0,,,,3.0,2.0,1.0,3.0,2.0,,1.0,,,,1.0,,,3.0,3.0,0.0,2.0,6.0,2.0,5.0,6.0,2.0,5.0,6.0,6.0,5.0,5.0,7.0,6.0,1.0,5.0,6.0,6.0,6.0,2.0,1.0,5.0,3.0,5.0,,,1.0,1.0,1.0,,,,7.0,8.0,8.0,7.0,7.0,7.0,7.0,8.0,8.0,5.0,5.0,4.0,2.0,1.0,,,1.0,1.0,1.0,1.0,,,1.0,3.0,3.0,3.0,3.0,3.0,3.0,3.0,3.0,3.0,3.0,3.0,3.0,3.0,3.0,3.0,2.0,2.0,2.0,2.0,3.0,3.0,1.0,,,,1.0,,1.0,,,1.0,1.0,1.0,,,,1.0,,,,,1.0,,,7.0,7.0,0.0,2.0,0.0,2.0,7.0,9.0,5.0,7.0,8.0,5.0,5.0,5.0,5.0,5.0,6.0,4.0,1.0,,,,,1.0,1.0,1.0,,,,3.0,3.0,3.0,11.0,10.0,0.855119301239015
581.0,1.0,38.0,3.0,4.0,2.0,16.0,7.0,1.0,2.0,1.0,,,,,,,,1.0,,1.0,,,,,,,1.0,,,,,,,,2.0,2.0,2.0,4.0,3.0,2.0,3.0,3.0,3.0,3.0,3.0,3.0,3.0,3.0,1.0,3.0,3.0,4.0,4.0,3.0,3.0,4.0,4.0,4.0,3.0,2.0,0.0,2.0,8.0,2.0,0.0,5.0,8.0,5.0,2.0,0.0,5.0,5.0,7.0,5.0,2.0,2.0,1.0,1.0,1.0,1.0,2.0,2.0,4.0,1.0,,,,,1.0,1.0,,,,,,,,,1.0,1.0,1.0,4.0,2.0,,4.0,1.0,,,,,,2.0,2.0,10.0,10.0,2.0,0.0,6.0,5.0,5.0,2.0,2.0,2.0,8.0,6.0,5.0,0.0,2.0,7.0,0.0,2.0,8.0,0.0,5.0,2.0,3.0,4.0,,,,1.0,,,,,5.0,1.0,3.0,7.0,7.0,6.0,6.0,5.0,6.0,4.0,4.0,4.0,2.0,1.0,,1.0,,,,,,,1.0,3.0,3.0,2.0,3.0,3.0,3.0,3.0,3.0,3.0,3.0,3.0,3.0,2.0,2.0,2.0,2.0,2.0,2.0,1.0,4.0,1.0,1.0,1.0,,,,,1.0,1.0,1.0,1.0,1.0,1.0,,,,1.0,,,1.0,1.0,1.0,,,7.0,8.0,0.0,5.0,0.0,2.0,8.0,10.0,0.0,8.0,10.0,2.0,8.0,8.0,1.0,0.0,8.0,3.0,1.0,,,,,1.0,1.0,,1.0,,,2.0,2.0,2.0,3.0,3.0,0.8195834336734855
582.0,2.0,37.0,3.0,5.0,1.0,16.0,5.0,1.0,3.0,1.0,,,,,,1.0,,1.0,,1.0,,,,,,,,,,,,,,,2.0,2.0,2.0,4.0,3.0,3.0,3.0,3.0,3.0,3.0,3.0,3.0,3.0,3.0,3.0,3.0,3.0,2.0,2.0,4.0,3.0,4.0,2.0,3.0,3.0,3.0,2.0,4.0,5.0,6.0,0.0,0.0,5.0,6.0,6.0,5.0,5.0,5.0,7.0,5.0,6.0,1.0,1.0,1.0,1.0,3.0,1.0,3.0,4.0,,,,,,1.0,1.0,,1.0,,,,,,,1.0,3.0,1.0,4.0,1.0,7.0,3.0,1.0,,,,,,3.0,2.0,7.0,7.0,2.0,3.0,7.0,99.0,5.0,7.0,6.0,7.0,5.0,8.0,5.0,99.0,2.0,7.0,5.0,99.0,6.0,5.0,5.0,7.0,3.0,3.0,,,,1.0,,,,,8.0,1.0,8.0,7.0,6.0,1.0,1.0,8.0,8.0,4.0,5.0,3.0,2.0,2.0,,,,,,,,1.0,1.0,3.0,3.0,3.0,3.0,3.0,1.0,3.0,3.0,1.0,3.0,3.0,3.0,3.0,3.0,3.0,2.0,2.0,2.0,2.0,5.0,3.0,3.0,1.0,,,,,1.0,,,1.0,1.0,1.0,,,,,,,,,,1.0,,4.0,5.0,3.0,4.0,2.0,3.0,7.0,8.0,7.0,8.0,6.0,3.0,3.0,3.0,5.0,5.0,7.0,4.0,1.0,,,,1.0,,,1.0,,,,1.0,1.0,2.0,12.0,4.0,0.619550554975249
583.0,1.0,52.0,4.0,3.0,2.0,16.0,6.0,1.0,2.0,1.0,,,1.0,,,,,,,,,,,,,,1.0,,,,1.0,,,,3.0,2.0,1.0,3.0,3.0,3.0,3.0,3.0,3.0,3.0,3.0,3.0,3.0,3.0,3.0,3.0,3.0,4.0,4.0,4.0,4.0,4.0,4.0,4.0,3.0,5.0,4.0,7.0,7.0,3.0,6.0,6.0,8.0,7.0,0.0,5.0,3.0,8.0,99.0,5.0,4.0,2.0,1.0,1.0,1.0,1.0,1.0,1.0,4.0,,1.0,,,,,,,1.0,,,,,1.0,,4.0,4.0,3.0,3.0,2.0,,1.0,1.0,1.0,,1.0,,,3.0,2.0,7.0,8.0,7.0,1.0,5.0,6.0,7.0,7.0,0.0,5.0,0.0,8.0,5.0,2.0,5.0,3.0,0.0,3.0,5.0,5.0,7.0,3.0,4.0,2.0,,,1.0,1.0,1.0,1.0,,,2.0,8.0,8.0,8.0,8.0,8.0,8.0,4.0,2.0,2.0,2.0,2.0,3.0,2.0,1.0,,,,,1.0,1.0,,1.0,2.0,2.0,2.0,1.0,1.0,3.0,2.0,3.0,1.0,3.0,1.0,3.0,2.0,2.0,2.0,2.0,2.0,2.0,2.0,3.0,1.0,1.0,,,1.0,,,1.0,,,1.0,1.0,1.0,,,,1.0,,,1.0,1.0,,,,2.0,7.0,1.0,5.0,3.0,3.0,9.0,10.0,5.0,6.0,10.0,0.0,99.0,99.0,0.0,0.0,8.0,5.0,1.0,,,,1.0,,,,,,,2.0,2.0,2.0,2.0,2.0,0.5713676633370325
584.0,2.0,35.0,3.0,2.0,2.0,16.0,5.0,1.0,2.0,1.0,,,,,,,,,,,,,,,,1.0,1.0,,,,,1.0,,,2.0,2.0,2.0,4.0,3.0,3.0,3.0,3.0,3.0,3.0,3.0,3.0,3.0,3.0,3.0,3.0,3.0,4.0,4.0,4.0,4.0,4.0,4.0,4.0,4.0,5.0,3.0,5.0,4.0,99.0,5.0,5.0,7.0,3.0,2.0,4.0,4.0,5.0,99.0,99.0,3.0,2.0,1.0,1.0,1.0,1.0,2.0,2.0,5.0,,,,,,,,,,1.0,1.0,,,1.0,,2.0,5.0,5.0,2.0,2.0,,3.0,1.0,1.0,,,,,2.0,2.0,5.0,5.0,4.0,1.0,4.0,4.0,4.0,4.0,5.0,4.0,2.0,5.0,5.0,5.0,4.0,5.0,4.0,5.0,4.0,5.0,5.0,4.0,5.0,5.0,,1.0,,1.0,,,1.0,,8.0,8.0,8.0,8.0,8.0,8.0,8.0,8.0,8.0,2.0,2.0,2.0,3.0,3.0,,,,,,,,1.0,5.0,5.0,3.0,3.0,3.0,3.0,3.0,3.0,3.0,3.0,3.0,3.0,3.0,3.0,3.0,3.0,5.0,2.0,2.0,5.0,4.0,3.0,3.0,,1.0,1.0,,,,,,,1.0,,,,,,,,,,1.0,,,2.0,5.0,1.0,4.0,3.0,5.0,9.0,10.0,10.0,9.0,10.0,3.0,99.0,99.0,0.0,0.0,7.0,6.0,1.0,,,,,1.0,1.0,,1.0,,,1.0,1.0,1.0,13.0,12.0,0.8022318847218497
585.0,2.0,58.0,5.0,3.0,2.0,16.0,4.0,1.0,3.0,1.0,,,,,,1.0,,,,1.0,,,,,,,,,1.0,,,,,,2.0,2.0,2.0,2.0,3.0,3.0,3.0,3.0,3.0,3.0,3.0,3.0,3.0,1.0,3.0,3.0,3.0,4.0,3.0,3.0,3.0,4.0,3.0,3.0,3.0,8.0,9.0,6.0,7.0,5.0,9.0,9.0,8.0,5.0,4.0,1.0,7.0,9.0,7.0,7.0,5.0,2.0,1.0,1.0,1.0,1.0,1.0,1.0,3.0,1.0,,,,,,,1.0,,,,,,1.0,,2.0,4.0,4.0,4.0,2.0,,4.0,1.0,,,,,,3.0,2.0,4.0,5.0,5.0,3.0,5.0,4.0,2.0,5.0,5.0,5.0,0.0,6.0,8.0,5.0,1.0,5.0,2.0,3.0,8.0,3.0,6.0,5.0,3.0,3.0,,,,1.0,,1.0,1.0,,2.0,1.0,3.0,3.0,8.0,1.0,3.0,3.0,3.0,4.0,4.0,4.0,2.0,1.0,1.0,1.0,,1.0,,1.0,1.0,,1.0,3.0,2.0,2.0,3.0,3.0,3.0,1.0,3.0,1.0,1.0,1.0,2.0,2.0,3.0,3.0,2.0,2.0,2.0,2.0,3.0,2.0,1.0,,1.0,1.0,,,,1.0,,1.0,1.0,1.0,,,,,1.0,1.0,1.0,1.0,1.0,,,3.0,8.0,0.0,5.0,3.0,3.0,10.0,10.0,1.0,10.0,10.0,6.0,6.0,5.0,0.0,0.0,6.0,4.0,1.0,,,,1.0,,,,,,,3.0,3.0,3.0,3.0,3.0,0.6739093504719693
586.0,1.0,42.0,3.0,2.0,3.0,16.0,7.0,1.0,3.0,1.0,,,,,,1.0,,,,,,,,,,1.0,1.0,,,,,,,,2.0,3.0,2.0,3.0,3.0,3.0,3.0,3.0,3.0,3.0,3.0,3.0,3.0,3.0,3.0,3.0,3.0,3.0,4.0,4.0,3.0,4.0,4.0,4.0,4.0,6.0,7.0,8.0,5.0,0.0,7.0,5.0,8.0,7.0,0.0,0.0,4.0,5.0,99.0,4.0,99.0,2.0,1.0,1.0,1.0,1.0,1.0,3.0,4.0,1.0,,1.0,,,,,1.0,,,,,,,,4.0,4.0,3.0,3.0,2.0,,4.0,,,,,,1.0,3.0,2.0,3.0,4.0,3.0,0.0,8.0,0.0,0.0,2.0,7.0,7.0,0.0,8.0,8.0,0.0,0.0,0.0,0.0,0.0,5.0,3.0,0.0,2.0,3.0,3.0,,,,1.0,1.0,,,,4.0,4.0,4.0,4.0,1.0,1.0,4.0,4.0,2.0,4.0,4.0,4.0,2.0,1.0,,,,,,1.0,1.0,,1.0,2.0,3.0,1.0,1.0,2.0,1.0,1.0,2.0,3.0,3.0,3.0,3.0,2.0,1.0,1.0,2.0,2.0,2.0,2.0,4.0,2.0,2.0,,1.0,1.0,,,,,,,1.0,,,,,,,,,,,1.0,,2.0,8.0,3.0,6.0,2.0,5.0,9.0,10.0,5.0,6.0,9.0,3.0,7.0,3.0,0.0,0.0,8.0,3.0,1.0,,,,1.0,,,1.0,,,,1.0,1.0,1.0,4.0,2.0,1.3227815443776152
587.0,1.0,55.0,5.0,4.0,2.0,16.0,6.0,3.0,3.0,1.0,,,,,,1.0,,,,,,,,,,1.0,1.0,,,,,,,,2.0,2.0,6.0,,3.0,2.0,3.0,3.0,3.0,3.0,1.0,3.0,3.0,1.0,3.0,3.0,3.0,3.0,3.0,4.0,3.0,4.0,4.0,4.0,3.0,6.0,6.0,6.0,7.0,5.0,5.0,7.0,6.0,6.0,4.0,2.0,6.0,5.0,6.0,7.0,5.0,2.0,1.0,1.0,3.0,2.0,2.0,1.0,3.0,1.0,,,1.0,,,,,1.0,,,,,,,3.0,3.0,3.0,4.0,2.0,,4.0,1.0,,,,,,3.0,2.0,5.0,6.0,4.0,1.0,5.0,4.0,5.0,5.0,5.0,4.0,2.0,5.0,6.0,4.0,3.0,6.0,4.0,3.0,5.0,4.0,5.0,5.0,3.0,3.0,,,,1.0,,,1.0,,8.0,8.0,8.0,8.0,8.0,1.0,8.0,8.0,3.0,4.0,4.0,4.0,3.0,1.0,1.0,1.0,,,,1.0,1.0,,2.0,2.0,3.0,2.0,3.0,3.0,3.0,3.0,1.0,1.0,1.0,1.0,3.0,3.0,2.0,2.0,2.0,2.0,2.0,3.0,4.0,3.0,3.0,1.0,,,,,1.0,,,,1.0,,,,,,,1.0,1.0,1.0,,,,4.0,7.0,2.0,5.0,2.0,3.0,7.0,9.0,1.0,7.0,10.0,3.0,4.0,4.0,1.0,0.0,8.0,5.0,1.0,,,,,,,,1.0,,,3.0,3.0,3.0,10.0,9.0,0.5591088371960502
588.0,2.0,57.0,5.0,2.0,3.0,16.0,4.0,1.0,2.0,1.0,,,,,,,,1.0,,,,,,,,,1.0,,,,1.0,,,,3.0,2.0,2.0,3.0,1.0,1.0,3.0,3.0,1.0,1.0,1.0,3.0,3.0,1.0,3.0,3.0,3.0,2.0,1.0,3.0,1.0,4.0,1.0,1.0,2.0,7.0,5.0,99.0,4.0,4.0,5.0,8.0,7.0,5.0,3.0,5.0,5.0,5.0,99.0,5.0,5.0,1.0,1.0,1.0,1.0,1.0,1.0,1.0,3.0,,,1.0,,,,,,,1.0,,,,1.0,,3.0,4.0,2.0,4.0,2.0,,2.0,1.0,,,,,,3.0,2.0,5.0,6.0,3.0,0.0,5.0,5.0,3.0,4.0,5.0,5.0,0.0,3.0,7.0,3.0,3.0,4.0,2.0,1.0,4.0,3.0,2.0,2.0,4.0,2.0,,1.0,1.0,1.0,,,,,8.0,1.0,1.0,8.0,1.0,1.0,1.0,1.0,1.0,5.0,3.0,2.0,2.0,2.0,,,,,1.0,1.0,1.0,,1.0,3.0,2.0,3.0,1.0,3.0,1.0,3.0,3.0,1.0,3.0,1.0,3.0,3.0,3.0,2.0,1.0,1.0,5.0,3.0,3.0,1.0,1.0,,1.0,,,,1.0,,,1.0,1.0,,,,,,,,,1.0,1.0,,,3.0,5.0,2.0,4.0,4.0,5.0,10.0,10.0,8.0,9.0,9.0,5.0,7.0,99.0,0.0,0.0,6.0,1.0,1.0,,,,1.0,,,1.0,,,,2.0,2.0,2.0,11.0,11.0,1.1617606763824788
589.0,2.0,65.0,6.0,5.0,1.0,16.0,5.0,2.0,4.0,1.0,,,,,,1.0,,1.0,,,,,,,,,1.0,,,,,,,,2.0,2.0,4.0,,3.0,3.0,3.0,3.0,3.0,3.0,3.0,3.0,3.0,3.0,3.0,3.0,3.0,2.0,1.0,4.0,3.0,4.0,3.0,3.0,1.0,3.0,5.0,5.0,4.0,0.0,1.0,4.0,8.0,2.0,0.0,0.0,2.0,2.0,4.0,2.0,0.0,2.0,1.0,1.0,1.0,1.0,1.0,3.0,4.0,,,,,,1.0,1.0,,,,,,,1.0,,3.0,3.0,3.0,4.0,2.0,,2.0,1.0,1.0,,1.0,,,3.0,2.0,2.0,4.0,0.0,0.0,2.0,0.0,1.0,3.0,3.0,2.0,0.0,5.0,8.0,0.0,2.0,2.0,0.0,0.0,1.0,0.0,0.0,0.0,4.0,2.0,,,1.0,1.0,1.0,,,,3.0,1.0,3.0,1.0,3.0,1.0,1.0,3.0,1.0,3.0,3.0,3.0,3.0,2.0,,,,,,1.0,1.0,,3.0,3.0,2.0,3.0,3.0,3.0,3.0,3.0,2.0,3.0,3.0,1.0,3.0,2.0,3.0,3.0,2.0,2.0,2.0,2.0,4.0,1.0,1.0,,1.0,1.0,,,,,,,,,1.0,,,,,,,,,1.0,,5.0,8.0,3.0,5.0,5.0,5.0,3.0,10.0,5.0,8.0,8.0,5.0,4.0,5.0,0.0,0.0,7.0,5.0,1.0,,,1.0,,,,,,,,3.0,3.0,3.0,1.0,1.0,2.0000734247117715
590.0,2.0,52.0,4.0,5.0,2.0,16.0,6.0,1.0,4.0,1.0,,,1.0,,,,,,,,,,,,,,1.0,,,,1.0,,,,2.0,2.0,2.0,3.0,1.0,1.0,3.0,1.0,3.0,1.0,1.0,3.0,3.0,2.0,1.0,1.0,2.0,2.0,3.0,2.0,2.0,4.0,1.0,4.0,3.0,7.0,7.0,7.0,8.0,3.0,4.0,4.0,8.0,8.0,2.0,5.0,6.0,4.0,7.0,6.0,4.0,2.0,2.0,1.0,1.0,2.0,2.0,2.0,3.0,1.0,,1.0,,,,,,,,,,,1.0,,2.0,3.0,3.0,3.0,2.0,,4.0,1.0,,,,,,3.0,2.0,7.0,7.0,5.0,0.0,7.0,5.0,3.0,6.0,7.0,4.0,0.0,8.0,7.0,8.0,1.0,7.0,1.0,1.0,8.0,3.0,1.0,6.0,3.0,3.0,,,1.0,1.0,1.0,1.0,1.0,,4.0,5.0,4.0,4.0,4.0,2.0,8.0,4.0,2.0,4.0,3.0,3.0,2.0,1.0,1.0,,,,,1.0,1.0,,1.0,2.0,2.0,2.0,2.0,3.0,3.0,3.0,3.0,3.0,3.0,3.0,3.0,2.0,2.0,2.0,2.0,2.0,2.0,2.0,4.0,1.0,1.0,,1.0,1.0,,,,,,1.0,1.0,1.0,,,,,,1.0,1.0,1.0,1.0,,,1.0,7.0,2.0,6.0,1.0,4.0,8.0,10.0,3.0,7.0,10.0,3.0,5.0,4.0,2.0,0.0,8.0,4.0,1.0,,,,,,,1.0,,,,3.0,3.0,3.0,4.0,4.0,0.3915612359017463
591.0,1.0,55.0,5.0,1.0,2.0,16.0,6.0,1.0,2.0,1.0,,,,1.0,,1.0,,,,,,,,,,,,,,,1.0,,,,3.0,2.0,12.0,,3.0,3.0,3.0,3.0,3.0,3.0,3.0,3.0,3.0,3.0,3.0,3.0,3.0,2.0,2.0,4.0,1.0,2.0,1.0,4.0,2.0,4.0,7.0,9.0,4.0,4.0,5.0,2.0,5.0,7.0,4.0,4.0,99.0,99.0,7.0,6.0,2.0,1.0,1.0,1.0,1.0,1.0,1.0,3.0,3.0,1.0,,1.0,,,,,,,,,,,1.0,,4.0,5.0,2.0,2.0,1.0,1.0,2.0,,,,,,1.0,3.0,2.0,6.0,6.0,6.0,0.0,4.0,7.0,5.0,5.0,5.0,5.0,0.0,9.0,4.0,4.0,2.0,2.0,0.0,3.0,7.0,1.0,4.0,4.0,4.0,5.0,,1.0,1.0,1.0,,,,,1.0,1.0,1.0,1.0,1.0,1.0,1.0,1.0,1.0,2.0,2.0,2.0,2.0,2.0,,,,1.0,,1.0,1.0,,1.0,5.0,2.0,3.0,1.0,2.0,3.0,1.0,3.0,1.0,1.0,3.0,1.0,2.0,3.0,2.0,2.0,2.0,2.0,2.0,2.0,2.0,2.0,1.0,,,,,1.0,,,1.0,1.0,1.0,,,,,,,,1.0,1.0,,,5.0,7.0,1.0,5.0,3.0,4.0,10.0,10.0,9.0,8.0,10.0,2.0,2.0,2.0,0.0,0.0,8.0,5.0,1.0,,,,1.0,,,,,,,1.0,1.0,2.0,1.0,11.0,1.0949444482830903
592.0,2.0,80.0,6.0,5.0,2.0,16.0,7.0,3.0,5.0,1.0,,,,,,,,,,1.0,,1.0,,,,,,,,,1.0,,,,3.0,2.0,6.0,,1.0,1.0,2.0,3.0,3.0,1.0,1.0,3.0,3.0,1.0,3.0,3.0,1.0,2.0,2.0,1.0,1.0,4.0,1.0,1.0,2.0,3.0,7.0,7.0,3.0,5.0,2.0,3.0,7.0,7.0,3.0,5.0,1.0,5.0,3.0,5.0,3.0,1.0,1.0,1.0,1.0,1.0,1.0,3.0,3.0,,,1.0,,,,,,,1.0,,,,1.0,,3.0,3.0,2.0,2.0,1.0,2.0,3.0,,1.0,1.0,,,,4.0,2.0,1.0,2.0,2.0,8.0,6.0,4.0,4.0,4.0,2.0,3.0,7.0,7.0,6.0,4.0,0.0,3.0,5.0,5.0,7.0,2.0,4.0,5.0,1.0,2.0,,,,1.0,,,,,7.0,7.0,7.0,7.0,7.0,7.0,7.0,7.0,8.0,5.0,4.0,4.0,4.0,1.0,,1.0,1.0,1.0,1.0,,,,1.0,3.0,1.0,2.0,2.0,3.0,3.0,2.0,3.0,3.0,3.0,3.0,3.0,3.0,3.0,3.0,2.0,2.0,2.0,2.0,3.0,3.0,4.0,,,,1.0,1.0,,,,,1.0,,,,,1.0,1.0,,,1.0,,,,8.0,7.0,2.0,0.0,0.0,0.0,7.0,9.0,6.0,5.0,1.0,3.0,1.0,0.0,7.0,9.0,8.0,1.0,3.0,,190.0,1.0,,,,,,,,3.0,3.0,3.0,6.0,10.0,1.799520580544515
593.0,2.0,38.0,3.0,2.0,1.0,16.0,6.0,1.0,2.0,1.0,,,,,1.0,,,,,,,,,,,,1.0,,,,1.0,,,,2.0,2.0,2.0,3.0,2.0,1.0,3.0,3.0,2.0,3.0,1.0,3.0,3.0,1.0,2.0,2.0,1.0,1.0,1.0,2.0,1.0,3.0,2.0,1.0,3.0,5.0,0.0,0.0,0.0,5.0,4.0,0.0,3.0,6.0,0.0,3.0,3.0,3.0,5.0,3.0,0.0,2.0,2.0,2.0,1.0,2.0,2.0,2.0,4.0,,,1.0,,,,,,,1.0,1.0,,,,,4.0,3.0,4.0,4.0,2.0,,3.0,1.0,,,,,,2.0,2.0,2.0,6.0,0.0,0.0,0.0,3.0,5.0,4.0,4.0,5.0,0.0,3.0,5.0,2.0,0.0,5.0,4.0,2.0,6.0,0.0,3.0,5.0,4.0,2.0,,,1.0,,,,,,5.0,4.0,5.0,5.0,5.0,5.0,5.0,5.0,4.0,3.0,3.0,2.0,2.0,1.0,1.0,,1.0,,,1.0,1.0,,1.0,1.0,2.0,2.0,1.0,3.0,3.0,3.0,2.0,3.0,3.0,1.0,3.0,2.0,1.0,2.0,2.0,2.0,2.0,2.0,2.0,1.0,1.0,1.0,,1.0,,,,,,,,1.0,,,,,1.0,,,,,,,3.0,8.0,3.0,5.0,3.0,3.0,8.0,10.0,5.0,10.0,7.0,3.0,3.0,3.0,0.0,0.0,6.0,4.0,1.0,,,,1.0,,,,,,,1.0,1.0,1.0,4.0,2.0,1.2830567292158883
594.0,1.0,49.0,4.0,2.0,2.0,16.0,4.0,1.0,4.0,1.0,,,,,,1.0,,,,,,1.0,,,,,,,,,1.0,,,,4.0,3.0,2.0,5.0,1.0,1.0,3.0,3.0,3.0,2.0,2.0,3.0,3.0,3.0,3.0,3.0,1.0,2.0,2.0,3.0,1.0,4.0,3.0,3.0,2.0,2.0,3.0,99.0,6.0,2.0,4.0,1.0,6.0,5.0,4.0,99.0,5.0,99.0,5.0,4.0,5.0,1.0,1.0,3.0,1.0,1.0,1.0,3.0,3.0,,,,,,,,1.0,,,,,1.0,1.0,,5.0,5.0,5.0,2.0,2.0,,2.0,,,,,,1.0,4.0,3.0,2.0,3.0,2.0,0.0,0.0,0.0,5.0,3.0,2.0,4.0,3.0,5.0,3.0,2.0,0.0,3.0,0.0,3.0,6.0,2.0,1.0,4.0,6.0,4.0,,,,,,,1.0,,8.0,8.0,8.0,8.0,8.0,8.0,8.0,8.0,8.0,3.0,4.0,4.0,5.0,1.0,,,,,,,1.0,,1.0,3.0,2.0,2.0,1.0,1.0,1.0,3.0,1.0,1.0,1.0,1.0,1.0,2.0,2.0,2.0,2.0,2.0,2.0,2.0,1.0,1.0,1.0,,1.0,,,,1.0,,1.0,,1.0,,,,,,,,,1.0,1.0,,,5.0,5.0,3.0,6.0,3.0,3.0,8.0,10.0,0.0,10.0,10.0,2.0,5.0,5.0,0.0,0.0,6.0,4.0,1.0,,,,1.0,,,,,,,3.0,3.0,3.0,8.0,7.0,0.7256425679604057
595.0,1.0,77.0,6.0,3.0,2.0,16.0,4.0,2.0,2.0,1.0,,,,,,,,,1.0,,,,,1.0,,,,,,,,1.0,,,2.0,2.0,4.0,,3.0,3.0,3.0,3.0,3.0,3.0,3.0,3.0,3.0,3.0,3.0,3.0,3.0,4.0,4.0,4.0,4.0,4.0,4.0,4.0,4.0,8.0,8.0,8.0,8.0,1.0,6.0,7.0,9.0,8.0,3.0,6.0,6.0,5.0,7.0,6.0,6.0,2.0,2.0,1.0,1.0,1.0,2.0,1.0,3.0,1.0,,,,,,,1.0,1.0,,,,,,,4.0,4.0,4.0,4.0,2.0,,3.0,1.0,1.0,,1.0,,,2.0,2.0,4.0,8.0,8.0,2.0,5.0,5.0,8.0,8.0,6.0,7.0,4.0,8.0,8.0,5.0,4.0,4.0,1.0,1.0,7.0,8.0,5.0,2.0,4.0,2.0,1.0,1.0,,1.0,1.0,1.0,1.0,,3.0,3.0,3.0,3.0,3.0,3.0,3.0,3.0,3.0,3.0,3.0,3.0,3.0,1.0,1.0,,,1.0,,1.0,1.0,,1.0,2.0,2.0,2.0,1.0,2.0,1.0,1.0,2.0,1.0,2.0,1.0,2.0,2.0,1.0,2.0,1.0,1.0,1.0,3.0,2.0,2.0,1.0,,1.0,1.0,,,,,,1.0,1.0,1.0,,,,,1.0,1.0,1.0,1.0,1.0,,,4.0,7.0,2.0,4.0,2.0,3.0,10.0,10.0,4.0,8.0,9.0,4.0,3.0,4.0,0.0,0.0,6.0,4.0,1.0,,,,1.0,,,,,,,3.0,3.0,3.0,3.0,3.0,1.0179851635104842
596.0,1.0,28.0,2.0,5.0,3.0,16.0,4.0,1.0,4.0,1.0,,,,,,,,,,,,,,,,,1.0,,,,1.0,1.0,,,4.0,3.0,2.0,3.0,1.0,1.0,3.0,3.0,3.0,2.0,3.0,3.0,3.0,2.0,1.0,3.0,1.0,3.0,3.0,3.0,2.0,4.0,4.0,4.0,3.0,4.0,5.0,7.0,5.0,5.0,4.0,2.0,7.0,1.0,2.0,8.0,1.0,1.0,6.0,7.0,6.0,1.0,1.0,1.0,1.0,1.0,1.0,3.0,4.0,,,1.0,,,1.0,1.0,,,,,,,,,2.0,3.0,4.0,3.0,1.0,2.0,2.0,1.0,1.0,,,,,5.0,3.0,6.0,4.0,1.0,0.0,6.0,5.0,3.0,5.0,4.0,4.0,3.0,5.0,6.0,1.0,2.0,3.0,1.0,2.0,3.0,3.0,0.0,0.0,3.0,3.0,,,,,,,,1.0,8.0,8.0,8.0,7.0,7.0,1.0,8.0,3.0,2.0,3.0,2.0,2.0,2.0,2.0,,1.0,,1.0,,,,,3.0,3.0,3.0,2.0,3.0,3.0,3.0,3.0,3.0,3.0,3.0,3.0,3.0,3.0,3.0,3.0,2.0,2.0,1.0,1.0,1.0,1.0,1.0,1.0,,,,,1.0,,,1.0,1.0,,,,,,,,,1.0,1.0,,,5.0,7.0,0.0,3.0,0.0,5.0,7.0,10.0,5.0,9.0,10.0,2.0,5.0,3.0,3.0,0.0,6.0,3.0,1.0,,,,,1.0,1.0,,,,,1.0,1.0,2.0,10.0,9.0,1.1200606752383615
597.0,1.0,46.0,4.0,1.0,1.0,16.0,4.0,1.0,6.0,1.0,,,,,,1.0,,,,,,,1.0,,,,1.0,,,,,,,,3.0,3.0,2.0,2.0,3.0,1.0,3.0,3.0,1.0,3.0,3.0,3.0,3.0,3.0,3.0,3.0,2.0,2.0,1.0,1.0,1.0,4.0,1.0,2.0,1.0,3.0,7.0,7.0,6.0,0.0,6.0,6.0,7.0,5.0,0.0,8.0,7.0,8.0,6.0,3.0,6.0,1.0,1.0,1.0,1.0,1.0,1.0,1.0,3.0,1.0,,,,,,,,,,1.0,,,1.0,,4.0,4.0,4.0,4.0,2.0,,3.0,1.0,1.0,,,,,3.0,2.0,2.0,3.0,4.0,0.0,0.0,3.0,8.0,3.0,3.0,6.0,0.0,6.0,7.0,0.0,5.0,2.0,0.0,0.0,5.0,8.0,0.0,0.0,5.0,2.0,1.0,1.0,1.0,1.0,1.0,1.0,1.0,,2.0,2.0,4.0,2.0,2.0,2.0,2.0,2.0,2.0,1.0,1.0,1.0,2.0,2.0,1.0,,1.0,,,1.0,1.0,,4.0,1.0,2.0,3.0,1.0,3.0,3.0,3.0,3.0,2.0,3.0,3.0,3.0,2.0,3.0,3.0,2.0,2.0,2.0,2.0,1.0,1.0,1.0,1.0,,1.0,,,,,,,1.0,1.0,,,,,,1.0,1.0,1.0,,,,1.0,8.0,4.0,5.0,3.0,4.0,9.0,10.0,7.0,5.0,8.0,0.0,0.0,0.0,0.0,0.0,4.0,5.0,1.0,,,,1.0,,,,,,,2.0,3.0,3.0,2.0,2.0,1.423052702422351
598.0,1.0,30.0,2.0,5.0,3.0,16.0,5.0,1.0,1.0,2.0,,,,,,1.0,,,,,,,,,,,1.0,,,,1.0,,,,3.0,2.0,2.0,3.0,1.0,1.0,2.0,3.0,2.0,1.0,1.0,3.0,1.0,1.0,1.0,1.0,2.0,3.0,2.0,2.0,1.0,3.0,2.0,3.0,1.0,2.0,4.0,7.0,6.0,6.0,0.0,4.0,8.0,6.0,0.0,4.0,4.0,5.0,5.0,6.0,5.0,1.0,1.0,3.0,1.0,1.0,1.0,1.0,4.0,1.0,,1.0,,,1.0,,,,,,,,,,2.0,2.0,1.0,2.0,1.0,1.0,1.0,1.0,1.0,,,,,3.0,2.0,2.0,7.0,5.0,0.0,1.0,4.0,5.0,6.0,6.0,6.0,0.0,7.0,6.0,5.0,5.0,6.0,6.0,4.0,7.0,3.0,4.0,5.0,4.0,2.0,,1.0,1.0,1.0,1.0,1.0,,,1.0,1.0,1.0,1.0,2.0,1.0,1.0,2.0,2.0,1.0,1.0,1.0,1.0,3.0,,,,,,1.0,1.0,,1.0,2.0,3.0,2.0,1.0,2.0,3.0,3.0,3.0,3.0,3.0,3.0,3.0,2.0,3.0,3.0,2.0,2.0,2.0,2.0,1.0,1.0,1.0,,1.0,1.0,,,,1.0,1.0,1.0,1.0,1.0,,,,1.0,,,,,,,,2.0,7.0,0.0,4.0,2.0,4.0,9.0,10.0,8.0,9.0,10.0,2.0,2.0,5.0,0.0,0.0,7.0,5.0,1.0,,,,,,,,,1.0,,1.0,1.0,1.0,2.0,1.0,1.9968609974427352
599.0,1.0,65.0,6.0,5.0,3.0,16.0,4.0,1.0,4.0,1.0,,,,,,1.0,,,,,,,,,1.0,,1.0,,,,,,,,2.0,2.0,2.0,4.0,3.0,3.0,3.0,3.0,3.0,4.0,3.0,3.0,3.0,3.0,2.0,3.0,4.0,4.0,4.0,4.0,3.0,4.0,4.0,4.0,3.0,3.0,99.0,99.0,5.0,99.0,2.0,99.0,6.0,99.0,0.0,99.0,99.0,5.0,5.0,5.0,99.0,2.0,1.0,1.0,3.0,1.0,2.0,1.0,5.0,,,,,,,,,,,,,,,1.0,3.0,3.0,5.0,3.0,2.0,,1.0,1.0,1.0,,,,,3.0,2.0,0.0,5.0,1.0,1.0,5.0,7.0,4.0,6.0,5.0,5.0,1.0,99.0,5.0,5.0,0.0,5.0,5.0,99.0,5.0,5.0,5.0,99.0,6.0,5.0,,,,,,,,1.0,8.0,8.0,8.0,8.0,8.0,8.0,8.0,8.0,2.0,5.0,5.0,5.0,5.0,1.0,,,,,,,,1.0,5.0,5.0,3.0,3.0,3.0,3.0,3.0,3.0,3.0,3.0,3.0,3.0,3.0,3.0,3.0,3.0,5.0,5.0,5.0,5.0,3.0,3.0,3.0,1.0,,1.0,,,,,,,,,,1.0,,,,,,,,,1.0,99.0,99.0,99.0,99.0,99.0,99.0,99.0,99.0,99.0,99.0,99.0,99.0,99.0,99.0,99.0,99.0,5.0,6.0,2.0,11.0,,,1.0,,,,,,,3.0,3.0,3.0,13.0,12.0,0.8795376329018724
600.0,2.0,18.0,1.0,3.0,2.0,16.0,4.0,5.0,6.0,1.0,,,1.0,,,,,,,1.0,,,,,,,,,,,1.0,,,,2.0,3.0,9.0,,3.0,2.0,3.0,2.0,3.0,3.0,3.0,3.0,3.0,3.0,2.0,4.0,2.0,4.0,3.0,2.0,2.0,4.0,3.0,2.0,1.0,8.0,8.0,8.0,6.0,7.0,6.0,7.0,8.0,9.0,7.0,7.0,6.0,7.0,7.0,7.0,7.0,2.0,1.0,1.0,1.0,1.0,2.0,1.0,3.0,,1.0,,,,1.0,,,1.0,,,,,,,2.0,2.0,2.0,2.0,2.0,,3.0,1.0,,,,,,3.0,3.0,7.0,8.0,6.0,6.0,7.0,6.0,7.0,6.0,6.0,7.0,8.0,7.0,7.0,6.0,6.0,7.0,6.0,6.0,5.0,7.0,7.0,6.0,3.0,2.0,,,1.0,,,1.0,,,8.0,3.0,3.0,3.0,8.0,3.0,3.0,3.0,8.0,3.0,3.0,3.0,3.0,1.0,,,,,,,1.0,,3.0,3.0,3.0,3.0,1.0,3.0,3.0,3.0,3.0,3.0,3.0,3.0,3.0,2.0,3.0,3.0,2.0,2.0,2.0,2.0,2.0,2.0,2.0,,,1.0,,,1.0,,,,1.0,,,,,1.0,,,,,,,,3.0,99.0,99.0,2.0,99.0,99.0,99.0,99.0,7.0,99.0,99.0,8.0,99.0,99.0,99.0,0.0,4.0,1.0,1.0,,,,,,1.0,,,,,1.0,1.0,1.0,12.0,10.0,0.7599750793088595
601.0,1.0,44.0,3.0,3.0,2.0,16.0,4.0,1.0,6.0,1.0,,,,,,,,1.0,,,,,,,,1.0,,,,,1.0,,,,3.0,2.0,2.0,2.0,1.0,1.0,3.0,3.0,3.0,3.0,1.0,3.0,3.0,3.0,3.0,3.0,2.0,4.0,2.0,1.0,1.0,4.0,3.0,2.0,2.0,1.0,2.0,5.0,1.0,0.0,2.0,1.0,5.0,2.0,1.0,3.0,5.0,1.0,2.0,7.0,7.0,2.0,1.0,1.0,1.0,3.0,1.0,3.0,4.0,,1.0,,,,1.0,,,,,1.0,,,,,4.0,4.0,2.0,3.0,2.0,,2.0,,1.0,,,,,3.0,2.0,3.0,3.0,2.0,0.0,7.0,5.0,5.0,7.0,5.0,8.0,2.0,6.0,6.0,0.0,0.0,0.0,0.0,0.0,8.0,0.0,2.0,0.0,4.0,2.0,,1.0,,1.0,,,,,2.0,1.0,1.0,8.0,1.0,1.0,8.0,2.0,1.0,4.0,4.0,3.0,3.0,1.0,,,,,,,1.0,,1.0,2.0,3.0,3.0,3.0,3.0,3.0,3.0,3.0,3.0,3.0,3.0,3.0,3.0,3.0,3.0,2.0,2.0,2.0,2.0,2.0,1.0,1.0,,1.0,,1.0,,,,,,1.0,1.0,,,,1.0,,,1.0,1.0,,,,3.0,7.0,2.0,4.0,3.0,2.0,8.0,9.0,7.0,6.0,10.0,3.0,3.0,3.0,2.0,0.0,6.0,5.0,1.0,,,1.0,,,,,,,,2.0,2.0,2.0,11.0,10.0,0.8627961902489247
602.0,2.0,65.0,6.0,5.0,2.0,16.0,4.0,2.0,3.0,1.0,,,,,1.0,1.0,,,,,,,,,,,,1.0,,,,,,,2.0,2.0,4.0,,3.0,3.0,3.0,3.0,3.0,3.0,3.0,3.0,3.0,3.0,3.0,3.0,3.0,4.0,4.0,4.0,4.0,4.0,4.0,4.0,4.0,8.0,9.0,7.0,8.0,6.0,9.0,8.0,8.0,9.0,8.0,8.0,9.0,8.0,9.0,8.0,9.0,2.0,1.0,1.0,1.0,1.0,2.0,1.0,5.0,,,,,,1.0,,,,1.0,1.0,,,,,3.0,3.0,4.0,4.0,2.0,,4.0,,,,,1.0,,2.0,2.0,6.0,8.0,4.0,3.0,8.0,8.0,5.0,8.0,6.0,5.0,0.0,7.0,6.0,4.0,2.0,5.0,3.0,4.0,6.0,3.0,4.0,4.0,4.0,2.0,1.0,1.0,1.0,1.0,1.0,1.0,1.0,,1.0,1.0,1.0,1.0,1.0,1.0,1.0,1.0,1.0,2.0,2.0,2.0,2.0,2.0,,,,1.0,,1.0,1.0,,2.0,2.0,2.0,3.0,1.0,2.0,1.0,1.0,3.0,1.0,3.0,1.0,2.0,2.0,3.0,1.0,2.0,1.0,1.0,3.0,4.0,2.0,1.0,,1.0,1.0,,,,,,,1.0,,,,,,,,1.0,,1.0,,,4.0,7.0,2.0,5.0,5.0,4.0,9.0,10.0,8.0,9.0,10.0,4.0,6.0,2.0,0.0,0.0,6.0,5.0,1.0,,,,1.0,,,,,,,1.0,1.0,1.0,1.0,1.0,1.6395808750214187
603.0,2.0,41.0,3.0,5.0,1.0,16.0,4.0,1.0,6.0,1.0,,1.0,,,,,,,,1.0,,,,,1.0,,,,,,,,,,1.0,2.0,2.0,1.0,2.0,2.0,1.0,2.0,1.0,2.0,1.0,2.0,2.0,2.0,1.0,2.0,1.0,1.0,2.0,2.0,2.0,2.0,1.0,2.0,1.0,7.0,9.0,8.0,9.0,7.0,8.0,7.0,8.0,8.0,9.0,7.0,7.0,8.0,9.0,8.0,8.0,2.0,1.0,1.0,2.0,2.0,2.0,1.0,2.0,1.0,,1.0,,,,,1.0,,,,,,,,1.0,1.0,2.0,2.0,2.0,,2.0,,1.0,1.0,1.0,,,2.0,2.0,9.0,8.0,8.0,9.0,8.0,9.0,9.0,9.0,7.0,7.0,8.0,8.0,8.0,8.0,9.0,8.0,7.0,8.0,8.0,7.0,9.0,7.0,5.0,2.0,,1.0,1.0,,,,1.0,,5.0,4.0,2.0,4.0,5.0,4.0,2.0,4.0,5.0,2.0,2.0,2.0,1.0,1.0,,1.0,,1.0,,,,,2.0,1.0,2.0,2.0,2.0,1.0,1.0,1.0,1.0,1.0,1.0,1.0,1.0,1.0,2.0,2.0,3.0,4.0,4.0,3.0,3.0,4.0,4.0,,,,1.0,1.0,,1.0,,,1.0,1.0,,,,1.0,,,1.0,,1.0,,,8.0,8.0,9.0,7.0,8.0,8.0,9.0,7.0,8.0,8.0,7.0,7.0,9.0,8.0,7.0,8.0,6.0,1.0,1.0,,,1.0,,,,,,,,1.0,1.0,1.0,2.0,2.0,0.6414955683286288
604.0,1.0,61.0,5.0,5.0,2.0,16.0,4.0,1.0,4.0,1.0,,,,,,,,,,,,,1.0,,,,1.0,,,,1.0,,,,3.0,2.0,2.0,3.0,1.0,1.0,2.0,2.0,1.0,2.0,2.0,3.0,3.0,1.0,3.0,3.0,1.0,3.0,3.0,3.0,2.0,4.0,3.0,4.0,2.0,5.0,5.0,6.0,6.0,6.0,7.0,7.0,8.0,7.0,6.0,6.0,7.0,7.0,6.0,6.0,6.0,2.0,1.0,1.0,1.0,1.0,2.0,1.0,3.0,,,1.0,,,,,,,,,1.0,,1.0,,3.0,3.0,2.0,4.0,2.0,,3.0,1.0,,,,,,2.0,2.0,6.0,6.0,5.0,6.0,6.0,8.0,7.0,7.0,7.0,6.0,7.0,7.0,6.0,5.0,5.0,6.0,6.0,5.0,7.0,6.0,5.0,5.0,4.0,2.0,,1.0,1.0,1.0,1.0,1.0,1.0,,1.0,1.0,1.0,1.0,1.0,1.0,1.0,1.0,2.0,1.0,5.0,1.0,3.0,2.0,,,,,,,1.0,,1.0,1.0,2.0,2.0,1.0,3.0,3.0,3.0,3.0,3.0,3.0,3.0,3.0,2.0,3.0,2.0,1.0,1.0,1.0,1.0,1.0,1.0,1.0,,,1.0,,,1.0,,1.0,1.0,1.0,1.0,,,,1.0,1.0,1.0,1.0,1.0,1.0,,,4.0,7.0,3.0,4.0,3.0,2.0,8.0,10.0,7.0,8.0,9.0,5.0,6.0,5.0,1.0,0.0,4.0,1.0,1.0,,,,1.0,,,,,,,3.0,3.0,3.0,1.0,1.0,0.4464651808290927
605.0,2.0,48.0,4.0,1.0,3.0,16.0,4.0,1.0,4.0,1.0,,,,,,,,,,1.0,,,,,,,1.0,,,,1.0,,,,4.0,3.0,2.0,4.0,1.0,1.0,3.0,1.0,3.0,1.0,1.0,3.0,3.0,1.0,3.0,3.0,3.0,2.0,3.0,3.0,1.0,4.0,2.0,4.0,3.0,2.0,5.0,5.0,5.0,3.0,0.0,5.0,5.0,6.0,5.0,3.0,5.0,5.0,5.0,5.0,3.0,1.0,3.0,3.0,3.0,3.0,3.0,3.0,3.0,1.0,,1.0,,,1.0,,,,,,,,,,2.0,2.0,1.0,1.0,1.0,2.0,1.0,,1.0,,1.0,,,4.0,3.0,5.0,5.0,5.0,6.0,5.0,5.0,5.0,5.0,5.0,5.0,5.0,5.0,5.0,5.0,5.0,5.0,5.0,5.0,5.0,5.0,5.0,5.0,6.0,5.0,,,,,,,,1.0,8.0,8.0,8.0,8.0,8.0,8.0,8.0,8.0,8.0,4.0,2.0,4.0,1.0,1.0,,,,,,,,1.0,1.0,4.0,3.0,3.0,3.0,3.0,3.0,3.0,2.0,3.0,3.0,3.0,3.0,3.0,3.0,3.0,2.0,2.0,2.0,2.0,1.0,1.0,1.0,,,,1.0,,1.0,,,,1.0,,,,,,1.0,,,,1.0,,,99.0,99.0,99.0,99.0,99.0,99.0,99.0,99.0,99.0,99.0,99.0,99.0,99.0,99.0,99.0,99.0,6.0,1.0,1.0,,,,1.0,,,,,,,3.0,3.0,3.0,12.0,11.0,1.2930868616518532
606.0,1.0,53.0,4.0,5.0,3.0,16.0,5.0,1.0,2.0,1.0,,,,,,1.0,,,,,,,1.0,,,,1.0,,,,,,,,2.0,2.0,3.0,3.0,2.0,2.0,3.0,3.0,3.0,3.0,3.0,3.0,3.0,2.0,3.0,3.0,3.0,3.0,3.0,4.0,3.0,4.0,4.0,4.0,3.0,8.0,4.0,8.0,5.0,8.0,8.0,8.0,7.0,8.0,4.0,7.0,7.0,8.0,7.0,8.0,8.0,1.0,1.0,1.0,1.0,1.0,1.0,1.0,4.0,,,,,1.0,,,,,1.0,1.0,,,,,3.0,3.0,2.0,4.0,2.0,,3.0,,1.0,,,,,2.0,2.0,6.0,8.0,4.0,0.0,7.0,7.0,7.0,8.0,8.0,8.0,0.0,7.0,8.0,7.0,2.0,5.0,4.0,4.0,8.0,5.0,4.0,8.0,4.0,2.0,1.0,,1.0,1.0,,,,,1.0,1.0,1.0,1.0,1.0,1.0,1.0,1.0,1.0,2.0,2.0,1.0,2.0,3.0,,,,,,1.0,1.0,,1.0,2.0,3.0,3.0,3.0,3.0,3.0,3.0,3.0,2.0,3.0,3.0,3.0,3.0,3.0,3.0,2.0,2.0,2.0,2.0,2.0,3.0,3.0,1.0,,,,,1.0,,,1.0,,1.0,,,1.0,,,1.0,,,1.0,,,4.0,8.0,7.0,4.0,5.0,5.0,0.0,0.0,9.0,8.0,7.0,4.0,4.0,4.0,0.0,0.0,7.0,5.0,1.0,,,,,1.0,,1.0,,,,1.0,1.0,1.0,1.0,1.0,0.4756217859915425
607.0,1.0,21.0,1.0,5.0,2.0,16.0,5.0,1.0,1.0,1.0,,,,,,,,1.0,,1.0,,,,,,,,,,,,1.0,,,2.0,2.0,2.0,3.0,1.0,1.0,3.0,3.0,2.0,3.0,2.0,3.0,3.0,3.0,3.0,2.0,2.0,3.0,3.0,4.0,3.0,4.0,4.0,3.0,4.0,8.0,8.0,7.0,6.0,6.0,6.0,7.0,8.0,7.0,5.0,5.0,6.0,4.0,6.0,7.0,7.0,1.0,1.0,1.0,1.0,3.0,1.0,1.0,3.0,,1.0,,,,1.0,,,,,1.0,,,,,2.0,2.0,2.0,4.0,2.0,,3.0,1.0,,1.0,1.0,,,3.0,1.0,7.0,8.0,7.0,5.0,8.0,8.0,8.0,7.0,6.0,7.0,6.0,8.0,9.0,7.0,6.0,7.0,6.0,7.0,6.0,6.0,6.0,8.0,3.0,3.0,,1.0,,,,,1.0,,4.0,2.0,5.0,7.0,7.0,2.0,5.0,4.0,7.0,2.0,2.0,2.0,3.0,1.0,,,,,,,,1.0,3.0,2.0,2.0,2.0,1.0,1.0,1.0,1.0,1.0,1.0,1.0,1.0,1.0,2.0,2.0,2.0,2.0,2.0,2.0,2.0,3.0,4.0,2.0,1.0,1.0,,,,,,1.0,,1.0,1.0,,,1.0,1.0,1.0,,,,1.0,,,99.0,6.0,7.0,5.0,6.0,5.0,2.0,1.0,3.0,9.0,8.0,0.0,8.0,0.0,0.0,0.0,6.0,1.0,1.0,,,,,1.0,1.0,,1.0,,,1.0,1.0,1.0,13.0,12.0,1.973454842875769
608.0,1.0,54.0,4.0,5.0,2.0,16.0,6.0,1.0,4.0,1.0,1.0,,,,,1.0,,,,,,,,,,,1.0,,,,,,,,2.0,2.0,2.0,4.0,3.0,2.0,3.0,3.0,3.0,3.0,3.0,3.0,3.0,3.0,3.0,3.0,3.0,4.0,3.0,4.0,3.0,4.0,4.0,4.0,4.0,8.0,7.0,7.0,8.0,6.0,5.0,8.0,8.0,7.0,6.0,6.0,7.0,4.0,7.0,7.0,5.0,2.0,1.0,1.0,1.0,1.0,2.0,2.0,2.0,1.0,,,,,,,,,,1.0,,,1.0,,2.0,3.0,3.0,4.0,2.0,,3.0,1.0,1.0,,,,,3.0,2.0,4.0,8.0,4.0,5.0,5.0,5.0,6.0,5.0,5.0,6.0,0.0,7.0,6.0,5.0,1.0,6.0,5.0,5.0,5.0,5.0,5.0,6.0,3.0,3.0,,1.0,,,,1.0,,,1.0,1.0,1.0,1.0,1.0,1.0,1.0,1.0,1.0,3.0,3.0,3.0,2.0,1.0,,1.0,,,,1.0,1.0,,2.0,2.0,3.0,3.0,1.0,1.0,1.0,3.0,3.0,1.0,3.0,1.0,3.0,2.0,3.0,3.0,2.0,2.0,3.0,3.0,4.0,2.0,3.0,,1.0,1.0,,,,,,1.0,1.0,1.0,,,,1.0,,1.0,,1.0,1.0,,,3.0,6.0,5.0,3.0,5.0,5.0,10.0,10.0,5.0,8.0,6.0,5.0,5.0,5.0,0.0,0.0,7.0,5.0,1.0,,,1.0,,,,,,,,3.0,3.0,3.0,1.0,1.0,0.3805152045370245
609.0,1.0,61.0,5.0,1.0,2.0,16.0,5.0,1.0,3.0,1.0,,,,,,,,1.0,,,,,,,,,1.0,,,,1.0,,,,3.0,2.0,2.0,4.0,2.0,1.0,3.0,3.0,3.0,3.0,1.0,3.0,3.0,3.0,3.0,3.0,3.0,3.0,3.0,4.0,3.0,3.0,3.0,4.0,4.0,7.0,4.0,7.0,7.0,4.0,4.0,8.0,8.0,6.0,5.0,7.0,4.0,5.0,7.0,8.0,7.0,2.0,2.0,2.0,3.0,2.0,2.0,2.0,3.0,,,1.0,,,1.0,,,,,,,1.0,,,4.0,3.0,4.0,4.0,2.0,,2.0,1.0,1.0,,1.0,,,2.0,2.0,5.0,7.0,4.0,0.0,3.0,7.0,7.0,6.0,3.0,5.0,0.0,7.0,8.0,3.0,0.0,5.0,0.0,1.0,7.0,0.0,5.0,3.0,4.0,2.0,,1.0,,1.0,,1.0,1.0,,4.0,1.0,1.0,1.0,1.0,1.0,1.0,4.0,1.0,4.0,3.0,2.0,2.0,2.0,,,,,,1.0,1.0,,1.0,1.0,2.0,2.0,1.0,2.0,1.0,1.0,2.0,1.0,1.0,3.0,1.0,2.0,2.0,2.0,2.0,2.0,2.0,1.0,5.0,1.0,1.0,1.0,,1.0,,,,1.0,1.0,1.0,1.0,1.0,,,,1.0,,,,,1.0,,,3.0,5.0,0.0,4.0,4.0,2.0,8.0,10.0,10.0,10.0,10.0,6.0,7.0,6.0,4.0,0.0,7.0,4.0,1.0,,,,1.0,,,,,,,3.0,3.0,3.0,1.0,1.0,1.0082627305151224
610.0,1.0,54.0,4.0,5.0,2.0,16.0,4.0,1.0,4.0,1.0,,,,,,,,,,,,1.0,,,,,,,,,1.0,1.0,,,3.0,2.0,2.0,5.0,3.0,1.0,3.0,3.0,3.0,3.0,3.0,3.0,3.0,3.0,3.0,3.0,3.0,3.0,3.0,3.0,3.0,4.0,4.0,3.0,3.0,4.0,7.0,5.0,4.0,2.0,3.0,3.0,8.0,5.0,4.0,4.0,6.0,4.0,8.0,8.0,3.0,2.0,1.0,1.0,1.0,1.0,2.0,1.0,2.0,1.0,,,,,1.0,,,,,,,,1.0,,3.0,3.0,4.0,5.0,2.0,,5.0,1.0,,,,,,3.0,2.0,6.0,6.0,5.0,3.0,3.0,5.0,6.0,4.0,5.0,5.0,3.0,5.0,5.0,3.0,2.0,3.0,1.0,3.0,7.0,4.0,4.0,3.0,3.0,2.0,,,,,,,1.0,,8.0,8.0,8.0,8.0,8.0,8.0,8.0,8.0,8.0,3.0,2.0,2.0,2.0,2.0,,,,,,,,1.0,1.0,2.0,2.0,3.0,3.0,1.0,3.0,3.0,3.0,1.0,3.0,3.0,3.0,2.0,2.0,2.0,3.0,1.0,3.0,3.0,3.0,2.0,3.0,,1.0,1.0,,,,,,,,1.0,,,,,,,,1.0,,,,2.0,8.0,3.0,6.0,3.0,2.0,8.0,9.0,10.0,1.0,8.0,3.0,6.0,2.0,2.0,1.0,6.0,1.0,1.0,,,,1.0,,,1.0,,,,2.0,2.0,2.0,4.0,11.0,0.3805152045370245
611.0,1.0,50.0,4.0,5.0,2.0,16.0,4.0,3.0,4.0,1.0,,,,,,,,,,,,,,,,,,,,,,,,1.0,1.0,2.0,6.0,,3.0,3.0,3.0,3.0,3.0,3.0,3.0,3.0,3.0,3.0,3.0,3.0,3.0,3.0,4.0,4.0,3.0,4.0,4.0,4.0,4.0,8.0,10.0,10.0,99.0,99.0,99.0,99.0,10.0,99.0,99.0,99.0,99.0,99.0,99.0,10.0,99.0,2.0,1.0,1.0,1.0,1.0,2.0,3.0,4.0,,,,,,,,,,,,,,,1.0,5.0,4.0,5.0,5.0,2.0,,4.0,,,,,,1.0,6.0,4.0,99.0,99.0,0.0,0.0,0.0,99.0,99.0,0.0,0.0,0.0,0.0,99.0,99.0,0.0,0.0,0.0,0.0,0.0,99.0,99.0,0.0,0.0,5.0,5.0,1.0,,1.0,,,,,,2.0,2.0,2.0,8.0,2.0,2.0,2.0,2.0,2.0,1.0,5.0,1.0,5.0,3.0,1.0,,1.0,,1.0,1.0,1.0,,1.0,2.0,2.0,2.0,1.0,2.0,3.0,3.0,2.0,3.0,3.0,2.0,3.0,2.0,2.0,3.0,5.0,5.0,5.0,5.0,3.0,3.0,3.0,,1.0,1.0,,,,,,1.0,,,,,,,,,,,,,1.0,0.0,10.0,0.0,5.0,1.0,5.0,10.0,10.0,10.0,0.0,10.0,99.0,99.0,99.0,0.0,0.0,5.0,5.0,1.0,,,,1.0,,,,,,,1.0,1.0,2.0,2.0,2.0,0.3805152045370245
612.0,2.0,44.0,3.0,5.0,1.0,16.0,6.0,6.0,3.0,1.0,,,,,,,1.0,1.0,,1.0,,,,,,,,,,,,,,,3.0,3.0,11.0,3.0,3.0,3.0,3.0,3.0,3.0,3.0,3.0,3.0,3.0,3.0,3.0,3.0,3.0,3.0,3.0,3.0,3.0,4.0,3.0,3.0,3.0,2.0,4.0,5.0,1.0,6.0,0.0,0.0,6.0,6.0,2.0,3.0,6.0,3.0,6.0,6.0,3.0,1.0,3.0,1.0,1.0,3.0,1.0,3.0,4.0,,,1.0,,,1.0,1.0,,,,,,,,,2.0,2.0,2.0,3.0,2.0,,3.0,,1.0,,1.0,,,4.0,3.0,2.0,4.0,0.0,6.0,6.0,2.0,6.0,0.0,0.0,0.0,2.0,6.0,6.0,7.0,0.0,6.0,6.0,6.0,6.0,4.0,6.0,7.0,1.0,4.0,,,,,,,,1.0,7.0,7.0,7.0,7.0,7.0,7.0,7.0,7.0,7.0,4.0,4.0,4.0,4.0,1.0,1.0,1.0,1.0,1.0,1.0,,,,2.0,2.0,1.0,2.0,1.0,1.0,1.0,2.0,1.0,1.0,1.0,1.0,1.0,2.0,2.0,2.0,2.0,2.0,2.0,2.0,2.0,2.0,2.0,,1.0,,1.0,,,1.0,,1.0,,,,,,,,,,1.0,1.0,,,8.0,0.0,0.0,1.0,0.0,2.0,8.0,9.0,0.0,9.0,10.0,6.0,8.0,8.0,2.0,1.0,8.0,4.0,1.0,,,,1.0,,,1.0,,,,3.0,3.0,3.0,7.0,6.0,0.619550554975249
613.0,2.0,58.0,5.0,5.0,2.0,16.0,4.0,1.0,3.0,1.0,,,,,,1.0,,,,,,,,,,,1.0,,,,1.0,,,,3.0,2.0,2.0,4.0,3.0,2.0,3.0,3.0,3.0,2.0,3.0,1.0,3.0,2.0,3.0,3.0,3.0,3.0,3.0,4.0,2.0,4.0,3.0,4.0,1.0,6.0,8.0,7.0,6.0,7.0,8.0,6.0,8.0,7.0,6.0,5.0,6.0,8.0,7.0,6.0,6.0,2.0,1.0,1.0,3.0,2.0,1.0,1.0,3.0,1.0,,,,,,,,,,1.0,,,1.0,,2.0,3.0,2.0,3.0,2.0,,3.0,1.0,,,,,,2.0,2.0,6.0,7.0,4.0,5.0,5.0,5.0,7.0,7.0,3.0,2.0,0.0,4.0,5.0,7.0,1.0,6.0,1.0,4.0,8.0,3.0,6.0,5.0,3.0,2.0,,,,1.0,,1.0,1.0,,8.0,1.0,1.0,8.0,8.0,1.0,1.0,5.0,1.0,4.0,3.0,4.0,3.0,1.0,,1.0,,,,,1.0,,1.0,3.0,2.0,2.0,3.0,1.0,1.0,2.0,3.0,1.0,3.0,1.0,1.0,2.0,2.0,2.0,2.0,2.0,2.0,3.0,4.0,2.0,2.0,1.0,,1.0,,,,,1.0,1.0,1.0,1.0,,,,1.0,1.0,,1.0,1.0,1.0,,,2.0,8.0,3.0,3.0,1.0,1.0,9.0,10.0,6.0,10.0,10.0,3.0,3.0,3.0,3.0,3.0,4.0,4.0,1.0,,,,1.0,,,,,,,3.0,3.0,3.0,3.0,1.0,0.4324052348702815
614.0,2.0,55.0,5.0,3.0,2.0,16.0,6.0,1.0,2.0,1.0,,,,,,1.0,,,,1.0,1.0,,,,,,,,,,,,,,3.0,2.0,2.0,4.0,3.0,3.0,3.0,3.0,3.0,3.0,3.0,3.0,3.0,3.0,3.0,3.0,3.0,3.0,3.0,4.0,3.0,4.0,4.0,4.0,3.0,6.0,5.0,5.0,4.0,4.0,2.0,0.0,6.0,4.0,2.0,2.0,5.0,5.0,3.0,5.0,4.0,1.0,3.0,1.0,1.0,1.0,1.0,1.0,5.0,,,,,,1.0,1.0,,1.0,,,,,,,2.0,2.0,1.0,3.0,2.0,,5.0,1.0,1.0,,1.0,,,4.0,2.0,5.0,5.0,0.0,2.0,5.0,0.0,2.0,0.0,0.0,2.0,0.0,4.0,6.0,3.0,0.0,0.0,2.0,2.0,3.0,4.0,2.0,2.0,3.0,5.0,,,,1.0,,,1.0,,8.0,8.0,8.0,8.0,8.0,8.0,8.0,8.0,8.0,4.0,5.0,4.0,5.0,1.0,,,,,,,,1.0,1.0,3.0,3.0,3.0,3.0,3.0,3.0,3.0,3.0,3.0,3.0,3.0,3.0,3.0,3.0,3.0,1.0,1.0,1.0,3.0,3.0,2.0,2.0,1.0,,,,,1.0,,,,,,,1.0,,,,,,1.0,1.0,,,5.0,7.0,1.0,3.0,2.0,2.0,6.0,9.0,5.0,9.0,10.0,7.0,5.0,5.0,0.0,0.0,8.0,4.0,1.0,,,,,,1.0,,,,,2.0,2.0,3.0,12.0,11.0,0.731846253573565
615.0,1.0,51.0,4.0,5.0,3.0,16.0,7.0,1.0,4.0,1.0,,,,,,1.0,,1.0,,,,,,,,,,,,,1.0,,,,3.0,2.0,12.0,,2.0,1.0,2.0,4.0,2.0,2.0,1.0,3.0,4.0,4.0,4.0,4.0,1.0,3.0,4.0,4.0,2.0,4.0,2.0,4.0,2.0,4.0,5.0,5.0,5.0,5.0,0.0,5.0,5.0,3.0,5.0,5.0,5.0,5.0,5.0,5.0,5.0,1.0,1.0,1.0,3.0,3.0,1.0,3.0,3.0,,,,,,1.0,,,1.0,1.0,,,,,,2.0,4.0,1.0,3.0,2.0,,3.0,1.0,1.0,,1.0,,,4.0,2.0,0.0,0.0,0.0,2.0,8.0,3.0,0.0,3.0,5.0,3.0,1.0,8.0,4.0,6.0,0.0,2.0,0.0,0.0,8.0,0.0,5.0,7.0,2.0,4.0,,1.0,,1.0,,,1.0,,8.0,8.0,8.0,8.0,8.0,8.0,8.0,8.0,8.0,4.0,4.0,4.0,2.0,1.0,1.0,1.0,1.0,1.0,1.0,1.0,1.0,,1.0,1.0,3.0,3.0,3.0,3.0,3.0,3.0,3.0,3.0,3.0,3.0,3.0,3.0,3.0,2.0,1.0,1.0,1.0,1.0,3.0,3.0,3.0,1.0,,,,,1.0,,,,,,,1.0,,,,,,,,,1.0,5.0,8.0,0.0,10.0,0.0,0.0,8.0,10.0,5.0,9.0,0.0,0.0,0.0,0.0,0.0,0.0,7.0,3.0,1.0,,,1.0,,,,,,,,2.0,2.0,3.0,12.0,11.0,0.49366079206413993
616.0,1.0,43.0,3.0,3.0,2.0,16.0,4.0,1.0,3.0,1.0,,,,,,1.0,,,,,,,,,,,1.0,,,,,1.0,,,3.0,2.0,2.0,4.0,3.0,1.0,3.0,3.0,3.0,3.0,3.0,3.0,3.0,3.0,3.0,3.0,1.0,2.0,3.0,4.0,2.0,3.0,3.0,3.0,4.0,2.0,7.0,7.0,6.0,4.0,7.0,5.0,8.0,7.0,1.0,7.0,5.0,6.0,7.0,5.0,3.0,2.0,1.0,1.0,1.0,1.0,1.0,3.0,4.0,1.0,,,,,,,1.0,,,1.0,,,,,3.0,4.0,3.0,4.0,1.0,2.0,3.0,,1.0,,,1.0,,3.0,2.0,5.0,6.0,3.0,0.0,5.0,7.0,8.0,6.0,7.0,6.0,0.0,8.0,5.0,0.0,4.0,4.0,0.0,0.0,8.0,5.0,4.0,2.0,5.0,1.0,1.0,1.0,1.0,1.0,,1.0,,,2.0,2.0,2.0,2.0,8.0,2.0,2.0,2.0,2.0,1.0,2.0,1.0,2.0,2.0,,,,,,1.0,1.0,,3.0,2.0,2.0,3.0,1.0,3.0,1.0,1.0,2.0,1.0,3.0,2.0,3.0,2.0,3.0,3.0,2.0,1.0,1.0,2.0,3.0,1.0,1.0,,1.0,1.0,,,,,,,1.0,,,,,1.0,,1.0,1.0,1.0,,,,0.0,9.0,2.0,5.0,5.0,5.0,10.0,10.0,10.0,5.0,10.0,2.0,4.0,3.0,0.0,0.0,5.0,5.0,1.0,,,,1.0,,,1.0,,,,2.0,2.0,2.0,2.0,2.0,0.833280672369996
617.0,1.0,50.0,4.0,5.0,2.0,16.0,6.0,1.0,3.0,1.0,,,,,,1.0,,,,,,,,,,,,,,,,,,,3.0,3.0,2.0,4.0,2.0,1.0,3.0,3.0,3.0,3.0,3.0,3.0,3.0,3.0,3.0,3.0,1.0,4.0,3.0,4.0,3.0,4.0,2.0,4.0,2.0,0.0,5.0,8.0,5.0,7.0,8.0,0.0,7.0,8.0,5.0,0.0,7.0,8.0,5.0,7.0,0.0,3.0,3.0,3.0,3.0,3.0,1.0,3.0,4.0,,,1.0,,,1.0,,,1.0,,,,,,,2.0,2.0,1.0,4.0,2.0,,4.0,,,,,,1.0,4.0,3.0,4.0,4.0,0.0,5.0,7.0,0.0,7.0,0.0,5.0,0.0,5.0,8.0,0.0,0.0,0.0,7.0,5.0,5.0,7.0,0.0,8.0,8.0,3.0,3.0,,,,1.0,,,1.0,,8.0,8.0,6.0,7.0,1.0,6.0,8.0,1.0,6.0,4.0,4.0,4.0,4.0,1.0,,1.0,1.0,1.0,1.0,,1.0,,1.0,1.0,3.0,3.0,1.0,3.0,2.0,3.0,3.0,3.0,3.0,3.0,3.0,2.0,2.0,2.0,2.0,2.0,2.0,2.0,4.0,1.0,1.0,,1.0,,1.0,,,,,,,1.0,,,1.0,1.0,1.0,,1.0,1.0,,,,7.0,6.0,0.0,2.0,0.0,0.0,7.0,10.0,5.0,7.0,10.0,4.0,5.0,2.0,0.0,0.0,7.0,1.0,1.0,,,,1.0,,,1.0,,,,3.0,3.0,3.0,6.0,1.0,0.33758780270602085
618.0,2.0,67.0,6.0,2.0,3.0,16.0,4.0,6.0,6.0,1.0,,,,,,,,1.0,,,,,,,,,1.0,,,,1.0,,,,3.0,2.0,11.0,4.0,3.0,3.0,3.0,3.0,3.0,3.0,3.0,3.0,3.0,3.0,3.0,3.0,3.0,4.0,3.0,4.0,3.0,3.0,4.0,4.0,4.0,6.0,99.0,99.0,99.0,4.0,3.0,99.0,6.0,99.0,4.0,99.0,6.0,99.0,99.0,99.0,99.0,2.0,1.0,1.0,1.0,1.0,1.0,1.0,5.0,1.0,,1.0,,,1.0,,,,,,,,,,2.0,4.0,2.0,3.0,2.0,,2.0,1.0,,,,,,6.0,4.0,3.0,6.0,2.0,1.0,5.0,5.0,3.0,6.0,2.0,6.0,1.0,3.0,7.0,2.0,2.0,5.0,2.0,2.0,4.0,6.0,1.0,2.0,4.0,5.0,,,,1.0,,,,,8.0,8.0,8.0,8.0,8.0,8.0,8.0,8.0,8.0,3.0,5.0,2.0,5.0,2.0,,,,,,,1.0,,2.0,5.0,2.0,2.0,3.0,3.0,3.0,3.0,1.0,1.0,1.0,3.0,1.0,2.0,3.0,2.0,5.0,5.0,5.0,5.0,1.0,1.0,1.0,1.0,,1.0,,,,,,1.0,1.0,,,,,,,,,,,,1.0,5.0,8.0,0.0,2.0,3.0,3.0,9.0,10.0,99.0,9.0,10.0,99.0,99.0,99.0,0.0,0.0,4.0,3.0,3.0,,63.0,,1.0,,,,,,,3.0,3.0,3.0,13.0,2.0,2.0000714374225055
619.0,1.0,54.0,4.0,4.0,3.0,16.0,4.0,2.0,4.0,1.0,,,,,,1.0,,1.0,,1.0,,,,,,,,,,,,,,,6.0,4.0,4.0,,3.0,3.0,3.0,3.0,3.0,3.0,3.0,3.0,3.0,3.0,3.0,3.0,1.0,4.0,4.0,3.0,4.0,4.0,4.0,4.0,3.0,6.0,99.0,6.0,5.0,5.0,4.0,99.0,7.0,99.0,4.0,99.0,4.0,6.0,99.0,6.0,5.0,2.0,1.0,1.0,1.0,1.0,1.0,1.0,4.0,1.0,,,,,1.0,1.0,,,,,,,,,5.0,5.0,2.0,4.0,2.0,,2.0,1.0,1.0,,1.0,,,3.0,4.0,5.0,6.0,5.0,5.0,7.0,5.0,6.0,6.0,5.0,6.0,3.0,6.0,5.0,4.0,4.0,5.0,4.0,5.0,6.0,6.0,5.0,4.0,3.0,5.0,,,,1.0,,,,,8.0,8.0,8.0,8.0,8.0,1.0,1.0,8.0,8.0,5.0,5.0,5.0,5.0,1.0,,1.0,,1.0,,1.0,1.0,,1.0,2.0,2.0,2.0,3.0,2.0,3.0,2.0,3.0,1.0,3.0,3.0,3.0,2.0,3.0,2.0,5.0,5.0,5.0,5.0,3.0,2.0,3.0,1.0,,1.0,,,,,,1.0,1.0,1.0,,,,,1.0,,,,,,,2.0,2.0,0.0,1.0,1.0,2.0,7.0,10.0,7.0,8.0,9.0,7.0,8.0,7.0,1.0,0.0,4.0,1.0,1.0,,,,,,1.0,,1.0,,,3.0,2.0,3.0,3.0,10.0,0.6968233031107343
620.0,2.0,58.0,5.0,1.0,2.0,16.0,4.0,1.0,3.0,1.0,,,,,,,,1.0,,1.0,,,,,,,,,,,1.0,,,,2.0,2.0,2.0,4.0,2.0,2.0,3.0,3.0,3.0,3.0,3.0,3.0,3.0,3.0,3.0,3.0,3.0,2.0,4.0,4.0,3.0,3.0,4.0,4.0,4.0,6.0,4.0,6.0,5.0,5.0,3.0,5.0,6.0,2.0,5.0,4.0,6.0,5.0,5.0,6.0,5.0,1.0,1.0,1.0,1.0,1.0,1.0,3.0,3.0,,,1.0,,,1.0,1.0,,,,,,,,,2.0,3.0,1.0,3.0,2.0,,3.0,1.0,,,,,,3.0,3.0,4.0,5.0,0.0,1.0,5.0,4.0,0.0,1.0,6.0,3.0,0.0,5.0,6.0,4.0,0.0,3.0,2.0,1.0,7.0,4.0,4.0,5.0,2.0,3.0,,,,1.0,1.0,,1.0,,1.0,1.0,3.0,7.0,7.0,1.0,1.0,3.0,6.0,4.0,4.0,4.0,2.0,1.0,,1.0,,,,,,,1.0,3.0,3.0,3.0,3.0,3.0,3.0,3.0,3.0,1.0,1.0,3.0,1.0,3.0,3.0,3.0,1.0,1.0,1.0,3.0,4.0,1.0,1.0,1.0,,,,,1.0,,,,1.0,,,,,1.0,,,,1.0,,,,7.0,6.0,0.0,3.0,1.0,1.0,7.0,10.0,2.0,10.0,10.0,5.0,10.0,5.0,0.0,0.0,4.0,3.0,1.0,,,,1.0,,,,,,,3.0,3.0,3.0,6.0,11.0,1.1006831821372927
621.0,2.0,59.0,5.0,5.0,2.0,16.0,5.0,1.0,4.0,1.0,,,,1.0,,,,,,,,,,,,1.0,,,,,1.0,,,,3.0,2.0,2.0,4.0,2.0,1.0,3.0,3.0,3.0,3.0,2.0,1.0,3.0,3.0,3.0,3.0,2.0,3.0,2.0,4.0,3.0,4.0,2.0,3.0,3.0,5.0,3.0,4.0,8.0,3.0,3.0,0.0,6.0,4.0,3.0,1.0,2.0,4.0,3.0,4.0,1.0,1.0,3.0,3.0,1.0,3.0,2.0,2.0,3.0,,,1.0,,,,,,,1.0,1.0,,,,,2.0,3.0,2.0,4.0,2.0,,3.0,1.0,,,,,,3.0,2.0,5.0,5.0,4.0,5.0,5.0,3.0,2.0,1.0,2.0,5.0,1.0,6.0,5.0,2.0,3.0,4.0,2.0,5.0,8.0,2.0,5.0,2.0,3.0,4.0,,,,1.0,,1.0,1.0,,3.0,8.0,8.0,8.0,8.0,8.0,8.0,8.0,8.0,4.0,4.0,4.0,2.0,1.0,,1.0,,,,,1.0,,2.0,3.0,3.0,3.0,3.0,3.0,3.0,3.0,3.0,3.0,3.0,3.0,3.0,3.0,3.0,3.0,2.0,2.0,2.0,2.0,4.0,2.0,2.0,,1.0,,,,1.0,,1.0,1.0,,,,,,,1.0,,,,1.0,,,3.0,8.0,0.0,5.0,3.0,5.0,8.0,9.0,3.0,9.0,2.0,5.0,4.0,8.0,4.0,2.0,7.0,1.0,1.0,,,,,,,1.0,,,,3.0,3.0,3.0,3.0,3.0,0.48738954746190155
622.0,1.0,73.0,6.0,5.0,2.0,16.0,4.0,2.0,6.0,1.0,,,,,,1.0,,,,,,,,,,,1.0,,,,,1.0,,,2.0,2.0,4.0,,3.0,3.0,3.0,3.0,3.0,3.0,3.0,3.0,3.0,3.0,3.0,3.0,3.0,1.0,4.0,4.0,2.0,3.0,4.0,4.0,2.0,7.0,99.0,99.0,8.0,3.0,6.0,99.0,10.0,8.0,3.0,99.0,4.0,7.0,99.0,5.0,99.0,2.0,2.0,3.0,3.0,3.0,2.0,3.0,2.0,1.0,,1.0,,,,,1.0,,,,,,,,2.0,2.0,2.0,4.0,2.0,,3.0,1.0,1.0,,,,,3.0,2.0,3.0,5.0,6.0,3.0,5.0,7.0,3.0,7.0,8.0,8.0,3.0,8.0,7.0,3.0,6.0,8.0,1.0,4.0,8.0,6.0,6.0,3.0,4.0,1.0,,1.0,,1.0,1.0,,1.0,,4.0,1.0,1.0,1.0,1.0,1.0,1.0,4.0,8.0,4.0,5.0,5.0,3.0,1.0,,1.0,,,,1.0,1.0,,2.0,1.0,2.0,2.0,3.0,1.0,3.0,3.0,3.0,1.0,1.0,1.0,1.0,2.0,2.0,2.0,1.0,1.0,1.0,3.0,5.0,4.0,4.0,,,1.0,,,1.0,,1.0,,1.0,1.0,,,1.0,1.0,1.0,,,1.0,,,,3.0,6.0,1.0,5.0,2.0,3.0,8.0,10.0,5.0,7.0,10.0,5.0,5.0,5.0,0.0,0.0,5.0,4.0,1.0,,,1.0,,,,,,,,3.0,3.0,3.0,5.0,3.0,0.6227725296645248
623.0,1.0,46.0,4.0,1.0,2.0,16.0,6.0,1.0,5.0,1.0,,,1.0,,,,,,,,,,,,,1.0,1.0,,,,,,,,2.0,1.0,2.0,4.0,3.0,1.0,3.0,3.0,3.0,1.0,3.0,3.0,2.0,1.0,3.0,1.0,3.0,3.0,4.0,4.0,4.0,4.0,4.0,3.0,3.0,5.0,6.0,99.0,6.0,6.0,4.0,6.0,10.0,5.0,3.0,99.0,99.0,99.0,99.0,3.0,4.0,2.0,2.0,1.0,2.0,1.0,2.0,3.0,3.0,,,,,,1.0,,1.0,,1.0,,,,,,2.0,5.0,2.0,3.0,2.0,,3.0,1.0,1.0,,,,,2.0,4.0,7.0,8.0,6.0,0.0,7.0,5.0,4.0,6.0,6.0,6.0,0.0,5.0,6.0,6.0,2.0,4.0,3.0,5.0,6.0,8.0,4.0,4.0,3.0,5.0,,,,,,1.0,1.0,,8.0,8.0,1.0,7.0,8.0,1.0,1.0,2.0,8.0,5.0,2.0,2.0,2.0,3.0,,,,,,,1.0,,2.0,2.0,2.0,2.0,1.0,1.0,1.0,1.0,3.0,1.0,3.0,1.0,1.0,2.0,1.0,3.0,3.0,3.0,3.0,3.0,5.0,5.0,5.0,,1.0,1.0,,,,,,,1.0,,,,1.0,,,,,,,,,2.0,4.0,0.0,4.0,3.0,99.0,8.0,10.0,9.0,7.0,10.0,6.0,99.0,99.0,2.0,0.0,6.0,3.0,1.0,,,,,1.0,1.0,,,,,1.0,1.0,1.0,11.0,10.0,0.9431529090620364
624.0,1.0,32.0,2.0,5.0,1.0,16.0,4.0,1.0,4.0,1.0,,,,,,,,1.0,,1.0,1.0,,,,,,,,,,,,,,3.0,3.0,1.0,4.0,3.0,3.0,3.0,3.0,2.0,3.0,3.0,3.0,3.0,3.0,3.0,3.0,3.0,3.0,2.0,4.0,3.0,3.0,2.0,2.0,3.0,0.0,4.0,3.0,6.0,7.0,1.0,0.0,3.0,4.0,2.0,0.0,3.0,0.0,2.0,0.0,1.0,1.0,3.0,3.0,3.0,3.0,1.0,3.0,2.0,,1.0,,,,1.0,1.0,,,,,,,,,2.0,4.0,1.0,3.0,2.0,,4.0,,,,,,1.0,5.0,3.0,3.0,0.0,0.0,4.0,8.0,3.0,0.0,0.0,5.0,0.0,8.0,5.0,2.0,7.0,6.0,1.0,4.0,8.0,4.0,0.0,4.0,6.0,1.0,4.0,,,,,,,,1.0,6.0,6.0,6.0,7.0,7.0,6.0,6.0,7.0,7.0,4.0,4.0,4.0,4.0,1.0,,1.0,1.0,1.0,1.0,,,,2.0,2.0,1.0,1.0,2.0,1.0,3.0,1.0,1.0,2.0,1.0,1.0,1.0,1.0,2.0,1.0,1.0,1.0,3.0,1.0,5.0,5.0,5.0,1.0,,,,1.0,,,,,,,1.0,,,1.0,,,,,,,,7.0,5.0,0.0,1.0,0.0,1.0,6.0,8.0,0.0,0.0,0.0,8.0,0.0,0.0,10.0,0.0,6.0,5.0,2.0,7.0,,,1.0,,,,,,,3.0,3.0,3.0,6.0,5.0,1.380800286719687
625.0,1.0,68.0,6.0,5.0,3.0,16.0,5.0,2.0,4.0,1.0,,,,,,1.0,1.0,,,,,,,,,,1.0,,,,,,,,2.0,2.0,4.0,,3.0,3.0,3.0,3.0,3.0,3.0,3.0,3.0,3.0,3.0,3.0,3.0,3.0,3.0,3.0,4.0,3.0,3.0,4.0,4.0,4.0,3.0,8.0,5.0,8.0,0.0,8.0,5.0,8.0,5.0,0.0,5.0,0.0,5.0,8.0,3.0,5.0,2.0,1.0,3.0,3.0,1.0,2.0,1.0,4.0,1.0,,1.0,,,,,,,,,,,1.0,,4.0,3.0,3.0,5.0,2.0,,2.0,1.0,1.0,,,,,2.0,2.0,3.0,3.0,5.0,0.0,3.0,3.0,3.0,3.0,3.0,5.0,0.0,6.0,3.0,2.0,3.0,2.0,0.0,0.0,3.0,5.0,0.0,0.0,3.0,3.0,,1.0,,1.0,1.0,,,,8.0,2.0,2.0,2.0,8.0,2.0,2.0,2.0,2.0,1.0,1.0,1.0,1.0,2.0,1.0,,,,,1.0,1.0,,1.0,1.0,2.0,3.0,3.0,3.0,1.0,1.0,3.0,3.0,3.0,3.0,3.0,2.0,3.0,3.0,2.0,2.0,2.0,2.0,5.0,1.0,1.0,,1.0,1.0,,,,,,,1.0,1.0,,,,,,1.0,,,,,,2.0,7.0,4.0,5.0,4.0,4.0,10.0,10.0,5.0,7.0,9.0,3.0,5.0,5.0,1.0,0.0,7.0,5.0,1.0,,,,1.0,,,,,,,2.0,3.0,2.0,2.0,2.0,0.8795376329018724
626.0,1.0,51.0,4.0,2.0,2.0,16.0,3.0,1.0,4.0,1.0,,,,,,,,1.0,,1.0,,1.0,,,,,,,,,,,,,2.0,2.0,2.0,3.0,3.0,3.0,3.0,3.0,3.0,3.0,3.0,3.0,3.0,3.0,3.0,3.0,3.0,4.0,4.0,4.0,3.0,4.0,4.0,4.0,3.0,9.0,5.0,1.0,4.0,5.0,3.0,5.0,9.0,7.0,5.0,5.0,6.0,5.0,5.0,5.0,0.0,2.0,3.0,1.0,3.0,1.0,1.0,3.0,3.0,,1.0,,,,1.0,1.0,,,,,,,,,2.0,3.0,1.0,3.0,2.0,,4.0,1.0,1.0,,,,,4.0,2.0,3.0,5.0,0.0,9.0,9.0,5.0,0.0,0.0,2.0,0.0,5.0,5.0,8.0,5.0,0.0,5.0,0.0,5.0,10.0,0.0,7.0,7.0,4.0,3.0,,,,,,1.0,1.0,,8.0,8.0,8.0,8.0,8.0,8.0,8.0,8.0,8.0,4.0,3.0,2.0,2.0,2.0,,,,,,,,1.0,1.0,3.0,1.0,2.0,1.0,3.0,3.0,1.0,3.0,1.0,1.0,1.0,1.0,3.0,2.0,3.0,1.0,1.0,1.0,3.0,2.0,2.0,2.0,,,,1.0,,1.0,,,1.0,1.0,1.0,,,,1.0,,,,1.0,,,,5.0,5.0,0.0,0.0,0.0,0.0,6.0,8.0,7.0,7.0,5.0,5.0,5.0,5.0,5.0,5.0,3.0,5.0,1.0,,,,1.0,,,1.0,,,,1.0,2.0,1.0,11.0,10.0,0.7256425679604057
627.0,1.0,69.0,6.0,3.0,2.0,16.0,3.0,2.0,5.0,1.0,,,,,,,,,,,,,1.0,,,1.0,,,,,1.0,,,,2.0,4.0,4.0,,3.0,3.0,3.0,3.0,3.0,3.0,3.0,3.0,3.0,3.0,3.0,3.0,3.0,3.0,3.0,3.0,3.0,3.0,3.0,3.0,4.0,8.0,7.0,7.0,6.0,7.0,7.0,7.0,8.0,6.0,7.0,7.0,7.0,7.0,6.0,6.0,6.0,1.0,1.0,1.0,1.0,1.0,1.0,1.0,5.0,1.0,,,,,1.0,,,1.0,,,,,,,2.0,3.0,2.0,3.0,2.0,,5.0,,,,,1.0,,2.0,2.0,7.0,9.0,5.0,5.0,9.0,8.0,7.0,8.0,8.0,8.0,7.0,8.0,9.0,6.0,6.0,6.0,6.0,7.0,8.0,6.0,8.0,7.0,4.0,2.0,,,1.0,,,,,,1.0,1.0,1.0,1.0,1.0,1.0,1.0,1.0,1.0,5.0,2.0,2.0,2.0,2.0,,,,,,,1.0,,2.0,2.0,2.0,2.0,1.0,1.0,1.0,1.0,1.0,1.0,2.0,1.0,3.0,2.0,2.0,3.0,2.0,2.0,2.0,5.0,5.0,5.0,5.0,,1.0,,1.0,,,,1.0,1.0,1.0,1.0,,,,,,,,,1.0,,,3.0,3.0,1.0,5.0,7.0,7.0,10.0,10.0,8.0,9.0,6.0,6.0,5.0,4.0,1.0,1.0,3.0,1.0,1.0,,,,1.0,,,,,,,3.0,3.0,2.0,1.0,1.0,1.0288381287620303
628.0,2.0,44.0,3.0,5.0,2.0,16.0,4.0,3.0,7.0,1.0,,1.0,,,,1.0,,,,,1.0,,,,,,,,,,,,,,5.0,3.0,6.0,,4.0,4.0,4.0,4.0,4.0,4.0,4.0,3.0,4.0,4.0,4.0,4.0,4.0,3.0,4.0,4.0,1.0,5.0,4.0,4.0,1.0,0.0,0.0,8.0,0.0,0.0,0.0,0.0,0.0,0.0,0.0,0.0,0.0,0.0,0.0,0.0,0.0,3.0,3.0,3.0,3.0,3.0,3.0,3.0,4.0,1.0,,1.0,,,,,,,1.0,,,,,,4.0,4.0,4.0,5.0,2.0,,4.0,,,,,,1.0,5.0,3.0,0.0,0.0,0.0,0.0,0.0,0.0,0.0,0.0,0.0,0.0,0.0,0.0,0.0,0.0,0.0,0.0,0.0,0.0,0.0,0.0,0.0,0.0,6.0,5.0,,,,,,,1.0,,8.0,8.0,8.0,8.0,8.0,8.0,4.0,8.0,8.0,5.0,5.0,5.0,5.0,1.0,,,,,,,,1.0,5.0,5.0,2.0,3.0,3.0,3.0,3.0,3.0,3.0,3.0,3.0,3.0,3.0,2.0,3.0,3.0,5.0,5.0,5.0,5.0,1.0,1.0,1.0,,1.0,,1.0,,,,,,,,,1.0,,,,,,,,,1.0,99.0,99.0,99.0,99.0,99.0,99.0,99.0,99.0,99.0,99.0,99.0,99.0,99.0,99.0,99.0,99.0,5.0,5.0,1.0,,,,,,1.0,,,,,2.0,2.0,2.0,13.0,12.0,1.1061533429076922
629.0,1.0,56.0,5.0,3.0,3.0,16.0,4.0,1.0,2.0,1.0,,,,,,1.0,,1.0,,,,,,,,,,,,,1.0,,,,3.0,2.0,2.0,3.0,3.0,3.0,3.0,3.0,3.0,3.0,3.0,3.0,3.0,3.0,3.0,3.0,3.0,3.0,3.0,4.0,3.0,4.0,3.0,4.0,3.0,5.0,4.0,4.0,5.0,4.0,3.0,6.0,7.0,5.0,4.0,5.0,6.0,5.0,4.0,5.0,4.0,2.0,2.0,1.0,1.0,1.0,2.0,1.0,3.0,,,1.0,,,1.0,,,,,,,,1.0,,3.0,3.0,4.0,4.0,2.0,,3.0,1.0,1.0,,,,,3.0,2.0,6.0,7.0,6.0,1.0,4.0,5.0,4.0,4.0,5.0,5.0,2.0,5.0,4.0,2.0,5.0,4.0,3.0,2.0,8.0,7.0,3.0,3.0,4.0,2.0,,1.0,,1.0,,,1.0,,3.0,3.0,3.0,3.0,3.0,3.0,3.0,3.0,3.0,3.0,3.0,2.0,2.0,2.0,1.0,,,,,1.0,1.0,,1.0,1.0,2.0,2.0,1.0,2.0,1.0,2.0,2.0,3.0,3.0,3.0,3.0,2.0,3.0,2.0,2.0,2.0,2.0,2.0,1.0,1.0,1.0,,,1.0,,,1.0,,1.0,1.0,1.0,,,,,1.0,,,,1.0,,,,3.0,7.0,3.0,4.0,2.0,3.0,9.0,10.0,5.0,9.0,10.0,4.0,5.0,4.0,0.0,0.0,6.0,5.0,1.0,,,,1.0,,,,,,,2.0,2.0,2.0,3.0,3.0,0.8697368241224307
630.0,2.0,46.0,4.0,5.0,1.0,16.0,4.0,1.0,2.0,1.0,,,,,,1.0,,1.0,,,,,,,,,,,,,,1.0,,,3.0,2.0,3.0,4.0,3.0,3.0,3.0,3.0,3.0,3.0,3.0,3.0,3.0,3.0,3.0,3.0,3.0,5.0,4.0,4.0,4.0,4.0,5.0,5.0,2.0,2.0,3.0,3.0,3.0,2.0,2.0,2.0,3.0,4.0,3.0,3.0,3.0,2.0,4.0,3.0,2.0,1.0,1.0,1.0,1.0,1.0,1.0,1.0,4.0,1.0,,,,1.0,1.0,,,,,,,,,,2.0,3.0,3.0,4.0,2.0,,3.0,1.0,,,,,,3.0,3.0,3.0,3.0,3.0,2.0,2.0,2.0,2.0,3.0,3.0,2.0,2.0,2.0,2.0,2.0,2.0,3.0,2.0,2.0,2.0,2.0,2.0,2.0,2.0,3.0,,,1.0,1.0,1.0,,1.0,,8.0,8.0,8.0,8.0,8.0,8.0,8.0,8.0,8.0,4.0,4.0,4.0,3.0,1.0,,1.0,,1.0,1.0,,1.0,,4.0,2.0,3.0,2.0,1.0,3.0,3.0,1.0,3.0,3.0,3.0,1.0,3.0,2.0,1.0,3.0,3.0,3.0,3.0,3.0,5.0,3.0,3.0,1.0,,,,,1.0,1.0,1.0,1.0,1.0,1.0,,,,,,,,,,1.0,,5.0,8.0,2.0,5.0,1.0,3.0,9.0,10.0,5.0,8.0,10.0,5.0,6.0,5.0,0.0,0.0,6.0,3.0,1.0,,,,1.0,,,1.0,,,,3.0,3.0,3.0,12.0,11.0,0.6033630827868764
631.0,2.0,32.0,2.0,5.0,3.0,16.0,6.0,1.0,5.0,1.0,,,,,,1.0,,1.0,,,,,,,,,1.0,,,,,,,,2.0,2.0,2.0,4.0,3.0,2.0,3.0,3.0,3.0,2.0,3.0,3.0,3.0,3.0,3.0,3.0,2.0,3.0,3.0,4.0,3.0,4.0,4.0,3.0,3.0,7.0,99.0,8.0,7.0,4.0,7.0,7.0,8.0,8.0,4.0,6.0,4.0,6.0,99.0,5.0,5.0,2.0,1.0,1.0,1.0,1.0,2.0,1.0,4.0,1.0,,1.0,,,1.0,,,,,,,,,,2.0,4.0,5.0,3.0,2.0,,5.0,1.0,1.0,,,,,3.0,2.0,6.0,7.0,3.0,2.0,7.0,99.0,4.0,6.0,5.0,7.0,0.0,7.0,8.0,5.0,3.0,6.0,4.0,4.0,7.0,3.0,6.0,5.0,4.0,2.0,,1.0,,1.0,,,1.0,,8.0,8.0,8.0,8.0,8.0,8.0,8.0,8.0,8.0,5.0,5.0,5.0,2.0,1.0,,,,,,,1.0,,2.0,2.0,2.0,2.0,1.0,1.0,1.0,1.0,3.0,1.0,3.0,1.0,1.0,2.0,2.0,2.0,2.0,2.0,1.0,1.0,4.0,3.0,2.0,,,1.0,,,1.0,,1.0,1.0,1.0,1.0,,,,1.0,,,1.0,1.0,1.0,,,4.0,6.0,2.0,4.0,1.0,1.0,8.0,10.0,5.0,8.0,3.0,4.0,3.0,3.0,3.0,0.0,8.0,5.0,1.0,,,1.0,,,,,,,,2.0,2.0,2.0,13.0,11.0,0.6800792751877557
632.0,2.0,20.0,1.0,5.0,2.0,16.0,5.0,3.0,4.0,1.0,,,,,,1.0,,,,,,,,,,,,,1.0,,,,,,1.0,1.0,3.0,1.0,2.0,2.0,3.0,2.0,2.0,2.0,3.0,2.0,3.0,2.0,2.0,2.0,2.0,2.0,2.0,2.0,1.0,2.0,1.0,1.0,1.0,8.0,10.0,10.0,9.0,9.0,9.0,8.0,9.0,9.0,9.0,9.0,10.0,9.0,10.0,8.0,9.0,1.0,2.0,2.0,1.0,1.0,2.0,2.0,2.0,1.0,,,,,1.0,,,,,,,,1.0,,2.0,4.0,3.0,1.0,1.0,1.0,1.0,,,1.0,,,,3.0,1.0,10.0,9.0,7.0,9.0,10.0,6.0,10.0,7.0,8.0,10.0,8.0,7.0,9.0,9.0,8.0,10.0,10.0,6.0,10.0,9.0,8.0,8.0,4.0,2.0,1.0,,1.0,,1.0,,,,3.0,2.0,4.0,7.0,4.0,2.0,1.0,5.0,4.0,2.0,5.0,3.0,3.0,1.0,1.0,,,,,,,,1.0,1.0,2.0,2.0,1.0,1.0,1.0,2.0,2.0,1.0,1.0,1.0,1.0,3.0,3.0,2.0,2.0,3.0,2.0,2.0,2.0,4.0,2.0,,1.0,1.0,,,,,1.0,1.0,,1.0,,,,1.0,1.0,,,1.0,,,,4.0,5.0,3.0,5.0,1.0,4.0,7.0,10.0,3.0,3.0,4.0,4.0,6.0,6.0,0.0,2.0,4.0,3.0,1.0,,,,,,,,,1.0,,2.0,1.0,2.0,3.0,1.0,0.530832091247636
633.0,1.0,55.0,5.0,1.0,2.0,16.0,5.0,1.0,5.0,1.0,,,,,,,1.0,,,,,,,,,,1.0,,,,1.0,,,,2.0,2.0,2.0,4.0,3.0,3.0,3.0,3.0,3.0,3.0,3.0,3.0,3.0,3.0,3.0,3.0,3.0,3.0,3.0,3.0,3.0,3.0,2.0,2.0,2.0,7.0,9.0,9.0,8.0,7.0,9.0,8.0,99.0,7.0,9.0,9.0,7.0,7.0,8.0,9.0,7.0,1.0,1.0,1.0,1.0,1.0,1.0,1.0,5.0,1.0,,,,,1.0,,,,,,,,1.0,,3.0,3.0,2.0,5.0,2.0,,3.0,1.0,,,,,,2.0,2.0,2.0,8.0,2.0,0.0,9.0,9.0,6.0,9.0,9.0,9.0,7.0,9.0,9.0,2.0,6.0,6.0,2.0,2.0,7.0,9.0,6.0,6.0,4.0,1.0,1.0,1.0,1.0,1.0,,,,,1.0,1.0,1.0,1.0,1.0,1.0,1.0,1.0,1.0,2.0,2.0,2.0,2.0,2.0,,,1.0,1.0,1.0,1.0,1.0,,1.0,3.0,3.0,3.0,3.0,3.0,3.0,3.0,3.0,3.0,3.0,3.0,3.0,3.0,3.0,3.0,2.0,2.0,2.0,5.0,4.0,1.0,1.0,1.0,,1.0,,,,,,1.0,1.0,1.0,,,,,,,,1.0,1.0,,,5.0,5.0,1.0,5.0,2.0,2.0,8.0,10.0,9.0,9.0,10.0,3.0,6.0,2.0,0.0,0.0,6.0,1.0,1.0,,,1.0,,,,,,,,1.0,1.0,1.0,1.0,1.0,1.1066178935115178
634.0,2.0,51.0,4.0,5.0,3.0,16.0,4.0,3.0,4.0,1.0,,,,,,1.0,,1.0,,,,,,,,,,,1.0,,,,,,3.0,2.0,6.0,,3.0,2.0,3.0,3.0,3.0,2.0,3.0,3.0,3.0,3.0,3.0,3.0,3.0,3.0,3.0,3.0,2.0,3.0,2.0,3.0,1.0,6.0,6.0,6.0,5.0,5.0,3.0,6.0,6.0,5.0,7.0,8.0,5.0,7.0,5.0,7.0,7.0,1.0,1.0,1.0,1.0,1.0,1.0,1.0,4.0,,,,,,1.0,,,,1.0,,,1.0,,,2.0,3.0,2.0,3.0,2.0,,2.0,1.0,1.0,,,,,3.0,2.0,7.0,6.0,3.0,4.0,5.0,4.0,3.0,5.0,4.0,4.0,4.0,4.0,5.0,4.0,3.0,5.0,3.0,3.0,5.0,5.0,5.0,4.0,3.0,3.0,,,1.0,1.0,,,1.0,,4.0,7.0,4.0,7.0,7.0,2.0,3.0,4.0,4.0,3.0,3.0,3.0,1.0,1.0,1.0,1.0,,,,,1.0,,1.0,3.0,2.0,2.0,1.0,1.0,3.0,2.0,3.0,3.0,3.0,1.0,3.0,2.0,3.0,2.0,1.0,1.0,1.0,1.0,4.0,1.0,1.0,,1.0,1.0,,,,,1.0,1.0,1.0,,,,,1.0,,,,1.0,,,,4.0,6.0,3.0,4.0,5.0,5.0,8.0,10.0,5.0,9.0,10.0,4.0,8.0,7.0,3.0,2.0,4.0,1.0,1.0,,,,1.0,,,1.0,,,,2.0,2.0,2.0,4.0,4.0,0.5079913431897082
635.0,1.0,65.0,6.0,2.0,2.0,16.0,5.0,1.0,4.0,1.0,,,,,,,,,,,,,1.0,,,,1.0,,,,1.0,,,,3.0,3.0,2.0,4.0,3.0,1.0,3.0,3.0,3.0,3.0,3.0,3.0,3.0,3.0,3.0,3.0,2.0,2.0,2.0,4.0,2.0,4.0,2.0,4.0,2.0,8.0,6.0,7.0,8.0,0.0,6.0,8.0,8.0,8.0,5.0,7.0,2.0,6.0,8.0,8.0,5.0,2.0,2.0,2.0,3.0,2.0,2.0,2.0,3.0,,,,,,,,1.0,,,,1.0,,1.0,,4.0,4.0,4.0,4.0,2.0,,2.0,1.0,1.0,,,,,2.0,2.0,5.0,7.0,4.0,0.0,5.0,7.0,10.0,7.0,6.0,7.0,0.0,6.0,9.0,0.0,4.0,0.0,0.0,0.0,5.0,3.0,1.0,0.0,5.0,3.0,1.0,1.0,1.0,1.0,,1.0,1.0,,1.0,1.0,1.0,1.0,1.0,1.0,1.0,1.0,1.0,1.0,2.0,1.0,2.0,2.0,,,,,,1.0,1.0,,1.0,2.0,2.0,2.0,1.0,2.0,1.0,3.0,2.0,3.0,3.0,3.0,3.0,2.0,2.0,2.0,2.0,2.0,2.0,2.0,3.0,1.0,1.0,,1.0,1.0,,,,,,1.0,1.0,1.0,,,,,1.0,1.0,1.0,1.0,,,,4.0,6.0,3.0,5.0,3.0,4.0,9.0,10.0,9.0,7.0,10.0,0.0,0.0,0.0,0.0,0.0,7.0,3.0,1.0,,,,1.0,,,,,,,2.0,3.0,2.0,1.0,1.0,1.292851198265321
636.0,2.0,45.0,4.0,2.0,2.0,16.0,4.0,1.0,5.0,1.0,,,,,,,,,,,,,,1.0,,1.0,1.0,,,,,,,,4.0,2.0,2.0,4.0,3.0,1.0,3.0,1.0,3.0,1.0,3.0,3.0,3.0,1.0,3.0,3.0,1.0,1.0,1.0,3.0,1.0,2.0,1.0,3.0,1.0,5.0,5.0,99.0,7.0,4.0,7.0,7.0,5.0,7.0,3.0,7.0,3.0,6.0,7.0,5.0,99.0,2.0,1.0,1.0,1.0,1.0,2.0,2.0,4.0,1.0,,,1.0,1.0,,,,,,,,,,,4.0,3.0,4.0,4.0,1.0,2.0,1.0,1.0,1.0,,,,,4.0,3.0,3.0,4.0,5.0,0.0,2.0,7.0,7.0,4.0,6.0,5.0,0.0,7.0,6.0,2.0,3.0,4.0,3.0,3.0,9.0,5.0,2.0,2.0,4.0,2.0,,,1.0,1.0,1.0,1.0,1.0,,2.0,8.0,4.0,8.0,8.0,2.0,8.0,4.0,2.0,3.0,2.0,2.0,2.0,2.0,1.0,,,,,1.0,1.0,,1.0,2.0,2.0,3.0,1.0,2.0,1.0,3.0,2.0,2.0,3.0,3.0,3.0,2.0,3.0,3.0,2.0,2.0,2.0,2.0,1.0,1.0,1.0,,,1.0,,,1.0,,,1.0,1.0,1.0,,,,1.0,,1.0,,1.0,,,,3.0,8.0,2.0,6.0,3.0,4.0,8.0,10.0,7.0,6.0,9.0,0.0,2.0,0.0,0.0,0.0,4.0,4.0,1.0,,,1.0,,,,,,,,2.0,2.0,2.0,2.0,4.0,0.7270916100986763
637.0,2.0,69.0,6.0,5.0,2.0,16.0,4.0,2.0,6.0,1.0,,,,,,1.0,,1.0,,1.0,,,,,,,,,,,,,,,3.0,3.0,4.0,,3.0,3.0,3.0,3.0,3.0,3.0,3.0,3.0,3.0,3.0,3.0,3.0,3.0,1.0,1.0,3.0,1.0,2.0,2.0,2.0,2.0,3.0,8.0,8.0,7.0,5.0,8.0,10.0,10.0,7.0,4.0,9.0,9.0,10.0,7.0,7.0,3.0,1.0,1.0,1.0,1.0,1.0,1.0,1.0,3.0,1.0,,,,,1.0,,,1.0,,,,,,,2.0,2.0,3.0,5.0,2.0,,3.0,1.0,,,1.0,1.0,,3.0,3.0,5.0,7.0,4.0,7.0,9.0,8.0,4.0,6.0,8.0,6.0,8.0,8.0,4.0,5.0,0.0,7.0,3.0,6.0,6.0,2.0,8.0,3.0,3.0,2.0,,1.0,1.0,1.0,,,1.0,,1.0,1.0,1.0,7.0,7.0,1.0,1.0,1.0,1.0,4.0,2.0,2.0,2.0,2.0,,1.0,1.0,1.0,1.0,,,,1.0,1.0,2.0,2.0,3.0,3.0,3.0,2.0,3.0,3.0,3.0,3.0,3.0,2.0,2.0,2.0,2.0,2.0,2.0,2.0,2.0,2.0,2.0,1.0,1.0,,,,,,,1.0,1.0,,,,,,,,,1.0,1.0,,,8.0,6.0,0.0,3.0,0.0,6.0,8.0,10.0,8.0,10.0,8.0,4.0,7.0,7.0,5.0,0.0,4.0,1.0,2.0,7.0,,1.0,,,,,,,,3.0,3.0,3.0,7.0,5.0,1.6976562393437487
638.0,1.0,31.0,2.0,5.0,2.0,16.0,6.0,1.0,3.0,1.0,,,,,,,,1.0,,1.0,,,,,,,1.0,,,,,,,,1.0,2.0,2.0,4.0,2.0,1.0,3.0,3.0,3.0,2.0,2.0,3.0,3.0,3.0,3.0,3.0,3.0,2.0,3.0,4.0,3.0,4.0,2.0,2.0,2.0,9.0,9.0,8.0,4.0,6.0,4.0,9.0,9.0,7.0,6.0,9.0,7.0,7.0,8.0,6.0,7.0,1.0,1.0,1.0,1.0,1.0,2.0,1.0,4.0,1.0,,,,,1.0,,,1.0,,,,,,,2.0,1.0,2.0,2.0,2.0,,4.0,1.0,1.0,,,,,2.0,2.0,6.0,8.0,6.0,1.0,9.0,7.0,2.0,8.0,4.0,7.0,2.0,8.0,10.0,6.0,7.0,7.0,7.0,6.0,7.0,7.0,2.0,6.0,3.0,2.0,,1.0,1.0,1.0,,,1.0,,2.0,2.0,2.0,1.0,1.0,1.0,1.0,2.0,2.0,4.0,3.0,2.0,2.0,2.0,,,,,,,1.0,,2.0,1.0,2.0,2.0,1.0,3.0,3.0,1.0,2.0,1.0,3.0,1.0,3.0,2.0,1.0,3.0,2.0,2.0,1.0,1.0,2.0,1.0,1.0,1.0,1.0,,,,,,,,,1.0,,,,,,1.0,,,,,,2.0,3.0,2.0,4.0,1.0,2.0,9.0,10.0,7.0,7.0,10.0,7.0,7.0,7.0,1.0,0.0,8.0,1.0,2.0,11.0,,,1.0,,,1.0,,,,3.0,3.0,2.0,3.0,3.0,0.7659486601520752
639.0,2.0,33.0,2.0,5.0,3.0,16.0,4.0,3.0,5.0,1.0,,1.0,,,,,,,,1.0,,,,,,,1.0,,,,,,,,3.0,3.0,1.0,1.0,1.0,2.0,3.0,1.0,3.0,3.0,1.0,1.0,2.0,1.0,3.0,3.0,1.0,1.0,1.0,1.0,2.0,3.0,1.0,1.0,1.0,8.0,6.0,6.0,8.0,9.0,9.0,4.0,2.0,6.0,6.0,6.0,9.0,5.0,8.0,8.0,6.0,2.0,3.0,2.0,3.0,1.0,2.0,2.0,3.0,1.0,,,,,,,1.0,,,,1.0,,,,1.0,3.0,1.0,3.0,1.0,2.0,1.0,1.0,1.0,,1.0,,,3.0,3.0,7.0,8.0,99.0,7.0,8.0,6.0,5.0,9.0,5.0,8.0,7.0,7.0,9.0,9.0,6.0,10.0,8.0,4.0,6.0,8.0,9.0,8.0,1.0,1.0,,,,1.0,1.0,,,,7.0,3.0,7.0,6.0,5.0,6.0,8.0,2.0,8.0,2.0,1.0,1.0,1.0,2.0,,,,,,,1.0,,3.0,1.0,2.0,2.0,2.0,1.0,1.0,1.0,2.0,1.0,2.0,2.0,1.0,1.0,2.0,1.0,1.0,1.0,2.0,2.0,2.0,2.0,3.0,,,1.0,1.0,,,,,,1.0,,,,1.0,,,,,,,,,5.0,8.0,8.0,6.0,7.0,5.0,8.0,0.0,6.0,3.0,6.0,6.0,3.0,8.0,9.0,6.0,3.0,1.0,3.0,,58.0,,1.0,,,,,,,3.0,2.0,3.0,12.0,10.0,0.6800792751877557
640.0,1.0,52.0,4.0,5.0,1.0,16.0,3.0,3.0,7.0,1.0,,,,,1.0,,,,,,1.0,,,,,,,,1.0,,,,,,4.0,3.0,6.0,,1.0,1.0,2.0,2.0,2.0,1.0,1.0,3.0,3.0,1.0,1.0,1.0,1.0,3.0,2.0,3.0,2.0,3.0,2.0,3.0,3.0,4.0,1.0,3.0,3.0,6.0,7.0,4.0,9.0,5.0,5.0,0.0,5.0,5.0,5.0,6.0,5.0,1.0,1.0,1.0,1.0,1.0,1.0,1.0,4.0,,,,,,,,,,,,,,,1.0,2.0,3.0,1.0,5.0,2.0,,4.0,,,,,,1.0,5.0,3.0,4.0,3.0,2.0,0.0,8.0,2.0,5.0,2.0,5.0,5.0,0.0,8.0,5.0,8.0,0.0,6.0,5.0,5.0,5.0,0.0,2.0,8.0,6.0,4.0,,,,,,,,1.0,8.0,8.0,8.0,8.0,8.0,8.0,8.0,8.0,8.0,4.0,4.0,4.0,4.0,1.0,,,,,,,,1.0,1.0,1.0,3.0,3.0,3.0,3.0,3.0,3.0,3.0,3.0,3.0,3.0,3.0,3.0,3.0,3.0,2.0,2.0,2.0,2.0,2.0,2.0,2.0,1.0,1.0,,,,,,1.0,1.0,1.0,1.0,,,,1.0,,,,1.0,1.0,,,4.0,10.0,0.0,0.0,0.0,0.0,10.0,10.0,0.0,5.0,5.0,0.0,5.0,0.0,0.0,0.0,3.0,5.0,2.0,13.0,,1.0,,,,,,,,3.0,3.0,3.0,13.0,12.0,1.5417615553415516
641.0,2.0,53.0,4.0,3.0,2.0,16.0,7.0,1.0,5.0,1.0,,,,,,1.0,,1.0,,1.0,,,,,,,,,,,,,,,3.0,3.0,2.0,2.0,3.0,2.0,3.0,3.0,3.0,3.0,1.0,3.0,3.0,3.0,1.0,1.0,3.0,3.0,2.0,3.0,2.0,4.0,3.0,3.0,2.0,5.0,3.0,4.0,5.0,1.0,1.0,5.0,7.0,4.0,3.0,0.0,4.0,5.0,5.0,5.0,0.0,1.0,1.0,1.0,3.0,1.0,1.0,1.0,3.0,,,,,,1.0,1.0,,,,1.0,,,,,2.0,4.0,1.0,5.0,2.0,,4.0,1.0,1.0,,,,,4.0,3.0,0.0,3.0,0.0,0.0,3.0,0.0,0.0,0.0,0.0,3.0,0.0,4.0,0.0,5.0,0.0,0.0,4.0,0.0,4.0,0.0,5.0,2.0,1.0,1.0,,,,,,,,1.0,7.0,7.0,7.0,7.0,7.0,7.0,7.0,7.0,7.0,5.0,4.0,4.0,4.0,1.0,,1.0,1.0,1.0,1.0,,,,1.0,4.0,3.0,3.0,3.0,3.0,3.0,3.0,3.0,3.0,3.0,3.0,3.0,3.0,3.0,3.0,2.0,2.0,2.0,2.0,2.0,1.0,1.0,,1.0,,,,1.0,,,,1.0,,,,,,,,,,1.0,,,8.0,8.0,0.0,0.0,4.0,0.0,8.0,10.0,0.0,10.0,10.0,0.0,5.0,0.0,0.0,0.0,8.0,4.0,1.0,,,,,,1.0,,,,,3.0,3.0,3.0,7.0,6.0,0.5942222861235079
642.0,2.0,65.0,6.0,5.0,2.0,16.0,4.0,6.0,4.0,1.0,,,,1.0,,,,,,,,,,,,,1.0,,,,1.0,,,,2.0,2.0,11.0,4.0,3.0,3.0,3.0,3.0,3.0,3.0,3.0,3.0,3.0,3.0,3.0,3.0,3.0,4.0,4.0,4.0,4.0,4.0,4.0,4.0,3.0,6.0,8.0,7.0,8.0,3.0,5.0,6.0,7.0,6.0,5.0,7.0,7.0,7.0,6.0,5.0,6.0,2.0,1.0,1.0,3.0,1.0,2.0,1.0,5.0,1.0,,,,,1.0,,,,,,,,1.0,,3.0,4.0,3.0,4.0,2.0,,4.0,1.0,1.0,,,,,2.0,2.0,4.0,7.0,7.0,3.0,5.0,7.0,6.0,5.0,5.0,6.0,4.0,7.0,7.0,3.0,4.0,5.0,3.0,4.0,7.0,4.0,5.0,3.0,3.0,3.0,,1.0,,1.0,,,1.0,,5.0,1.0,1.0,1.0,5.0,1.0,3.0,5.0,1.0,3.0,3.0,3.0,3.0,1.0,,1.0,,,,1.0,1.0,,1.0,1.0,2.0,2.0,1.0,2.0,1.0,1.0,2.0,1.0,3.0,1.0,1.0,2.0,1.0,3.0,1.0,1.0,1.0,3.0,2.0,1.0,2.0,,1.0,,,,1.0,,,1.0,,1.0,,,,1.0,,,,,1.0,,,3.0,7.0,5.0,4.0,3.0,4.0,10.0,10.0,5.0,8.0,10.0,6.0,6.0,7.0,1.0,0.0,5.0,4.0,1.0,,,,1.0,,,,,,,3.0,3.0,3.0,1.0,3.0,1.8480687009804735
643.0,1.0,71.0,6.0,5.0,2.0,16.0,4.0,2.0,4.0,1.0,,,,,,,,,,,,,,,,,1.0,,,1.0,1.0,,,,2.0,2.0,4.0,,3.0,1.0,3.0,2.0,3.0,3.0,3.0,3.0,3.0,1.0,3.0,3.0,1.0,3.0,1.0,4.0,2.0,4.0,2.0,2.0,4.0,7.0,7.0,7.0,3.0,4.0,4.0,6.0,7.0,7.0,5.0,5.0,6.0,5.0,6.0,5.0,3.0,2.0,1.0,1.0,1.0,2.0,2.0,2.0,3.0,,,1.0,,,1.0,,,,,,,,1.0,,3.0,5.0,2.0,4.0,2.0,,3.0,1.0,,,,,,3.0,2.0,6.0,6.0,5.0,0.0,3.0,6.0,6.0,5.0,5.0,5.0,2.0,7.0,7.0,3.0,3.0,5.0,4.0,4.0,6.0,4.0,4.0,4.0,3.0,3.0,,,,1.0,,,,,8.0,1.0,1.0,3.0,3.0,1.0,3.0,2.0,2.0,3.0,3.0,3.0,2.0,1.0,,,,,,1.0,1.0,,1.0,2.0,2.0,3.0,1.0,3.0,1.0,1.0,3.0,1.0,1.0,1.0,1.0,2.0,3.0,1.0,2.0,1.0,1.0,1.0,3.0,2.0,2.0,,,1.0,,,1.0,1.0,,1.0,1.0,1.0,,,,1.0,,,,,,,,4.0,5.0,2.0,5.0,3.0,3.0,8.0,10.0,3.0,7.0,10.0,4.0,4.0,3.0,1.0,0.0,4.0,4.0,2.0,7.0,,1.0,,,,,,,,2.0,2.0,2.0,11.0,3.0,0.67795021938502
644.0,2.0,45.0,4.0,5.0,1.0,16.0,6.0,1.0,1.0,1.0,,,,,,1.0,,,,,,,,,,,1.0,,,1.0,,,,,3.0,3.0,2.0,4.0,3.0,1.0,3.0,3.0,3.0,3.0,3.0,3.0,3.0,3.0,3.0,3.0,3.0,2.0,2.0,3.0,2.0,3.0,2.0,3.0,3.0,4.0,5.0,5.0,3.0,5.0,2.0,5.0,5.0,5.0,3.0,5.0,2.0,4.0,4.0,5.0,4.0,1.0,1.0,3.0,1.0,3.0,1.0,1.0,4.0,1.0,,,,1.0,,,,1.0,,,,,,,2.0,3.0,1.0,3.0,2.0,,3.0,1.0,1.0,,,,,3.0,2.0,1.0,8.0,0.0,5.0,6.0,3.0,0.0,7.0,5.0,4.0,6.0,5.0,7.0,2.0,4.0,5.0,4.0,4.0,4.0,0.0,5.0,5.0,4.0,1.0,,1.0,,1.0,,,,,1.0,1.0,1.0,1.0,1.0,1.0,1.0,1.0,1.0,4.0,2.0,2.0,2.0,2.0,,1.0,,1.0,1.0,,,,2.0,3.0,1.0,3.0,3.0,2.0,2.0,2.0,3.0,1.0,1.0,1.0,1.0,3.0,3.0,2.0,2.0,2.0,2.0,2.0,2.0,1.0,1.0,,,,1.0,1.0,,1.0,1.0,,,,,,1.0,1.0,,,,,,,,6.0,6.0,0.0,0.0,0.0,0.0,6.0,7.0,6.0,7.0,10.0,3.0,4.0,6.0,5.0,0.0,8.0,1.0,1.0,,,,1.0,,,1.0,,,,2.0,2.0,2.0,1.0,1.0,1.3767667604284533
645.0,2.0,56.0,5.0,1.0,2.0,16.0,4.0,1.0,4.0,1.0,,,,,,,,1.0,,1.0,,1.0,,,,,,,,,,,,,2.0,3.0,2.0,3.0,3.0,2.0,3.0,3.0,3.0,3.0,3.0,3.0,3.0,3.0,3.0,3.0,2.0,2.0,3.0,2.0,2.0,3.0,3.0,4.0,2.0,8.0,8.0,7.0,7.0,6.0,1.0,7.0,8.0,7.0,7.0,8.0,4.0,7.0,5.0,8.0,8.0,1.0,3.0,3.0,3.0,1.0,1.0,3.0,2.0,,,1.0,,,1.0,1.0,,,,,,,,,1.0,2.0,2.0,2.0,2.0,,3.0,,,,,,1.0,2.0,3.0,8.0,9.0,3.0,8.0,8.0,6.0,4.0,7.0,8.0,7.0,7.0,8.0,8.0,8.0,2.0,7.0,5.0,7.0,8.0,6.0,2.0,7.0,3.0,3.0,,,,1.0,,,,,1.0,1.0,1.0,6.0,1.0,1.0,1.0,8.0,2.0,4.0,4.0,4.0,2.0,1.0,,,,1.0,,,,,1.0,4.0,3.0,2.0,2.0,1.0,3.0,2.0,2.0,1.0,3.0,1.0,1.0,2.0,3.0,3.0,1.0,1.0,1.0,1.0,3.0,1.0,2.0,1.0,,,1.0,,,,,,,1.0,,,,1.0,,,,1.0,,,,5.0,6.0,0.0,3.0,1.0,1.0,8.0,10.0,7.0,10.0,10.0,5.0,8.0,3.0,5.0,0.0,5.0,1.0,1.0,,,,1.0,,,1.0,,,,3.0,3.0,3.0,6.0,5.0,1.240645197558156
646.0,1.0,47.0,4.0,1.0,3.0,16.0,4.0,1.0,1.0,2.0,,,,,,1.0,,,,,,,,,,,1.0,,,,1.0,,,,2.0,2.0,2.0,3.0,1.0,1.0,3.0,3.0,3.0,3.0,1.0,2.0,3.0,3.0,3.0,3.0,2.0,3.0,2.0,2.0,2.0,3.0,2.0,2.0,2.0,1.0,5.0,7.0,7.0,4.0,4.0,3.0,5.0,3.0,1.0,5.0,3.0,8.0,7.0,5.0,3.0,2.0,2.0,1.0,1.0,2.0,2.0,2.0,4.0,,,1.0,,,,,,,,1.0,,,1.0,,3.0,2.0,3.0,3.0,2.0,,1.0,1.0,1.0,1.0,,,,2.0,2.0,2.0,7.0,1.0,0.0,2.0,4.0,5.0,5.0,6.0,8.0,3.0,6.0,5.0,2.0,6.0,4.0,1.0,1.0,7.0,7.0,5.0,3.0,5.0,2.0,1.0,,1.0,1.0,,,,,2.0,2.0,2.0,2.0,2.0,2.0,2.0,2.0,2.0,1.0,2.0,2.0,3.0,3.0,,,1.0,,,1.0,1.0,,2.0,3.0,3.0,3.0,1.0,2.0,1.0,1.0,2.0,1.0,3.0,3.0,1.0,2.0,1.0,3.0,1.0,1.0,1.0,1.0,1.0,1.0,1.0,1.0,,1.0,,,,,,1.0,1.0,,,,,,,,1.0,1.0,1.0,,,1.0,7.0,1.0,3.0,1.0,1.0,9.0,10.0,9.0,9.0,10.0,2.0,6.0,6.0,0.0,0.0,6.0,1.0,1.0,,,,1.0,,,1.0,,,,1.0,1.0,1.0,2.0,2.0,2.000010909748193
647.0,2.0,59.0,5.0,5.0,2.0,16.0,3.0,1.0,4.0,1.0,1.0,,,1.0,,,,,,,,,,,,,,,,,1.0,,,,3.0,3.0,2.0,3.0,3.0,3.0,3.0,3.0,3.0,3.0,3.0,3.0,3.0,3.0,3.0,3.0,3.0,4.0,4.0,4.0,3.0,4.0,4.0,4.0,2.0,7.0,5.0,6.0,4.0,3.0,5.0,5.0,5.0,5.0,3.0,3.0,5.0,4.0,6.0,5.0,5.0,2.0,2.0,2.0,2.0,2.0,2.0,2.0,3.0,,,,1.0,,,,,1.0,,,1.0,,,,4.0,4.0,5.0,4.0,2.0,,4.0,1.0,,,,,,4.0,3.0,4.0,4.0,3.0,1.0,5.0,3.0,3.0,3.0,2.0,3.0,0.0,4.0,5.0,3.0,1.0,3.0,3.0,3.0,5.0,3.0,4.0,2.0,6.0,2.0,,,,,,,1.0,,8.0,8.0,8.0,8.0,8.0,8.0,8.0,8.0,8.0,2.0,5.0,4.0,4.0,1.0,,,,,,,,1.0,1.0,3.0,3.0,3.0,3.0,3.0,3.0,3.0,3.0,3.0,3.0,3.0,3.0,3.0,3.0,3.0,5.0,5.0,5.0,5.0,5.0,1.0,2.0,1.0,1.0,,,,,,,1.0,1.0,,,,,,,,,,1.0,,,99.0,99.0,99.0,99.0,99.0,99.0,99.0,99.0,0.0,99.0,99.0,99.0,99.0,99.0,99.0,99.0,3.0,5.0,1.0,,,,1.0,,,,,,,3.0,3.0,3.0,11.0,10.0,0.48738954746190155
648.0,2.0,19.0,1.0,1.0,2.0,16.0,4.0,3.0,2.0,1.0,1.0,,,,,,,,,,,,,,,1.0,,,,,1.0,,,,3.0,2.0,8.0,,3.0,1.0,3.0,2.0,3.0,3.0,1.0,3.0,3.0,1.0,1.0,1.0,2.0,1.0,1.0,4.0,1.0,1.0,1.0,1.0,1.0,5.0,1.0,5.0,3.0,3.0,6.0,2.0,6.0,5.0,1.0,4.0,99.0,3.0,3.0,5.0,2.0,2.0,1.0,1.0,2.0,3.0,1.0,3.0,4.0,,,1.0,1.0,,,,,,1.0,,,,,,2.0,5.0,1.0,2.0,1.0,1.0,5.0,1.0,,,,,,3.0,2.0,7.0,7.0,3.0,0.0,9.0,2.0,5.0,6.0,5.0,5.0,5.0,6.0,9.0,5.0,5.0,4.0,5.0,5.0,5.0,5.0,2.0,7.0,2.0,5.0,,,1.0,1.0,,1.0,1.0,,8.0,8.0,8.0,7.0,7.0,8.0,8.0,8.0,8.0,5.0,5.0,5.0,2.0,2.0,,,,,,,,1.0,1.0,2.0,3.0,3.0,3.0,3.0,3.0,3.0,3.0,1.0,3.0,3.0,3.0,3.0,3.0,3.0,1.0,1.0,2.0,1.0,2.0,1.0,1.0,1.0,,,,,1.0,,,1.0,1.0,1.0,,,,1.0,,,,1.0,1.0,,,99.0,99.0,99.0,99.0,99.0,99.0,99.0,99.0,8.0,99.0,99.0,99.0,99.0,99.0,99.0,99.0,5.0,1.0,1.0,,,,,1.0,1.0,,1.0,,,1.0,1.0,1.0,11.0,10.0,1.3018521404127112
649.0,1.0,51.0,4.0,3.0,2.0,16.0,4.0,1.0,3.0,1.0,,,1.0,,,,,,,1.0,1.0,,,,,,,,,,,,,,5.0,3.0,2.0,2.0,2.0,2.0,2.0,3.0,4.0,2.0,2.0,4.0,3.0,2.0,3.0,1.0,3.0,2.0,3.0,2.0,2.0,2.0,3.0,1.0,2.0,6.0,6.0,5.0,6.0,7.0,7.0,6.0,7.0,7.0,7.0,6.0,5.0,6.0,7.0,7.0,5.0,3.0,3.0,3.0,3.0,3.0,3.0,3.0,4.0,,,,,,,1.0,,,1.0,1.0,,,,,1.0,4.0,1.0,1.0,2.0,,1.0,1.0,1.0,,,,,4.0,3.0,4.0,6.0,2.0,3.0,3.0,4.0,2.0,2.0,5.0,4.0,4.0,3.0,2.0,2.0,2.0,2.0,7.0,2.0,3.0,3.0,3.0,2.0,2.0,1.0,1.0,,,,1.0,,1.0,,8.0,8.0,8.0,8.0,8.0,8.0,8.0,8.0,8.0,3.0,3.0,4.0,3.0,2.0,,,1.0,,,1.0,,,3.0,2.0,3.0,3.0,3.0,3.0,3.0,3.0,3.0,3.0,3.0,3.0,3.0,3.0,3.0,3.0,2.0,2.0,2.0,2.0,1.0,1.0,1.0,,1.0,,,,1.0,1.0,,,,1.0,,,,,,1.0,,,,,,99.0,99.0,99.0,99.0,99.0,99.0,99.0,99.0,99.0,99.0,99.0,99.0,99.0,99.0,99.0,99.0,5.0,1.0,1.0,,,,1.0,,1.0,,,,,2.0,2.0,2.0,3.0,3.0,0.5261351123954906
650.0,1.0,45.0,4.0,3.0,2.0,16.0,5.0,1.0,5.0,1.0,,,,,,,,1.0,,1.0,,,,,,,,,,,1.0,,,,2.0,3.0,2.0,4.0,3.0,3.0,3.0,3.0,3.0,3.0,3.0,3.0,3.0,3.0,3.0,3.0,3.0,3.0,3.0,3.0,3.0,3.0,4.0,3.0,4.0,5.0,1.0,2.0,2.0,5.0,3.0,0.0,6.0,5.0,1.0,0.0,6.0,0.0,5.0,6.0,5.0,2.0,2.0,2.0,2.0,2.0,2.0,1.0,4.0,,1.0,,,,1.0,1.0,,,,,,,,,2.0,1.0,1.0,3.0,1.0,4.0,4.0,,,,,1.0,,3.0,3.0,4.0,5.0,0.0,1.0,9.0,1.0,0.0,4.0,0.0,3.0,3.0,5.0,6.0,4.0,2.0,3.0,4.0,4.0,10.0,1.0,1.0,7.0,2.0,1.0,,,,,,,,1.0,7.0,7.0,7.0,7.0,7.0,1.0,7.0,7.0,7.0,4.0,4.0,4.0,1.0,1.0,,1.0,1.0,1.0,1.0,,,,1.0,2.0,1.0,2.0,2.0,1.0,2.0,1.0,1.0,2.0,1.0,2.0,2.0,1.0,2.0,2.0,1.0,1.0,3.0,3.0,4.0,4.0,4.0,1.0,,,,,1.0,,,,,,,1.0,1.0,1.0,,,,,,,,6.0,6.0,3.0,4.0,3.0,3.0,6.0,7.0,0.0,8.0,8.0,2.0,3.0,0.0,0.0,0.0,6.0,5.0,1.0,,,1.0,,,,,,,,1.0,1.0,1.0,7.0,6.0,0.577459140519932
651.0,1.0,37.0,3.0,5.0,2.0,16.0,8.0,1.0,1.0,1.0,,,,,,,,1.0,,1.0,,,,,,,1.0,,,,,,,,2.0,2.0,3.0,3.0,2.0,2.0,3.0,2.0,1.0,2.0,2.0,3.0,3.0,2.0,3.0,3.0,2.0,4.0,2.0,3.0,2.0,3.0,1.0,1.0,2.0,6.0,2.0,3.0,6.0,4.0,2.0,6.0,8.0,6.0,3.0,2.0,8.0,5.0,6.0,5.0,5.0,2.0,1.0,1.0,1.0,1.0,2.0,1.0,3.0,,1.0,,,,1.0,,,,,,,1.0,,,3.0,2.0,2.0,2.0,1.0,1.0,3.0,,,,,,1.0,3.0,2.0,5.0,5.0,5.0,5.0,6.0,5.0,4.0,5.0,5.0,5.0,6.0,6.0,6.0,5.0,4.0,5.0,5.0,4.0,7.0,4.0,3.0,5.0,3.0,3.0,,,,,,,,1.0,1.0,1.0,6.0,7.0,7.0,1.0,1.0,3.0,6.0,4.0,3.0,3.0,2.0,1.0,,1.0,,1.0,,,,,1.0,3.0,2.0,1.0,1.0,1.0,1.0,1.0,2.0,3.0,3.0,1.0,2.0,2.0,1.0,1.0,2.0,2.0,2.0,2.0,1.0,1.0,1.0,1.0,,,,,1.0,1.0,1.0,,1.0,,,,1.0,1.0,,,,,1.0,,,6.0,6.0,1.0,5.0,0.0,1.0,7.0,8.0,5.0,8.0,10.0,3.0,3.0,2.0,2.0,0.0,8.0,1.0,1.0,,,,1.0,,,1.0,,,,2.0,2.0,2.0,11.0,10.0,1.3248929201178254
652.0,2.0,48.0,4.0,5.0,2.0,16.0,4.0,1.0,4.0,1.0,,,,,,,,,,1.0,,,,,,1.0,,,,,1.0,,,,3.0,2.0,2.0,4.0,3.0,3.0,3.0,3.0,3.0,3.0,3.0,3.0,3.0,3.0,3.0,3.0,3.0,3.0,3.0,4.0,3.0,3.0,3.0,4.0,4.0,4.0,4.0,6.0,3.0,3.0,1.0,3.0,5.0,2.0,3.0,5.0,3.0,3.0,5.0,4.0,2.0,1.0,1.0,1.0,1.0,1.0,1.0,3.0,4.0,1.0,,,,,,1.0,,1.0,,,,,,,3.0,4.0,1.0,4.0,2.0,,2.0,1.0,1.0,,,,,3.0,2.0,5.0,5.0,1.0,0.0,5.0,3.0,5.0,3.0,1.0,1.0,1.0,5.0,5.0,3.0,1.0,2.0,1.0,1.0,4.0,3.0,3.0,2.0,4.0,3.0,,1.0,,1.0,,,1.0,,8.0,1.0,1.0,1.0,1.0,1.0,1.0,8.0,8.0,2.0,3.0,3.0,3.0,1.0,,1.0,,,1.0,1.0,1.0,,1.0,3.0,2.0,2.0,1.0,3.0,3.0,3.0,3.0,3.0,3.0,1.0,3.0,2.0,3.0,3.0,1.0,1.0,1.0,3.0,5.0,2.0,1.0,,,1.0,1.0,,,,,1.0,1.0,1.0,,,,1.0,,,,1.0,,,,3.0,2.0,0.0,4.0,3.0,5.0,10.0,10.0,7.0,8.0,10.0,5.0,5.0,5.0,0.0,0.0,5.0,1.0,1.0,,,,1.0,,,,,,,2.0,2.0,2.0,1.0,1.0,0.3915612359017463
653.0,1.0,62.0,5.0,3.0,2.0,16.0,4.0,3.0,7.0,1.0,,,,,,1.0,,,,,,,1.0,,,,1.0,,,,,,,,2.0,2.0,6.0,,3.0,1.0,3.0,3.0,3.0,3.0,3.0,3.0,3.0,1.0,1.0,3.0,1.0,4.0,4.0,4.0,4.0,4.0,4.0,4.0,4.0,0.0,7.0,6.0,6.0,0.0,6.0,6.0,7.0,3.0,0.0,7.0,4.0,6.0,7.0,6.0,2.0,2.0,2.0,3.0,3.0,2.0,2.0,2.0,4.0,1.0,,,,,,,1.0,,,,,,1.0,,4.0,4.0,4.0,4.0,2.0,,4.0,1.0,,,,,,2.0,2.0,4.0,6.0,4.0,0.0,0.0,4.0,8.0,6.0,8.0,7.0,0.0,6.0,0.0,6.0,0.0,9.0,0.0,0.0,2.0,9.0,0.0,0.0,5.0,1.0,,,,1.0,1.0,1.0,1.0,,4.0,4.0,4.0,4.0,4.0,4.0,4.0,4.0,4.0,1.0,1.0,1.0,4.0,3.0,1.0,,1.0,,1.0,1.0,1.0,,2.0,2.0,2.0,2.0,1.0,3.0,1.0,1.0,1.0,1.0,1.0,3.0,1.0,2.0,3.0,3.0,2.0,3.0,3.0,3.0,4.0,1.0,1.0,,1.0,1.0,,,,,,1.0,1.0,1.0,,,,,,1.0,1.0,1.0,,,,2.0,7.0,2.0,6.0,2.0,4.0,7.0,10.0,5.0,6.0,10.0,2.0,7.0,4.0,2.0,0.0,6.0,5.0,1.0,,,1.0,,,,,,,,3.0,3.0,3.0,4.0,4.0,1.7627770643446785
654.0,2.0,52.0,4.0,4.0,2.0,16.0,5.0,1.0,2.0,2.0,,,,,,1.0,,,,,1.0,,,1.0,,,,,,,,,,,3.0,2.0,2.0,3.0,2.0,1.0,3.0,3.0,3.0,1.0,3.0,3.0,3.0,2.0,3.0,3.0,2.0,2.0,1.0,2.0,2.0,3.0,3.0,2.0,1.0,6.0,5.0,6.0,4.0,3.0,5.0,5.0,4.0,5.0,4.0,5.0,5.0,4.0,7.0,5.0,5.0,1.0,1.0,3.0,1.0,1.0,1.0,3.0,3.0,,,1.0,,1.0,,,,,1.0,,,,,,4.0,4.0,3.0,3.0,1.0,2.0,3.0,1.0,,1.0,,,,3.0,2.0,4.0,5.0,4.0,0.0,5.0,6.0,6.0,4.0,4.0,4.0,0.0,5.0,5.0,4.0,0.0,4.0,0.0,4.0,7.0,5.0,4.0,3.0,4.0,3.0,,,,1.0,,,,,2.0,5.0,4.0,4.0,3.0,2.0,2.0,4.0,4.0,3.0,3.0,2.0,3.0,3.0,,,,,,1.0,1.0,,1.0,2.0,2.0,2.0,1.0,3.0,2.0,2.0,2.0,3.0,3.0,1.0,3.0,2.0,1.0,2.0,2.0,3.0,2.0,2.0,4.0,2.0,2.0,1.0,,,,,1.0,,1.0,,,1.0,,,,,1.0,,1.0,,,,,4.0,7.0,3.0,4.0,4.0,5.0,8.0,10.0,5.0,7.0,4.0,5.0,5.0,4.0,7.0,9.0,7.0,5.0,1.0,,,,1.0,,,,,,,1.0,2.0,2.0,5.0,3.0,0.532508843378762
655.0,1.0,25.0,2.0,3.0,3.0,16.0,6.0,1.0,4.0,1.0,1.0,,1.0,,,,,,,,,,,,,,,,,1.0,,,,,2.0,2.0,2.0,3.0,2.0,1.0,2.0,1.0,3.0,2.0,3.0,3.0,3.0,1.0,2.0,3.0,2.0,1.0,3.0,2.0,1.0,3.0,1.0,2.0,1.0,7.0,7.0,4.0,2.0,5.0,6.0,3.0,7.0,5.0,0.0,3.0,7.0,4.0,3.0,6.0,3.0,2.0,2.0,2.0,1.0,1.0,2.0,2.0,4.0,,,,,,1.0,,,,1.0,1.0,,,,,2.0,3.0,2.0,3.0,1.0,2.0,2.0,,,1.0,1.0,1.0,,3.0,1.0,6.0,8.0,3.0,1.0,5.0,7.0,7.0,5.0,3.0,5.0,2.0,7.0,8.0,6.0,1.0,4.0,4.0,4.0,4.0,6.0,4.0,3.0,4.0,2.0,,,1.0,1.0,1.0,1.0,,,2.0,2.0,3.0,3.0,7.0,2.0,2.0,3.0,6.0,2.0,3.0,3.0,1.0,2.0,,,,,1.0,1.0,1.0,,2.0,3.0,2.0,3.0,1.0,1.0,2.0,3.0,1.0,1.0,3.0,1.0,1.0,2.0,2.0,2.0,1.0,1.0,2.0,2.0,2.0,3.0,1.0,,1.0,1.0,,,,,1.0,1.0,1.0,1.0,,,,1.0,1.0,1.0,,,1.0,,,5.0,5.0,3.0,5.0,1.0,1.0,8.0,10.0,6.0,6.0,5.0,5.0,7.0,4.0,4.0,4.0,8.0,5.0,1.0,,,,1.0,,,,,,,1.0,2.0,2.0,2.0,3.0,1.745629565205242
656.0,2.0,22.0,1.0,2.0,3.0,16.0,4.0,4.0,6.0,1.0,,,,,,,,,,,,,,,,,1.0,,,,,,,,2.0,2.0,6.0,,2.0,1.0,3.0,3.0,3.0,1.0,1.0,3.0,3.0,1.0,3.0,3.0,3.0,4.0,4.0,4.0,3.0,4.0,3.0,4.0,2.0,7.0,7.0,9.0,6.0,8.0,8.0,9.0,5.0,9.0,4.0,10.0,9.0,8.0,8.0,9.0,9.0,2.0,2.0,2.0,1.0,1.0,2.0,2.0,3.0,,,1.0,,,,,1.0,,1.0,,,,,,1.0,2.0,2.0,3.0,2.0,,4.0,1.0,,,,,,2.0,2.0,9.0,9.0,8.0,7.0,9.0,8.0,5.0,10.0,5.0,8.0,8.0,7.0,6.0,5.0,7.0,6.0,9.0,5.0,4.0,7.0,3.0,8.0,4.0,1.0,,,,1.0,,,,,3.0,3.0,3.0,3.0,3.0,3.0,3.0,3.0,3.0,2.0,2.0,3.0,3.0,1.0,,,,,,,1.0,,1.0,2.0,3.0,3.0,1.0,3.0,3.0,3.0,3.0,1.0,1.0,1.0,3.0,2.0,3.0,3.0,5.0,2.0,3.0,3.0,2.0,5.0,4.0,1.0,,,,,1.0,,1.0,,1.0,,,,,,1.0,,,1.0,,,,4.0,5.0,3.0,8.0,8.0,9.0,9.0,8.0,1.0,7.0,8.0,3.0,7.0,7.0,6.0,8.0,3.0,6.0,3.0,,117.0,,1.0,,,,,,,2.0,2.0,2.0,6.0,3.0,1.2064134479892332
657.0,1.0,63.0,5.0,4.0,3.0,16.0,6.0,1.0,4.0,1.0,,,,,,1.0,,,,,,,,,,1.0,1.0,,,,,,,,2.0,2.0,3.0,4.0,3.0,3.0,3.0,3.0,3.0,3.0,3.0,3.0,3.0,3.0,3.0,3.0,3.0,3.0,2.0,3.0,2.0,4.0,4.0,4.0,3.0,1.0,1.0,6.0,7.0,3.0,0.0,4.0,5.0,8.0,1.0,4.0,0.0,7.0,5.0,4.0,99.0,1.0,1.0,1.0,1.0,1.0,1.0,1.0,4.0,1.0,,,,,1.0,,,,,,,,1.0,,4.0,4.0,4.0,3.0,2.0,,3.0,1.0,1.0,,,,,2.0,2.0,2.0,2.0,2.0,0.0,0.0,2.0,3.0,7.0,3.0,7.0,1.0,7.0,4.0,6.0,0.0,0.0,1.0,0.0,9.0,0.0,3.0,6.0,3.0,3.0,,,,1.0,,,1.0,,1.0,1.0,3.0,3.0,3.0,1.0,3.0,3.0,3.0,3.0,3.0,3.0,3.0,2.0,,1.0,,,,,1.0,,1.0,3.0,3.0,2.0,3.0,3.0,3.0,3.0,3.0,3.0,3.0,3.0,3.0,3.0,3.0,3.0,1.0,1.0,1.0,1.0,2.0,3.0,2.0,,1.0,,,,1.0,,,1.0,1.0,,,,,1.0,,1.0,,1.0,,,,4.0,8.0,0.0,4.0,4.0,4.0,9.0,10.0,2.0,10.0,10.0,1.0,9.0,1.0,0.0,0.0,8.0,1.0,1.0,,,,1.0,,,,,,,3.0,3.0,3.0,13.0,12.0,0.8175950351518438
658.0,1.0,51.0,4.0,1.0,2.0,16.0,4.0,1.0,2.0,1.0,,,,,,1.0,,,,,,,,,,,1.0,,,,1.0,,,,2.0,2.0,2.0,3.0,3.0,3.0,3.0,3.0,3.0,3.0,3.0,3.0,3.0,3.0,3.0,3.0,3.0,2.0,3.0,4.0,2.0,3.0,3.0,3.0,3.0,2.0,4.0,7.0,3.0,2.0,1.0,2.0,6.0,3.0,1.0,1.0,3.0,6.0,4.0,2.0,3.0,2.0,1.0,1.0,3.0,1.0,2.0,1.0,4.0,1.0,,,,,1.0,,,,,,,,1.0,,3.0,3.0,3.0,3.0,2.0,,3.0,1.0,1.0,,1.0,,,3.0,2.0,2.0,3.0,0.0,0.0,3.0,2.0,2.0,1.0,2.0,4.0,0.0,5.0,1.0,0.0,1.0,2.0,0.0,1.0,4.0,2.0,2.0,0.0,4.0,3.0,,1.0,,1.0,1.0,1.0,1.0,,8.0,8.0,8.0,8.0,8.0,8.0,8.0,8.0,8.0,3.0,3.0,2.0,2.0,2.0,,1.0,,,,1.0,1.0,,1.0,3.0,3.0,2.0,3.0,2.0,3.0,3.0,3.0,3.0,2.0,3.0,3.0,2.0,3.0,2.0,1.0,1.0,1.0,1.0,1.0,1.0,1.0,,1.0,,,,1.0,,,,1.0,1.0,,,,1.0,1.0,1.0,1.0,1.0,1.0,,,4.0,8.0,1.0,5.0,2.0,2.0,10.0,10.0,5.0,7.0,10.0,3.0,3.0,4.0,1.0,0.0,6.0,1.0,1.0,,,,,,1.0,,,,,2.0,2.0,3.0,3.0,3.0,0.9332038165247465
659.0,1.0,50.0,4.0,1.0,1.0,16.0,4.0,1.0,4.0,1.0,,,1.0,,,,,,,,1.0,,,,,,1.0,,,,,,,,4.0,3.0,2.0,4.0,1.0,1.0,2.0,1.0,1.0,1.0,1.0,1.0,1.0,1.0,1.0,2.0,1.0,1.0,1.0,1.0,1.0,1.0,1.0,1.0,1.0,5.0,0.0,5.0,0.0,2.0,0.0,0.0,5.0,5.0,0.0,0.0,3.0,0.0,5.0,5.0,6.0,1.0,1.0,1.0,1.0,1.0,1.0,1.0,4.0,,,,,1.0,1.0,,,,,1.0,,,,,1.0,1.0,1.0,1.0,1.0,3.0,2.0,1.0,1.0,,,,,3.0,2.0,3.0,5.0,2.0,0.0,5.0,1.0,0.0,3.0,0.0,0.0,0.0,5.0,6.0,0.0,0.0,0.0,0.0,0.0,5.0,0.0,4.0,0.0,4.0,4.0,,,1.0,,1.0,,1.0,,1.0,1.0,1.0,7.0,1.0,1.0,1.0,1.0,1.0,4.0,2.0,4.0,4.0,2.0,,1.0,,1.0,,1.0,1.0,,1.0,2.0,2.0,1.0,2.0,1.0,1.0,1.0,2.0,1.0,2.0,1.0,1.0,2.0,1.0,1.0,2.0,2.0,2.0,2.0,1.0,1.0,1.0,1.0,,,,,1.0,1.0,1.0,1.0,1.0,1.0,,,1.0,1.0,1.0,1.0,1.0,1.0,1.0,,,5.0,7.0,0.0,3.0,0.0,0.0,0.0,5.0,7.0,3.0,0.0,0.0,0.0,0.0,0.0,0.0,6.0,3.0,1.0,,,,1.0,,,1.0,,,,1.0,1.0,1.0,1.0,1.0,1.5491352714664113
660.0,2.0,49.0,4.0,1.0,1.0,16.0,3.0,1.0,4.0,1.0,,,,,,,,,,,,,,,,1.0,1.0,,,,1.0,,,,3.0,2.0,2.0,4.0,1.0,1.0,3.0,3.0,3.0,3.0,1.0,3.0,3.0,1.0,3.0,3.0,1.0,3.0,3.0,4.0,3.0,4.0,3.0,3.0,3.0,5.0,8.0,8.0,5.0,6.0,6.0,6.0,7.0,5.0,5.0,5.0,7.0,5.0,8.0,5.0,6.0,2.0,1.0,1.0,1.0,1.0,2.0,1.0,4.0,1.0,,,,,,,1.0,1.0,,,,,,,4.0,4.0,2.0,3.0,2.0,,4.0,1.0,,,,,,3.0,2.0,4.0,5.0,0.0,0.0,6.0,4.0,5.0,1.0,3.0,2.0,0.0,6.0,4.0,5.0,0.0,1.0,1.0,4.0,5.0,2.0,2.0,5.0,3.0,3.0,,,,1.0,1.0,1.0,1.0,,8.0,8.0,8.0,8.0,8.0,8.0,8.0,8.0,8.0,4.0,4.0,4.0,4.0,1.0,,1.0,,,,1.0,1.0,,1.0,4.0,2.0,2.0,1.0,2.0,3.0,2.0,3.0,1.0,3.0,3.0,3.0,2.0,2.0,2.0,2.0,2.0,2.0,2.0,2.0,1.0,1.0,1.0,,1.0,,,,,,,1.0,1.0,,,,,,1.0,1.0,1.0,,,,99.0,2.0,0.0,3.0,5.0,7.0,9.0,10.0,99.0,10.0,7.0,3.0,4.0,2.0,0.0,0.0,3.0,1.0,1.0,,,,1.0,,,1.0,,,,2.0,2.0,2.0,12.0,11.0,1.594105345179062
661.0,2.0,69.0,6.0,2.0,3.0,16.0,3.0,2.0,5.0,1.0,,,,,,1.0,,1.0,,,,,,,,,1.0,,,,,,,,3.0,2.0,4.0,,3.0,3.0,3.0,3.0,3.0,3.0,3.0,3.0,3.0,3.0,3.0,3.0,3.0,4.0,4.0,4.0,3.0,4.0,4.0,3.0,3.0,7.0,6.0,5.0,6.0,6.0,5.0,5.0,8.0,6.0,5.0,7.0,6.0,6.0,7.0,6.0,7.0,2.0,2.0,1.0,1.0,1.0,2.0,1.0,3.0,,,,,,1.0,,1.0,1.0,,,,,,,3.0,3.0,2.0,3.0,1.0,4.0,3.0,,1.0,,,,,2.0,2.0,6.0,6.0,3.0,3.0,4.0,4.0,3.0,4.0,4.0,5.0,3.0,6.0,7.0,4.0,4.0,4.0,4.0,2.0,7.0,3.0,4.0,4.0,3.0,3.0,,,,1.0,1.0,1.0,1.0,,8.0,8.0,8.0,8.0,8.0,8.0,8.0,8.0,8.0,4.0,2.0,2.0,2.0,2.0,,,,,,,,1.0,1.0,2.0,3.0,3.0,1.0,1.0,1.0,3.0,3.0,1.0,1.0,3.0,1.0,3.0,3.0,3.0,1.0,1.0,1.0,1.0,2.0,2.0,2.0,1.0,,,,,1.0,,,,1.0,1.0,,,,,,,1.0,1.0,,,,5.0,6.0,3.0,5.0,4.0,4.0,8.0,8.0,5.0,7.0,8.0,5.0,5.0,5.0,3.0,2.0,3.0,4.0,1.0,,,,1.0,,,,,,,2.0,2.0,2.0,10.0,9.0,2.0000726209015425
662.0,1.0,76.0,6.0,5.0,3.0,16.0,6.0,2.0,4.0,1.0,1.0,,,,,1.0,,,,,,,,,,,,,1.0,,,,,,3.0,2.0,4.0,,3.0,3.0,3.0,3.0,3.0,3.0,3.0,3.0,3.0,3.0,3.0,3.0,3.0,3.0,3.0,4.0,3.0,4.0,4.0,3.0,4.0,4.0,6.0,7.0,6.0,6.0,5.0,6.0,7.0,7.0,4.0,3.0,7.0,7.0,6.0,6.0,5.0,2.0,1.0,1.0,1.0,1.0,2.0,1.0,2.0,1.0,,,,1.0,,,,,,1.0,,,,,2.0,3.0,3.0,3.0,2.0,,3.0,1.0,1.0,,,,,3.0,2.0,5.0,5.0,3.0,5.0,7.0,2.0,7.0,5.0,6.0,6.0,5.0,7.0,7.0,7.0,2.0,5.0,5.0,4.0,6.0,3.0,6.0,6.0,3.0,3.0,,,,1.0,,,1.0,,1.0,1.0,3.0,6.0,6.0,1.0,6.0,3.0,3.0,4.0,3.0,3.0,1.0,1.0,,1.0,,1.0,1.0,,1.0,,1.0,3.0,1.0,2.0,3.0,3.0,3.0,1.0,3.0,1.0,1.0,1.0,1.0,3.0,3.0,2.0,2.0,2.0,2.0,3.0,3.0,1.0,1.0,1.0,,,,,1.0,,1.0,1.0,1.0,,,,,,1.0,1.0,,1.0,,,,6.0,5.0,1.0,4.0,1.0,1.0,7.0,9.0,2.0,10.0,10.0,6.0,4.0,4.0,4.0,0.0,8.0,4.0,1.0,,,,1.0,,,,,,,2.0,3.0,2.0,6.0,5.0,0.8795376329018724
663.0,1.0,52.0,4.0,5.0,1.0,16.0,4.0,1.0,1.0,1.0,,,,,,,,1.0,,1.0,1.0,,,,,,,,,,,,,,5.0,3.0,2.0,5.0,2.0,1.0,3.0,3.0,3.0,3.0,1.0,3.0,3.0,3.0,3.0,3.0,2.0,4.0,2.0,2.0,1.0,4.0,1.0,4.0,4.0,7.0,0.0,1.0,99.0,0.0,0.0,0.0,3.0,0.0,0.0,99.0,5.0,99.0,5.0,5.0,5.0,3.0,3.0,3.0,3.0,3.0,3.0,3.0,4.0,,1.0,,,,1.0,1.0,,,,,,,,,1.0,1.0,1.0,2.0,2.0,,4.0,,,,,,1.0,5.0,3.0,0.0,0.0,0.0,0.0,3.0,0.0,0.0,0.0,0.0,0.0,5.0,0.0,8.0,5.0,1.0,8.0,5.0,5.0,5.0,0.0,0.0,0.0,2.0,4.0,,,,,,,,1.0,7.0,7.0,7.0,7.0,7.0,7.0,7.0,7.0,7.0,4.0,4.0,4.0,4.0,1.0,1.0,1.0,1.0,1.0,1.0,1.0,,,1.0,4.0,1.0,2.0,2.0,1.0,1.0,1.0,1.0,1.0,1.0,1.0,1.0,1.0,3.0,2.0,3.0,3.0,3.0,3.0,5.0,4.0,4.0,1.0,,,1.0,,,,,,,,1.0,,,,,,,,,,1.0,6.0,10.0,0.0,0.0,0.0,0.0,4.0,6.0,3.0,10.0,10.0,0.0,0.0,0.0,0.0,0.0,5.0,1.0,1.0,,,,1.0,,,1.0,,,,3.0,3.0,3.0,7.0,6.0,1.3379278575360964
664.0,2.0,78.0,6.0,5.0,3.0,16.0,6.0,2.0,6.0,1.0,,,,,,,,1.0,,,,,,,,1.0,,,,,1.0,,,,3.0,3.0,4.0,,3.0,1.0,3.0,3.0,3.0,3.0,3.0,2.0,3.0,3.0,3.0,3.0,3.0,4.0,4.0,4.0,4.0,4.0,4.0,4.0,4.0,5.0,6.0,6.0,6.0,7.0,2.0,6.0,5.0,2.0,2.0,6.0,6.0,3.0,6.0,6.0,6.0,2.0,2.0,1.0,1.0,1.0,2.0,1.0,4.0,,,1.0,,,,,1.0,1.0,,,,,,,1.0,3.0,2.0,3.0,2.0,,2.0,,,,,1.0,,3.0,3.0,3.0,5.0,1.0,6.0,9.0,2.0,6.0,6.0,5.0,5.0,8.0,9.0,7.0,8.0,1.0,8.0,8.0,6.0,6.0,2.0,8.0,9.0,3.0,3.0,,,,,,1.0,1.0,,8.0,1.0,1.0,6.0,1.0,1.0,6.0,8.0,8.0,4.0,5.0,5.0,2.0,1.0,,1.0,1.0,1.0,1.0,,1.0,,2.0,2.0,1.0,2.0,1.0,1.0,3.0,3.0,3.0,1.0,1.0,1.0,3.0,3.0,2.0,2.0,2.0,2.0,2.0,3.0,5.0,1.0,1.0,,,,1.0,1.0,,,,1.0,,,,,,,,,,,,,1.0,5.0,5.0,0.0,2.0,0.0,1.0,5.0,0.0,6.0,8.0,5.0,2.0,2.0,0.0,5.0,0.0,7.0,1.0,1.0,,,1.0,,,,,,,,2.0,3.0,2.0,11.0,10.0,2.0000606853765586
665.0,1.0,27.0,2.0,3.0,2.0,16.0,4.0,1.0,3.0,1.0,,,,,1.0,,,1.0,,,,,,,,,,,,1.0,,,,,2.0,2.0,3.0,2.0,3.0,3.0,2.0,3.0,3.0,3.0,2.0,2.0,3.0,3.0,2.0,2.0,2.0,2.0,3.0,3.0,3.0,4.0,3.0,2.0,3.0,7.0,8.0,6.0,8.0,9.0,6.0,7.0,8.0,6.0,6.0,7.0,6.0,7.0,8.0,7.0,7.0,2.0,2.0,1.0,1.0,2.0,1.0,2.0,3.0,,,,1.0,,,,,,,1.0,1.0,,,,4.0,2.0,3.0,3.0,2.0,,3.0,1.0,1.0,1.0,,,,3.0,3.0,7.0,6.0,7.0,8.0,10.0,7.0,5.0,6.0,7.0,8.0,8.0,8.0,8.0,6.0,8.0,9.0,7.0,7.0,0.0,7.0,9.0,7.0,3.0,3.0,,1.0,,,,,,,2.0,2.0,7.0,2.0,2.0,7.0,7.0,6.0,2.0,3.0,3.0,4.0,3.0,1.0,,1.0,,,,,,,3.0,3.0,1.0,1.0,2.0,1.0,3.0,2.0,3.0,2.0,2.0,1.0,2.0,2.0,2.0,2.0,2.0,2.0,3.0,3.0,3.0,4.0,3.0,,,1.0,1.0,,,,1.0,,,,,,,,1.0,1.0,,,,,,5.0,8.0,8.0,8.0,8.0,6.0,7.0,7.0,7.0,6.0,7.0,9.0,8.0,7.0,7.0,8.0,4.0,3.0,1.0,,,,1.0,,,1.0,,,,1.0,1.0,1.0,2.0,2.0,1.1937412464786918
666.0,2.0,42.0,3.0,5.0,1.0,16.0,6.0,1.0,3.0,1.0,1.0,,,,,,,,,,,,,,,,1.0,,,,1.0,,,,4.0,2.0,2.0,3.0,1.0,1.0,3.0,1.0,3.0,1.0,1.0,3.0,3.0,1.0,1.0,3.0,2.0,3.0,3.0,3.0,2.0,4.0,3.0,2.0,2.0,1.0,8.0,8.0,6.0,7.0,5.0,4.0,7.0,8.0,1.0,8.0,8.0,5.0,5.0,6.0,6.0,2.0,1.0,1.0,1.0,1.0,2.0,1.0,3.0,1.0,,,,,,,,1.0,,1.0,,,,,3.0,3.0,2.0,3.0,2.0,,4.0,,1.0,,,,,2.0,2.0,8.0,8.0,6.0,8.0,7.0,7.0,7.0,7.0,8.0,7.0,7.0,8.0,4.0,8.0,1.0,7.0,7.0,5.0,8.0,5.0,4.0,7.0,3.0,3.0,,,,,,,1.0,,5.0,4.0,5.0,3.0,6.0,1.0,5.0,5.0,5.0,3.0,3.0,3.0,2.0,1.0,,,,,,,1.0,,1.0,1.0,2.0,2.0,3.0,1.0,1.0,1.0,1.0,1.0,1.0,1.0,1.0,2.0,2.0,3.0,2.0,2.0,2.0,2.0,3.0,1.0,1.0,1.0,1.0,,,,,,,1.0,1.0,1.0,,,,,,,1.0,1.0,1.0,,,4.0,9.0,4.0,5.0,4.0,4.0,9.0,10.0,4.0,9.0,10.0,4.0,6.0,4.0,3.0,0.0,8.0,1.0,1.0,,,,,,,1.0,,,,2.0,2.0,2.0,9.0,8.0,0.619550554975249
667.0,2.0,38.0,3.0,4.0,3.0,16.0,6.0,1.0,3.0,1.0,,,,,,,,1.0,,,,,,,,,1.0,,,,1.0,,,,3.0,2.0,2.0,3.0,1.0,1.0,3.0,3.0,2.0,2.0,1.0,3.0,3.0,3.0,3.0,3.0,2.0,4.0,3.0,4.0,2.0,4.0,2.0,4.0,3.0,6.0,7.0,7.0,7.0,99.0,6.0,99.0,5.0,7.0,1.0,7.0,6.0,7.0,99.0,6.0,6.0,1.0,1.0,1.0,1.0,1.0,1.0,3.0,3.0,1.0,,1.0,,,1.0,,,,,,,,,,5.0,5.0,2.0,3.0,2.0,,2.0,1.0,1.0,,,,,3.0,2.0,6.0,7.0,4.0,5.0,6.0,5.0,3.0,6.0,4.0,4.0,4.0,6.0,6.0,99.0,1.0,99.0,99.0,4.0,5.0,1.0,4.0,99.0,3.0,5.0,,,,1.0,,,1.0,,5.0,8.0,8.0,8.0,8.0,1.0,8.0,5.0,2.0,4.0,5.0,3.0,2.0,1.0,,1.0,,1.0,,,1.0,,1.0,2.0,1.0,3.0,3.0,3.0,3.0,1.0,3.0,1.0,1.0,1.0,3.0,3.0,3.0,3.0,2.0,2.0,2.0,1.0,4.0,1.0,1.0,,,1.0,1.0,,,,,,1.0,1.0,,,,,,,,1.0,1.0,,,5.0,6.0,0.0,5.0,2.0,4.0,6.0,10.0,5.0,6.0,10.0,4.0,5.0,4.0,0.0,0.0,8.0,4.0,1.0,,,,1.0,,,1.0,,,,1.0,1.0,2.0,8.0,10.0,0.7093841189021394
668.0,2.0,32.0,2.0,1.0,3.0,16.0,7.0,1.0,1.0,2.0,,,,,,1.0,,,,,1.0,,,,,,,,,,1.0,,,,3.0,2.0,12.0,,3.0,3.0,3.0,3.0,3.0,3.0,3.0,3.0,3.0,3.0,3.0,3.0,3.0,4.0,4.0,4.0,3.0,4.0,4.0,4.0,2.0,3.0,2.0,3.0,0.0,99.0,4.0,5.0,4.0,99.0,2.0,99.0,2.0,7.0,3.0,99.0,6.0,2.0,2.0,3.0,1.0,3.0,2.0,3.0,4.0,1.0,,,,,,,1.0,,,,,,1.0,,3.0,5.0,1.0,5.0,2.0,,1.0,1.0,,,,,,3.0,2.0,3.0,5.0,0.0,0.0,3.0,6.0,99.0,5.0,99.0,3.0,0.0,5.0,5.0,99.0,0.0,99.0,99.0,99.0,7.0,0.0,2.0,5.0,6.0,5.0,,,1.0,1.0,1.0,1.0,1.0,,8.0,8.0,8.0,8.0,8.0,8.0,8.0,8.0,8.0,2.0,1.0,1.0,5.0,3.0,,,,,,1.0,1.0,,1.0,4.0,3.0,3.0,3.0,3.0,3.0,3.0,3.0,3.0,3.0,3.0,3.0,3.0,3.0,3.0,2.0,2.0,2.0,3.0,4.0,3.0,2.0,,1.0,1.0,,,,,,1.0,1.0,,,,,,1.0,,,,,,,99.0,3.0,0.0,5.0,99.0,99.0,10.0,10.0,99.0,8.0,10.0,99.0,99.0,99.0,0.0,0.0,8.0,5.0,1.0,,,,1.0,,,1.0,,,,1.0,1.0,1.0,12.0,11.0,2.0000175930113255
669.0,1.0,18.0,1.0,2.0,3.0,16.0,3.0,5.0,1.0,2.0,,,,,,,,,,,,1.0,,,,,1.0,,,1.0,,,,,1.0,2.0,9.0,,1.0,2.0,3.0,2.0,3.0,3.0,3.0,2.0,1.0,3.0,1.0,1.0,3.0,3.0,2.0,3.0,3.0,3.0,3.0,3.0,2.0,6.0,9.0,8.0,6.0,7.0,8.0,8.0,7.0,9.0,7.0,6.0,7.0,9.0,9.0,10.0,9.0,2.0,2.0,2.0,2.0,2.0,2.0,2.0,1.0,,1.0,1.0,,,,,,,1.0,,,,,,1.0,3.0,2.0,2.0,2.0,,2.0,1.0,1.0,1.0,1.0,1.0,,3.0,1.0,8.0,10.0,7.0,7.0,10.0,9.0,6.0,7.0,8.0,8.0,7.0,9.0,8.0,8.0,6.0,8.0,5.0,7.0,10.0,8.0,9.0,8.0,1.0,3.0,,,,,,,,1.0,2.0,2.0,2.0,2.0,2.0,2.0,2.0,2.0,3.0,2.0,1.0,2.0,3.0,2.0,,1.0,1.0,1.0,1.0,1.0,1.0,,2.0,2.0,2.0,3.0,1.0,3.0,3.0,3.0,3.0,3.0,3.0,1.0,3.0,2.0,3.0,2.0,1.0,1.0,1.0,1.0,1.0,1.0,1.0,,1.0,,1.0,,,,,,,,1.0,,,1.0,,,,1.0,,,,8.0,6.0,2.0,4.0,1.0,3.0,8.0,10.0,7.0,9.0,10.0,3.0,6.0,3.0,2.0,0.0,5.0,5.0,1.0,,,,,1.0,1.0,,1.0,,,1.0,1.0,1.0,1.0,1.0,2.000011719192801
670.0,2.0,42.0,3.0,3.0,2.0,16.0,5.0,1.0,2.0,1.0,,,,,,1.0,,,,1.0,1.0,,,,,,,,,,,,,,3.0,2.0,3.0,4.0,3.0,3.0,3.0,3.0,3.0,3.0,3.0,3.0,3.0,3.0,3.0,3.0,3.0,3.0,1.0,4.0,3.0,3.0,2.0,4.0,3.0,3.0,6.0,6.0,2.0,2.0,1.0,2.0,5.0,5.0,2.0,5.0,4.0,6.0,3.0,7.0,2.0,1.0,1.0,3.0,3.0,1.0,1.0,3.0,3.0,,,,,,1.0,1.0,,,,,,,1.0,,2.0,4.0,1.0,2.0,1.0,6.0,2.0,1.0,,,,,,3.0,2.0,1.0,4.0,0.0,1.0,3.0,3.0,0.0,3.0,1.0,2.0,0.0,5.0,4.0,2.0,0.0,3.0,2.0,2.0,3.0,1.0,1.0,2.0,3.0,3.0,,1.0,,1.0,,,,,8.0,8.0,1.0,7.0,8.0,1.0,8.0,8.0,8.0,3.0,3.0,3.0,4.0,1.0,,,1.0,,,1.0,1.0,,2.0,2.0,3.0,3.0,3.0,3.0,3.0,3.0,3.0,3.0,3.0,3.0,3.0,3.0,3.0,3.0,2.0,2.0,1.0,2.0,4.0,3.0,3.0,1.0,,,,,1.0,,,,1.0,,,,,,,,,,,,1.0,99.0,5.0,0.0,0.0,5.0,99.0,99.0,10.0,5.0,5.0,6.0,0.0,5.0,99.0,99.0,0.0,7.0,3.0,1.0,,,,1.0,,,,,,,2.0,2.0,2.0,11.0,11.0,0.6556313646307813
671.0,1.0,57.0,5.0,5.0,1.0,16.0,6.0,1.0,2.0,1.0,,,,,,1.0,,,,,,,,,,,1.0,,,,1.0,,,,3.0,2.0,2.0,4.0,3.0,3.0,3.0,3.0,3.0,3.0,3.0,3.0,3.0,3.0,3.0,3.0,3.0,4.0,4.0,4.0,4.0,4.0,4.0,4.0,3.0,2.0,2.0,5.0,5.0,1.0,3.0,2.0,4.0,4.0,0.0,0.0,3.0,5.0,5.0,5.0,0.0,2.0,1.0,1.0,1.0,1.0,1.0,1.0,4.0,1.0,,,,,1.0,,,1.0,,,,,,,3.0,3.0,3.0,3.0,2.0,,2.0,1.0,1.0,,1.0,,,4.0,3.0,0.0,0.0,0.0,3.0,3.0,0.0,6.0,4.0,3.0,3.0,3.0,6.0,5.0,4.0,0.0,5.0,0.0,3.0,5.0,0.0,5.0,5.0,3.0,4.0,,,,1.0,1.0,1.0,1.0,,8.0,8.0,8.0,8.0,8.0,8.0,8.0,8.0,8.0,4.0,4.0,4.0,4.0,1.0,,,,,,,,1.0,1.0,3.0,3.0,2.0,3.0,2.0,3.0,3.0,3.0,1.0,1.0,3.0,1.0,2.0,3.0,2.0,2.0,2.0,2.0,3.0,5.0,4.0,2.0,,,1.0,,,1.0,,1.0,1.0,1.0,1.0,,,,1.0,,,1.0,1.0,1.0,,,5.0,8.0,0.0,7.0,0.0,0.0,9.0,10.0,2.0,8.0,9.0,5.0,9.0,6.0,0.0,0.0,8.0,1.0,1.0,,,,1.0,,,1.0,,,,3.0,3.0,3.0,3.0,3.0,0.6879654653292517
672.0,2.0,50.0,4.0,5.0,2.0,16.0,3.0,2.0,6.0,1.0,,,,,,,,1.0,,,,,,,,,1.0,,,,1.0,,,,2.0,4.0,4.0,,2.0,1.0,3.0,2.0,3.0,1.0,3.0,3.0,3.0,3.0,3.0,3.0,1.0,3.0,1.0,3.0,2.0,3.0,2.0,3.0,1.0,6.0,4.0,4.0,6.0,7.0,5.0,7.0,7.0,7.0,4.0,6.0,5.0,5.0,7.0,5.0,6.0,1.0,1.0,1.0,1.0,1.0,1.0,1.0,5.0,,,1.0,,,1.0,1.0,,,,,,,,,1.0,2.0,2.0,3.0,2.0,,3.0,1.0,1.0,,,,,2.0,4.0,7.0,9.0,5.0,1.0,3.0,5.0,6.0,6.0,6.0,6.0,0.0,6.0,6.0,5.0,4.0,4.0,3.0,2.0,5.0,5.0,5.0,6.0,3.0,2.0,,,,1.0,,,,,2.0,2.0,2.0,2.0,2.0,2.0,2.0,2.0,2.0,2.0,2.0,1.0,2.0,2.0,,,,,,1.0,1.0,,2.0,2.0,3.0,3.0,3.0,3.0,3.0,3.0,3.0,3.0,3.0,3.0,3.0,2.0,2.0,3.0,5.0,5.0,3.0,3.0,4.0,4.0,4.0,,,1.0,,,1.0,,,,,1.0,,,,,,,1.0,,,,,0.0,6.0,0.0,4.0,2.0,5.0,10.0,10.0,5.0,6.0,6.0,7.0,7.0,6.0,0.0,0.0,3.0,3.0,1.0,,,1.0,,,,,,,,2.0,2.0,2.0,2.0,2.0,0.3596924588685902
673.0,2.0,47.0,4.0,1.0,2.0,16.0,6.0,1.0,2.0,1.0,,,1.0,,,,,,,,,1.0,,,,1.0,,,,,,,,,3.0,2.0,2.0,4.0,1.0,1.0,3.0,3.0,3.0,1.0,1.0,3.0,3.0,3.0,3.0,3.0,3.0,3.0,3.0,3.0,3.0,4.0,3.0,4.0,4.0,2.0,3.0,3.0,3.0,3.0,3.0,3.0,3.0,3.0,2.0,3.0,4.0,2.0,3.0,3.0,3.0,2.0,1.0,1.0,1.0,1.0,1.0,1.0,4.0,1.0,,,,,,,,1.0,1.0,,,,,,3.0,4.0,3.0,2.0,1.0,4.0,2.0,1.0,1.0,,,,,3.0,2.0,6.0,8.0,2.0,0.0,7.0,2.0,2.0,5.0,4.0,4.0,0.0,7.0,8.0,4.0,2.0,3.0,3.0,3.0,7.0,3.0,1.0,3.0,4.0,3.0,,,,1.0,1.0,1.0,1.0,,8.0,8.0,8.0,8.0,8.0,8.0,8.0,8.0,8.0,1.0,1.0,1.0,4.0,2.0,,1.0,,,,1.0,1.0,,1.0,4.0,2.0,2.0,3.0,1.0,1.0,3.0,3.0,3.0,3.0,3.0,3.0,3.0,2.0,2.0,1.0,1.0,1.0,1.0,1.0,1.0,1.0,1.0,,1.0,,,,,,,1.0,,,,,1.0,,,,1.0,1.0,,,5.0,5.0,0.0,5.0,4.0,4.0,10.0,10.0,5.0,8.0,10.0,5.0,5.0,5.0,0.0,0.0,7.0,5.0,1.0,,,,1.0,,,1.0,,,,2.0,2.0,1.0,11.0,10.0,0.9602939262078845
674.0,2.0,60.0,5.0,3.0,2.0,16.0,4.0,1.0,4.0,1.0,1.0,,,,,,,1.0,,,,,,,,,,,,,1.0,,,,3.0,1.0,1.0,3.0,3.0,2.0,3.0,3.0,3.0,3.0,3.0,3.0,3.0,3.0,3.0,3.0,3.0,1.0,1.0,4.0,3.0,4.0,4.0,2.0,3.0,2.0,6.0,2.0,8.0,4.0,1.0,10.0,7.0,8.0,0.0,7.0,9.0,8.0,10.0,2.0,6.0,1.0,3.0,3.0,1.0,3.0,1.0,1.0,5.0,,,1.0,1.0,,1.0,,,,,,,,,,3.0,5.0,1.0,4.0,2.0,,4.0,,,,,,1.0,3.0,1.0,4.0,7.0,7.0,0.0,5.0,3.0,7.0,4.0,5.0,6.0,0.0,8.0,4.0,1.0,0.0,3.0,1.0,4.0,10.0,5.0,5.0,1.0,5.0,2.0,1.0,1.0,1.0,1.0,,,,,8.0,8.0,8.0,7.0,8.0,2.0,8.0,2.0,8.0,5.0,5.0,1.0,1.0,2.0,,,,,,1.0,1.0,,1.0,1.0,2.0,3.0,1.0,3.0,3.0,3.0,1.0,3.0,1.0,3.0,3.0,2.0,3.0,3.0,3.0,1.0,1.0,1.0,3.0,2.0,2.0,1.0,1.0,,,,,,,1.0,1.0,,,,,1.0,1.0,,,1.0,,,,3.0,9.0,1.0,5.0,4.0,5.0,10.0,10.0,8.0,10.0,10.0,7.0,8.0,5.0,0.0,0.0,5.0,3.0,1.0,,,,1.0,,,1.0,,,,3.0,3.0,3.0,3.0,11.0,0.7596031381428856
675.0,1.0,21.0,1.0,4.0,3.0,16.0,4.0,1.0,4.0,1.0,,,,,,,,,,,,,,,,,,,,,1.0,,,,3.0,2.0,2.0,4.0,3.0,3.0,3.0,2.0,3.0,3.0,3.0,3.0,3.0,3.0,3.0,1.0,3.0,3.0,4.0,4.0,3.0,4.0,3.0,4.0,2.0,5.0,7.0,5.0,6.0,6.0,5.0,5.0,6.0,5.0,9.0,7.0,5.0,5.0,5.0,6.0,6.0,2.0,1.0,2.0,2.0,2.0,2.0,1.0,3.0,1.0,1.0,,,,,,,,1.0,,,,,,2.0,2.0,2.0,3.0,2.0,,2.0,,1.0,,,,,2.0,2.0,5.0,5.0,5.0,5.0,5.0,5.0,5.0,5.0,5.0,5.0,5.0,5.0,5.0,5.0,5.0,5.0,5.0,5.0,5.0,5.0,5.0,5.0,1.0,5.0,,,,,,,1.0,,8.0,8.0,8.0,8.0,8.0,8.0,8.0,8.0,8.0,2.0,2.0,2.0,3.0,2.0,,,,,,,,1.0,5.0,3.0,2.0,2.0,1.0,3.0,1.0,1.0,3.0,3.0,1.0,3.0,1.0,1.0,1.0,1.0,4.0,2.0,2.0,2.0,2.0,2.0,2.0,1.0,,,,,1.0,,,,1.0,,,,,,,,,,1.0,,,5.0,5.0,5.0,5.0,5.0,5.0,5.0,5.0,5.0,4.0,6.0,5.0,6.0,5.0,5.0,5.0,6.0,1.0,1.0,,,,,,1.0,,,,,3.0,2.0,2.0,12.0,11.0,1.952015921927604
676.0,2.0,55.0,5.0,5.0,2.0,16.0,3.0,6.0,5.0,1.0,,,,,,1.0,,1.0,,1.0,,,,,,,,,,,,,,,3.0,2.0,11.0,4.0,2.0,1.0,3.0,3.0,3.0,3.0,3.0,3.0,3.0,3.0,3.0,3.0,3.0,4.0,2.0,4.0,4.0,4.0,3.0,4.0,1.0,5.0,7.0,6.0,4.0,4.0,0.0,2.0,7.0,6.0,3.0,1.0,99.0,3.0,99.0,5.0,3.0,3.0,3.0,3.0,3.0,3.0,1.0,3.0,3.0,,,,,,1.0,,,1.0,,1.0,,,,,2.0,2.0,1.0,5.0,2.0,,3.0,1.0,,,,,,3.0,2.0,4.0,6.0,5.0,6.0,7.0,1.0,0.0,6.0,7.0,6.0,99.0,7.0,8.0,6.0,5.0,5.0,6.0,6.0,9.0,0.0,6.0,5.0,2.0,4.0,,,,,,,,1.0,7.0,7.0,7.0,7.0,7.0,7.0,7.0,7.0,7.0,4.0,4.0,4.0,3.0,1.0,1.0,1.0,1.0,1.0,1.0,1.0,,,2.0,3.0,2.0,2.0,1.0,3.0,1.0,3.0,3.0,1.0,3.0,1.0,3.0,2.0,1.0,3.0,1.0,5.0,5.0,5.0,3.0,3.0,2.0,1.0,,,,,1.0,1.0,1.0,,,,,,1.0,,,,,,,,,8.0,7.0,0.0,5.0,2.0,3.0,6.0,8.0,3.0,10.0,10.0,7.0,3.0,5.0,6.0,5.0,3.0,1.0,1.0,,,,1.0,,,,,,,3.0,3.0,3.0,7.0,6.0,0.4745859939809871
677.0,1.0,74.0,6.0,2.0,2.0,16.0,4.0,2.0,4.0,1.0,,,,,,,,,,,,,,,1.0,,1.0,1.0,,,,,,,2.0,2.0,4.0,,3.0,3.0,3.0,3.0,3.0,3.0,3.0,3.0,3.0,3.0,3.0,3.0,3.0,4.0,4.0,4.0,4.0,4.0,4.0,4.0,4.0,6.0,8.0,9.0,7.0,0.0,5.0,7.0,8.0,6.0,2.0,3.0,3.0,0.0,7.0,0.0,3.0,2.0,2.0,2.0,2.0,2.0,2.0,3.0,4.0,,,1.0,,,,,1.0,,,,,,1.0,,4.0,4.0,4.0,4.0,2.0,,4.0,1.0,,,,,,3.0,2.0,2.0,4.0,1.0,0.0,0.0,3.0,7.0,3.0,3.0,2.0,0.0,9.0,5.0,0.0,2.0,5.0,0.0,0.0,4.0,0.0,1.0,0.0,5.0,1.0,1.0,1.0,1.0,1.0,1.0,1.0,1.0,,2.0,2.0,2.0,2.0,2.0,2.0,2.0,2.0,2.0,1.0,1.0,1.0,1.0,3.0,1.0,,1.0,1.0,1.0,1.0,1.0,,1.0,1.0,2.0,2.0,1.0,2.0,1.0,3.0,2.0,2.0,3.0,3.0,3.0,2.0,3.0,2.0,2.0,2.0,2.0,3.0,5.0,3.0,3.0,1.0,,1.0,,,,,,1.0,,,,,,1.0,,,,1.0,1.0,,,0.0,8.0,0.0,4.0,2.0,2.0,10.0,10.0,10.0,5.0,10.0,0.0,0.0,0.0,0.0,0.0,4.0,5.0,1.0,,,,1.0,,,,,,,1.0,1.0,1.0,2.0,2.0,1.292851198265321
678.0,1.0,75.0,6.0,5.0,3.0,16.0,5.0,2.0,3.0,1.0,,,,,,,,,,,,,,,1.0,,1.0,,,,,1.0,,,2.0,1.0,4.0,,3.0,3.0,3.0,3.0,3.0,3.0,3.0,3.0,3.0,3.0,3.0,3.0,3.0,4.0,4.0,4.0,4.0,4.0,4.0,4.0,3.0,8.0,8.0,8.0,7.0,0.0,8.0,8.0,7.0,7.0,6.0,7.0,7.0,5.0,8.0,7.0,7.0,2.0,1.0,1.0,1.0,2.0,2.0,1.0,2.0,1.0,,,,,,,1.0,,,,,,1.0,,4.0,4.0,4.0,5.0,2.0,,2.0,1.0,1.0,,1.0,,,2.0,2.0,4.0,6.0,7.0,2.0,8.0,7.0,9.0,6.0,7.0,4.0,1.0,8.0,8.0,1.0,1.0,6.0,1.0,1.0,7.0,6.0,1.0,0.0,3.0,4.0,,,,,1.0,1.0,,,3.0,3.0,3.0,3.0,3.0,3.0,3.0,3.0,3.0,4.0,4.0,3.0,3.0,2.0,,1.0,,1.0,1.0,1.0,1.0,,1.0,2.0,3.0,2.0,1.0,1.0,1.0,3.0,2.0,1.0,1.0,1.0,1.0,2.0,2.0,2.0,2.0,2.0,2.0,2.0,2.0,1.0,1.0,1.0,,1.0,,,,,1.0,1.0,1.0,1.0,,,,1.0,,1.0,1.0,1.0,1.0,,,5.0,6.0,0.0,4.0,1.0,3.0,9.0,10.0,7.0,9.0,10.0,7.0,8.0,7.0,1.0,0.0,7.0,1.0,2.0,7.0,,,1.0,,,,,,,3.0,3.0,3.0,3.0,3.0,0.7803135678897881
679.0,1.0,71.0,6.0,1.0,1.0,16.0,6.0,2.0,2.0,1.0,,,,,,1.0,,1.0,,1.0,,,,,,,,,,,,,,,2.0,2.0,5.0,,3.0,3.0,3.0,3.0,3.0,3.0,3.0,3.0,3.0,3.0,3.0,3.0,3.0,4.0,4.0,3.0,3.0,4.0,4.0,4.0,4.0,3.0,5.0,5.0,7.0,1.0,2.0,3.0,4.0,2.0,5.0,5.0,5.0,7.0,6.0,5.0,5.0,2.0,1.0,1.0,1.0,1.0,2.0,1.0,2.0,1.0,,,,,,1.0,,1.0,,,,,,,2.0,3.0,3.0,3.0,2.0,,3.0,,1.0,,,,,2.0,2.0,3.0,7.0,2.0,2.0,3.0,2.0,5.0,8.0,8.0,6.0,2.0,7.0,3.0,1.0,4.0,3.0,4.0,2.0,7.0,5.0,2.0,1.0,5.0,2.0,1.0,1.0,1.0,1.0,,1.0,1.0,,1.0,1.0,1.0,1.0,1.0,1.0,1.0,1.0,1.0,1.0,2.0,2.0,2.0,2.0,,,,1.0,1.0,1.0,1.0,,1.0,2.0,2.0,2.0,1.0,3.0,3.0,2.0,2.0,1.0,3.0,1.0,1.0,2.0,3.0,2.0,2.0,2.0,2.0,2.0,2.0,2.0,2.0,,,,1.0,,1.0,,1.0,1.0,1.0,,,,,1.0,,,,1.0,,,,4.0,4.0,2.0,5.0,5.0,3.0,9.0,9.0,9.0,9.0,8.0,4.0,3.0,5.0,1.0,1.0,8.0,4.0,1.0,,,,1.0,,,,,,,2.0,2.0,2.0,1.0,1.0,2.0000177097133305
680.0,1.0,18.0,1.0,4.0,2.0,16.0,3.0,5.0,3.0,1.0,,,,,,,,1.0,,,,,,,,,1.0,,,,1.0,,,,2.0,3.0,8.0,,1.0,1.0,3.0,1.0,1.0,2.0,1.0,3.0,2.0,3.0,1.0,3.0,1.0,1.0,2.0,2.0,2.0,2.0,3.0,2.0,3.0,8.0,5.0,7.0,7.0,8.0,5.0,9.0,8.0,9.0,6.0,7.0,4.0,10.0,7.0,3.0,7.0,1.0,1.0,1.0,1.0,1.0,2.0,1.0,4.0,,,,,1.0,,,1.0,,1.0,,,,,,3.0,1.0,1.0,3.0,1.0,4.0,2.0,1.0,1.0,,,1.0,,3.0,3.0,7.0,8.0,5.0,7.0,9.0,1.0,7.0,6.0,5.0,4.0,0.0,9.0,8.0,7.0,2.0,5.0,5.0,5.0,5.0,5.0,6.0,3.0,4.0,5.0,,,1.0,1.0,1.0,,,,8.0,8.0,8.0,8.0,8.0,8.0,8.0,8.0,8.0,3.0,3.0,4.0,1.0,2.0,,,,,,1.0,,,2.0,4.0,2.0,3.0,3.0,3.0,3.0,3.0,3.0,3.0,1.0,3.0,2.0,3.0,3.0,3.0,3.0,2.0,2.0,1.0,2.0,1.0,5.0,,1.0,,,1.0,,,1.0,,,1.0,,,1.0,,,,,1.0,1.0,,,4.0,4.0,5.0,6.0,6.0,8.0,4.0,6.0,0.0,4.0,8.0,6.0,10.0,9.0,7.0,1.0,3.0,5.0,3.0,,144.0,,,1.0,1.0,,1.0,,,2.0,2.0,2.0,10.0,6.0,1.3348776660494615
681.0,1.0,21.0,1.0,3.0,2.0,16.0,4.0,5.0,3.0,1.0,,,,,,,,,,,,,,,,,1.0,,,,1.0,,,,3.0,2.0,9.0,,3.0,3.0,3.0,3.0,3.0,3.0,3.0,3.0,3.0,3.0,3.0,3.0,3.0,3.0,3.0,3.0,2.0,3.0,2.0,3.0,3.0,7.0,6.0,5.0,7.0,99.0,4.0,5.0,6.0,8.0,2.0,6.0,4.0,7.0,99.0,99.0,99.0,2.0,2.0,2.0,1.0,2.0,2.0,2.0,3.0,,,,,,,,1.0,,,1.0,,,1.0,,1.0,4.0,4.0,4.0,2.0,,2.0,1.0,1.0,,1.0,,,3.0,4.0,4.0,6.0,6.0,0.0,2.0,8.0,5.0,7.0,6.0,6.0,2.0,7.0,8.0,99.0,5.0,7.0,99.0,2.0,8.0,7.0,6.0,5.0,4.0,5.0,,,1.0,1.0,,,,,8.0,8.0,8.0,8.0,8.0,8.0,8.0,8.0,8.0,5.0,5.0,5.0,2.0,2.0,1.0,,1.0,,,1.0,1.0,,2.0,2.0,2.0,3.0,1.0,3.0,1.0,1.0,3.0,1.0,1.0,1.0,1.0,2.0,3.0,2.0,5.0,5.0,5.0,5.0,1.0,1.0,1.0,,1.0,1.0,,,,,,1.0,1.0,1.0,,,,,,,1.0,1.0,,,,1.0,6.0,2.0,5.0,2.0,4.0,10.0,10.0,7.0,8.0,10.0,4.0,5.0,4.0,0.0,0.0,4.0,5.0,1.0,,,,,1.0,1.0,,1.0,,,1.0,1.0,1.0,2.0,10.0,1.473865916791762
682.0,2.0,37.0,3.0,4.0,2.0,16.0,6.0,1.0,2.0,1.0,,,,,,,,1.0,,1.0,,1.0,,,,,,,,,,,,,3.0,3.0,2.0,3.0,3.0,3.0,3.0,3.0,3.0,1.0,3.0,3.0,3.0,3.0,3.0,3.0,3.0,2.0,3.0,3.0,3.0,3.0,2.0,3.0,3.0,6.0,6.0,5.0,5.0,4.0,4.0,7.0,5.0,5.0,4.0,5.0,5.0,6.0,3.0,5.0,5.0,2.0,3.0,1.0,3.0,1.0,2.0,1.0,4.0,,,1.0,,,1.0,1.0,,,,,,,,,4.0,4.0,2.0,3.0,1.0,5.0,2.0,,,,,1.0,,3.0,3.0,3.0,4.0,5.0,4.0,6.0,5.0,4.0,4.0,5.0,5.0,3.0,5.0,5.0,6.0,5.0,3.0,5.0,5.0,4.0,5.0,5.0,3.0,1.0,4.0,,,1.0,,,,,,8.0,8.0,8.0,8.0,8.0,8.0,8.0,8.0,8.0,3.0,2.0,2.0,2.0,2.0,,,,,,,,1.0,1.0,5.0,3.0,3.0,3.0,3.0,3.0,3.0,3.0,3.0,3.0,3.0,3.0,3.0,3.0,3.0,2.0,2.0,2.0,2.0,1.0,1.0,1.0,,1.0,,,1.0,,1.0,1.0,1.0,1.0,1.0,,,1.0,1.0,1.0,1.0,1.0,1.0,1.0,,,6.0,6.0,3.0,7.0,7.0,8.0,7.0,8.0,5.0,5.0,4.0,4.0,6.0,5.0,7.0,7.0,8.0,3.0,1.0,,,,1.0,,,,,,,1.0,1.0,1.0,13.0,12.0,0.5938041282019911
683.0,1.0,41.0,3.0,2.0,2.0,16.0,5.0,1.0,4.0,1.0,,,,1.0,,,,,,,,,,,,,1.0,,,,1.0,,,,3.0,2.0,2.0,4.0,1.0,1.0,3.0,3.0,3.0,1.0,3.0,3.0,3.0,2.0,4.0,2.0,2.0,2.0,3.0,4.0,2.0,1.0,4.0,3.0,3.0,6.0,5.0,7.0,6.0,5.0,7.0,8.0,7.0,8.0,2.0,4.0,1.0,99.0,5.0,6.0,4.0,2.0,2.0,1.0,1.0,1.0,2.0,3.0,3.0,,,,,1.0,,,,,,1.0,,,1.0,,4.0,4.0,4.0,3.0,2.0,,2.0,1.0,1.0,,1.0,,,3.0,2.0,6.0,6.0,7.0,0.0,2.0,6.0,5.0,6.0,5.0,6.0,0.0,9.0,8.0,7.0,3.0,7.0,0.0,0.0,5.0,8.0,2.0,5.0,3.0,3.0,,,1.0,1.0,1.0,,1.0,,5.0,5.0,5.0,3.0,1.0,1.0,8.0,4.0,3.0,4.0,4.0,3.0,2.0,1.0,1.0,,,,,1.0,1.0,,2.0,2.0,2.0,3.0,3.0,3.0,3.0,3.0,3.0,3.0,3.0,3.0,3.0,2.0,3.0,3.0,1.0,1.0,1.0,1.0,2.0,1.0,1.0,,1.0,1.0,,,,,,1.0,1.0,1.0,,,,,,1.0,,1.0,1.0,,,2.0,7.0,3.0,5.0,2.0,3.0,8.0,10.0,2.0,8.0,10.0,3.0,4.0,3.0,0.0,0.0,7.0,5.0,1.0,,,1.0,,,,,,,,2.0,2.0,3.0,11.0,11.0,1.1492559851732842
684.0,2.0,33.0,2.0,2.0,2.0,16.0,6.0,1.0,3.0,1.0,1.0,,,,,1.0,,,,1.0,,,,,,,,,,,,,,,5.0,3.0,10.0,,1.0,1.0,1.0,2.0,3.0,1.0,1.0,3.0,2.0,3.0,3.0,3.0,1.0,1.0,1.0,3.0,1.0,2.0,1.0,1.0,1.0,0.0,7.0,7.0,0.0,0.0,4.0,0.0,4.0,4.0,0.0,3.0,4.0,2.0,4.0,3.0,0.0,1.0,3.0,3.0,3.0,2.0,1.0,3.0,4.0,,,1.0,,,,,,,1.0,1.0,,,,,1.0,4.0,1.0,4.0,1.0,2.0,3.0,1.0,1.0,,,,,5.0,3.0,0.0,3.0,0.0,0.0,0.0,1.0,1.0,0.0,0.0,0.0,0.0,6.0,0.0,0.0,0.0,1.0,0.0,0.0,0.0,6.0,1.0,0.0,4.0,1.0,,,1.0,1.0,,1.0,,,2.0,2.0,2.0,7.0,2.0,2.0,2.0,2.0,2.0,2.0,1.0,3.0,2.0,1.0,1.0,,1.0,1.0,1.0,1.0,1.0,,2.0,4.0,2.0,3.0,1.0,1.0,1.0,1.0,3.0,2.0,3.0,3.0,2.0,2.0,3.0,3.0,2.0,2.0,2.0,2.0,2.0,1.0,1.0,,,1.0,,,1.0,,,,,1.0,,,,1.0,,,,1.0,,,,1.0,10.0,3.0,5.0,8.0,5.0,9.0,10.0,10.0,0.0,7.0,0.0,0.0,0.0,0.0,0.0,7.0,5.0,1.0,,,,,,1.0,,,,,1.0,1.0,1.0,2.0,2.0,0.9108139677609814
685.0,2.0,44.0,3.0,1.0,2.0,16.0,6.0,1.0,3.0,1.0,1.0,,,1.0,,,,,,,,,,,1.0,,,,,,,,,,3.0,2.0,2.0,3.0,3.0,3.0,3.0,3.0,3.0,3.0,3.0,3.0,3.0,3.0,3.0,3.0,3.0,4.0,4.0,4.0,4.0,4.0,3.0,4.0,4.0,5.0,5.0,5.0,5.0,5.0,5.0,5.0,5.0,5.0,3.0,5.0,5.0,5.0,5.0,5.0,5.0,2.0,1.0,1.0,1.0,1.0,2.0,1.0,3.0,,,1.0,,,,,1.0,,,,,,1.0,,1.0,3.0,2.0,3.0,1.0,5.0,2.0,1.0,,,,,,3.0,2.0,5.0,5.0,5.0,0.0,5.0,3.0,6.0,5.0,5.0,3.0,0.0,6.0,5.0,6.0,2.0,6.0,0.0,2.0,5.0,5.0,6.0,5.0,3.0,3.0,,,,1.0,,,1.0,,5.0,5.0,5.0,5.0,1.0,1.0,5.0,5.0,2.0,4.0,3.0,2.0,2.0,2.0,,,,,,,1.0,,3.0,2.0,3.0,3.0,3.0,3.0,3.0,3.0,3.0,3.0,3.0,3.0,3.0,3.0,3.0,3.0,2.0,2.0,2.0,2.0,1.0,1.0,1.0,,1.0,1.0,,,,,,,1.0,1.0,,,,1.0,,1.0,,,,,,3.0,6.0,0.0,6.0,4.0,5.0,8.0,10.0,3.0,6.0,10.0,5.0,5.0,6.0,0.0,5.0,8.0,4.0,1.0,,,,1.0,,,,,,,1.0,2.0,2.0,5.0,4.0,0.9860574037334805
686.0,2.0,55.0,5.0,5.0,3.0,16.0,8.0,1.0,4.0,1.0,,,,,,1.0,,,,,,,,,,,1.0,,,,1.0,,,,2.0,2.0,3.0,4.0,3.0,3.0,3.0,3.0,3.0,3.0,3.0,3.0,3.0,3.0,3.0,3.0,3.0,4.0,3.0,4.0,3.0,4.0,2.0,4.0,1.0,5.0,8.0,8.0,8.0,6.0,8.0,7.0,8.0,8.0,3.0,6.0,1.0,5.0,7.0,7.0,6.0,2.0,1.0,1.0,1.0,1.0,2.0,2.0,3.0,1.0,,,,1.0,,,,,,,,,1.0,,3.0,3.0,3.0,4.0,2.0,,2.0,1.0,1.0,,1.0,,,2.0,2.0,5.0,7.0,5.0,4.0,7.0,8.0,9.0,7.0,7.0,9.0,1.0,9.0,9.0,4.0,3.0,5.0,4.0,3.0,9.0,7.0,6.0,7.0,4.0,2.0,,1.0,,1.0,,,1.0,,8.0,2.0,4.0,1.0,1.0,1.0,3.0,5.0,2.0,2.0,2.0,2.0,2.0,2.0,,,,,,1.0,1.0,,1.0,2.0,3.0,2.0,3.0,3.0,1.0,3.0,3.0,1.0,1.0,1.0,1.0,2.0,3.0,2.0,1.0,1.0,1.0,1.0,4.0,1.0,1.0,1.0,,1.0,,,,,,1.0,1.0,1.0,,,,1.0,,1.0,1.0,1.0,,,,3.0,8.0,3.0,6.0,3.0,3.0,9.0,10.0,7.0,7.0,9.0,1.0,1.0,1.0,0.0,0.0,8.0,5.0,1.0,,,,1.0,,,,,,,1.0,2.0,1.0,12.0,11.0,0.6323140499380858
687.0,1.0,62.0,5.0,3.0,2.0,16.0,8.0,1.0,4.0,1.0,,,,,,,,,,,1.0,,,,,,1.0,,,,1.0,,,,2.0,2.0,2.0,4.0,3.0,3.0,3.0,3.0,3.0,3.0,3.0,3.0,3.0,3.0,3.0,3.0,3.0,4.0,4.0,4.0,4.0,4.0,3.0,4.0,3.0,0.0,5.0,9.0,5.0,99.0,0.0,6.0,5.0,2.0,6.0,5.0,7.0,5.0,7.0,6.0,5.0,1.0,1.0,1.0,3.0,1.0,1.0,3.0,4.0,,,1.0,,,1.0,,,1.0,,,,,,,4.0,4.0,3.0,4.0,2.0,,3.0,1.0,1.0,,1.0,,,2.0,2.0,7.0,7.0,9.0,0.0,0.0,0.0,0.0,7.0,7.0,7.0,0.0,6.0,0.0,0.0,0.0,7.0,0.0,0.0,0.0,5.0,0.0,5.0,3.0,4.0,,,,1.0,,1.0,1.0,,3.0,3.0,3.0,3.0,3.0,3.0,3.0,3.0,3.0,4.0,4.0,4.0,4.0,1.0,1.0,,,,,1.0,1.0,,1.0,1.0,2.0,2.0,1.0,2.0,1.0,1.0,1.0,1.0,1.0,1.0,1.0,2.0,2.0,2.0,2.0,2.0,2.0,2.0,2.0,1.0,1.0,,1.0,1.0,,,,,1.0,1.0,,1.0,,,,1.0,,,,1.0,1.0,,,2.0,10.0,2.0,3.0,2.0,0.0,10.0,10.0,0.0,10.0,3.0,5.0,6.0,2.0,0.0,0.0,7.0,5.0,1.0,,,,1.0,,,,,,,3.0,3.0,3.0,3.0,3.0,0.6958219645771515
688.0,2.0,30.0,2.0,5.0,3.0,16.0,4.0,1.0,3.0,1.0,1.0,,,,,,,,,,,1.0,,,,,1.0,,,,,,,,3.0,3.0,2.0,3.0,2.0,1.0,3.0,1.0,1.0,1.0,2.0,2.0,3.0,1.0,1.0,1.0,1.0,1.0,1.0,1.0,1.0,1.0,1.0,1.0,1.0,4.0,5.0,4.0,5.0,8.0,4.0,4.0,6.0,3.0,3.0,6.0,5.0,5.0,4.0,8.0,6.0,1.0,3.0,3.0,3.0,1.0,1.0,3.0,4.0,,,,,,1.0,1.0,,,1.0,,,,,,3.0,4.0,3.0,2.0,2.0,,1.0,1.0,1.0,,1.0,,,4.0,3.0,3.0,4.0,3.0,3.0,4.0,4.0,3.0,5.0,3.0,0.0,0.0,4.0,3.0,3.0,0.0,5.0,3.0,5.0,8.0,3.0,4.0,3.0,6.0,3.0,,,,1.0,1.0,,1.0,,7.0,7.0,7.0,7.0,7.0,4.0,7.0,7.0,4.0,4.0,3.0,2.0,2.0,1.0,,,1.0,,,,,,3.0,3.0,1.0,3.0,3.0,3.0,3.0,3.0,3.0,1.0,3.0,1.0,3.0,3.0,3.0,3.0,2.0,2.0,2.0,3.0,2.0,5.0,3.0,,,1.0,1.0,,,,1.0,,,1.0,,,,,,1.0,,1.0,,,,6.0,3.0,6.0,0.0,7.0,7.0,8.0,10.0,4.0,8.0,99.0,5.0,6.0,6.0,6.0,10.0,3.0,5.0,1.0,,,,,1.0,1.0,,,,,1.0,1.0,1.0,11.0,6.0,0.6196344655079583
689.0,1.0,56.0,5.0,4.0,3.0,16.0,5.0,1.0,2.0,1.0,,,,,,,,1.0,,1.0,,,,,,,1.0,,,,,,,,3.0,2.0,2.0,4.0,3.0,3.0,3.0,3.0,3.0,3.0,3.0,3.0,3.0,3.0,3.0,3.0,3.0,3.0,4.0,4.0,4.0,4.0,4.0,4.0,4.0,5.0,5.0,4.0,5.0,6.0,10.0,5.0,4.0,5.0,0.0,0.0,5.0,0.0,6.0,5.0,0.0,1.0,3.0,3.0,3.0,3.0,1.0,3.0,4.0,,,,,1.0,1.0,1.0,,,,,,,,,2.0,2.0,1.0,5.0,2.0,,4.0,1.0,,,,,,4.0,3.0,4.0,3.0,0.0,4.0,6.0,0.0,1.0,0.0,1.0,3.0,4.0,5.0,1.0,5.0,0.0,5.0,6.0,5.0,6.0,0.0,1.0,8.0,2.0,4.0,,,,,,,,1.0,6.0,6.0,6.0,7.0,7.0,6.0,6.0,6.0,6.0,4.0,4.0,4.0,3.0,1.0,,1.0,1.0,1.0,1.0,,,,1.0,2.0,1.0,2.0,2.0,3.0,2.0,2.0,3.0,1.0,1.0,1.0,1.0,1.0,2.0,2.0,1.0,1.0,1.0,1.0,5.0,1.0,1.0,1.0,,,1.0,,,1.0,1.0,,,,,,1.0,1.0,1.0,,,1.0,,,,6.0,9.0,0.0,1.0,0.0,0.0,7.0,9.0,0.0,10.0,10.0,6.0,7.0,6.0,0.0,0.0,7.0,5.0,1.0,,,,1.0,,,,,,,1.0,1.0,3.0,6.0,5.0,0.7877190513971657
690.0,2.0,53.0,4.0,3.0,2.0,16.0,4.0,1.0,3.0,1.0,,,,,,,,,,,1.0,,,,,1.0,,,,,1.0,,,,3.0,2.0,2.0,3.0,3.0,1.0,3.0,3.0,3.0,3.0,3.0,3.0,3.0,3.0,3.0,3.0,3.0,4.0,4.0,4.0,4.0,4.0,3.0,4.0,3.0,6.0,6.0,5.0,99.0,6.0,4.0,4.0,6.0,4.0,3.0,5.0,5.0,5.0,99.0,5.0,4.0,2.0,3.0,1.0,1.0,3.0,2.0,3.0,3.0,,,1.0,,,1.0,,,,,1.0,,,,,5.0,5.0,3.0,3.0,2.0,,5.0,1.0,1.0,,,,,3.0,2.0,5.0,5.0,5.0,0.0,5.0,4.0,3.0,5.0,5.0,4.0,0.0,6.0,6.0,6.0,4.0,5.0,3.0,3.0,5.0,5.0,4.0,6.0,4.0,2.0,,,,1.0,,,,,8.0,8.0,8.0,8.0,8.0,8.0,8.0,8.0,8.0,3.0,5.0,2.0,2.0,2.0,,,,,,,1.0,,1.0,2.0,2.0,2.0,3.0,3.0,3.0,3.0,3.0,3.0,3.0,3.0,3.0,3.0,3.0,2.0,2.0,2.0,2.0,2.0,4.0,1.0,2.0,1.0,,1.0,,,,,,1.0,1.0,1.0,,,,,,,,1.0,1.0,,,4.0,8.0,8.0,4.0,3.0,3.0,9.0,10.0,6.0,10.0,10.0,7.0,8.0,3.0,0.0,0.0,6.0,4.0,1.0,,,,1.0,,,1.0,,,,1.0,1.0,1.0,3.0,4.0,0.5414083653018315
691.0,2.0,34.0,2.0,5.0,2.0,16.0,4.0,1.0,3.0,1.0,,,,,,,,1.0,,1.0,,,,,,,,,,,1.0,,,,2.0,3.0,2.0,2.0,2.0,2.0,3.0,3.0,3.0,3.0,3.0,3.0,3.0,3.0,3.0,3.0,2.0,1.0,3.0,3.0,2.0,2.0,2.0,3.0,3.0,8.0,4.0,3.0,1.0,2.0,0.0,1.0,10.0,8.0,0.0,4.0,0.0,5.0,99.0,4.0,2.0,1.0,3.0,3.0,1.0,3.0,1.0,3.0,4.0,,,,,,1.0,1.0,,,,1.0,,,,,4.0,3.0,1.0,2.0,1.0,1.0,4.0,1.0,1.0,,,,,3.0,3.0,0.0,0.0,0.0,0.0,0.0,0.0,0.0,0.0,0.0,0.0,0.0,0.0,0.0,0.0,0.0,0.0,0.0,0.0,0.0,0.0,0.0,0.0,3.0,3.0,,,1.0,1.0,1.0,1.0,1.0,,8.0,8.0,8.0,8.0,8.0,8.0,8.0,8.0,8.0,5.0,3.0,2.0,5.0,3.0,,,,,,,,1.0,1.0,4.0,3.0,3.0,3.0,3.0,3.0,3.0,3.0,3.0,3.0,3.0,3.0,3.0,3.0,3.0,1.0,2.0,1.0,1.0,2.0,1.0,1.0,,,1.0,,,1.0,,,,,,,1.0,,,,,1.0,,,,,99.0,99.0,99.0,99.0,99.0,99.0,2.0,10.0,99.0,99.0,99.0,99.0,99.0,99.0,99.0,99.0,6.0,5.0,1.0,,,,1.0,,,,,,,2.0,2.0,2.0,11.0,10.0,0.4776160861288666
692.0,1.0,46.0,4.0,2.0,2.0,16.0,3.0,2.0,5.0,1.0,,,,,,1.0,,,,,,,,,,1.0,1.0,,,,,,,,3.0,2.0,4.0,,3.0,3.0,3.0,3.0,3.0,3.0,3.0,3.0,3.0,3.0,3.0,3.0,3.0,3.0,4.0,4.0,3.0,3.0,2.0,4.0,4.0,4.0,7.0,7.0,7.0,3.0,6.0,7.0,8.0,7.0,4.0,6.0,7.0,4.0,7.0,6.0,5.0,2.0,2.0,2.0,2.0,2.0,2.0,3.0,3.0,,,1.0,,,,,1.0,,,,,,1.0,,5.0,4.0,5.0,5.0,2.0,,4.0,,,,,,1.0,3.0,2.0,2.0,4.0,4.0,0.0,5.0,4.0,6.0,5.0,5.0,5.0,0.0,7.0,4.0,0.0,4.0,0.0,0.0,0.0,5.0,4.0,0.0,0.0,4.0,5.0,,1.0,1.0,1.0,1.0,1.0,1.0,,4.0,4.0,4.0,4.0,8.0,8.0,4.0,4.0,8.0,3.0,5.0,5.0,2.0,1.0,1.0,,1.0,,1.0,1.0,1.0,,2.0,2.0,2.0,3.0,1.0,3.0,1.0,1.0,3.0,3.0,1.0,1.0,3.0,2.0,1.0,3.0,1.0,1.0,1.0,1.0,5.0,2.0,2.0,1.0,,1.0,,,,,1.0,,1.0,1.0,,,,,1.0,1.0,1.0,1.0,1.0,,,2.0,9.0,4.0,6.0,3.0,5.0,10.0,10.0,5.0,10.0,10.0,4.0,5.0,4.0,0.0,0.0,3.0,5.0,1.0,,,,,1.0,1.0,,,,,1.0,1.0,2.0,11.0,10.0,0.7065801906991548
693.0,1.0,31.0,2.0,5.0,2.0,16.0,4.0,1.0,3.0,1.0,1.0,,,,,,,1.0,,,,,,,,,,,,,1.0,,,,4.0,3.0,2.0,3.0,1.0,1.0,1.0,2.0,2.0,1.0,1.0,3.0,3.0,1.0,1.0,4.0,1.0,2.0,2.0,2.0,2.0,2.0,2.0,2.0,2.0,2.0,7.0,6.0,5.0,4.0,1.0,3.0,5.0,2.0,2.0,4.0,3.0,0.0,5.0,3.0,3.0,1.0,1.0,1.0,1.0,1.0,1.0,1.0,3.0,1.0,,1.0,,,1.0,,,,,,,,,,5.0,2.0,1.0,3.0,2.0,,3.0,1.0,1.0,,,,,4.0,2.0,3.0,3.0,2.0,9.0,4.0,2.0,4.0,4.0,4.0,4.0,6.0,7.0,3.0,6.0,3.0,6.0,3.0,5.0,5.0,3.0,6.0,6.0,6.0,5.0,,,,,,,,1.0,6.0,6.0,6.0,7.0,6.0,8.0,6.0,6.0,8.0,5.0,5.0,5.0,5.0,3.0,,1.0,,1.0,1.0,,,,1.0,4.0,1.0,2.0,3.0,1.0,1.0,1.0,3.0,1.0,1.0,1.0,1.0,2.0,3.0,3.0,2.0,2.0,2.0,2.0,3.0,3.0,3.0,1.0,,,,,1.0,,,,1.0,,,,,,,,,,1.0,,,6.0,4.0,0.0,2.0,0.0,0.0,7.0,9.0,5.0,9.0,10.0,0.0,0.0,0.0,5.0,5.0,5.0,1.0,1.0,,,,,1.0,1.0,,1.0,,,1.0,1.0,1.0,6.0,5.0,0.7659486601520752
694.0,1.0,43.0,3.0,5.0,1.0,16.0,4.0,1.0,4.0,1.0,,,,,1.0,1.0,,,,,,,,,,,,,,,1.0,,,,4.0,3.0,2.0,3.0,3.0,1.0,3.0,3.0,3.0,3.0,3.0,3.0,3.0,3.0,3.0,3.0,3.0,3.0,3.0,3.0,2.0,3.0,3.0,3.0,3.0,1.0,2.0,3.0,5.0,0.0,3.0,4.0,4.0,5.0,1.0,2.0,4.0,4.0,5.0,1.0,6.0,2.0,2.0,2.0,2.0,2.0,2.0,2.0,4.0,,,1.0,1.0,1.0,,,,,,,,,,,2.0,3.0,3.0,3.0,2.0,,3.0,1.0,1.0,,,,,5.0,2.0,2.0,2.0,0.0,0.0,1.0,0.0,6.0,0.0,0.0,0.0,0.0,4.0,2.0,0.0,0.0,6.0,0.0,0.0,8.0,4.0,0.0,0.0,6.0,2.0,,,1.0,1.0,1.0,,,,4.0,4.0,4.0,4.0,4.0,4.0,4.0,4.0,4.0,4.0,4.0,4.0,4.0,1.0,1.0,,,,1.0,1.0,1.0,,3.0,1.0,2.0,3.0,1.0,1.0,1.0,3.0,3.0,1.0,1.0,3.0,3.0,2.0,3.0,3.0,2.0,2.0,2.0,2.0,1.0,1.0,1.0,1.0,,1.0,,,,,1.0,1.0,1.0,1.0,,,,,,,,1.0,,,,1.0,9.0,0.0,6.0,0.0,6.0,10.0,10.0,6.0,7.0,10.0,4.0,7.0,2.0,3.0,0.0,6.0,5.0,1.0,,,,1.0,,,1.0,,,,2.0,3.0,3.0,4.0,4.0,0.9638556049901917
695.0,2.0,31.0,2.0,5.0,1.0,16.0,4.0,3.0,6.0,1.0,,,,,,,,,,1.0,1.0,,,,,,1.0,,,,,,,,4.0,3.0,6.0,,1.0,1.0,1.0,1.0,1.0,1.0,1.0,1.0,1.0,1.0,1.0,1.0,1.0,3.0,2.0,3.0,1.0,4.0,2.0,2.0,2.0,1.0,99.0,99.0,99.0,0.0,0.0,0.0,4.0,4.0,0.0,5.0,99.0,99.0,99.0,99.0,0.0,1.0,1.0,3.0,3.0,3.0,2.0,3.0,3.0,,,,,,,1.0,,,1.0,1.0,,,,,4.0,4.0,1.0,5.0,2.0,,4.0,,,,,,1.0,6.0,4.0,0.0,0.0,0.0,0.0,0.0,0.0,0.0,0.0,0.0,0.0,0.0,0.0,0.0,0.0,0.0,0.0,0.0,0.0,5.0,0.0,0.0,0.0,6.0,4.0,,,,,,,,1.0,8.0,6.0,8.0,7.0,8.0,8.0,7.0,7.0,2.0,4.0,4.0,5.0,3.0,2.0,1.0,1.0,1.0,1.0,1.0,1.0,1.0,,1.0,4.0,1.0,1.0,1.0,1.0,1.0,1.0,1.0,1.0,1.0,1.0,1.0,1.0,1.0,1.0,5.0,5.0,5.0,5.0,1.0,1.0,1.0,,1.0,,,1.0,,,,,1.0,1.0,,,,1.0,,1.0,,1.0,1.0,,,99.0,4.0,1.0,3.0,1.0,99.0,3.0,5.0,0.0,10.0,9.0,7.0,8.0,99.0,9.0,99.0,3.0,2.0,1.0,,,,,,1.0,,,,,2.0,3.0,3.0,11.0,10.0,0.790936823282462
696.0,2.0,44.0,3.0,3.0,2.0,16.0,4.0,1.0,5.0,1.0,1.0,,,,,,,,,,,,,,,,1.0,,,,1.0,,,,3.0,2.0,2.0,3.0,1.0,1.0,3.0,1.0,1.0,1.0,1.0,1.0,3.0,1.0,3.0,3.0,1.0,4.0,3.0,3.0,2.0,4.0,2.0,3.0,2.0,3.0,5.0,6.0,4.0,3.0,4.0,4.0,5.0,4.0,3.0,3.0,5.0,4.0,3.0,4.0,4.0,1.0,1.0,1.0,1.0,1.0,1.0,1.0,4.0,,,1.0,,,,,,,1.0,1.0,,,,,2.0,2.0,2.0,3.0,1.0,2.0,3.0,1.0,,,1.0,,,3.0,3.0,3.0,3.0,2.0,2.0,4.0,3.0,3.0,4.0,4.0,2.0,0.0,5.0,4.0,3.0,2.0,4.0,3.0,2.0,4.0,4.0,3.0,3.0,4.0,1.0,,,1.0,,,1.0,1.0,,8.0,8.0,8.0,8.0,8.0,8.0,8.0,8.0,8.0,3.0,2.0,2.0,2.0,2.0,,,,,,,,1.0,1.0,4.0,2.0,2.0,3.0,3.0,3.0,3.0,3.0,3.0,3.0,3.0,3.0,2.0,3.0,2.0,2.0,2.0,2.0,2.0,2.0,2.0,2.0,,,1.0,1.0,,,,,1.0,1.0,,,,,,,,,,,,1.0,5.0,5.0,3.0,5.0,4.0,4.0,7.0,9.0,5.0,5.0,3.0,4.0,5.0,6.0,5.0,4.0,4.0,5.0,1.0,,,,,,,1.0,,,,1.0,1.0,2.0,12.0,11.0,0.6626211957925897
697.0,2.0,45.0,4.0,5.0,1.0,16.0,5.0,1.0,4.0,1.0,1.0,,,,,1.0,,,,,,,,,,,1.0,,,,,,,,2.0,2.0,2.0,3.0,1.0,1.0,3.0,3.0,3.0,1.0,3.0,3.0,3.0,3.0,3.0,3.0,1.0,4.0,4.0,4.0,2.0,4.0,4.0,4.0,3.0,5.0,7.0,7.0,7.0,6.0,7.0,5.0,6.0,7.0,4.0,6.0,7.0,8.0,6.0,7.0,6.0,1.0,1.0,1.0,1.0,1.0,1.0,1.0,3.0,,,,,1.0,,,,,,,1.0,1.0,,,3.0,4.0,2.0,4.0,2.0,,4.0,,,,,,1.0,2.0,2.0,5.0,8.0,5.0,4.0,7.0,7.0,5.0,7.0,6.0,4.0,1.0,7.0,4.0,7.0,5.0,7.0,7.0,6.0,4.0,7.0,7.0,6.0,3.0,3.0,,,1.0,,,1.0,1.0,,3.0,3.0,3.0,3.0,3.0,3.0,3.0,3.0,3.0,2.0,2.0,2.0,2.0,1.0,,,,,,,1.0,,1.0,1.0,2.0,2.0,1.0,1.0,1.0,2.0,2.0,1.0,1.0,1.0,1.0,2.0,2.0,2.0,2.0,2.0,2.0,2.0,3.0,1.0,1.0,,1.0,,,,1.0,,,1.0,1.0,1.0,,,,1.0,1.0,,,,,,,2.0,5.0,6.0,2.0,5.0,4.0,8.0,10.0,6.0,8.0,5.0,3.0,4.0,3.0,5.0,3.0,7.0,4.0,1.0,,,,1.0,,,1.0,,,,2.0,2.0,2.0,3.0,3.0,0.6262469595035056
698.0,1.0,43.0,3.0,3.0,2.0,16.0,4.0,1.0,2.0,1.0,,,,,,1.0,,,,,1.0,,,,,,1.0,,,,,,,,3.0,2.0,2.0,4.0,3.0,1.0,2.0,3.0,3.0,3.0,3.0,3.0,3.0,3.0,3.0,3.0,1.0,2.0,3.0,4.0,2.0,2.0,3.0,3.0,4.0,2.0,7.0,8.0,8.0,3.0,7.0,5.0,8.0,8.0,2.0,7.0,6.0,7.0,7.0,6.0,4.0,2.0,2.0,1.0,1.0,1.0,1.0,3.0,4.0,1.0,,,,,,,1.0,,,,,,1.0,,4.0,4.0,4.0,4.0,1.0,2.0,3.0,,,,,1.0,,3.0,2.0,4.0,6.0,5.0,0.0,5.0,7.0,6.0,5.0,6.0,7.0,0.0,8.0,5.0,1.0,4.0,5.0,2.0,2.0,6.0,5.0,3.0,3.0,5.0,1.0,1.0,1.0,1.0,1.0,,,1.0,,2.0,2.0,2.0,2.0,2.0,2.0,2.0,2.0,2.0,1.0,2.0,1.0,3.0,2.0,,,,,,1.0,1.0,,3.0,1.0,2.0,3.0,1.0,3.0,1.0,1.0,2.0,1.0,3.0,3.0,3.0,2.0,3.0,3.0,2.0,2.0,1.0,1.0,2.0,1.0,1.0,1.0,,1.0,,,,,,1.0,1.0,,,,,1.0,,,1.0,1.0,1.0,,,0.0,7.0,2.0,6.0,4.0,5.0,10.0,10.0,10.0,5.0,10.0,4.0,5.0,6.0,0.0,0.0,5.0,5.0,1.0,,,,1.0,,,1.0,,,,2.0,2.0,2.0,2.0,2.0,0.9049189446950824
699.0,2.0,25.0,2.0,5.0,3.0,16.0,7.0,1.0,2.0,1.0,,,,,,1.0,,,,,,,,,,,,,,,1.0,1.0,,,3.0,3.0,2.0,3.0,1.0,1.0,3.0,3.0,3.0,3.0,2.0,3.0,3.0,3.0,1.0,3.0,2.0,3.0,3.0,4.0,2.0,3.0,3.0,4.0,3.0,5.0,3.0,3.0,3.0,3.0,3.0,2.0,8.0,3.0,2.0,1.0,2.0,2.0,4.0,1.0,5.0,2.0,2.0,1.0,1.0,1.0,2.0,3.0,4.0,1.0,,,,,,1.0,,,,,,,1.0,,3.0,2.0,1.0,3.0,2.0,,1.0,1.0,1.0,,1.0,,,5.0,3.0,1.0,1.0,0.0,0.0,6.0,1.0,1.0,3.0,2.0,0.0,0.0,4.0,4.0,9.0,0.0,0.0,3.0,0.0,7.0,2.0,0.0,1.0,3.0,1.0,,,,1.0,,,1.0,,6.0,6.0,6.0,6.0,7.0,1.0,6.0,6.0,2.0,4.0,4.0,4.0,4.0,1.0,,1.0,,1.0,1.0,,1.0,,1.0,2.0,2.0,1.0,3.0,2.0,3.0,3.0,2.0,1.0,1.0,1.0,1.0,2.0,2.0,2.0,2.0,2.0,2.0,2.0,1.0,1.0,1.0,,1.0,,,,1.0,1.0,1.0,,,,,,,,,,,1.0,1.0,,,5.0,8.0,0.0,4.0,0.0,0.0,7.0,10.0,0.0,10.0,10.0,0.0,0.0,3.0,4.0,0.0,8.0,5.0,1.0,,,,1.0,,,,,,,1.0,1.0,1.0,6.0,5.0,0.6729052829575184
700.0,1.0,41.0,3.0,3.0,2.0,16.0,4.0,1.0,5.0,1.0,,,,,,,,1.0,,,,,,1.0,,,,,,,,,,,2.0,2.0,1.0,2.0,2.0,2.0,2.0,2.0,2.0,2.0,2.0,2.0,2.0,2.0,1.0,2.0,2.0,2.0,3.0,2.0,3.0,3.0,2.0,2.0,5.0,9.0,8.0,8.0,8.0,9.0,8.0,8.0,8.0,9.0,8.0,9.0,9.0,8.0,9.0,8.0,9.0,1.0,1.0,2.0,1.0,1.0,2.0,1.0,2.0,,,,,,,,,,1.0,1.0,1.0,,,,3.0,2.0,2.0,2.0,1.0,4.0,2.0,1.0,,,,,,2.0,2.0,9.0,9.0,9.0,9.0,8.0,9.0,9.0,9.0,9.0,9.0,8.0,9.0,9.0,9.0,8.0,9.0,5.0,8.0,9.0,9.0,9.0,9.0,4.0,2.0,,,1.0,,,,,,6.0,6.0,6.0,6.0,1.0,6.0,6.0,1.0,6.0,2.0,3.0,2.0,2.0,1.0,,,,,,1.0,,,3.0,2.0,1.0,1.0,1.0,1.0,1.0,1.0,1.0,1.0,1.0,1.0,1.0,1.0,3.0,1.0,2.0,2.0,1.0,3.0,2.0,1.0,2.0,,1.0,,,,1.0,,,1.0,,1.0,,,,,,,1.0,,,,,9.0,8.0,8.0,9.0,9.0,8.0,9.0,9.0,9.0,9.0,9.0,9.0,8.0,8.0,9.0,9.0,4.0,1.0,1.0,,,,,,1.0,,,,,1.0,2.0,1.0,6.0,5.0,0.9145664859503748
701.0,1.0,75.0,6.0,5.0,2.0,16.0,5.0,2.0,3.0,1.0,1.0,,,,,,,1.0,,,,,,,,,1.0,,,,,,,,3.0,3.0,4.0,,3.0,3.0,3.0,3.0,3.0,3.0,3.0,3.0,3.0,3.0,3.0,3.0,3.0,2.0,4.0,2.0,3.0,3.0,4.0,4.0,3.0,7.0,7.0,8.0,6.0,5.0,2.0,8.0,4.0,3.0,3.0,6.0,5.0,6.0,5.0,6.0,5.0,1.0,1.0,1.0,1.0,1.0,1.0,1.0,2.0,,,1.0,,1.0,1.0,,,,,,,,,,1.0,2.0,2.0,2.0,2.0,,3.0,,1.0,,1.0,,,3.0,2.0,7.0,7.0,7.0,4.0,6.0,5.0,6.0,5.0,6.0,5.0,5.0,9.0,9.0,7.0,6.0,6.0,6.0,7.0,9.0,4.0,7.0,6.0,4.0,1.0,,1.0,1.0,1.0,,,,,3.0,3.0,3.0,3.0,3.0,3.0,3.0,3.0,3.0,3.0,2.0,2.0,2.0,1.0,,,,,,1.0,1.0,,1.0,3.0,3.0,3.0,1.0,3.0,3.0,3.0,3.0,1.0,3.0,3.0,1.0,3.0,3.0,3.0,2.0,2.0,2.0,2.0,2.0,1.0,1.0,1.0,,,,,1.0,,,,,1.0,,,1.0,,,,1.0,,,,,4.0,6.0,1.0,4.0,1.0,2.0,10.0,10.0,5.0,10.0,10.0,8.0,8.0,6.0,0.0,0.0,7.0,1.0,2.0,13.0,,,1.0,,,,,,,2.0,2.0,3.0,3.0,3.0,0.6014680154101033
702.0,2.0,45.0,4.0,3.0,2.0,16.0,5.0,1.0,5.0,1.0,,,,,,,,,,,,,1.0,,,,1.0,,,,1.0,,,,3.0,2.0,2.0,3.0,3.0,3.0,3.0,3.0,3.0,3.0,3.0,3.0,3.0,3.0,3.0,3.0,3.0,3.0,4.0,4.0,4.0,4.0,3.0,4.0,4.0,4.0,6.0,6.0,5.0,5.0,6.0,99.0,6.0,6.0,4.0,99.0,99.0,99.0,99.0,99.0,5.0,1.0,2.0,1.0,1.0,1.0,2.0,1.0,3.0,1.0,,,,,,,1.0,,,,,,1.0,,3.0,3.0,3.0,4.0,2.0,,3.0,1.0,,,,,,3.0,2.0,2.0,4.0,0.0,3.0,6.0,6.0,6.0,5.0,4.0,7.0,0.0,7.0,6.0,7.0,0.0,4.0,1.0,1.0,7.0,6.0,6.0,6.0,3.0,5.0,,,,,,,1.0,,5.0,2.0,5.0,5.0,8.0,2.0,5.0,5.0,8.0,4.0,4.0,4.0,4.0,1.0,,,,,,,1.0,,1.0,1.0,3.0,3.0,3.0,3.0,3.0,3.0,3.0,3.0,3.0,3.0,3.0,3.0,3.0,3.0,2.0,2.0,2.0,2.0,4.0,3.0,3.0,,1.0,1.0,,,,,,1.0,1.0,,,,,1.0,,1.0,,1.0,1.0,,,3.0,6.0,4.0,5.0,3.0,4.0,9.0,10.0,2.0,7.0,8.0,4.0,8.0,5.0,2.0,0.0,7.0,4.0,1.0,,,1.0,,,,,,,,3.0,3.0,3.0,11.0,11.0,0.5942222861235079
703.0,2.0,48.0,4.0,2.0,3.0,16.0,6.0,1.0,4.0,1.0,,,,,,,,,,,,,,,,,,,,,,,,1.0,2.0,2.0,2.0,3.0,3.0,3.0,3.0,3.0,3.0,3.0,3.0,3.0,3.0,3.0,3.0,3.0,3.0,2.0,4.0,4.0,3.0,3.0,4.0,4.0,4.0,7.0,99.0,99.0,7.0,6.0,5.0,5.0,5.0,99.0,1.0,2.0,99.0,99.0,99.0,99.0,0.0,1.0,1.0,3.0,3.0,3.0,1.0,3.0,4.0,,,1.0,,,,,,,,1.0,1.0,,,,5.0,5.0,5.0,5.0,2.0,,2.0,,,,,,1.0,6.0,3.0,0.0,0.0,0.0,0.0,4.0,0.0,0.0,0.0,0.0,0.0,0.0,99.0,6.0,99.0,0.0,99.0,0.0,0.0,0.0,2.0,2.0,4.0,6.0,5.0,,,,,,,,1.0,8.0,8.0,8.0,8.0,8.0,8.0,8.0,8.0,8.0,5.0,5.0,5.0,5.0,1.0,,,,,,,,1.0,5.0,5.0,3.0,3.0,3.0,3.0,3.0,3.0,3.0,3.0,3.0,3.0,3.0,3.0,3.0,3.0,2.0,2.0,2.0,2.0,4.0,1.0,1.0,1.0,1.0,,,,,,,,,,,1.0,,,,,,,,,1.0,99.0,99.0,99.0,99.0,99.0,99.0,99.0,99.0,3.0,99.0,99.0,99.0,99.0,99.0,99.0,99.0,8.0,1.0,1.0,,,,1.0,,,1.0,,,,2.0,2.0,3.0,12.0,12.0,0.9687395887960318
704.0,1.0,41.0,3.0,5.0,3.0,16.0,4.0,2.0,7.0,1.0,,,,,,,,1.0,,1.0,,1.0,,,,,,,,,,,,,3.0,2.0,4.0,,3.0,3.0,3.0,3.0,3.0,3.0,3.0,3.0,3.0,3.0,3.0,3.0,3.0,5.0,5.0,5.0,5.0,5.0,5.0,5.0,5.0,0.0,5.0,8.0,0.0,2.0,0.0,0.0,8.0,2.0,0.0,6.0,0.0,0.0,8.0,0.0,0.0,1.0,3.0,3.0,3.0,1.0,1.0,3.0,4.0,,,,,,1.0,1.0,,,,,,,1.0,,2.0,4.0,1.0,4.0,2.0,,1.0,1.0,1.0,,1.0,,,4.0,3.0,0.0,2.0,0.0,0.0,0.0,0.0,5.0,0.0,0.0,0.0,0.0,8.0,0.0,0.0,0.0,0.0,0.0,0.0,3.0,5.0,0.0,5.0,5.0,4.0,1.0,,1.0,,,,,,2.0,2.0,2.0,2.0,2.0,2.0,2.0,2.0,2.0,3.0,2.0,2.0,2.0,2.0,1.0,,1.0,1.0,1.0,1.0,1.0,,4.0,1.0,2.0,2.0,1.0,2.0,2.0,2.0,2.0,3.0,3.0,2.0,2.0,2.0,2.0,2.0,2.0,2.0,2.0,2.0,1.0,1.0,1.0,,1.0,1.0,,,,1.0,1.0,,,1.0,,,1.0,1.0,,,,,,,,0.0,8.0,0.0,8.0,4.0,4.0,10.0,10.0,10.0,6.0,10.0,0.0,0.0,0.0,0.0,0.0,5.0,5.0,1.0,,,1.0,,,,,,,,2.0,2.0,2.0,2.0,2.0,1.9807146592296672
705.0,2.0,59.0,5.0,5.0,1.0,16.0,4.0,1.0,5.0,1.0,,,,,,1.0,,1.0,,,,,,,,1.0,,,,,,,,,2.0,2.0,2.0,3.0,3.0,1.0,3.0,3.0,3.0,3.0,3.0,3.0,3.0,3.0,3.0,3.0,3.0,3.0,3.0,3.0,3.0,3.0,2.0,3.0,1.0,4.0,6.0,5.0,4.0,2.0,3.0,2.0,7.0,7.0,4.0,6.0,5.0,7.0,6.0,6.0,7.0,2.0,1.0,1.0,1.0,1.0,2.0,1.0,3.0,1.0,,,,,,,1.0,,,,,,1.0,,4.0,4.0,3.0,5.0,2.0,,3.0,1.0,,,,,,2.0,2.0,5.0,6.0,5.0,0.0,2.0,3.0,5.0,5.0,3.0,2.0,0.0,8.0,7.0,2.0,5.0,2.0,2.0,0.0,5.0,4.0,5.0,2.0,4.0,2.0,1.0,1.0,1.0,1.0,1.0,1.0,1.0,,2.0,2.0,2.0,2.0,2.0,1.0,2.0,2.0,2.0,1.0,2.0,1.0,1.0,3.0,,,,,,1.0,1.0,,2.0,2.0,2.0,3.0,1.0,3.0,1.0,1.0,3.0,1.0,1.0,3.0,3.0,2.0,1.0,3.0,2.0,2.0,2.0,2.0,3.0,2.0,3.0,,,1.0,,,1.0,,,1.0,1.0,1.0,,,,1.0,,1.0,1.0,1.0,1.0,,,2.0,5.0,1.0,5.0,3.0,3.0,10.0,10.0,8.0,10.0,10.0,6.0,5.0,5.0,0.0,0.0,4.0,5.0,1.0,,,,,,,1.0,,,,2.0,2.0,3.0,2.0,2.0,0.7590333477957455
706.0,2.0,23.0,1.0,5.0,1.0,16.0,7.0,1.0,4.0,1.0,,,1.0,,,,,,,,,1.0,,,,,,,1.0,,,,,,2.0,1.0,2.0,3.0,2.0,2.0,2.0,2.0,2.0,3.0,2.0,3.0,2.0,2.0,3.0,2.0,1.0,3.0,3.0,3.0,3.0,1.0,2.0,3.0,4.0,8.0,7.0,8.0,6.0,6.0,8.0,8.0,8.0,6.0,6.0,5.0,8.0,9.0,6.0,8.0,9.0,1.0,1.0,1.0,1.0,1.0,1.0,3.0,4.0,,1.0,,,,1.0,,,,1.0,,,,,,1.0,3.0,2.0,3.0,1.0,4.0,3.0,,1.0,,1.0,,,2.0,2.0,8.0,7.0,7.0,2.0,3.0,5.0,1.0,4.0,1.0,6.0,0.0,7.0,2.0,4.0,2.0,7.0,4.0,2.0,5.0,5.0,6.0,2.0,3.0,2.0,,,1.0,1.0,1.0,,,,1.0,1.0,1.0,7.0,6.0,1.0,1.0,1.0,1.0,2.0,1.0,2.0,3.0,1.0,,,,,,,1.0,,2.0,1.0,2.0,2.0,1.0,1.0,1.0,1.0,2.0,1.0,1.0,1.0,1.0,2.0,2.0,2.0,1.0,2.0,2.0,1.0,1.0,3.0,2.0,,,,1.0,1.0,,1.0,1.0,,,,,,,,1.0,,1.0,1.0,,,,5.0,6.0,1.0,1.0,3.0,3.0,8.0,9.0,6.0,8.0,9.0,5.0,3.0,3.0,2.0,0.0,8.0,1.0,1.0,,,,1.0,,,,,,,1.0,1.0,1.0,1.0,1.0,0.8489910457687293
707.0,2.0,45.0,4.0,5.0,2.0,16.0,5.0,1.0,3.0,1.0,,,,,1.0,1.0,,1.0,,,,,,,,,,,,,,,,,3.0,3.0,2.0,5.0,1.0,1.0,3.0,3.0,3.0,3.0,1.0,3.0,3.0,3.0,3.0,3.0,4.0,2.0,2.0,3.0,2.0,3.0,1.0,4.0,1.0,0.0,4.0,5.0,4.0,2.0,0.0,5.0,5.0,3.0,1.0,5.0,4.0,1.0,5.0,5.0,0.0,2.0,1.0,1.0,1.0,1.0,2.0,1.0,3.0,1.0,,,,,,,,1.0,1.0,,,,,,5.0,5.0,5.0,3.0,2.0,,3.0,,,,,,1.0,3.0,2.0,2.0,5.0,1.0,3.0,5.0,5.0,3.0,5.0,5.0,5.0,4.0,6.0,0.0,0.0,1.0,1.0,0.0,0.0,5.0,5.0,3.0,3.0,4.0,1.0,,1.0,1.0,1.0,,1.0,1.0,,8.0,8.0,8.0,8.0,8.0,8.0,8.0,8.0,8.0,3.0,3.0,5.0,1.0,1.0,,,,,,1.0,1.0,,1.0,1.0,3.0,3.0,3.0,3.0,3.0,3.0,3.0,3.0,3.0,3.0,3.0,3.0,3.0,3.0,2.0,2.0,2.0,2.0,3.0,1.0,1.0,,1.0,1.0,,,,1.0,1.0,1.0,1.0,1.0,,,,,,,,1.0,1.0,,,3.0,7.0,2.0,3.0,2.0,2.0,9.0,10.0,5.0,8.0,10.0,5.0,5.0,5.0,0.0,0.0,7.0,1.0,1.0,,,,1.0,,,1.0,,,,1.0,2.0,2.0,12.0,11.0,0.3473876882626968
708.0,2.0,63.0,5.0,5.0,2.0,16.0,4.0,2.0,5.0,1.0,,,,,,1.0,,,,,,,,,,,1.0,,,1.0,,,,,3.0,2.0,4.0,,2.0,1.0,3.0,1.0,3.0,3.0,3.0,3.0,3.0,3.0,3.0,3.0,1.0,2.0,2.0,3.0,2.0,4.0,3.0,3.0,2.0,2.0,3.0,4.0,3.0,3.0,3.0,3.0,6.0,3.0,2.0,3.0,5.0,4.0,5.0,5.0,3.0,1.0,1.0,1.0,1.0,1.0,1.0,1.0,3.0,1.0,,1.0,,,,,,,1.0,,,,,,2.0,3.0,1.0,5.0,2.0,,3.0,1.0,,,,,,3.0,2.0,5.0,5.0,3.0,2.0,5.0,99.0,4.0,5.0,4.0,3.0,3.0,5.0,3.0,99.0,1.0,3.0,3.0,3.0,5.0,3.0,5.0,3.0,4.0,5.0,,,1.0,1.0,,,1.0,,8.0,8.0,8.0,8.0,8.0,8.0,8.0,8.0,8.0,5.0,3.0,3.0,2.0,1.0,,1.0,1.0,1.0,1.0,,1.0,,1.0,4.0,2.0,2.0,2.0,3.0,3.0,2.0,3.0,3.0,3.0,3.0,3.0,2.0,2.0,3.0,2.0,2.0,2.0,2.0,1.0,1.0,1.0,,1.0,,1.0,,,1.0,,1.0,1.0,,,,1.0,,,,,,,,,99.0,6.0,0.0,3.0,3.0,3.0,10.0,10.0,99.0,10.0,0.0,0.0,99.0,99.0,0.0,0.0,6.0,1.0,1.0,,,,,,,1.0,,,,3.0,3.0,3.0,13.0,12.0,0.4745859939809871
709.0,2.0,69.0,6.0,5.0,3.0,16.0,4.0,2.0,4.0,1.0,,,,,,,,,,,,,1.0,,,,1.0,,,,,,,,2.0,2.0,4.0,,3.0,3.0,3.0,3.0,3.0,3.0,3.0,3.0,3.0,3.0,3.0,3.0,3.0,3.0,4.0,4.0,4.0,4.0,4.0,4.0,4.0,7.0,8.0,8.0,6.0,3.0,6.0,5.0,8.0,6.0,1.0,5.0,3.0,4.0,7.0,4.0,5.0,2.0,2.0,1.0,1.0,2.0,2.0,1.0,2.0,,,1.0,,,,,1.0,,,,,,1.0,,4.0,4.0,4.0,5.0,2.0,,2.0,1.0,,,,,,2.0,2.0,3.0,5.0,6.0,0.0,3.0,7.0,5.0,6.0,6.0,7.0,0.0,8.0,7.0,1.0,7.0,6.0,0.0,1.0,8.0,6.0,4.0,1.0,5.0,1.0,1.0,,,,,,,,2.0,2.0,2.0,2.0,2.0,2.0,2.0,2.0,2.0,1.0,2.0,1.0,3.0,3.0,,,,,,1.0,1.0,,1.0,1.0,2.0,3.0,1.0,3.0,3.0,3.0,3.0,3.0,3.0,2.0,3.0,2.0,3.0,2.0,2.0,2.0,2.0,2.0,1.0,1.0,1.0,,1.0,1.0,,,,,,,1.0,1.0,,,,1.0,,1.0,,1.0,,,,0.0,7.0,0.0,6.0,0.0,5.0,10.0,10.0,10.0,6.0,10.0,6.0,8.0,2.0,0.0,0.0,4.0,5.0,1.0,,,,1.0,,,,,,,2.0,1.0,2.0,2.0,2.0,2.000063173845238
710.0,1.0,74.0,6.0,2.0,2.0,16.0,4.0,2.0,4.0,1.0,,,,,,,,,,,,,,,,,1.0,1.0,1.0,,,,,,2.0,2.0,4.0,,3.0,3.0,3.0,3.0,3.0,3.0,3.0,3.0,3.0,3.0,3.0,3.0,3.0,4.0,4.0,4.0,4.0,4.0,4.0,4.0,4.0,4.0,8.0,8.0,6.0,0.0,5.0,7.0,6.0,6.0,4.0,2.0,3.0,0.0,7.0,2.0,3.0,2.0,2.0,2.0,2.0,2.0,2.0,3.0,4.0,1.0,,,,1.0,,,1.0,,,,,,,,2.0,4.0,4.0,4.0,2.0,,4.0,1.0,,,,,,3.0,2.0,3.0,7.0,2.0,0.0,0.0,3.0,6.0,3.0,5.0,3.0,0.0,7.0,6.0,0.0,0.0,5.0,5.0,0.0,4.0,0.0,2.0,0.0,5.0,1.0,1.0,1.0,1.0,,,,,,2.0,2.0,2.0,2.0,2.0,2.0,2.0,2.0,2.0,1.0,1.0,1.0,1.0,3.0,1.0,,1.0,,,1.0,1.0,,1.0,1.0,2.0,3.0,1.0,2.0,1.0,3.0,2.0,2.0,3.0,3.0,3.0,2.0,3.0,2.0,2.0,2.0,2.0,2.0,5.0,3.0,3.0,1.0,,1.0,,,,,,,1.0,1.0,,,,1.0,,,,1.0,,,,0.0,9.0,0.0,4.0,1.0,1.0,10.0,10.0,10.0,6.0,10.0,0.0,1.0,1.0,0.0,0.0,3.0,5.0,1.0,,,,1.0,,,,,,,1.0,1.0,1.0,2.0,2.0,1.292851198265321
711.0,2.0,78.0,6.0,5.0,3.0,16.0,6.0,2.0,6.0,1.0,,,,,,,,,,1.0,,,,,1.0,,1.0,,,,,,,,3.0,3.0,4.0,,3.0,3.0,3.0,3.0,3.0,3.0,3.0,3.0,3.0,3.0,3.0,3.0,3.0,4.0,4.0,4.0,4.0,4.0,4.0,4.0,4.0,5.0,5.0,5.0,5.0,5.0,3.0,3.0,5.0,3.0,3.0,3.0,5.0,3.0,5.0,3.0,3.0,1.0,1.0,3.0,1.0,1.0,1.0,3.0,4.0,1.0,,,,,,,1.0,1.0,,,,,,,3.0,3.0,3.0,3.0,2.0,,2.0,,,,1.0,,,3.0,2.0,4.0,5.0,2.0,8.0,9.0,5.0,6.0,6.0,6.0,6.0,8.0,9.0,7.0,10.0,2.0,8.0,10.0,8.0,9.0,1.0,8.0,8.0,3.0,3.0,,,,1.0,,1.0,,,8.0,8.0,8.0,8.0,8.0,8.0,8.0,8.0,8.0,4.0,3.0,3.0,3.0,1.0,,1.0,,1.0,1.0,,1.0,,1.0,2.0,1.0,3.0,1.0,1.0,2.0,3.0,3.0,1.0,1.0,1.0,1.0,3.0,3.0,3.0,2.0,2.0,2.0,2.0,3.0,3.0,3.0,,,,1.0,1.0,,,,1.0,1.0,,,,,,1.0,,,,1.0,,,5.0,5.0,0.0,2.0,0.0,1.0,5.0,10.0,6.0,8.0,10.0,3.0,1.0,1.0,3.0,1.0,7.0,1.0,1.0,,,1.0,,,,,,,,3.0,3.0,2.0,11.0,10.0,2.0000606853765586
712.0,2.0,53.0,4.0,5.0,1.0,16.0,5.0,3.0,6.0,1.0,,,,,,1.0,,1.0,,,,,,,,,,,,,1.0,,,,3.0,2.0,11.0,5.0,3.0,3.0,3.0,3.0,3.0,3.0,3.0,3.0,3.0,3.0,3.0,3.0,3.0,3.0,3.0,4.0,3.0,4.0,4.0,4.0,4.0,3.0,4.0,5.0,4.0,3.0,2.0,3.0,6.0,4.0,3.0,3.0,5.0,4.0,5.0,5.0,4.0,2.0,1.0,3.0,1.0,1.0,1.0,3.0,3.0,1.0,1.0,,,,1.0,,,,,,,,,,3.0,3.0,4.0,5.0,2.0,,4.0,,,,,,1.0,3.0,2.0,7.0,7.0,0.0,5.0,6.0,5.0,7.0,4.0,4.0,3.0,7.0,5.0,4.0,6.0,3.0,5.0,4.0,5.0,6.0,4.0,5.0,6.0,3.0,4.0,,,,,,,,1.0,8.0,8.0,8.0,8.0,8.0,1.0,8.0,8.0,8.0,4.0,4.0,4.0,4.0,1.0,,1.0,,,,,1.0,,1.0,3.0,3.0,3.0,3.0,3.0,3.0,3.0,3.0,3.0,3.0,3.0,3.0,3.0,3.0,3.0,1.0,1.0,1.0,1.0,5.0,1.0,1.0,1.0,1.0,,,,,,,1.0,1.0,,,,,,,,,,1.0,,,5.0,7.0,0.0,4.0,3.0,3.0,7.0,10.0,5.0,10.0,10.0,7.0,8.0,5.0,0.0,0.0,7.0,1.0,1.0,,,,1.0,,,1.0,,,,1.0,2.0,2.0,1.0,11.0,0.5752773463492634
713.0,2.0,58.0,5.0,5.0,2.0,16.0,6.0,2.0,2.0,1.0,,,,,,,,,,,1.0,,,,,,1.0,,,,1.0,,,,2.0,3.0,4.0,,3.0,2.0,3.0,3.0,3.0,3.0,3.0,2.0,3.0,3.0,3.0,3.0,3.0,4.0,3.0,4.0,4.0,4.0,4.0,3.0,4.0,5.0,6.0,7.0,9.0,5.0,5.0,8.0,7.0,3.0,2.0,0.0,7.0,5.0,7.0,3.0,3.0,2.0,1.0,3.0,1.0,2.0,2.0,3.0,3.0,,,,,1.0,,,1.0,1.0,,,,,,,3.0,3.0,3.0,3.0,1.0,5.0,4.0,,,,,,1.0,2.0,2.0,1.0,5.0,0.0,0.0,5.0,5.0,5.0,3.0,5.0,6.0,5.0,6.0,5.0,5.0,0.0,5.0,6.0,6.0,7.0,5.0,6.0,5.0,3.0,4.0,,,,,,1.0,,,8.0,1.0,8.0,8.0,1.0,8.0,1.0,8.0,3.0,4.0,3.0,4.0,4.0,1.0,,1.0,,,,,1.0,,1.0,3.0,2.0,2.0,3.0,1.0,3.0,2.0,3.0,1.0,3.0,3.0,3.0,2.0,3.0,3.0,2.0,2.0,2.0,2.0,3.0,2.0,2.0,1.0,1.0,,,,,,,,1.0,,,,,,,,,1.0,,,,5.0,7.0,2.0,5.0,3.0,2.0,8.0,10.0,1.0,9.0,10.0,3.0,7.0,2.0,1.0,2.0,8.0,1.0,1.0,,,,1.0,,,,,,,3.0,3.0,3.0,11.0,10.0,0.46957970080662303
714.0,1.0,44.0,3.0,5.0,2.0,16.0,7.0,1.0,1.0,1.0,,,,,,1.0,,1.0,,1.0,,,,,,,,,,,,,,,4.0,3.0,2.0,3.0,1.0,1.0,2.0,3.0,2.0,1.0,1.0,3.0,3.0,1.0,3.0,3.0,2.0,3.0,3.0,3.0,2.0,3.0,2.0,4.0,2.0,0.0,2.0,8.0,7.0,2.0,0.0,8.0,8.0,1.0,0.0,5.0,2.0,99.0,3.0,8.0,0.0,1.0,3.0,3.0,3.0,3.0,1.0,3.0,4.0,,,1.0,1.0,,1.0,,,,,,,,,,1.0,1.0,1.0,2.0,1.0,1.0,1.0,1.0,,,1.0,,,5.0,3.0,2.0,1.0,0.0,5.0,7.0,1.0,0.0,0.0,0.0,0.0,5.0,8.0,1.0,0.0,0.0,0.0,2.0,5.0,6.0,0.0,0.0,1.0,3.0,3.0,,,,,,,,1.0,8.0,8.0,8.0,7.0,8.0,8.0,8.0,8.0,8.0,4.0,3.0,3.0,3.0,1.0,,1.0,1.0,1.0,1.0,,,,1.0,4.0,2.0,3.0,3.0,3.0,3.0,3.0,3.0,2.0,3.0,3.0,3.0,3.0,3.0,3.0,2.0,2.0,2.0,2.0,2.0,1.0,1.0,1.0,,,,,1.0,,,,1.0,,,,,,,,,,,1.0,,6.0,8.0,0.0,3.0,0.0,0.0,7.0,10.0,6.0,8.0,9.0,1.0,0.0,1.0,1.0,0.0,8.0,1.0,1.0,,,,1.0,,,1.0,,,,1.0,1.0,1.0,11.0,10.0,1.3248929201178254
715.0,2.0,35.0,3.0,5.0,2.0,16.0,6.0,1.0,5.0,1.0,,,,,,,,,,,,,,,,1.0,1.0,,,,1.0,,,,2.0,2.0,1.0,3.0,3.0,3.0,3.0,3.0,3.0,3.0,3.0,3.0,3.0,3.0,3.0,3.0,3.0,3.0,4.0,4.0,2.0,4.0,4.0,4.0,2.0,6.0,5.0,5.0,5.0,5.0,4.0,6.0,5.0,5.0,3.0,7.0,2.0,5.0,5.0,5.0,6.0,2.0,2.0,1.0,1.0,1.0,2.0,1.0,3.0,,,1.0,,1.0,,,,,,,,,1.0,,3.0,3.0,3.0,3.0,2.0,,2.0,1.0,1.0,,1.0,,,2.0,2.0,5.0,5.0,2.0,2.0,5.0,5.0,5.0,5.0,2.0,2.0,0.0,5.0,7.0,2.0,1.0,5.0,2.0,5.0,5.0,2.0,5.0,3.0,3.0,5.0,,,,1.0,,1.0,1.0,,8.0,8.0,8.0,8.0,8.0,8.0,8.0,8.0,8.0,3.0,2.0,2.0,2.0,2.0,,,,,,1.0,1.0,,1.0,2.0,2.0,2.0,1.0,2.0,1.0,1.0,3.0,1.0,1.0,1.0,1.0,2.0,1.0,2.0,2.0,1.0,1.0,3.0,2.0,1.0,1.0,,1.0,1.0,,,,,,1.0,1.0,1.0,,,,1.0,,1.0,1.0,1.0,1.0,,,2.0,5.0,5.0,5.0,2.0,1.0,8.0,10.0,5.0,9.0,10.0,5.0,5.0,5.0,2.0,0.0,7.0,5.0,1.0,,,1.0,,,,,,,,2.0,2.0,3.0,2.0,2.0,0.42516233614514704
716.0,2.0,53.0,4.0,5.0,3.0,16.0,3.0,1.0,4.0,1.0,,,,,,,1.0,,,,,,,,,,1.0,,,,1.0,,,,3.0,2.0,2.0,4.0,3.0,1.0,3.0,3.0,3.0,3.0,3.0,3.0,3.0,1.0,3.0,3.0,2.0,3.0,3.0,3.0,2.0,3.0,3.0,3.0,3.0,4.0,6.0,8.0,6.0,5.0,5.0,5.0,3.0,2.0,3.0,6.0,4.0,7.0,7.0,5.0,3.0,2.0,1.0,1.0,1.0,1.0,2.0,2.0,4.0,,,1.0,,,1.0,,,,,,,,1.0,,2.0,2.0,2.0,3.0,2.0,,3.0,,,,,,1.0,3.0,2.0,4.0,6.0,3.0,0.0,4.0,4.0,2.0,4.0,5.0,4.0,0.0,7.0,4.0,5.0,3.0,4.0,2.0,2.0,5.0,0.0,4.0,4.0,3.0,3.0,,,1.0,1.0,1.0,,1.0,,5.0,1.0,1.0,1.0,1.0,1.0,1.0,5.0,1.0,3.0,3.0,3.0,2.0,2.0,,,,,,,1.0,,1.0,2.0,2.0,3.0,1.0,3.0,3.0,3.0,2.0,3.0,3.0,3.0,2.0,3.0,2.0,2.0,2.0,2.0,2.0,2.0,4.0,2.0,2.0,,1.0,,,,1.0,,,,1.0,1.0,,,,,,1.0,,,1.0,,,4.0,5.0,0.0,5.0,1.0,2.0,10.0,10.0,7.0,8.0,9.0,2.0,6.0,6.0,0.0,0.0,3.0,4.0,1.0,,,,1.0,,,,,,,2.0,2.0,2.0,11.0,10.0,0.5079913431897082
717.0,2.0,56.0,5.0,3.0,2.0,16.0,6.0,1.0,2.0,1.0,,,,,,1.0,,,,,,,,,,1.0,,,,,1.0,,,,3.0,2.0,3.0,3.0,1.0,1.0,3.0,3.0,3.0,1.0,1.0,3.0,3.0,2.0,3.0,2.0,2.0,2.0,3.0,3.0,2.0,4.0,3.0,3.0,2.0,1.0,3.0,5.0,4.0,2.0,1.0,3.0,4.0,3.0,5.0,4.0,4.0,4.0,3.0,3.0,3.0,1.0,1.0,1.0,1.0,1.0,1.0,1.0,5.0,1.0,,,,,1.0,,,,,,,,1.0,,2.0,4.0,2.0,2.0,1.0,1.0,1.0,1.0,1.0,,1.0,,,4.0,2.0,1.0,2.0,0.0,0.0,1.0,2.0,0.0,2.0,1.0,2.0,0.0,3.0,3.0,2.0,1.0,5.0,3.0,2.0,5.0,3.0,5.0,1.0,3.0,4.0,,,,,,,,1.0,8.0,8.0,8.0,8.0,8.0,8.0,8.0,8.0,8.0,4.0,4.0,4.0,4.0,1.0,,,,,,,,1.0,1.0,4.0,3.0,3.0,3.0,3.0,3.0,3.0,3.0,3.0,3.0,3.0,3.0,3.0,3.0,3.0,2.0,2.0,2.0,2.0,1.0,1.0,1.0,,1.0,1.0,,,,,,,1.0,,,,,,,,,1.0,1.0,,,3.0,5.0,5.0,5.0,5.0,5.0,5.0,5.0,5.0,5.0,5.0,5.0,5.0,5.0,5.0,5.0,8.0,1.0,1.0,,,,1.0,,,,,,,3.0,3.0,3.0,1.0,1.0,0.731846253573565
718.0,2.0,51.0,4.0,5.0,2.0,16.0,6.0,1.0,5.0,1.0,,,,1.0,,,,,,,,,,,,1.0,,,,,1.0,,,,3.0,2.0,2.0,3.0,3.0,1.0,3.0,3.0,3.0,2.0,3.0,3.0,3.0,1.0,3.0,3.0,1.0,3.0,3.0,3.0,3.0,4.0,3.0,3.0,2.0,6.0,6.0,5.0,4.0,3.0,5.0,3.0,7.0,7.0,3.0,5.0,3.0,4.0,5.0,5.0,4.0,2.0,1.0,1.0,3.0,1.0,2.0,2.0,3.0,,,1.0,,,,,,,,1.0,,,1.0,,4.0,4.0,3.0,3.0,2.0,,3.0,,,,1.0,,,3.0,2.0,6.0,6.0,0.0,0.0,2.0,3.0,2.0,2.0,2.0,3.0,0.0,6.0,6.0,2.0,0.0,2.0,0.0,0.0,4.0,5.0,6.0,2.0,3.0,2.0,,,1.0,1.0,,,1.0,,8.0,8.0,8.0,8.0,8.0,8.0,8.0,8.0,8.0,3.0,3.0,3.0,2.0,1.0,,,,,,1.0,1.0,,1.0,2.0,3.0,3.0,3.0,1.0,1.0,1.0,3.0,1.0,3.0,3.0,1.0,2.0,3.0,3.0,1.0,1.0,1.0,1.0,3.0,2.0,2.0,,1.0,1.0,,,,,,1.0,1.0,1.0,,,,,,,,1.0,,,,1.0,7.0,1.0,4.0,1.0,1.0,9.0,10.0,5.0,10.0,10.0,6.0,8.0,6.0,0.0,0.0,8.0,5.0,1.0,,,,,,,1.0,,,,2.0,2.0,2.0,12.0,3.0,0.38127505875447554
719.0,2.0,35.0,3.0,3.0,3.0,16.0,5.0,1.0,2.0,2.0,,,,,1.0,,,,,,1.0,,,,,,,,,,1.0,,,,2.0,2.0,2.0,2.0,1.0,1.0,3.0,3.0,1.0,1.0,1.0,1.0,3.0,1.0,3.0,3.0,1.0,2.0,2.0,3.0,1.0,3.0,2.0,1.0,1.0,7.0,6.0,7.0,6.0,8.0,7.0,8.0,6.0,7.0,8.0,10.0,6.0,5.0,7.0,6.0,7.0,1.0,1.0,1.0,1.0,1.0,1.0,1.0,4.0,,,1.0,,,,,,,1.0,1.0,,,,,4.0,1.0,2.0,4.0,1.0,2.0,2.0,1.0,1.0,,,,,2.0,2.0,2.0,8.0,5.0,0.0,5.0,6.0,0.0,6.0,6.0,5.0,0.0,7.0,8.0,0.0,0.0,5.0,0.0,7.0,6.0,5.0,7.0,0.0,5.0,1.0,1.0,,1.0,1.0,,,,,2.0,2.0,2.0,2.0,1.0,1.0,2.0,2.0,2.0,1.0,2.0,1.0,3.0,2.0,1.0,,1.0,1.0,1.0,1.0,1.0,,1.0,3.0,2.0,3.0,3.0,2.0,1.0,1.0,2.0,1.0,3.0,2.0,3.0,2.0,3.0,3.0,1.0,1.0,1.0,1.0,4.0,1.0,2.0,,1.0,1.0,,,,,1.0,,,,,,,,,1.0,,,,,,3.0,5.0,2.0,6.0,4.0,4.0,8.0,10.0,8.0,7.0,10.0,3.0,5.0,5.0,0.0,0.0,7.0,4.0,1.0,,,,1.0,,,1.0,,,,1.0,1.0,1.0,2.0,2.0,0.8505823023800679
720.0,2.0,49.0,4.0,1.0,3.0,16.0,6.0,1.0,2.0,1.0,,1.0,,,,,,,,,,1.0,,,,,,,,,,,,,3.0,2.0,2.0,4.0,3.0,1.0,1.0,3.0,1.0,1.0,3.0,3.0,3.0,1.0,3.0,3.0,1.0,3.0,2.0,3.0,2.0,4.0,2.0,4.0,1.0,4.0,7.0,4.0,4.0,3.0,6.0,3.0,5.0,4.0,1.0,5.0,4.0,6.0,3.0,6.0,5.0,1.0,1.0,1.0,1.0,1.0,1.0,1.0,3.0,,,,,,,1.0,,,1.0,1.0,,,,,3.0,4.0,4.0,4.0,1.0,2.0,3.0,,,,,1.0,,3.0,4.0,5.0,7.0,3.0,7.0,6.0,3.0,3.0,4.0,5.0,5.0,1.0,6.0,7.0,3.0,3.0,0.0,1.0,8.0,6.0,5.0,6.0,5.0,6.0,5.0,,,,,1.0,,,,8.0,8.0,8.0,8.0,8.0,8.0,8.0,8.0,8.0,3.0,4.0,3.0,4.0,2.0,,,,,,,,1.0,3.0,4.0,3.0,3.0,3.0,3.0,3.0,3.0,3.0,3.0,3.0,3.0,3.0,3.0,3.0,3.0,3.0,3.0,3.0,3.0,4.0,4.0,3.0,,,1.0,,1.0,,,,,,,,1.0,,1.0,,,,,,,,6.0,7.0,2.0,5.0,6.0,5.0,8.0,9.0,6.0,6.0,4.0,6.0,6.0,7.0,4.0,5.0,7.0,5.0,1.0,,,,1.0,,,1.0,,,,1.0,1.0,1.0,13.0,12.0,1.245835789408097
721.0,2.0,72.0,6.0,5.0,3.0,16.0,6.0,2.0,6.0,1.0,,,,,,1.0,,,,,1.0,,,,1.0,,,,,,,,,,2.0,1.0,5.0,,3.0,1.0,3.0,3.0,3.0,3.0,3.0,3.0,3.0,3.0,3.0,3.0,1.0,2.0,4.0,2.0,2.0,4.0,3.0,4.0,4.0,5.0,99.0,99.0,8.0,6.0,9.0,9.0,10.0,5.0,1.0,0.0,9.0,9.0,10.0,5.0,99.0,1.0,1.0,1.0,1.0,3.0,1.0,2.0,4.0,,,1.0,,,,1.0,1.0,,,,,,,,2.0,2.0,2.0,3.0,2.0,,2.0,,,,1.0,,,2.0,2.0,6.0,7.0,6.0,8.0,8.0,6.0,10.0,7.0,8.0,5.0,8.0,9.0,8.0,10.0,2.0,10.0,9.0,8.0,6.0,6.0,6.0,7.0,4.0,2.0,,1.0,,,1.0,,1.0,,3.0,1.0,1.0,3.0,1.0,1.0,1.0,1.0,6.0,2.0,4.0,4.0,4.0,1.0,,1.0,,,1.0,,1.0,,1.0,1.0,1.0,2.0,2.0,1.0,1.0,1.0,3.0,1.0,1.0,1.0,1.0,2.0,2.0,1.0,2.0,2.0,2.0,1.0,5.0,1.0,1.0,1.0,,,1.0,,,,,1.0,,,,,,1.0,1.0,,,,,,,6.0,8.0,0.0,6.0,1.0,1.0,8.0,10.0,6.0,8.0,99.0,5.0,7.0,8.0,2.0,0.0,8.0,2.0,1.0,,,1.0,,,,,,,,3.0,3.0,3.0,3.0,1.0,2.0000606853765586
722.0,1.0,58.0,5.0,5.0,2.0,16.0,4.0,3.0,7.0,1.0,,,1.0,,,,,1.0,,,,,,,,,1.0,,,,,,,,3.0,2.0,6.0,,1.0,1.0,3.0,3.0,3.0,3.0,1.0,3.0,3.0,2.0,3.0,3.0,1.0,3.0,3.0,3.0,3.0,3.0,3.0,2.0,2.0,7.0,5.0,6.0,4.0,3.0,3.0,4.0,7.0,6.0,1.0,5.0,4.0,5.0,4.0,4.0,4.0,1.0,1.0,1.0,1.0,1.0,1.0,1.0,3.0,,,,,,,,1.0,1.0,,1.0,,,,,2.0,2.0,2.0,2.0,2.0,,3.0,,,,1.0,,,3.0,2.0,3.0,4.0,2.0,3.0,5.0,5.0,5.0,4.0,3.0,4.0,2.0,6.0,5.0,3.0,2.0,3.0,3.0,2.0,2.0,5.0,3.0,5.0,4.0,2.0,,,,1.0,,,,,8.0,1.0,8.0,8.0,8.0,8.0,8.0,8.0,8.0,3.0,3.0,3.0,2.0,1.0,,,,,,1.0,,,2.0,2.0,3.0,3.0,3.0,3.0,3.0,3.0,3.0,3.0,3.0,3.0,3.0,3.0,3.0,3.0,2.0,2.0,2.0,1.0,3.0,3.0,3.0,1.0,,,,,1.0,,,,1.0,,,,,1.0,,,,,1.0,,,5.0,7.0,3.0,5.0,5.0,5.0,7.0,9.0,5.0,8.0,8.0,5.0,5.0,5.0,4.0,3.0,6.0,3.0,1.0,,,1.0,,,,,,,,2.0,2.0,3.0,10.0,9.0,1.1310631466948464
723.0,2.0,62.0,5.0,5.0,2.0,16.0,4.0,1.0,4.0,1.0,,,,,,1.0,,,,1.0,,,,,,,1.0,,,,,,,,3.0,3.0,2.0,5.0,3.0,3.0,3.0,3.0,3.0,3.0,3.0,3.0,3.0,3.0,3.0,3.0,3.0,3.0,3.0,4.0,3.0,4.0,3.0,3.0,2.0,5.0,7.0,7.0,6.0,7.0,5.0,6.0,8.0,6.0,6.0,7.0,6.0,7.0,7.0,6.0,6.0,1.0,1.0,1.0,1.0,1.0,1.0,1.0,4.0,1.0,,,,,1.0,,,1.0,,,,,,,1.0,2.0,1.0,3.0,2.0,,3.0,1.0,,,,,,3.0,3.0,6.0,6.0,5.0,5.0,6.0,7.0,5.0,6.0,6.0,6.0,3.0,7.0,5.0,6.0,6.0,6.0,6.0,5.0,7.0,4.0,6.0,6.0,4.0,2.0,,1.0,1.0,1.0,,,1.0,,8.0,8.0,8.0,8.0,8.0,8.0,8.0,8.0,8.0,3.0,3.0,3.0,2.0,1.0,,,,,,1.0,1.0,,1.0,2.0,2.0,2.0,1.0,3.0,3.0,2.0,3.0,1.0,1.0,1.0,3.0,2.0,1.0,2.0,2.0,2.0,2.0,2.0,2.0,1.0,1.0,,,1.0,,,1.0,,,,,1.0,,,,1.0,,,,,,,,3.0,7.0,99.0,2.0,4.0,99.0,9.0,10.0,6.0,10.0,10.0,3.0,7.0,99.0,0.0,0.0,4.0,3.0,1.0,,,,1.0,,,,,,,3.0,3.0,3.0,3.0,11.0,0.48738954746190155
724.0,2.0,20.0,1.0,2.0,3.0,16.0,4.0,5.0,1.0,1.0,,,,,,1.0,,,1.0,,,,,,,,1.0,,,,,,,,3.0,3.0,9.0,,3.0,1.0,3.0,3.0,3.0,1.0,3.0,3.0,3.0,3.0,1.0,1.0,1.0,1.0,1.0,1.0,1.0,1.0,1.0,1.0,1.0,1.0,5.0,9.0,8.0,3.0,6.0,6.0,4.0,8.0,0.0,4.0,0.0,6.0,6.0,3.0,0.0,2.0,1.0,1.0,1.0,2.0,2.0,2.0,4.0,1.0,,,,,,,,,,1.0,,,1.0,,4.0,4.0,4.0,5.0,2.0,,1.0,1.0,1.0,,1.0,,,4.0,2.0,3.0,7.0,5.0,0.0,0.0,7.0,8.0,3.0,4.0,5.0,0.0,8.0,3.0,0.0,2.0,5.0,0.0,0.0,7.0,7.0,5.0,0.0,5.0,1.0,1.0,1.0,1.0,1.0,1.0,1.0,1.0,,8.0,2.0,2.0,7.0,7.0,2.0,1.0,2.0,2.0,2.0,1.0,1.0,1.0,3.0,1.0,,,,,1.0,1.0,,3.0,2.0,2.0,2.0,1.0,2.0,3.0,1.0,2.0,2.0,2.0,1.0,3.0,2.0,3.0,2.0,2.0,1.0,1.0,3.0,4.0,1.0,1.0,,,1.0,,,1.0,,,1.0,1.0,1.0,,,,1.0,1.0,1.0,,1.0,,,,0.0,8.0,3.0,8.0,3.0,4.0,9.0,10.0,10.0,5.0,9.0,0.0,3.0,5.0,0.0,0.0,4.0,5.0,1.0,,,,,1.0,1.0,,1.0,,,1.0,1.0,1.0,2.0,10.0,2.0000093735999793
725.0,1.0,70.0,6.0,5.0,1.0,16.0,6.0,2.0,2.0,1.0,,1.0,,,,,,1.0,,,,,,,,,1.0,,,,,,,,2.0,2.0,4.0,,3.0,3.0,3.0,3.0,3.0,3.0,3.0,3.0,3.0,3.0,3.0,3.0,3.0,3.0,4.0,4.0,3.0,3.0,4.0,4.0,4.0,8.0,9.0,9.0,7.0,8.0,4.0,8.0,8.0,7.0,2.0,99.0,8.0,4.0,8.0,8.0,2.0,2.0,1.0,1.0,1.0,1.0,2.0,1.0,2.0,1.0,,,,,1.0,1.0,,,,,,,,,2.0,3.0,2.0,5.0,2.0,,3.0,,1.0,,,,,2.0,2.0,7.0,8.0,3.0,3.0,9.0,6.0,3.0,8.0,3.0,4.0,3.0,9.0,9.0,8.0,2.0,2.0,8.0,8.0,8.0,2.0,5.0,9.0,3.0,4.0,,1.0,,1.0,,1.0,1.0,,8.0,1.0,1.0,6.0,1.0,1.0,1.0,8.0,1.0,4.0,4.0,4.0,3.0,2.0,,1.0,,1.0,1.0,,1.0,,1.0,1.0,3.0,3.0,3.0,3.0,3.0,3.0,3.0,3.0,3.0,3.0,3.0,3.0,3.0,2.0,1.0,1.0,1.0,3.0,5.0,3.0,3.0,1.0,,,,,1.0,,,1.0,1.0,1.0,,,,,,1.0,1.0,,1.0,,,4.0,6.0,2.0,4.0,2.0,2.0,8.0,9.0,6.0,8.0,9.0,3.0,1.0,1.0,1.0,0.0,8.0,3.0,1.0,,,,1.0,,,,,,,3.0,3.0,3.0,1.0,11.0,1.0446645296799186
726.0,2.0,22.0,1.0,5.0,3.0,16.0,6.0,5.0,5.0,2.0,,,,,,,,1.0,,,,,,,,,1.0,,,,1.0,,,,3.0,2.0,8.0,,1.0,1.0,3.0,3.0,3.0,1.0,2.0,3.0,3.0,3.0,1.0,1.0,3.0,3.0,2.0,2.0,2.0,4.0,2.0,1.0,2.0,8.0,5.0,7.0,5.0,6.0,3.0,5.0,7.0,6.0,5.0,5.0,2.0,5.0,7.0,5.0,5.0,2.0,1.0,1.0,1.0,1.0,1.0,1.0,5.0,1.0,,,,1.0,1.0,,,,,,,,,,4.0,5.0,2.0,2.0,2.0,,1.0,1.0,1.0,,,,,3.0,2.0,5.0,5.0,6.0,2.0,5.0,6.0,5.0,7.0,7.0,6.0,2.0,6.0,7.0,5.0,5.0,7.0,5.0,5.0,5.0,5.0,3.0,5.0,4.0,5.0,,1.0,1.0,1.0,1.0,,,,8.0,8.0,8.0,8.0,8.0,8.0,8.0,8.0,8.0,5.0,5.0,1.0,2.0,3.0,,,,,,1.0,1.0,,2.0,5.0,3.0,3.0,3.0,3.0,3.0,3.0,3.0,3.0,3.0,3.0,3.0,3.0,3.0,3.0,2.0,2.0,2.0,5.0,3.0,3.0,3.0,,,1.0,,,1.0,,1.0,1.0,1.0,,,,,1.0,1.0,,,1.0,,,,3.0,99.0,2.0,99.0,5.0,4.0,8.0,10.0,8.0,5.0,9.0,99.0,5.0,99.0,2.0,0.0,8.0,4.0,1.0,,,,,1.0,1.0,,1.0,,,1.0,1.0,1.0,2.0,2.0,0.6705829344473527
727.0,1.0,64.0,5.0,5.0,3.0,16.0,4.0,1.0,4.0,1.0,,,,,,,,,,,1.0,,,,,1.0,,,,,1.0,,,,3.0,2.0,2.0,4.0,3.0,3.0,3.0,3.0,3.0,3.0,3.0,3.0,3.0,3.0,3.0,3.0,3.0,4.0,4.0,4.0,4.0,4.0,4.0,4.0,4.0,5.0,5.0,5.0,5.0,5.0,3.0,5.0,5.0,7.0,5.0,5.0,5.0,5.0,5.0,5.0,5.0,1.0,1.0,1.0,1.0,1.0,1.0,1.0,5.0,1.0,,,,,,,1.0,,,,,1.0,,,5.0,5.0,2.0,4.0,2.0,,1.0,1.0,,,,,,3.0,4.0,5.0,5.0,5.0,5.0,5.0,5.0,7.0,5.0,3.0,5.0,0.0,5.0,5.0,5.0,0.0,2.0,7.0,5.0,9.0,7.0,5.0,5.0,6.0,5.0,,,,1.0,1.0,1.0,1.0,,8.0,8.0,8.0,8.0,8.0,8.0,8.0,8.0,8.0,5.0,5.0,5.0,5.0,2.0,1.0,1.0,1.0,1.0,1.0,1.0,1.0,,1.0,3.0,3.0,3.0,3.0,3.0,3.0,3.0,3.0,3.0,3.0,3.0,3.0,3.0,3.0,3.0,5.0,5.0,5.0,5.0,3.0,3.0,3.0,1.0,,,,,1.0,,,,,,,1.0,,1.0,,,1.0,,,,,99.0,99.0,99.0,99.0,99.0,99.0,99.0,99.0,99.0,99.0,99.0,99.0,99.0,99.0,99.0,99.0,2.0,5.0,1.0,,,,1.0,,,,,,,1.0,1.0,1.0,12.0,11.0,0.5792208883356296
728.0,1.0,46.0,4.0,5.0,2.0,16.0,6.0,1.0,5.0,1.0,,,,,,,,,,,1.0,1.0,,,,,,,,,1.0,,,,4.0,2.0,2.0,4.0,3.0,3.0,3.0,3.0,3.0,3.0,3.0,3.0,3.0,3.0,3.0,3.0,3.0,3.0,4.0,4.0,3.0,4.0,3.0,2.0,3.0,3.0,3.0,3.0,5.0,6.0,6.0,3.0,4.0,4.0,1.0,0.0,5.0,4.0,2.0,4.0,0.0,2.0,1.0,1.0,1.0,1.0,2.0,2.0,3.0,,,,,1.0,,,1.0,,,,,1.0,,,3.0,3.0,2.0,3.0,2.0,,3.0,1.0,,,,,,5.0,3.0,4.0,4.0,4.0,3.0,7.0,1.0,4.0,0.0,1.0,3.0,3.0,2.0,3.0,7.0,0.0,7.0,3.0,0.0,3.0,2.0,2.0,7.0,1.0,5.0,,,,,1.0,1.0,,,8.0,8.0,8.0,8.0,8.0,8.0,8.0,8.0,8.0,4.0,4.0,2.0,2.0,1.0,1.0,1.0,,1.0,1.0,,1.0,,1.0,3.0,3.0,2.0,3.0,3.0,3.0,3.0,3.0,3.0,3.0,3.0,3.0,2.0,2.0,2.0,2.0,2.0,2.0,1.0,4.0,2.0,2.0,1.0,,,,,1.0,1.0,1.0,1.0,1.0,1.0,,,,,1.0,,1.0,1.0,1.0,,,5.0,7.0,10.0,4.0,3.0,4.0,7.0,8.0,0.0,8.0,10.0,4.0,3.0,2.0,0.0,0.0,8.0,3.0,1.0,,,,,,,1.0,,,,3.0,3.0,3.0,11.0,3.0,0.3705192027824488
729.0,2.0,49.0,4.0,5.0,2.0,16.0,8.0,3.0,6.0,1.0,1.0,,1.0,,,,,,,,,,,,,,1.0,,,,,,,,4.0,3.0,6.0,,1.0,1.0,1.0,2.0,1.0,1.0,1.0,2.0,1.0,1.0,3.0,3.0,1.0,1.0,1.0,1.0,1.0,4.0,1.0,1.0,1.0,6.0,4.0,5.0,1.0,0.0,5.0,0.0,3.0,5.0,2.0,0.0,5.0,5.0,3.0,5.0,0.0,1.0,1.0,3.0,1.0,1.0,1.0,1.0,4.0,,,1.0,,,,,,,1.0,1.0,,,,,3.0,4.0,1.0,1.0,1.0,2.0,3.0,1.0,1.0,,,,,2.0,2.0,5.0,7.0,0.0,0.0,5.0,6.0,5.0,5.0,4.0,4.0,0.0,5.0,5.0,0.0,0.0,4.0,4.0,4.0,5.0,5.0,5.0,3.0,3.0,2.0,,1.0,1.0,1.0,1.0,1.0,1.0,,1.0,1.0,1.0,1.0,1.0,1.0,1.0,1.0,1.0,1.0,1.0,1.0,1.0,2.0,,1.0,1.0,1.0,1.0,1.0,1.0,,1.0,3.0,2.0,2.0,3.0,3.0,3.0,2.0,3.0,3.0,3.0,3.0,3.0,2.0,3.0,2.0,2.0,2.0,2.0,2.0,1.0,1.0,1.0,1.0,,,,,1.0,,,,1.0,1.0,,,,,,,,1.0,1.0,,,5.0,5.0,0.0,10.0,10.0,0.0,10.0,10.0,7.0,10.0,5.0,0.0,0.0,0.0,0.0,0.0,8.0,5.0,1.0,,,,1.0,,,,,,,1.0,1.0,1.0,1.0,1.0,0.3596924588685902
730.0,2.0,52.0,4.0,3.0,2.0,16.0,7.0,1.0,4.0,1.0,,,,,,1.0,,,,,,,,,1.0,,1.0,,,,,,,,4.0,3.0,2.0,2.0,2.0,1.0,3.0,3.0,3.0,3.0,2.0,3.0,3.0,2.0,3.0,3.0,3.0,1.0,3.0,3.0,2.0,3.0,2.0,4.0,2.0,0.0,4.0,4.0,7.0,0.0,5.0,0.0,7.0,4.0,0.0,0.0,0.0,7.0,6.0,0.0,0.0,2.0,2.0,1.0,1.0,1.0,2.0,1.0,4.0,1.0,,,,,,,1.0,1.0,,,,,,,4.0,4.0,4.0,2.0,2.0,,1.0,1.0,1.0,,1.0,,,5.0,2.0,6.0,4.0,5.0,0.0,0.0,0.0,2.0,0.0,3.0,2.0,0.0,6.0,5.0,0.0,5.0,5.0,0.0,0.0,5.0,0.0,5.0,0.0,3.0,3.0,,,1.0,1.0,1.0,1.0,1.0,,4.0,4.0,4.0,4.0,4.0,4.0,4.0,4.0,4.0,5.0,5.0,1.0,1.0,2.0,1.0,1.0,1.0,,,1.0,1.0,,1.0,1.0,3.0,3.0,3.0,3.0,3.0,3.0,3.0,3.0,3.0,3.0,3.0,3.0,3.0,3.0,2.0,2.0,2.0,2.0,1.0,1.0,1.0,,,1.0,,,1.0,,,1.0,1.0,1.0,,,,,,1.0,1.0,1.0,1.0,,,0.0,10.0,5.0,5.0,2.0,4.0,10.0,10.0,5.0,8.0,8.0,5.0,5.0,5.0,0.0,0.0,8.0,5.0,1.0,,,,1.0,,,,,,,2.0,2.0,2.0,4.0,4.0,0.6102534309875046
731.0,1.0,59.0,5.0,5.0,1.0,16.0,3.0,2.0,5.0,1.0,,,,,,,,1.0,,,1.0,,,,,,,1.0,,,,,,,1.0,1.0,4.0,,1.0,1.0,3.0,1.0,1.0,2.0,1.0,3.0,3.0,1.0,4.0,1.0,1.0,1.0,3.0,4.0,1.0,3.0,1.0,2.0,1.0,2.0,4.0,5.0,5.0,4.0,1.0,6.0,4.0,7.0,7.0,4.0,5.0,5.0,4.0,2.0,5.0,2.0,2.0,2.0,2.0,2.0,2.0,2.0,2.0,,,1.0,,,1.0,,,,,,,,1.0,,2.0,4.0,4.0,3.0,1.0,2.0,4.0,,,,1.0,,,1.0,1.0,0.0,8.0,0.0,0.0,1.0,5.0,1.0,7.0,6.0,8.0,0.0,5.0,1.0,0.0,3.0,2.0,0.0,3.0,3.0,2.0,4.0,0.0,5.0,1.0,,1.0,1.0,1.0,,,1.0,,2.0,2.0,2.0,3.0,2.0,3.0,2.0,2.0,1.0,5.0,3.0,5.0,1.0,1.0,,,,,,,1.0,,1.0,4.0,2.0,3.0,3.0,1.0,1.0,3.0,3.0,3.0,3.0,3.0,1.0,2.0,3.0,3.0,1.0,2.0,3.0,2.0,1.0,1.0,1.0,,1.0,1.0,,,,,,,,,,1.0,,,,,,,,,1.0,0.0,9.0,0.0,3.0,4.0,6.0,10.0,10.0,3.0,6.0,0.0,6.0,4.0,4.0,0.0,0.0,2.0,5.0,1.0,,,,1.0,,,1.0,,,,3.0,3.0,3.0,3.0,10.0,0.6953000174986909
732.0,2.0,66.0,6.0,3.0,2.0,16.0,5.0,2.0,2.0,1.0,,,,,1.0,,,,,,,,,,,,1.0,,,,1.0,,,,2.0,2.0,4.0,,3.0,2.0,3.0,3.0,3.0,3.0,3.0,3.0,3.0,3.0,3.0,3.0,3.0,2.0,3.0,4.0,2.0,4.0,3.0,4.0,3.0,8.0,9.0,8.0,8.0,7.0,8.0,7.0,9.0,9.0,8.0,8.0,8.0,8.0,8.0,7.0,8.0,2.0,2.0,2.0,2.0,2.0,2.0,2.0,3.0,,,,,1.0,,,,1.0,,,1.0,,,,3.0,3.0,4.0,2.0,2.0,,3.0,,1.0,,,,,2.0,2.0,8.0,9.0,7.0,6.0,8.0,8.0,8.0,8.0,9.0,8.0,6.0,9.0,8.0,8.0,7.0,8.0,7.0,8.0,7.0,7.0,8.0,7.0,3.0,2.0,,,,1.0,,,1.0,,1.0,1.0,1.0,1.0,1.0,1.0,1.0,1.0,1.0,3.0,3.0,2.0,3.0,2.0,,,,,,,1.0,,1.0,3.0,2.0,2.0,3.0,1.0,3.0,3.0,3.0,3.0,3.0,3.0,3.0,3.0,2.0,2.0,2.0,2.0,2.0,2.0,2.0,1.0,1.0,,1.0,,1.0,,,,,,1.0,,,,,,1.0,,,,,,,4.0,4.0,1.0,9.0,7.0,4.0,8.0,10.0,4.0,4.0,9.0,5.0,6.0,2.0,5.0,0.0,7.0,3.0,1.0,,,,1.0,,,1.0,,,,1.0,1.0,1.0,1.0,1.0,2.0000668228226757
733.0,1.0,59.0,5.0,2.0,3.0,16.0,4.0,1.0,4.0,1.0,1.0,,,1.0,,,,,,,,,,,,,1.0,,,,,,,,3.0,2.0,2.0,4.0,2.0,1.0,3.0,3.0,3.0,3.0,1.0,3.0,3.0,3.0,3.0,3.0,1.0,2.0,3.0,3.0,3.0,4.0,4.0,4.0,3.0,7.0,5.0,5.0,1.0,0.0,5.0,8.0,7.0,5.0,0.0,6.0,0.0,5.0,3.0,5.0,7.0,2.0,1.0,1.0,1.0,1.0,1.0,3.0,4.0,,,1.0,,,,,,,1.0,1.0,,,,,4.0,4.0,4.0,4.0,1.0,2.0,1.0,1.0,1.0,,,,,3.0,2.0,5.0,5.0,0.0,0.0,5.0,2.0,0.0,0.0,3.0,5.0,6.0,7.0,8.0,0.0,2.0,0.0,0.0,0.0,8.0,10.0,0.0,5.0,5.0,1.0,,,1.0,1.0,,,1.0,,2.0,2.0,2.0,2.0,2.0,2.0,2.0,2.0,2.0,2.0,2.0,2.0,2.0,2.0,1.0,,,,,1.0,1.0,,2.0,2.0,3.0,1.0,3.0,1.0,1.0,3.0,3.0,1.0,1.0,3.0,3.0,2.0,3.0,3.0,1.0,1.0,1.0,1.0,3.0,1.0,1.0,,1.0,1.0,,,,,,,,,1.0,,,,,,1.0,,1.0,,,3.0,8.0,2.0,5.0,2.0,1.0,9.0,10.0,9.0,10.0,10.0,2.0,5.0,5.0,0.0,0.0,4.0,1.0,1.0,,,,1.0,,,1.0,,,,2.0,2.0,2.0,2.0,2.0,1.1045743450371828
734.0,1.0,18.0,1.0,5.0,1.0,16.0,4.0,5.0,3.0,1.0,,,,,,,,1.0,,1.0,,,,,,,,,,,1.0,,,,2.0,2.0,9.0,,3.0,2.0,2.0,3.0,2.0,2.0,3.0,3.0,3.0,2.0,3.0,1.0,3.0,1.0,3.0,3.0,3.0,4.0,3.0,2.0,2.0,3.0,8.0,7.0,7.0,8.0,6.0,6.0,5.0,6.0,7.0,5.0,7.0,7.0,4.0,8.0,6.0,2.0,1.0,1.0,3.0,1.0,2.0,3.0,4.0,,1.0,,,,1.0,,,,1.0,,,,,,1.0,3.0,2.0,3.0,2.0,,4.0,,,,,,1.0,2.0,2.0,7.0,8.0,7.0,7.0,7.0,6.0,7.0,8.0,8.0,9.0,10.0,8.0,8.0,8.0,8.0,9.0,8.0,7.0,7.0,8.0,8.0,8.0,4.0,1.0,,,,1.0,,,,,8.0,8.0,8.0,7.0,7.0,2.0,8.0,8.0,8.0,2.0,2.0,1.0,2.0,3.0,,,,,,1.0,1.0,,1.0,1.0,2.0,2.0,1.0,3.0,3.0,3.0,3.0,3.0,3.0,3.0,1.0,2.0,2.0,2.0,1.0,1.0,1.0,1.0,3.0,1.0,1.0,,1.0,1.0,,,,,,,,1.0,,,,1.0,,,1.0,,,,,2.0,7.0,2.0,0.0,0.0,5.0,8.0,10.0,8.0,8.0,10.0,3.0,8.0,2.0,2.0,2.0,3.0,1.0,1.0,,,,,1.0,1.0,,1.0,,,2.0,2.0,2.0,11.0,10.0,1.5124930106711456
735.0,1.0,70.0,6.0,3.0,2.0,16.0,4.0,2.0,6.0,1.0,,,,,,,,,,1.0,1.0,,,,,,,,,,1.0,,,,2.0,2.0,4.0,,3.0,3.0,3.0,3.0,3.0,3.0,3.0,3.0,3.0,3.0,3.0,3.0,3.0,2.0,3.0,4.0,3.0,4.0,4.0,4.0,2.0,8.0,8.0,7.0,6.0,8.0,4.0,7.0,7.0,8.0,6.0,2.0,8.0,7.0,9.0,5.0,6.0,3.0,3.0,3.0,3.0,3.0,3.0,3.0,2.0,,,,,,1.0,1.0,,,,,,1.0,,,1.0,1.0,1.0,4.0,2.0,,4.0,,,1.0,,1.0,,4.0,3.0,0.0,1.0,0.0,6.0,7.0,0.0,0.0,1.0,5.0,3.0,6.0,5.0,9.0,1.0,1.0,7.0,8.0,8.0,7.0,0.0,0.0,8.0,1.0,4.0,,,1.0,,,,,,6.0,6.0,6.0,7.0,7.0,6.0,6.0,6.0,6.0,4.0,4.0,4.0,1.0,1.0,,1.0,,,,,,,2.0,1.0,1.0,2.0,3.0,1.0,3.0,2.0,1.0,1.0,1.0,1.0,1.0,1.0,2.0,2.0,3.0,3.0,3.0,3.0,5.0,5.0,3.0,1.0,,,1.0,,,1.0,,,,1.0,,,1.0,,,,,,,,,10.0,1.0,0.0,0.0,0.0,0.0,7.0,10.0,1.0,3.0,5.0,2.0,9.0,0.0,6.0,6.0,4.0,1.0,2.0,1.0,,,1.0,,,,,,,2.0,2.0,2.0,7.0,6.0,0.9705993293164235
736.0,2.0,46.0,4.0,4.0,3.0,16.0,4.0,5.0,6.0,1.0,,,,,,,,1.0,,,,,,,,1.0,1.0,,,,,,,,3.0,3.0,12.0,,3.0,3.0,3.0,3.0,3.0,3.0,3.0,3.0,3.0,3.0,3.0,3.0,3.0,3.0,2.0,4.0,4.0,4.0,4.0,4.0,4.0,4.0,99.0,99.0,3.0,0.0,0.0,99.0,1.0,2.0,1.0,99.0,0.0,99.0,99.0,1.0,5.0,2.0,1.0,1.0,1.0,1.0,2.0,3.0,4.0,,,,,,1.0,,,,,1.0,,,1.0,,4.0,4.0,2.0,4.0,2.0,,1.0,1.0,1.0,,1.0,,,4.0,2.0,5.0,5.0,2.0,0.0,3.0,0.0,0.0,3.0,1.0,0.0,0.0,99.0,6.0,0.0,0.0,0.0,0.0,0.0,4.0,0.0,0.0,0.0,4.0,5.0,,1.0,,1.0,1.0,,1.0,,8.0,8.0,5.0,8.0,8.0,1.0,2.0,8.0,1.0,5.0,5.0,5.0,2.0,1.0,,1.0,,,,1.0,1.0,,1.0,1.0,2.0,1.0,1.0,3.0,3.0,3.0,3.0,2.0,3.0,3.0,3.0,2.0,3.0,3.0,1.0,1.0,1.0,1.0,1.0,1.0,1.0,1.0,,1.0,,,,,,1.0,1.0,1.0,,,,1.0,1.0,,1.0,1.0,1.0,,,2.0,10.0,0.0,4.0,3.0,3.0,10.0,10.0,6.0,10.0,10.0,2.0,2.0,2.0,0.0,0.0,6.0,5.0,1.0,,,1.0,,,,,,,,2.0,2.0,2.0,12.0,10.0,0.6586913855329153
737.0,2.0,50.0,4.0,5.0,3.0,16.0,7.0,1.0,2.0,1.0,,,,,,1.0,,,,1.0,,,,,,,,,1.0,,,,,,2.0,2.0,3.0,4.0,3.0,3.0,3.0,3.0,3.0,3.0,3.0,3.0,3.0,3.0,3.0,3.0,3.0,3.0,4.0,4.0,4.0,4.0,4.0,4.0,3.0,2.0,1.0,3.0,9.0,2.0,6.0,5.0,9.0,6.0,3.0,0.0,7.0,1.0,3.0,8.0,5.0,3.0,3.0,3.0,3.0,3.0,3.0,3.0,4.0,1.0,,1.0,1.0,,,,,,,,,,,,4.0,4.0,1.0,3.0,1.0,5.0,4.0,1.0,1.0,1.0,,,,3.0,2.0,3.0,5.0,1.0,8.0,3.0,5.0,2.0,5.0,4.0,5.0,1.0,8.0,5.0,7.0,2.0,5.0,7.0,7.0,8.0,1.0,6.0,3.0,3.0,3.0,,,,,,,,1.0,7.0,7.0,7.0,7.0,7.0,1.0,7.0,8.0,7.0,4.0,4.0,4.0,4.0,1.0,1.0,1.0,,1.0,,,,,3.0,3.0,2.0,3.0,3.0,3.0,2.0,2.0,3.0,2.0,3.0,3.0,3.0,3.0,3.0,3.0,2.0,2.0,2.0,1.0,4.0,3.0,3.0,,,,,1.0,1.0,1.0,1.0,,,,,,,1.0,1.0,,,1.0,,,,10.0,2.0,0.0,3.0,4.0,5.0,6.0,10.0,0.0,8.0,10.0,4.0,5.0,5.0,2.0,0.0,8.0,1.0,1.0,,,,1.0,,,,,,,3.0,3.0,3.0,6.0,5.0,0.4894286801791209
738.0,1.0,31.0,2.0,2.0,2.0,16.0,4.0,1.0,4.0,2.0,,,,1.0,,,,,,,,,,,,,,,,,1.0,1.0,,,3.0,2.0,2.0,2.0,3.0,1.0,3.0,3.0,3.0,1.0,3.0,1.0,3.0,2.0,3.0,3.0,2.0,2.0,3.0,3.0,2.0,3.0,2.0,3.0,2.0,3.0,6.0,7.0,6.0,6.0,6.0,7.0,6.0,7.0,3.0,6.0,6.0,7.0,6.0,6.0,2.0,2.0,1.0,1.0,1.0,1.0,2.0,1.0,3.0,,,1.0,,,,,,,1.0,,,,1.0,,3.0,3.0,1.0,3.0,1.0,2.0,3.0,1.0,,1.0,1.0,,,3.0,2.0,6.0,7.0,5.0,0.0,3.0,6.0,5.0,5.0,5.0,6.0,0.0,7.0,6.0,3.0,6.0,5.0,1.0,1.0,6.0,7.0,6.0,3.0,5.0,2.0,1.0,1.0,1.0,1.0,1.0,1.0,1.0,,2.0,2.0,2.0,1.0,2.0,1.0,2.0,2.0,2.0,1.0,2.0,2.0,5.0,2.0,,,1.0,,,1.0,1.0,,1.0,3.0,2.0,2.0,1.0,1.0,1.0,1.0,2.0,2.0,1.0,3.0,1.0,2.0,2.0,2.0,2.0,2.0,2.0,2.0,1.0,1.0,1.0,,1.0,1.0,,,,,,1.0,1.0,1.0,,,,1.0,1.0,1.0,1.0,1.0,1.0,,,2.0,7.0,1.0,6.0,2.0,3.0,9.0,10.0,9.0,6.0,10.0,3.0,4.0,4.0,1.0,0.0,6.0,5.0,1.0,,,,1.0,,,1.0,,,,1.0,1.0,1.0,2.0,2.0,1.6464011680024828
739.0,1.0,40.0,3.0,5.0,1.0,16.0,6.0,1.0,4.0,1.0,,,1.0,,,,,,,,,,,,,,,,,1.0,1.0,,,,4.0,3.0,3.0,3.0,2.0,1.0,3.0,3.0,2.0,3.0,1.0,2.0,3.0,3.0,3.0,2.0,2.0,4.0,4.0,4.0,4.0,4.0,4.0,4.0,3.0,6.0,6.0,8.0,2.0,2.0,3.0,7.0,7.0,2.0,6.0,3.0,2.0,5.0,5.0,2.0,3.0,1.0,1.0,1.0,1.0,1.0,1.0,1.0,4.0,,,1.0,,,,1.0,,,,1.0,,,,,4.0,3.0,3.0,4.0,2.0,,1.0,1.0,,,1.0,,,5.0,2.0,1.0,4.0,2.0,1.0,1.0,1.0,2.0,0.0,0.0,1.0,0.0,8.0,4.0,1.0,1.0,1.0,1.0,1.0,5.0,2.0,1.0,1.0,5.0,1.0,1.0,,1.0,1.0,,,,,4.0,4.0,2.0,2.0,2.0,2.0,4.0,2.0,2.0,2.0,2.0,1.0,2.0,3.0,1.0,,1.0,,,1.0,1.0,,3.0,2.0,2.0,2.0,1.0,2.0,3.0,2.0,2.0,3.0,2.0,1.0,1.0,2.0,2.0,2.0,2.0,2.0,2.0,2.0,2.0,1.0,1.0,1.0,,1.0,,,,1.0,,,1.0,,,,,,1.0,,1.0,,,,,3.0,10.0,3.0,10.0,3.0,3.0,10.0,10.0,7.0,9.0,9.0,2.0,2.0,2.0,2.0,0.0,8.0,5.0,1.0,,,,,,,1.0,,,,1.0,1.0,1.0,2.0,2.0,0.9638556049901917
740.0,1.0,51.0,4.0,5.0,2.0,16.0,7.0,1.0,4.0,1.0,1.0,,,,,,,1.0,,1.0,,,,,,,,,,,,,,,5.0,3.0,2.0,5.0,1.0,1.0,2.0,1.0,1.0,1.0,1.0,2.0,2.0,1.0,1.0,2.0,1.0,1.0,3.0,3.0,2.0,3.0,1.0,4.0,3.0,0.0,4.0,1.0,0.0,0.0,0.0,0.0,4.0,5.0,0.0,99.0,2.0,99.0,0.0,99.0,0.0,2.0,3.0,3.0,2.0,3.0,2.0,3.0,4.0,,,1.0,,,1.0,,,,1.0,,,,,,1.0,4.0,1.0,3.0,1.0,2.0,4.0,,,,,1.0,,5.0,3.0,0.0,0.0,0.0,6.0,5.0,0.0,0.0,0.0,3.0,3.0,10.0,1.0,3.0,3.0,1.0,0.0,3.0,3.0,2.0,0.0,0.0,3.0,3.0,3.0,,,,,,,,1.0,7.0,7.0,7.0,7.0,7.0,7.0,7.0,7.0,7.0,4.0,5.0,4.0,4.0,1.0,,,,1.0,,,,,2.0,4.0,2.0,2.0,2.0,2.0,2.0,1.0,3.0,2.0,3.0,1.0,1.0,1.0,2.0,2.0,3.0,3.0,3.0,3.0,4.0,4.0,4.0,1.0,,,,,1.0,,,,,,1.0,,,,,,,,,,1.0,5.0,0.0,0.0,2.0,0.0,0.0,3.0,7.0,5.0,1.0,0.0,0.0,0.0,0.0,0.0,6.0,6.0,1.0,3.0,,43.0,,,1.0,1.0,,,,,3.0,3.0,3.0,7.0,6.0,0.3805152045370245
741.0,2.0,53.0,4.0,1.0,3.0,16.0,4.0,3.0,7.0,1.0,,,1.0,,,,,,,,1.0,,,,,,,,,,1.0,,,,4.0,3.0,6.0,,2.0,2.0,3.0,1.0,1.0,1.0,3.0,3.0,3.0,3.0,3.0,1.0,1.0,2.0,2.0,3.0,2.0,3.0,1.0,3.0,2.0,5.0,5.0,5.0,5.0,5.0,5.0,5.0,5.0,5.0,5.0,6.0,5.0,5.0,5.0,5.0,5.0,2.0,1.0,1.0,1.0,1.0,1.0,1.0,5.0,,,1.0,,,,1.0,,,,,,1.0,,,3.0,4.0,4.0,5.0,1.0,7.0,5.0,1.0,,,,,,3.0,4.0,99.0,99.0,99.0,5.0,99.0,99.0,99.0,6.0,4.0,5.0,0.0,4.0,5.0,99.0,99.0,99.0,6.0,7.0,7.0,99.0,99.0,99.0,3.0,3.0,,,,1.0,,,,,8.0,8.0,8.0,8.0,8.0,8.0,8.0,8.0,8.0,3.0,3.0,3.0,3.0,2.0,,,,,,,,1.0,5.0,5.0,2.0,2.0,2.0,2.0,3.0,2.0,2.0,2.0,2.0,2.0,2.0,2.0,2.0,2.0,5.0,3.0,5.0,3.0,5.0,5.0,5.0,,,,1.0,1.0,,,,1.0,,,,,,,,1.0,,,,,,6.0,4.0,5.0,6.0,6.0,5.0,4.0,4.0,6.0,6.0,6.0,5.0,6.0,5.0,4.0,5.0,4.0,6.0,1.0,,,,,,1.0,,,,,1.0,1.0,1.0,11.0,10.0,2.0000204073569896
742.0,2.0,57.0,5.0,2.0,2.0,16.0,6.0,1.0,2.0,1.0,,,,,,1.0,,,,,,,,,1.0,,,,,1.0,,,,,3.0,2.0,2.0,3.0,3.0,3.0,3.0,3.0,3.0,3.0,3.0,3.0,3.0,3.0,3.0,3.0,3.0,2.0,2.0,3.0,1.0,4.0,4.0,3.0,1.0,3.0,3.0,4.0,5.0,6.0,4.0,3.0,2.0,4.0,2.0,5.0,0.0,4.0,7.0,2.0,2.0,2.0,1.0,1.0,1.0,1.0,1.0,1.0,4.0,1.0,,,,,,,1.0,,,,,1.0,,,2.0,2.0,2.0,5.0,2.0,,1.0,1.0,1.0,,1.0,,,4.0,2.0,2.0,3.0,0.0,3.0,4.0,0.0,5.0,0.0,0.0,4.0,0.0,4.0,4.0,3.0,0.0,4.0,3.0,3.0,3.0,3.0,4.0,5.0,4.0,2.0,,,,,1.0,,,,8.0,8.0,8.0,8.0,8.0,8.0,8.0,8.0,8.0,4.0,3.0,3.0,2.0,1.0,,1.0,,1.0,1.0,,1.0,,1.0,1.0,2.0,2.0,3.0,2.0,3.0,2.0,3.0,2.0,3.0,3.0,2.0,2.0,3.0,2.0,2.0,2.0,2.0,1.0,4.0,1.0,1.0,,,1.0,,,1.0,,,1.0,1.0,1.0,,,,,,,,1.0,1.0,,,4.0,7.0,0.0,2.0,0.0,0.0,9.0,10.0,7.0,9.0,10.0,1.0,0.0,0.0,1.0,0.0,8.0,5.0,1.0,,,,1.0,,,,,,,1.0,1.0,2.0,1.0,1.0,0.8954885794116583
743.0,2.0,30.0,2.0,5.0,2.0,16.0,7.0,1.0,1.0,1.0,,,,1.0,,,,,,1.0,,,,,,,1.0,,,,,,,,2.0,2.0,2.0,3.0,3.0,1.0,3.0,3.0,3.0,2.0,3.0,1.0,3.0,3.0,1.0,1.0,3.0,2.0,2.0,4.0,3.0,3.0,2.0,2.0,4.0,5.0,6.0,7.0,4.0,0.0,10.0,99.0,7.0,6.0,0.0,6.0,6.0,5.0,7.0,99.0,5.0,2.0,3.0,3.0,3.0,3.0,1.0,1.0,3.0,,,1.0,,,,,,,1.0,1.0,,,,,2.0,5.0,1.0,4.0,2.0,,4.0,1.0,,,,,,2.0,2.0,0.0,5.0,0.0,5.0,10.0,99.0,0.0,6.0,5.0,5.0,1.0,5.0,6.0,4.0,0.0,5.0,5.0,5.0,5.0,1.0,0.0,5.0,3.0,3.0,,,,1.0,,,,,7.0,7.0,7.0,7.0,1.0,7.0,7.0,8.0,1.0,4.0,5.0,2.0,2.0,2.0,,1.0,1.0,1.0,1.0,,,,1.0,2.0,1.0,3.0,3.0,1.0,3.0,1.0,3.0,1.0,1.0,1.0,1.0,3.0,2.0,3.0,2.0,2.0,2.0,1.0,4.0,3.0,3.0,1.0,,,,,1.0,,,,1.0,,,,,1.0,,,,,,,,8.0,7.0,10.0,3.0,0.0,1.0,7.0,8.0,7.0,7.0,10.0,99.0,8.0,7.0,5.0,3.0,8.0,1.0,1.0,,,,,1.0,1.0,,,,,2.0,2.0,2.0,7.0,6.0,1.1835291400535344
744.0,1.0,62.0,5.0,3.0,2.0,16.0,4.0,3.0,7.0,1.0,,,,,,1.0,,,,,,,1.0,1.0,,,,,,,,,,,2.0,2.0,6.0,,3.0,1.0,3.0,3.0,3.0,1.0,3.0,3.0,3.0,1.0,3.0,3.0,3.0,4.0,3.0,4.0,3.0,4.0,4.0,4.0,4.0,0.0,6.0,7.0,6.0,0.0,0.0,6.0,7.0,2.0,0.0,4.0,4.0,4.0,6.0,7.0,0.0,2.0,2.0,3.0,3.0,2.0,2.0,3.0,3.0,,,,,,,,1.0,,,,1.0,,1.0,,4.0,4.0,4.0,4.0,2.0,,4.0,1.0,,,,,,4.0,2.0,4.0,6.0,5.0,0.0,0.0,0.0,8.0,4.0,8.0,6.0,0.0,7.0,4.0,9.0,1.0,9.0,1.0,0.0,5.0,10.0,0.0,0.0,5.0,1.0,,,,1.0,,1.0,1.0,,4.0,4.0,4.0,4.0,4.0,4.0,4.0,4.0,4.0,1.0,4.0,2.0,1.0,2.0,1.0,,1.0,,1.0,1.0,1.0,,1.0,3.0,2.0,2.0,1.0,3.0,1.0,3.0,1.0,1.0,1.0,3.0,1.0,2.0,3.0,2.0,2.0,3.0,3.0,3.0,5.0,2.0,3.0,,1.0,1.0,,,,,,1.0,1.0,1.0,,,,,,1.0,,1.0,,,,2.0,8.0,1.0,6.0,2.0,4.0,8.0,10.0,5.0,6.0,7.0,3.0,5.0,4.0,0.0,0.0,6.0,5.0,1.0,,,1.0,,,,,,,,3.0,3.0,3.0,4.0,4.0,1.7627770643446785
745.0,2.0,63.0,5.0,5.0,2.0,16.0,6.0,2.0,4.0,1.0,,,,1.0,,1.0,,,,,,,,,1.0,,,,,,,,,,2.0,2.0,4.0,,2.0,2.0,3.0,3.0,3.0,3.0,3.0,3.0,3.0,3.0,3.0,3.0,3.0,2.0,2.0,3.0,2.0,3.0,3.0,3.0,3.0,5.0,7.0,7.0,6.0,3.0,4.0,6.0,7.0,7.0,4.0,7.0,5.0,5.0,4.0,6.0,5.0,1.0,3.0,1.0,1.0,1.0,1.0,3.0,3.0,,,,,,1.0,,,,,1.0,,,1.0,,2.0,3.0,2.0,3.0,2.0,,2.0,1.0,,,1.0,,,2.0,2.0,3.0,7.0,3.0,2.0,6.0,5.0,5.0,6.0,7.0,6.0,3.0,5.0,6.0,5.0,4.0,5.0,4.0,2.0,5.0,3.0,6.0,3.0,4.0,2.0,,,,1.0,1.0,,1.0,,8.0,1.0,2.0,1.0,2.0,1.0,1.0,2.0,2.0,2.0,2.0,2.0,2.0,2.0,,,,,,,1.0,,2.0,2.0,3.0,3.0,3.0,3.0,3.0,3.0,3.0,3.0,3.0,3.0,3.0,3.0,3.0,3.0,2.0,2.0,2.0,3.0,1.0,1.0,1.0,,1.0,1.0,,,,,,,1.0,1.0,,,,,,,,1.0,1.0,,,7.0,5.0,2.0,5.0,4.0,4.0,10.0,10.0,7.0,6.0,8.0,3.0,5.0,6.0,1.0,0.0,7.0,5.0,1.0,,,,1.0,,,,,,,1.0,1.0,1.0,1.0,1.0,0.48738954746190155
746.0,1.0,18.0,1.0,1.0,2.0,16.0,4.0,1.0,2.0,1.0,,,,,,,,,,1.0,1.0,,,,,,,,,,1.0,,,,2.0,4.0,10.0,,1.0,1.0,3.0,1.0,3.0,1.0,1.0,1.0,3.0,3.0,1.0,3.0,3.0,3.0,4.0,4.0,3.0,4.0,4.0,4.0,3.0,7.0,5.0,8.0,7.0,6.0,6.0,7.0,7.0,7.0,7.0,7.0,8.0,99.0,8.0,8.0,8.0,1.0,1.0,1.0,1.0,1.0,1.0,1.0,3.0,,,1.0,,,,1.0,1.0,,,,,,,,3.0,4.0,3.0,4.0,2.0,,3.0,,,,,1.0,,3.0,3.0,6.0,7.0,5.0,5.0,5.0,5.0,5.0,5.0,6.0,5.0,5.0,5.0,5.0,5.0,5.0,5.0,5.0,5.0,6.0,5.0,5.0,5.0,4.0,3.0,,,,,1.0,,,,8.0,8.0,8.0,8.0,8.0,8.0,8.0,8.0,8.0,3.0,3.0,3.0,3.0,2.0,,,,,,,,1.0,3.0,3.0,3.0,3.0,3.0,3.0,3.0,3.0,3.0,3.0,3.0,3.0,3.0,3.0,3.0,3.0,1.0,1.0,2.0,1.0,3.0,3.0,3.0,,,,,1.0,1.0,1.0,,,,,,,,,,1.0,,,,,,99.0,99.0,99.0,99.0,99.0,99.0,99.0,99.0,99.0,99.0,99.0,99.0,99.0,99.0,99.0,99.0,5.0,3.0,1.0,,,,,1.0,1.0,,1.0,,,1.0,1.0,1.0,13.0,12.0,1.9933445887626227
747.0,1.0,27.0,2.0,3.0,3.0,16.0,6.0,1.0,2.0,2.0,1.0,,,,,,,,,,,,1.0,,,,1.0,,,,,,,,4.0,3.0,2.0,2.0,1.0,1.0,3.0,3.0,3.0,3.0,1.0,3.0,3.0,3.0,1.0,1.0,1.0,1.0,1.0,2.0,1.0,2.0,1.0,2.0,4.0,4.0,8.0,8.0,7.0,2.0,7.0,3.0,8.0,7.0,2.0,4.0,6.0,2.0,7.0,3.0,6.0,2.0,2.0,2.0,1.0,2.0,2.0,2.0,4.0,,,1.0,,,,,,,1.0,,,,1.0,,4.0,4.0,2.0,3.0,2.0,,1.0,1.0,,1.0,,,,3.0,1.0,2.0,7.0,8.0,0.0,0.0,4.0,8.0,5.0,5.0,6.0,1.0,8.0,4.0,5.0,4.0,7.0,0.0,0.0,7.0,8.0,2.0,0.0,5.0,1.0,1.0,1.0,1.0,1.0,1.0,1.0,1.0,,2.0,2.0,4.0,8.0,2.0,1.0,5.0,8.0,2.0,2.0,1.0,1.0,1.0,3.0,,,,,,1.0,1.0,,1.0,3.0,2.0,2.0,1.0,2.0,1.0,1.0,3.0,1.0,2.0,2.0,3.0,2.0,3.0,2.0,2.0,2.0,2.0,1.0,3.0,1.0,1.0,,1.0,1.0,,,,,,1.0,,,,,,1.0,,1.0,,,,,,0.0,7.0,0.0,4.0,1.0,3.0,10.0,10.0,10.0,6.0,10.0,3.0,4.0,4.0,0.0,0.0,7.0,4.0,1.0,,,,,1.0,1.0,,,,,1.0,1.0,1.0,2.0,2.0,1.681841995210919
748.0,2.0,69.0,6.0,2.0,3.0,16.0,6.0,2.0,2.0,1.0,,,,,,1.0,,,,,,,,,,,1.0,,,,,,,,2.0,2.0,4.0,,3.0,3.0,3.0,3.0,3.0,3.0,3.0,3.0,3.0,3.0,3.0,3.0,3.0,2.0,3.0,4.0,2.0,4.0,4.0,4.0,4.0,1.0,8.0,8.0,5.0,5.0,7.0,5.0,8.0,8.0,4.0,4.0,4.0,5.0,5.0,7.0,5.0,2.0,1.0,1.0,1.0,1.0,1.0,1.0,2.0,1.0,,,,,,,1.0,1.0,,,,,,,4.0,4.0,4.0,5.0,1.0,7.0,2.0,,1.0,,,,,2.0,2.0,5.0,8.0,9.0,2.0,5.0,5.0,5.0,7.0,7.0,7.0,4.0,8.0,4.0,8.0,7.0,8.0,5.0,5.0,8.0,8.0,7.0,2.0,3.0,3.0,,,,,,,,1.0,3.0,3.0,3.0,3.0,3.0,3.0,3.0,3.0,3.0,4.0,4.0,4.0,2.0,1.0,1.0,1.0,,,,1.0,1.0,,1.0,2.0,2.0,2.0,1.0,1.0,1.0,1.0,2.0,2.0,1.0,1.0,1.0,2.0,2.0,1.0,2.0,2.0,2.0,2.0,3.0,1.0,1.0,,,1.0,,,1.0,1.0,1.0,1.0,1.0,1.0,,,,1.0,,,,1.0,,,,4.0,8.0,1.0,3.0,5.0,5.0,9.0,10.0,3.0,9.0,10.0,3.0,4.0,3.0,1.0,0.0,8.0,3.0,1.0,,,,1.0,,,,,,,3.0,3.0,3.0,3.0,3.0,2.0000703179043553
749.0,1.0,65.0,6.0,5.0,1.0,16.0,6.0,2.0,2.0,1.0,,,,,,1.0,,,,,,1.0,,,,,1.0,,,,,,,,3.0,2.0,4.0,,3.0,3.0,3.0,3.0,3.0,3.0,3.0,3.0,3.0,3.0,3.0,3.0,3.0,3.0,4.0,4.0,3.0,4.0,4.0,4.0,4.0,5.0,5.0,4.0,3.0,7.0,1.0,5.0,5.0,7.0,3.0,1.0,3.0,3.0,7.0,5.0,3.0,1.0,1.0,1.0,3.0,3.0,1.0,1.0,3.0,1.0,,,,,1.0,1.0,,,,,,,,,3.0,3.0,1.0,5.0,2.0,,3.0,1.0,,,,,,3.0,2.0,5.0,3.0,4.0,8.0,7.0,0.0,0.0,4.0,4.0,5.0,7.0,2.0,7.0,0.0,0.0,0.0,4.0,5.0,8.0,0.0,7.0,8.0,3.0,4.0,,,,,,,,1.0,8.0,8.0,8.0,8.0,8.0,8.0,8.0,8.0,8.0,4.0,4.0,3.0,2.0,1.0,,1.0,,1.0,1.0,,1.0,,1.0,3.0,3.0,3.0,3.0,3.0,3.0,3.0,3.0,3.0,3.0,3.0,3.0,3.0,3.0,3.0,1.0,1.0,1.0,3.0,5.0,1.0,2.0,1.0,,,,,1.0,,,1.0,1.0,,,,,,,,,,1.0,,,5.0,6.0,0.0,4.0,0.0,0.0,6.0,9.0,4.0,9.0,10.0,6.0,6.0,5.0,5.0,1.0,8.0,3.0,1.0,,,,1.0,,,,,,,3.0,3.0,3.0,11.0,10.0,1.0446645296799186
750.0,2.0,58.0,5.0,3.0,2.0,16.0,5.0,1.0,4.0,1.0,,,,,,1.0,,,,,,,,,,,,,,1.0,1.0,,,,4.0,3.0,2.0,4.0,1.0,1.0,1.0,4.0,1.0,1.0,1.0,4.0,4.0,1.0,4.0,4.0,1.0,1.0,1.0,1.0,1.0,3.0,1.0,1.0,1.0,0.0,3.0,4.0,0.0,0.0,0.0,0.0,3.0,3.0,0.0,3.0,3.0,0.0,0.0,3.0,0.0,1.0,1.0,1.0,1.0,1.0,1.0,1.0,4.0,,,,,1.0,,,,1.0,,,1.0,,,,2.0,4.0,2.0,2.0,1.0,1.0,4.0,,,,,,1.0,4.0,3.0,99.0,99.0,4.0,0.0,6.0,4.0,4.0,3.0,0.0,4.0,0.0,5.0,0.0,3.0,4.0,4.0,4.0,2.0,3.0,0.0,3.0,4.0,6.0,5.0,,,,,,,,1.0,8.0,8.0,8.0,8.0,8.0,8.0,8.0,8.0,8.0,5.0,5.0,5.0,5.0,1.0,,,,,,,,1.0,5.0,5.0,3.0,3.0,3.0,3.0,3.0,3.0,3.0,3.0,3.0,3.0,3.0,3.0,3.0,3.0,5.0,5.0,5.0,5.0,5.0,5.0,4.0,,1.0,1.0,,,,,,,,,,1.0,,,,,,,,,1.0,99.0,99.0,99.0,99.0,99.0,99.0,99.0,99.0,99.0,99.0,99.0,99.0,99.0,99.0,99.0,99.0,7.0,6.0,1.0,,,,1.0,,,,,,,2.0,2.0,3.0,13.0,12.0,0.7596031381428856
751.0,2.0,39.0,3.0,5.0,2.0,16.0,6.0,1.0,5.0,1.0,,,,,,,,1.0,,,,,,,,,1.0,,,,1.0,,,,2.0,2.0,2.0,4.0,3.0,3.0,3.0,3.0,3.0,3.0,3.0,3.0,3.0,3.0,3.0,3.0,3.0,2.0,2.0,2.0,2.0,2.0,3.0,2.0,3.0,7.0,7.0,7.0,7.0,7.0,7.0,6.0,7.0,7.0,5.0,7.0,7.0,6.0,7.0,7.0,8.0,2.0,2.0,1.0,1.0,1.0,2.0,1.0,3.0,,,1.0,,1.0,1.0,,,,,,,,,,2.0,4.0,2.0,2.0,1.0,5.0,2.0,,1.0,,,,,3.0,2.0,6.0,7.0,8.0,7.0,7.0,8.0,8.0,8.0,8.0,7.0,6.0,8.0,8.0,7.0,8.0,8.0,7.0,8.0,7.0,7.0,7.0,7.0,3.0,3.0,,,,1.0,,,,,3.0,1.0,1.0,1.0,3.0,1.0,3.0,3.0,1.0,2.0,2.0,2.0,2.0,1.0,,1.0,,,,1.0,1.0,,2.0,3.0,2.0,2.0,1.0,1.0,1.0,3.0,1.0,1.0,1.0,1.0,3.0,2.0,2.0,3.0,2.0,2.0,1.0,1.0,4.0,3.0,3.0,1.0,,1.0,,,,,,1.0,1.0,,,,,1.0,,,,,1.0,,,4.0,3.0,0.0,4.0,1.0,2.0,8.0,10.0,3.0,9.0,10.0,3.0,2.0,2.0,1.0,1.0,7.0,1.0,1.0,,,1.0,,,,,,,,1.0,3.0,3.0,3.0,3.0,0.42516233614514704
752.0,2.0,47.0,4.0,5.0,2.0,16.0,4.0,1.0,4.0,1.0,,,,,,1.0,,,,,,,1.0,,,,,,,,1.0,,,,3.0,2.0,2.0,3.0,2.0,1.0,3.0,3.0,3.0,3.0,3.0,3.0,3.0,3.0,3.0,3.0,2.0,3.0,3.0,3.0,2.0,4.0,4.0,4.0,2.0,5.0,6.0,7.0,4.0,6.0,6.0,7.0,8.0,6.0,5.0,6.0,4.0,6.0,8.0,5.0,8.0,2.0,2.0,1.0,3.0,1.0,2.0,2.0,3.0,,,,,,1.0,,,,1.0,1.0,,,,,4.0,3.0,2.0,3.0,2.0,,3.0,1.0,,,,1.0,,3.0,2.0,5.0,6.0,4.0,1.0,8.0,5.0,8.0,7.0,7.0,7.0,2.0,5.0,6.0,8.0,3.0,8.0,99.0,3.0,6.0,5.0,5.0,8.0,3.0,5.0,,,1.0,1.0,1.0,1.0,1.0,,8.0,8.0,8.0,8.0,8.0,8.0,8.0,8.0,8.0,5.0,5.0,2.0,2.0,2.0,,1.0,,1.0,,1.0,1.0,,1.0,3.0,3.0,2.0,2.0,1.0,3.0,2.0,1.0,2.0,2.0,3.0,2.0,2.0,2.0,2.0,2.0,2.0,2.0,2.0,1.0,1.0,1.0,,,,1.0,1.0,,,1.0,,,,,,,,1.0,,,,,,,5.0,2.0,0.0,7.0,6.0,8.0,9.0,10.0,5.0,7.0,9.0,8.0,3.0,6.0,0.0,1.0,4.0,5.0,1.0,,,,1.0,,,,,,,2.0,2.0,2.0,11.0,9.0,0.3915612359017463
753.0,1.0,52.0,4.0,3.0,2.0,16.0,6.0,1.0,2.0,1.0,,,,,,,,,,,,,,1.0,,,,,,,1.0,,1.0,,3.0,2.0,2.0,4.0,3.0,3.0,3.0,3.0,3.0,3.0,3.0,3.0,3.0,3.0,3.0,3.0,3.0,4.0,4.0,4.0,4.0,4.0,4.0,4.0,3.0,3.0,3.0,4.0,4.0,3.0,4.0,5.0,4.0,3.0,4.0,4.0,3.0,5.0,3.0,3.0,3.0,2.0,2.0,2.0,2.0,2.0,2.0,2.0,2.0,1.0,,,,1.0,,,1.0,,,,,,,,2.0,2.0,2.0,2.0,1.0,5.0,2.0,1.0,,,,,,3.0,2.0,3.0,3.0,3.0,3.0,3.0,3.0,3.0,3.0,2.0,2.0,3.0,3.0,3.0,3.0,3.0,3.0,3.0,2.0,3.0,3.0,2.0,3.0,3.0,3.0,,1.0,1.0,,,,,,5.0,5.0,5.0,5.0,5.0,5.0,5.0,5.0,5.0,2.0,2.0,2.0,2.0,2.0,,,,,1.0,,,,2.0,2.0,2.0,2.0,3.0,3.0,1.0,3.0,1.0,1.0,1.0,3.0,1.0,3.0,3.0,2.0,2.0,2.0,2.0,2.0,1.0,1.0,1.0,1.0,1.0,,,,,,1.0,,,1.0,,,,,1.0,,,1.0,1.0,,,5.0,5.0,5.0,5.0,5.0,5.0,7.0,10.0,6.0,9.0,10.0,5.0,3.0,4.0,1.0,1.0,8.0,1.0,2.0,13.0,,,1.0,,,1.0,,,,3.0,3.0,3.0,5.0,4.0,0.5713676633370325
754.0,2.0,56.0,5.0,5.0,2.0,16.0,7.0,1.0,2.0,1.0,1.0,1.0,,,,,,,,,,,,,,,1.0,,,,,,,,2.0,2.0,3.0,3.0,3.0,3.0,3.0,3.0,3.0,3.0,3.0,3.0,3.0,3.0,3.0,3.0,3.0,3.0,3.0,4.0,3.0,4.0,4.0,3.0,4.0,6.0,4.0,5.0,7.0,6.0,7.0,6.0,7.0,6.0,3.0,4.0,7.0,5.0,5.0,5.0,6.0,2.0,1.0,1.0,1.0,1.0,2.0,1.0,5.0,1.0,1.0,,,,,,,1.0,,,,,,,2.0,2.0,2.0,5.0,2.0,,3.0,,,,,,1.0,3.0,2.0,6.0,6.0,4.0,5.0,5.0,2.0,5.0,4.0,4.0,7.0,4.0,5.0,7.0,6.0,4.0,4.0,5.0,4.0,7.0,2.0,4.0,5.0,3.0,5.0,,,,,,1.0,,,8.0,8.0,8.0,8.0,8.0,8.0,8.0,8.0,8.0,4.0,5.0,5.0,2.0,2.0,,,,,,,,1.0,1.0,4.0,3.0,3.0,3.0,3.0,3.0,3.0,3.0,3.0,3.0,3.0,3.0,3.0,3.0,3.0,2.0,2.0,2.0,2.0,3.0,2.0,2.0,1.0,,,,,1.0,,,,1.0,,,,,,,,,1.0,,,,5.0,6.0,2.0,4.0,2.0,2.0,6.0,8.0,5.0,9.0,9.0,5.0,5.0,5.0,5.0,5.0,8.0,4.0,2.0,6.0,,,1.0,,,,,,,3.0,3.0,3.0,13.0,11.0,0.46957970080662303
755.0,2.0,32.0,2.0,1.0,2.0,16.0,7.0,1.0,2.0,1.0,,,,,,,,,,,,1.0,,,,,1.0,,,,1.0,,,,3.0,2.0,2.0,4.0,3.0,1.0,3.0,3.0,3.0,3.0,1.0,3.0,3.0,2.0,3.0,3.0,1.0,1.0,3.0,4.0,1.0,3.0,1.0,3.0,2.0,8.0,6.0,6.0,5.0,6.0,8.0,6.0,8.0,6.0,0.0,6.0,6.0,5.0,8.0,7.0,6.0,2.0,1.0,1.0,1.0,2.0,1.0,3.0,1.0,1.0,,1.0,,,,1.0,,,,,,,,,4.0,4.0,1.0,2.0,1.0,5.0,3.0,1.0,1.0,1.0,,,,4.0,2.0,0.0,5.0,4.0,0.0,2.0,0.0,6.0,3.0,2.0,3.0,0.0,6.0,7.0,0.0,0.0,2.0,0.0,0.0,6.0,1.0,0.0,2.0,5.0,1.0,1.0,1.0,1.0,1.0,1.0,1.0,1.0,,8.0,8.0,8.0,8.0,8.0,8.0,8.0,8.0,8.0,5.0,2.0,1.0,1.0,3.0,,,1.0,,1.0,1.0,1.0,,1.0,3.0,2.0,2.0,1.0,1.0,2.0,2.0,1.0,1.0,1.0,1.0,3.0,2.0,2.0,2.0,2.0,2.0,2.0,2.0,2.0,1.0,1.0,,1.0,1.0,,,,,,,1.0,1.0,,,,1.0,1.0,1.0,1.0,1.0,1.0,,,99.0,6.0,2.0,7.0,4.0,7.0,10.0,10.0,7.0,8.0,6.0,3.0,5.0,1.0,0.0,0.0,8.0,4.0,1.0,,,,1.0,,,,,,,1.0,1.0,1.0,13.0,12.0,1.3202880875326126
756.0,2.0,63.0,5.0,3.0,2.0,16.0,4.0,1.0,3.0,1.0,,,,,,1.0,1.0,,,,,,,,,,1.0,,,,,,,,2.0,4.0,2.0,4.0,3.0,3.0,3.0,3.0,3.0,3.0,3.0,3.0,3.0,3.0,3.0,3.0,3.0,2.0,4.0,4.0,4.0,4.0,4.0,4.0,2.0,5.0,6.0,5.0,6.0,3.0,4.0,3.0,6.0,6.0,99.0,99.0,99.0,99.0,99.0,5.0,1.0,2.0,1.0,1.0,3.0,1.0,2.0,3.0,4.0,1.0,,,,,,,,1.0,,,,,1.0,,2.0,2.0,5.0,5.0,2.0,,3.0,,,,,,1.0,2.0,4.0,8.0,8.0,8.0,2.0,3.0,99.0,5.0,5.0,99.0,4.0,4.0,5.0,5.0,99.0,1.0,99.0,0.0,0.0,4.0,4.0,2.0,0.0,6.0,5.0,,1.0,,1.0,,1.0,1.0,,4.0,1.0,5.0,8.0,8.0,1.0,4.0,4.0,8.0,5.0,5.0,2.0,1.0,1.0,,1.0,,1.0,,1.0,1.0,,1.0,5.0,3.0,3.0,1.0,1.0,3.0,1.0,3.0,3.0,3.0,3.0,3.0,2.0,3.0,3.0,5.0,5.0,5.0,5.0,5.0,1.0,1.0,1.0,,1.0,,,,,,1.0,1.0,1.0,,,,1.0,,1.0,1.0,1.0,1.0,,,4.0,7.0,0.0,4.0,0.0,3.0,8.0,10.0,99.0,10.0,99.0,99.0,99.0,99.0,99.0,99.0,5.0,6.0,1.0,,,,1.0,,,1.0,,,,3.0,3.0,3.0,1.0,1.0,0.6739093504719693
757.0,2.0,33.0,2.0,1.0,3.0,16.0,2.0,3.0,7.0,1.0,,,,,,,,,,,,,,,,,,,,,,,,1.0,2.0,1.0,6.0,,3.0,3.0,3.0,3.0,3.0,3.0,3.0,3.0,3.0,3.0,3.0,3.0,3.0,4.0,4.0,4.0,2.0,4.0,3.0,4.0,4.0,5.0,7.0,7.0,10.0,8.0,7.0,8.0,7.0,8.0,6.0,8.0,6.0,6.0,6.0,9.0,8.0,2.0,2.0,2.0,2.0,2.0,2.0,2.0,2.0,,,,,,,,,,,,,,,1.0,4.0,5.0,2.0,5.0,2.0,,2.0,,,,,,1.0,2.0,4.0,10.0,6.0,4.0,5.0,9.0,7.0,4.0,8.0,5.0,10.0,8.0,9.0,8.0,6.0,8.0,8.0,7.0,6.0,9.0,7.0,10.0,6.0,6.0,5.0,,,,,,,,1.0,8.0,8.0,8.0,8.0,8.0,8.0,8.0,8.0,8.0,5.0,3.0,5.0,4.0,2.0,,,,,,,,1.0,5.0,1.0,3.0,3.0,3.0,3.0,3.0,3.0,3.0,3.0,3.0,3.0,3.0,3.0,3.0,3.0,5.0,5.0,5.0,5.0,3.0,2.0,4.0,1.0,,1.0,,,,,,,,,,1.0,,,,,,,,,1.0,0.0,0.0,0.0,0.0,0.0,0.0,0.0,0.0,0.0,0.0,0.0,0.0,0.0,0.0,0.0,0.0,2.0,1.0,3.0,,149.0,1.0,,,,,,,,3.0,3.0,3.0,12.0,11.0,2.0000260322570655
758.0,2.0,57.0,5.0,5.0,3.0,16.0,4.0,3.0,5.0,1.0,1.0,,,,,,,,,,,,,,,,1.0,,,,1.0,,,,3.0,2.0,6.0,,1.0,1.0,3.0,2.0,1.0,2.0,1.0,3.0,3.0,3.0,3.0,3.0,1.0,4.0,3.0,4.0,3.0,4.0,3.0,3.0,2.0,2.0,5.0,7.0,2.0,5.0,4.0,5.0,5.0,5.0,0.0,5.0,0.0,4.0,5.0,5.0,7.0,2.0,1.0,1.0,1.0,1.0,2.0,2.0,4.0,,,1.0,,,1.0,,,,,1.0,,,,,2.0,2.0,2.0,4.0,1.0,2.0,1.0,1.0,1.0,,,,,3.0,2.0,5.0,5.0,0.0,0.0,7.0,3.0,3.0,3.0,3.0,2.0,5.0,5.0,2.0,2.0,0.0,5.0,6.0,0.0,5.0,5.0,5.0,2.0,4.0,3.0,,,,1.0,,1.0,1.0,,2.0,1.0,1.0,2.0,7.0,1.0,1.0,2.0,1.0,3.0,2.0,3.0,2.0,1.0,,,,,,,1.0,,1.0,3.0,3.0,3.0,3.0,3.0,3.0,3.0,3.0,3.0,3.0,3.0,3.0,3.0,3.0,3.0,2.0,2.0,2.0,2.0,3.0,1.0,1.0,1.0,1.0,,,,,,,1.0,1.0,,,,,1.0,,,,1.0,1.0,,,3.0,7.0,2.0,4.0,4.0,4.0,8.0,10.0,5.0,7.0,10.0,7.0,2.0,0.0,0.0,0.0,4.0,1.0,1.0,,,,,,,1.0,,,,3.0,3.0,3.0,1.0,1.0,0.6157033803058062
759.0,2.0,18.0,1.0,1.0,3.0,16.0,4.0,4.0,6.0,1.0,,,,1.0,,,,,,,,,,1.0,,,1.0,,,,,,,,3.0,3.0,7.0,,2.0,3.0,2.0,3.0,3.0,2.0,3.0,3.0,3.0,3.0,1.0,1.0,1.0,3.0,1.0,2.0,2.0,3.0,1.0,3.0,1.0,6.0,2.0,5.0,2.0,99.0,4.0,3.0,6.0,5.0,2.0,99.0,3.0,99.0,99.0,3.0,7.0,2.0,2.0,2.0,1.0,2.0,2.0,2.0,3.0,,,1.0,,,,,1.0,,1.0,,,,,,2.0,2.0,2.0,3.0,2.0,,1.0,1.0,,,,,,3.0,3.0,99.0,99.0,0.0,0.0,2.0,3.0,5.0,5.0,2.0,1.0,0.0,4.0,6.0,3.0,2.0,4.0,0.0,2.0,6.0,2.0,1.0,0.0,6.0,5.0,,,,,,1.0,,,8.0,8.0,8.0,8.0,8.0,8.0,8.0,8.0,8.0,5.0,2.0,1.0,2.0,3.0,,,,,,1.0,1.0,,1.0,5.0,2.0,3.0,1.0,3.0,1.0,1.0,3.0,1.0,3.0,3.0,2.0,2.0,3.0,2.0,1.0,2.0,1.0,2.0,1.0,1.0,1.0,1.0,1.0,,,,,,,1.0,,,,,,,,,1.0,,,,,99.0,99.0,99.0,99.0,99.0,99.0,99.0,99.0,5.0,99.0,99.0,99.0,99.0,99.0,99.0,99.0,4.0,5.0,1.0,,,,,,1.0,,1.0,,,1.0,2.0,2.0,11.0,10.0,1.6103371817949423
760.0,2.0,41.0,3.0,1.0,3.0,16.0,6.0,1.0,3.0,2.0,,,,,,,,,,,,,1.0,1.0,1.0,,,,,,,,,,3.0,3.0,2.0,3.0,3.0,3.0,3.0,3.0,3.0,3.0,3.0,3.0,3.0,3.0,3.0,3.0,3.0,4.0,4.0,4.0,3.0,4.0,4.0,4.0,3.0,7.0,7.0,7.0,6.0,3.0,5.0,7.0,4.0,7.0,3.0,5.0,1.0,5.0,6.0,5.0,3.0,2.0,2.0,1.0,1.0,2.0,2.0,2.0,3.0,1.0,,,,,,,1.0,,,,,,1.0,,4.0,4.0,4.0,3.0,1.0,7.0,2.0,,,,,,1.0,2.0,3.0,3.0,5.0,4.0,1.0,2.0,6.0,8.0,5.0,6.0,7.0,4.0,9.0,9.0,3.0,4.0,5.0,2.0,0.0,6.0,5.0,5.0,3.0,5.0,5.0,1.0,1.0,1.0,1.0,1.0,1.0,1.0,,2.0,8.0,4.0,2.0,1.0,1.0,2.0,4.0,2.0,1.0,1.0,1.0,3.0,3.0,,,,,,1.0,1.0,,1.0,2.0,2.0,2.0,1.0,2.0,1.0,2.0,2.0,3.0,3.0,3.0,3.0,2.0,3.0,2.0,1.0,1.0,1.0,1.0,4.0,1.0,1.0,1.0,,1.0,,,,,,1.0,1.0,1.0,,,,,,1.0,,1.0,1.0,,,2.0,7.0,4.0,5.0,3.0,4.0,9.0,10.0,6.0,6.0,8.0,3.0,4.0,4.0,0.0,0.0,8.0,5.0,1.0,,,,1.0,,,,,,,1.0,1.0,1.0,2.0,2.0,1.2792599957734843
761.0,2.0,38.0,3.0,3.0,2.0,16.0,7.0,1.0,2.0,1.0,,,,,,1.0,,,,,,,,,,,1.0,,,,,,,,2.0,2.0,2.0,3.0,3.0,3.0,3.0,3.0,3.0,3.0,3.0,3.0,3.0,3.0,3.0,3.0,3.0,2.0,3.0,3.0,2.0,3.0,3.0,3.0,3.0,5.0,6.0,7.0,7.0,5.0,6.0,6.0,4.0,6.0,5.0,5.0,3.0,4.0,0.0,6.0,5.0,2.0,1.0,2.0,1.0,1.0,2.0,2.0,3.0,1.0,,,,,1.0,,1.0,,,,,,,,3.0,3.0,3.0,4.0,2.0,,3.0,1.0,,,,,,2.0,2.0,5.0,5.0,0.0,0.0,3.0,2.0,2.0,1.0,0.0,1.0,0.0,1.0,4.0,0.0,0.0,0.0,2.0,0.0,3.0,3.0,1.0,2.0,4.0,3.0,,,,,,1.0,,,4.0,4.0,4.0,4.0,4.0,4.0,4.0,4.0,2.0,3.0,3.0,3.0,4.0,2.0,,,,,,,1.0,,1.0,2.0,3.0,2.0,1.0,3.0,1.0,3.0,3.0,1.0,2.0,3.0,3.0,2.0,3.0,3.0,1.0,1.0,1.0,1.0,2.0,2.0,2.0,,,1.0,1.0,,,,1.0,,1.0,1.0,,,,,,,,,1.0,,,3.0,8.0,1.0,6.0,3.0,8.0,9.0,10.0,5.0,9.0,10.0,4.0,6.0,1.0,0.0,0.0,8.0,3.0,1.0,,,,1.0,,,,,,,2.0,2.0,2.0,4.0,4.0,0.6556313646307813
762.0,1.0,53.0,4.0,5.0,2.0,16.0,8.0,4.0,7.0,1.0,,,,,,,,,,,,,,,,,,,,,,,1.0,,5.0,3.0,1.0,2.0,2.0,1.0,3.0,4.0,2.0,4.0,4.0,4.0,4.0,1.0,4.0,3.0,1.0,3.0,3.0,3.0,3.0,3.0,3.0,3.0,3.0,6.0,6.0,6.0,6.0,6.0,6.0,6.0,6.0,6.0,6.0,6.0,6.0,6.0,6.0,6.0,7.0,1.0,1.0,1.0,3.0,3.0,1.0,1.0,3.0,1.0,,,,,,1.0,,,,,1.0,,,,1.0,1.0,1.0,1.0,1.0,5.0,5.0,1.0,,,,,,4.0,3.0,6.0,7.0,6.0,6.0,6.0,6.0,8.0,6.0,6.0,6.0,6.0,6.0,6.0,6.0,6.0,6.0,6.0,7.0,6.0,6.0,6.0,6.0,2.0,5.0,,,,,,,,1.0,7.0,7.0,7.0,7.0,7.0,7.0,7.0,7.0,7.0,4.0,4.0,4.0,4.0,1.0,,1.0,,,,,,,5.0,5.0,3.0,2.0,3.0,3.0,3.0,2.0,3.0,3.0,3.0,3.0,3.0,3.0,2.0,2.0,2.0,2.0,2.0,2.0,1.0,1.0,1.0,,1.0,,1.0,,,,,,,,1.0,,1.0,,,,,,,,,5.0,7.0,1.0,10.0,8.0,9.0,5.0,5.0,0.0,6.0,5.0,5.0,5.0,5.0,5.0,5.0,1.0,1.0,3.0,,14.0,1.0,,,,,,,,3.0,3.0,3.0,7.0,6.0,0.9639872112975207
763.0,2.0,60.0,5.0,3.0,2.0,16.0,4.0,3.0,2.0,1.0,,,,,,,,,,,,,,,,,1.0,,1.0,,1.0,,,,3.0,2.0,6.0,,1.0,1.0,1.0,3.0,3.0,2.0,1.0,3.0,3.0,1.0,3.0,3.0,1.0,4.0,4.0,4.0,3.0,4.0,4.0,4.0,3.0,5.0,5.0,99.0,2.0,4.0,6.0,4.0,5.0,5.0,3.0,1.0,99.0,99.0,99.0,99.0,0.0,2.0,1.0,1.0,1.0,1.0,2.0,1.0,4.0,,,1.0,,,,,,1.0,,1.0,,,,,4.0,5.0,5.0,5.0,2.0,,5.0,1.0,,,,1.0,,3.0,2.0,99.0,99.0,0.0,2.0,7.0,99.0,1.0,2.0,99.0,5.0,1.0,5.0,6.0,3.0,0.0,2.0,99.0,99.0,99.0,1.0,99.0,4.0,3.0,5.0,,,,,,,,1.0,8.0,8.0,8.0,8.0,8.0,8.0,8.0,8.0,8.0,4.0,5.0,4.0,2.0,1.0,,,,1.0,,,1.0,,2.0,3.0,3.0,3.0,3.0,3.0,3.0,3.0,3.0,3.0,3.0,3.0,3.0,3.0,3.0,3.0,5.0,5.0,5.0,5.0,3.0,3.0,3.0,,1.0,1.0,,,,,,,,,,1.0,,,,,,1.0,,,,99.0,99.0,0.0,99.0,0.0,1.0,6.0,10.0,99.0,99.0,10.0,99.0,9.0,8.0,1.0,0.0,5.0,6.0,1.0,,,,1.0,,,1.0,,,,3.0,3.0,3.0,12.0,11.0,0.731846253573565
764.0,1.0,48.0,4.0,3.0,2.0,16.0,5.0,1.0,3.0,1.0,,,,,,,,,,,,,1.0,,,,1.0,,,,,,1.0,,2.0,3.0,2.0,3.0,1.0,3.0,2.0,1.0,1.0,1.0,1.0,2.0,1.0,2.0,3.0,1.0,1.0,3.0,1.0,2.0,3.0,3.0,3.0,2.0,1.0,8.0,9.0,8.0,7.0,7.0,8.0,9.0,9.0,7.0,6.0,10.0,7.0,9.0,9.0,8.0,7.0,1.0,1.0,1.0,1.0,2.0,2.0,1.0,4.0,,,1.0,,,,,1.0,,,1.0,,,,,2.0,4.0,2.0,4.0,1.0,6.0,2.0,,,1.0,,,,3.0,3.0,9.0,9.0,6.0,9.0,8.0,8.0,8.0,8.0,9.0,9.0,8.0,8.0,7.0,3.0,9.0,9.0,8.0,8.0,6.0,9.0,9.0,9.0,5.0,2.0,1.0,,1.0,,,,,,2.0,2.0,2.0,1.0,2.0,2.0,4.0,2.0,2.0,4.0,1.0,2.0,1.0,3.0,,1.0,,,,,,,2.0,1.0,2.0,1.0,1.0,1.0,1.0,3.0,3.0,1.0,1.0,1.0,1.0,2.0,2.0,3.0,4.0,2.0,2.0,1.0,2.0,3.0,1.0,1.0,,,,1.0,,,1.0,,,1.0,,,1.0,1.0,,1.0,,,,,,3.0,8.0,8.0,6.0,8.0,7.0,8.0,1.0,7.0,8.0,7.0,3.0,7.0,8.0,2.0,0.0,7.0,1.0,1.0,,,,1.0,,,1.0,,,,1.0,1.0,1.0,2.0,2.0,0.5261351123954906
765.0,2.0,35.0,3.0,2.0,2.0,16.0,4.0,3.0,3.0,2.0,,,,1.0,,,,,,,,,,,,,1.0,,,,,1.0,,,4.0,2.0,6.0,,4.0,1.0,3.0,3.0,3.0,1.0,2.0,4.0,3.0,1.0,3.0,3.0,1.0,2.0,3.0,2.0,2.0,5.0,4.0,4.0,1.0,99.0,99.0,99.0,99.0,99.0,99.0,99.0,99.0,99.0,99.0,99.0,99.0,99.0,99.0,99.0,99.0,1.0,1.0,1.0,1.0,1.0,1.0,3.0,3.0,,,1.0,,,,,,,1.0,1.0,,,,,5.0,5.0,5.0,1.0,2.0,,2.0,1.0,,,,,,5.0,3.0,99.0,99.0,5.0,5.0,5.0,5.0,5.0,5.0,5.0,5.0,5.0,5.0,5.0,5.0,5.0,5.0,6.0,5.0,5.0,5.0,5.0,5.0,4.0,5.0,,,,1.0,1.0,,,,8.0,8.0,8.0,8.0,8.0,8.0,8.0,8.0,8.0,5.0,5.0,1.0,2.0,3.0,,,,,,,,1.0,1.0,4.0,3.0,3.0,3.0,3.0,3.0,3.0,3.0,3.0,3.0,3.0,3.0,3.0,3.0,3.0,2.0,2.0,2.0,2.0,1.0,1.0,1.0,1.0,1.0,,,,,,,,1.0,,,,,,,,,,,,1.0,99.0,10.0,99.0,99.0,99.0,99.0,10.0,10.0,99.0,99.0,99.0,99.0,99.0,99.0,99.0,99.0,6.0,5.0,1.0,,,,1.0,,,,,,,1.0,1.0,1.0,13.0,12.0,0.7387228748127506
766.0,2.0,35.0,3.0,5.0,1.0,16.0,7.0,3.0,6.0,1.0,,,,,,,,,,1.0,,,,,,,1.0,,,,1.0,,,,5.0,3.0,6.0,,2.0,1.0,1.0,1.0,2.0,1.0,2.0,1.0,1.0,1.0,1.0,1.0,1.0,1.0,1.0,1.0,1.0,1.0,1.0,4.0,3.0,3.0,1.0,3.0,5.0,3.0,1.0,0.0,6.0,5.0,0.0,0.0,5.0,5.0,1.0,6.0,0.0,2.0,3.0,3.0,3.0,3.0,2.0,3.0,4.0,,,1.0,,,,,,,1.0,,,,1.0,,4.0,4.0,2.0,5.0,1.0,2.0,3.0,1.0,1.0,,,,,5.0,3.0,0.0,0.0,1.0,0.0,1.0,0.0,1.0,1.0,1.0,1.0,0.0,3.0,2.0,2.0,1.0,2.0,0.0,1.0,8.0,4.0,0.0,2.0,3.0,5.0,,,1.0,1.0,1.0,1.0,1.0,,5.0,5.0,5.0,6.0,1.0,6.0,5.0,5.0,5.0,4.0,4.0,4.0,1.0,1.0,,1.0,,1.0,,,1.0,,1.0,2.0,2.0,2.0,2.0,3.0,3.0,3.0,3.0,1.0,1.0,1.0,3.0,2.0,2.0,3.0,2.0,2.0,2.0,2.0,1.0,1.0,1.0,,1.0,1.0,,,,,,1.0,1.0,1.0,,,,,,,1.0,1.0,1.0,,,4.0,7.0,0.0,5.0,4.0,2.0,9.0,10.0,4.0,7.0,10.0,3.0,5.0,3.0,0.0,0.0,8.0,5.0,1.0,,,,,1.0,1.0,,,,,3.0,3.0,3.0,3.0,3.0,0.6414955683286288
767.0,1.0,46.0,4.0,5.0,3.0,16.0,4.0,1.0,2.0,1.0,,,,,,,,,,,,,1.0,,,,1.0,,,,1.0,,,,2.0,2.0,2.0,2.0,3.0,1.0,3.0,3.0,3.0,3.0,1.0,3.0,3.0,3.0,3.0,3.0,1.0,3.0,3.0,4.0,3.0,3.0,3.0,4.0,4.0,5.0,3.0,3.0,5.0,3.0,5.0,7.0,6.0,4.0,0.0,5.0,0.0,6.0,5.0,6.0,3.0,2.0,1.0,1.0,1.0,1.0,2.0,3.0,4.0,,,1.0,,1.0,,,,,,1.0,,,,,3.0,4.0,2.0,5.0,2.0,,1.0,1.0,1.0,,1.0,,,3.0,2.0,3.0,6.0,0.0,0.0,0.0,1.0,3.0,2.0,2.0,3.0,0.0,5.0,6.0,2.0,0.0,3.0,0.0,0.0,2.0,1.0,0.0,3.0,4.0,2.0,,,1.0,1.0,,,1.0,,2.0,2.0,2.0,2.0,2.0,2.0,2.0,2.0,2.0,2.0,2.0,1.0,2.0,2.0,1.0,,1.0,,,1.0,1.0,,3.0,2.0,2.0,3.0,3.0,3.0,1.0,3.0,1.0,1.0,1.0,3.0,3.0,2.0,2.0,2.0,2.0,2.0,2.0,2.0,3.0,2.0,2.0,,,1.0,,,1.0,,,1.0,1.0,,,,,,,,,1.0,1.0,,,1.0,6.0,1.0,6.0,3.0,4.0,7.0,10.0,5.0,6.0,10.0,0.0,3.0,0.0,0.0,0.0,6.0,5.0,1.0,,,,,,,,,,1.0,2.0,2.0,2.0,11.0,10.0,0.4756217859915425
768.0,1.0,50.0,4.0,5.0,2.0,16.0,3.0,2.0,4.0,1.0,,,,,,1.0,,,,,,,,,,,,,,,,,,,2.0,4.0,7.0,,3.0,3.0,3.0,3.0,3.0,3.0,3.0,3.0,3.0,3.0,3.0,3.0,3.0,2.0,2.0,2.0,2.0,4.0,2.0,2.0,2.0,2.0,3.0,5.0,2.0,2.0,7.0,5.0,9.0,99.0,3.0,2.0,7.0,3.0,99.0,4.0,2.0,2.0,2.0,2.0,2.0,2.0,2.0,2.0,4.0,1.0,,,,,,,,1.0,,,,1.0,,,5.0,5.0,5.0,2.0,2.0,,2.0,,,,,,1.0,2.0,2.0,4.0,7.0,5.0,5.0,5.0,5.0,5.0,5.0,5.0,5.0,5.0,5.0,5.0,4.0,5.0,5.0,5.0,5.0,5.0,5.0,5.0,5.0,6.0,5.0,,,,,,1.0,,,8.0,8.0,8.0,8.0,8.0,8.0,8.0,8.0,8.0,2.0,2.0,2.0,2.0,2.0,,,,,,,,1.0,1.0,2.0,2.0,2.0,3.0,3.0,1.0,3.0,3.0,1.0,1.0,1.0,1.0,3.0,3.0,3.0,1.0,1.0,1.0,1.0,2.0,2.0,2.0,1.0,,,1.0,,,1.0,,,,,,,,1.0,,,,,,,,99.0,99.0,99.0,99.0,99.0,99.0,99.0,99.0,99.0,99.0,99.0,99.0,99.0,99.0,99.0,99.0,3.0,1.0,1.0,,,,1.0,1.0,,,,,,3.0,3.0,3.0,4.0,4.0,0.3805152045370245
769.0,2.0,57.0,5.0,5.0,2.0,16.0,6.0,3.0,2.0,1.0,,,,1.0,,1.0,,,,,,,1.0,,,,,,,,,,,,2.0,2.0,6.0,,3.0,3.0,3.0,3.0,3.0,3.0,3.0,3.0,3.0,3.0,3.0,3.0,3.0,3.0,2.0,4.0,3.0,4.0,4.0,4.0,3.0,5.0,7.0,7.0,6.0,5.0,7.0,6.0,9.0,6.0,5.0,2.0,5.0,99.0,8.0,5.0,5.0,2.0,2.0,2.0,1.0,2.0,2.0,2.0,3.0,1.0,,,,,,,1.0,1.0,,,,,,,3.0,5.0,4.0,2.0,1.0,7.0,2.0,1.0,,,1.0,,,2.0,2.0,8.0,9.0,8.0,2.0,7.0,4.0,10.0,6.0,8.0,8.0,1.0,10.0,8.0,4.0,3.0,5.0,2.0,2.0,8.0,7.0,6.0,4.0,3.0,5.0,,,,1.0,1.0,,1.0,,5.0,3.0,3.0,3.0,8.0,3.0,3.0,5.0,3.0,4.0,4.0,4.0,2.0,1.0,1.0,1.0,,1.0,,1.0,1.0,,1.0,2.0,3.0,2.0,1.0,3.0,3.0,3.0,3.0,1.0,1.0,1.0,1.0,2.0,3.0,3.0,1.0,1.0,1.0,1.0,1.0,1.0,1.0,,,1.0,,,1.0,,,1.0,1.0,1.0,,,,1.0,1.0,1.0,1.0,1.0,1.0,,,1.0,8.0,0.0,2.0,0.0,0.0,9.0,10.0,0.0,9.0,10.0,5.0,5.0,5.0,0.0,0.0,8.0,5.0,1.0,,,,1.0,,,1.0,,,,2.0,3.0,3.0,3.0,3.0,0.46957970080662303
770.0,2.0,52.0,4.0,3.0,2.0,16.0,4.0,1.0,4.0,1.0,,,1.0,,,1.0,,,,,,,,,,,1.0,,,,,,,,3.0,3.0,2.0,4.0,3.0,1.0,3.0,3.0,3.0,2.0,3.0,3.0,3.0,2.0,3.0,3.0,3.0,3.0,3.0,4.0,3.0,4.0,3.0,3.0,2.0,3.0,5.0,5.0,2.0,99.0,3.0,6.0,7.0,5.0,0.0,99.0,99.0,5.0,7.0,6.0,5.0,2.0,2.0,2.0,2.0,2.0,2.0,2.0,3.0,1.0,,1.0,,,,,,,1.0,,,,,,5.0,5.0,2.0,3.0,1.0,4.0,3.0,1.0,,,,,,3.0,2.0,99.0,99.0,5.0,2.0,7.0,10.0,7.0,8.0,8.0,8.0,99.0,8.0,1.0,99.0,4.0,6.0,8.0,8.0,5.0,8.0,5.0,4.0,3.0,3.0,,,1.0,1.0,1.0,1.0,,,8.0,8.0,8.0,8.0,8.0,8.0,8.0,8.0,8.0,1.0,1.0,1.0,1.0,3.0,,,,,,1.0,1.0,,1.0,2.0,2.0,3.0,3.0,3.0,3.0,3.0,3.0,3.0,3.0,3.0,3.0,3.0,3.0,3.0,1.0,1.0,1.0,1.0,2.0,2.0,2.0,1.0,1.0,,,,,,,,,,,1.0,,,,,,,,1.0,,5.0,99.0,99.0,99.0,99.0,99.0,99.0,99.0,8.0,10.0,10.0,7.0,6.0,6.0,0.0,0.0,6.0,6.0,1.0,,,,,1.0,1.0,,,,,1.0,1.0,1.0,2.0,2.0,0.6102534309875046
771.0,2.0,56.0,5.0,5.0,1.0,16.0,4.0,1.0,5.0,1.0,,,,,,1.0,,1.0,,,,,,,,,,,,,1.0,,,,2.0,2.0,2.0,4.0,3.0,3.0,3.0,3.0,3.0,3.0,3.0,3.0,3.0,3.0,3.0,3.0,3.0,2.0,3.0,3.0,2.0,4.0,3.0,3.0,2.0,3.0,5.0,6.0,5.0,5.0,3.0,5.0,6.0,5.0,5.0,5.0,5.0,4.0,5.0,5.0,5.0,1.0,1.0,1.0,1.0,1.0,1.0,1.0,5.0,1.0,,,,,1.0,,,1.0,,,,,,,2.0,3.0,2.0,3.0,2.0,,3.0,1.0,,,,,,2.0,2.0,7.0,7.0,7.0,2.0,5.0,7.0,5.0,7.0,5.0,6.0,3.0,6.0,5.0,5.0,5.0,6.0,6.0,6.0,7.0,3.0,6.0,4.0,3.0,5.0,,1.0,,1.0,,,,,5.0,5.0,5.0,5.0,5.0,5.0,5.0,5.0,5.0,5.0,5.0,3.0,2.0,1.0,,,,,,1.0,1.0,,2.0,2.0,2.0,2.0,1.0,2.0,3.0,1.0,3.0,3.0,3.0,3.0,3.0,2.0,2.0,3.0,2.0,2.0,2.0,3.0,3.0,3.0,3.0,1.0,,1.0,,,,,,,1.0,,,,,,,,,1.0,,,,3.0,5.0,1.0,5.0,3.0,3.0,9.0,10.0,5.0,7.0,9.0,5.0,5.0,5.0,0.0,0.0,6.0,5.0,1.0,,,1.0,,,,,,,,3.0,3.0,3.0,5.0,4.0,0.7590333477957455
772.0,2.0,61.0,5.0,5.0,2.0,16.0,5.0,1.0,4.0,1.0,,,,,,,,,,,1.0,1.0,,,,,,,,,1.0,,,,2.0,2.0,2.0,5.0,3.0,2.0,3.0,3.0,3.0,3.0,3.0,3.0,3.0,3.0,3.0,3.0,3.0,4.0,3.0,4.0,3.0,4.0,4.0,4.0,2.0,7.0,6.0,7.0,7.0,6.0,7.0,6.0,7.0,5.0,6.0,7.0,7.0,6.0,6.0,6.0,6.0,2.0,2.0,1.0,3.0,1.0,1.0,1.0,5.0,,,1.0,,,,,1.0,,,,1.0,,,,3.0,5.0,3.0,4.0,2.0,,4.0,1.0,,,,,,3.0,2.0,7.0,7.0,3.0,6.0,7.0,6.0,7.0,6.0,6.0,6.0,6.0,7.0,7.0,7.0,3.0,7.0,6.0,6.0,8.0,7.0,7.0,7.0,3.0,3.0,,,,1.0,1.0,1.0,1.0,,8.0,8.0,8.0,8.0,8.0,1.0,8.0,5.0,1.0,4.0,5.0,2.0,2.0,2.0,,1.0,,,,,1.0,,1.0,5.0,2.0,2.0,1.0,3.0,3.0,3.0,3.0,1.0,1.0,1.0,2.0,2.0,2.0,2.0,2.0,2.0,2.0,5.0,3.0,1.0,1.0,,,1.0,,,1.0,,1.0,1.0,1.0,,,,,1.0,,,,1.0,1.0,,,4.0,8.0,1.0,4.0,2.0,2.0,8.0,10.0,6.0,10.0,9.0,1.0,2.0,1.0,0.0,0.0,7.0,1.0,1.0,,,,1.0,,,1.0,,,,2.0,3.0,3.0,12.0,11.0,0.48738954746190155
773.0,2.0,29.0,2.0,5.0,2.0,16.0,7.0,1.0,3.0,1.0,,,,,,1.0,,,,1.0,,,,,,,1.0,,,,,,,,4.0,3.0,3.0,4.0,2.0,1.0,3.0,3.0,3.0,3.0,3.0,3.0,3.0,2.0,2.0,3.0,3.0,3.0,1.0,2.0,2.0,4.0,3.0,2.0,4.0,5.0,3.0,4.0,6.0,1.0,1.0,7.0,8.0,8.0,2.0,2.0,2.0,7.0,8.0,5.0,7.0,1.0,1.0,1.0,1.0,1.0,2.0,2.0,4.0,1.0,,,,,1.0,1.0,,,,,,,,,1.0,4.0,1.0,3.0,2.0,,1.0,,1.0,,1.0,,,4.0,3.0,7.0,6.0,5.0,7.0,8.0,3.0,3.0,5.0,5.0,7.0,1.0,6.0,8.0,2.0,1.0,9.0,7.0,8.0,10.0,7.0,1.0,6.0,6.0,2.0,,,,1.0,,1.0,1.0,,8.0,8.0,8.0,8.0,8.0,8.0,8.0,8.0,8.0,5.0,5.0,4.0,3.0,2.0,,1.0,,1.0,,,,,5.0,2.0,3.0,2.0,3.0,1.0,1.0,3.0,1.0,1.0,1.0,1.0,3.0,2.0,2.0,3.0,2.0,2.0,2.0,2.0,3.0,1.0,2.0,1.0,,,,,1.0,,,1.0,1.0,,,,,,,,,1.0,,,,6.0,7.0,1.0,4.0,2.0,2.0,7.0,10.0,8.0,7.0,6.0,4.0,4.0,4.0,7.0,4.0,8.0,3.0,1.0,,,,1.0,,,,,,,2.0,2.0,2.0,1.0,1.0,0.4776160861288666
774.0,1.0,65.0,6.0,5.0,2.0,16.0,3.0,2.0,6.0,1.0,,,1.0,,,,,,,,,1.0,,,1.0,,,,,,,,,,3.0,2.0,4.0,,3.0,3.0,3.0,3.0,3.0,3.0,3.0,3.0,3.0,3.0,3.0,3.0,2.0,4.0,4.0,4.0,4.0,4.0,4.0,4.0,4.0,5.0,5.0,5.0,5.0,5.0,5.0,5.0,5.0,5.0,5.0,5.0,5.0,5.0,5.0,5.0,5.0,1.0,1.0,1.0,1.0,1.0,2.0,1.0,4.0,,,,,,,,,,,,,,,1.0,5.0,5.0,5.0,5.0,2.0,,5.0,,,,,,1.0,3.0,2.0,5.0,5.0,5.0,5.0,5.0,5.0,5.0,5.0,5.0,5.0,5.0,5.0,5.0,5.0,5.0,5.0,5.0,5.0,5.0,5.0,5.0,5.0,6.0,5.0,,,,,,,,1.0,8.0,8.0,8.0,8.0,8.0,8.0,8.0,8.0,8.0,5.0,5.0,5.0,5.0,2.0,,,,,,,,1.0,5.0,5.0,3.0,3.0,3.0,3.0,3.0,3.0,3.0,3.0,3.0,3.0,3.0,3.0,3.0,3.0,5.0,5.0,5.0,5.0,3.0,3.0,3.0,1.0,,1.0,,,,,,,,,,1.0,,,,,,,,,1.0,5.0,5.0,0.0,4.0,3.0,4.0,8.0,10.0,99.0,99.0,99.0,99.0,99.0,99.0,99.0,99.0,3.0,6.0,2.0,7.0,,,1.0,,,1.0,,,,3.0,3.0,3.0,11.0,10.0,0.6227725296645248
775.0,1.0,45.0,4.0,3.0,2.0,16.0,5.0,1.0,5.0,1.0,,,,,,,,1.0,,1.0,,,,,,,1.0,,,,,,,,3.0,2.0,2.0,3.0,3.0,1.0,3.0,3.0,3.0,3.0,3.0,3.0,3.0,3.0,3.0,3.0,3.0,4.0,4.0,4.0,4.0,3.0,4.0,4.0,3.0,4.0,4.0,6.0,8.0,3.0,3.0,7.0,4.0,9.0,5.0,3.0,6.0,4.0,6.0,7.0,4.0,2.0,1.0,1.0,1.0,1.0,1.0,3.0,3.0,1.0,,,,1.0,,,,,,,1.0,,,,4.0,3.0,2.0,4.0,2.0,,3.0,,,,,,1.0,3.0,4.0,4.0,5.0,3.0,3.0,5.0,5.0,5.0,4.0,3.0,4.0,2.0,5.0,6.0,4.0,1.0,0.0,3.0,3.0,7.0,1.0,2.0,3.0,3.0,4.0,,,,,,,1.0,,8.0,8.0,8.0,7.0,7.0,1.0,8.0,2.0,2.0,4.0,3.0,3.0,3.0,1.0,,,,,,,1.0,,1.0,2.0,1.0,3.0,1.0,1.0,1.0,1.0,1.0,1.0,1.0,1.0,1.0,2.0,1.0,3.0,2.0,2.0,3.0,2.0,4.0,1.0,1.0,,1.0,,,,1.0,,,,1.0,1.0,,,,,,1.0,,1.0,1.0,,,5.0,6.0,3.0,4.0,3.0,2.0,7.0,9.0,5.0,8.0,7.0,5.0,4.0,3.0,1.0,0.0,6.0,5.0,1.0,,,1.0,,,,,,,,2.0,2.0,3.0,11.0,1.0,0.577459140519932
776.0,2.0,43.0,3.0,4.0,3.0,16.0,4.0,1.0,3.0,1.0,,,,,,,,,,1.0,,,,,,,1.0,,1.0,,,,,,2.0,2.0,2.0,4.0,3.0,3.0,3.0,3.0,3.0,3.0,3.0,3.0,3.0,3.0,3.0,3.0,3.0,4.0,4.0,4.0,4.0,4.0,4.0,4.0,4.0,6.0,6.0,7.0,6.0,4.0,4.0,3.0,5.0,6.0,4.0,3.0,5.0,5.0,5.0,4.0,5.0,2.0,1.0,3.0,1.0,1.0,2.0,3.0,3.0,1.0,,1.0,,,1.0,,,,,,,,,,1.0,4.0,3.0,4.0,2.0,,4.0,1.0,,,,,,2.0,2.0,8.0,5.0,6.0,8.0,8.0,5.0,4.0,6.0,6.0,6.0,2.0,8.0,8.0,5.0,6.0,7.0,6.0,6.0,6.0,5.0,8.0,4.0,3.0,4.0,,,,1.0,,1.0,1.0,,8.0,1.0,3.0,7.0,8.0,1.0,8.0,8.0,1.0,1.0,1.0,1.0,3.0,2.0,,1.0,,1.0,1.0,1.0,1.0,,1.0,1.0,3.0,2.0,2.0,3.0,3.0,3.0,1.0,1.0,1.0,1.0,3.0,2.0,2.0,2.0,2.0,1.0,1.0,2.0,4.0,1.0,1.0,,,1.0,1.0,,,,,,1.0,1.0,,,,1.0,,,,,,,,4.0,3.0,2.0,4.0,5.0,5.0,8.0,0.0,5.0,9.0,10.0,4.0,4.0,4.0,2.0,0.0,6.0,1.0,1.0,,,,,1.0,1.0,,,,,1.0,1.0,1.0,3.0,3.0,0.7093841189021394
777.0,2.0,27.0,2.0,5.0,1.0,16.0,6.0,1.0,2.0,1.0,,,,,,,,,,,,,1.0,,,,1.0,,,,1.0,,,,3.0,1.0,2.0,3.0,1.0,1.0,1.0,3.0,3.0,3.0,1.0,3.0,3.0,3.0,2.0,3.0,1.0,4.0,2.0,3.0,2.0,4.0,3.0,4.0,4.0,4.0,8.0,7.0,4.0,8.0,8.0,5.0,7.0,5.0,6.0,9.0,2.0,4.0,5.0,7.0,6.0,2.0,2.0,2.0,2.0,2.0,2.0,2.0,3.0,,,,,,,,1.0,,,1.0,,,1.0,,2.0,3.0,4.0,4.0,1.0,2.0,2.0,1.0,1.0,,,,,3.0,2.0,4.0,6.0,3.0,0.0,4.0,7.0,2.0,4.0,5.0,5.0,0.0,9.0,9.0,7.0,0.0,9.0,2.0,2.0,6.0,5.0,4.0,8.0,5.0,2.0,1.0,1.0,1.0,1.0,1.0,1.0,1.0,,2.0,2.0,2.0,2.0,1.0,2.0,2.0,2.0,2.0,3.0,2.0,1.0,2.0,3.0,1.0,,,,,,1.0,,4.0,2.0,2.0,2.0,1.0,3.0,3.0,3.0,3.0,2.0,3.0,1.0,3.0,2.0,3.0,3.0,1.0,1.0,1.0,1.0,2.0,2.0,1.0,,1.0,1.0,,,,,1.0,1.0,,,,,,1.0,1.0,1.0,1.0,1.0,1.0,,,2.0,6.0,4.0,5.0,3.0,4.0,8.0,9.0,8.0,5.0,8.0,0.0,0.0,5.0,0.0,0.0,7.0,5.0,1.0,,,,1.0,,,,,,,1.0,1.0,1.0,2.0,2.0,0.8295513164456038
778.0,1.0,34.0,2.0,5.0,3.0,16.0,6.0,1.0,2.0,1.0,,,,,,,,1.0,,1.0,1.0,,,,,,,,,,,,,,2.0,2.0,3.0,4.0,2.0,3.0,3.0,2.0,3.0,3.0,2.0,3.0,2.0,3.0,3.0,3.0,3.0,4.0,4.0,3.0,2.0,4.0,4.0,3.0,4.0,9.0,5.0,6.0,7.0,6.0,6.0,2.0,7.0,4.0,8.0,5.0,8.0,7.0,8.0,6.0,5.0,1.0,3.0,3.0,3.0,3.0,1.0,3.0,4.0,,,,,,1.0,,1.0,,,,,,1.0,,2.0,1.0,2.0,4.0,2.0,,3.0,1.0,,,1.0,,,3.0,2.0,8.0,6.0,8.0,7.0,7.0,5.0,99.0,9.0,6.0,7.0,6.0,6.0,7.0,6.0,3.0,6.0,4.0,6.0,7.0,5.0,5.0,5.0,3.0,1.0,,1.0,,,,1.0,1.0,,7.0,7.0,7.0,7.0,7.0,7.0,7.0,7.0,7.0,4.0,1.0,3.0,2.0,2.0,,,,,,,1.0,,2.0,1.0,1.0,3.0,2.0,1.0,3.0,3.0,3.0,1.0,1.0,3.0,1.0,2.0,2.0,2.0,1.0,4.0,2.0,4.0,2.0,3.0,5.0,,,,1.0,,1.0,,,1.0,,1.0,,,,,,,,,,1.0,,7.0,6.0,0.0,2.0,2.0,3.0,5.0,9.0,6.0,8.0,2.0,4.0,3.0,4.0,6.0,3.0,7.0,1.0,1.0,,,,1.0,,,,,,,1.0,1.0,1.0,7.0,6.0,1.0791322044197234
779.0,2.0,20.0,1.0,3.0,2.0,16.0,4.0,5.0,4.0,1.0,1.0,,,,,,,,,,,,,,,,1.0,,,,1.0,,,,3.0,2.0,8.0,,1.0,1.0,2.0,2.0,3.0,2.0,3.0,1.0,3.0,2.0,2.0,1.0,2.0,1.0,1.0,2.0,1.0,3.0,1.0,2.0,1.0,4.0,6.0,6.0,6.0,5.0,7.0,5.0,9.0,8.0,4.0,6.0,6.0,7.0,5.0,7.0,5.0,2.0,2.0,1.0,1.0,1.0,2.0,2.0,3.0,1.0,,1.0,,,,,,,1.0,,,,,,2.0,4.0,2.0,3.0,2.0,,3.0,,,1.0,,,,3.0,2.0,5.0,6.0,5.0,5.0,5.0,5.0,4.0,6.0,5.0,5.0,4.0,5.0,5.0,5.0,5.0,5.0,3.0,5.0,5.0,4.0,6.0,5.0,4.0,2.0,1.0,,,,,,1.0,,5.0,5.0,6.0,3.0,5.0,8.0,6.0,6.0,5.0,3.0,4.0,3.0,5.0,1.0,,,,,,,,1.0,2.0,2.0,3.0,3.0,1.0,1.0,1.0,3.0,3.0,1.0,1.0,1.0,1.0,2.0,2.0,2.0,1.0,1.0,1.0,1.0,3.0,2.0,2.0,,1.0,,1.0,,,,,,,,1.0,,,1.0,,,,,,,,5.0,5.0,5.0,6.0,5.0,5.0,5.0,6.0,5.0,5.0,5.0,5.0,5.0,5.0,5.0,6.0,3.0,4.0,3.0,,23.0,,,1.0,,,1.0,,,3.0,3.0,3.0,11.0,10.0,0.8273089245316121
780.0,2.0,32.0,2.0,5.0,3.0,16.0,4.0,1.0,2.0,1.0,,,,1.0,,,,,,,,,,,,1.0,1.0,,,,,,,,3.0,2.0,2.0,4.0,2.0,2.0,3.0,2.0,2.0,2.0,2.0,2.0,2.0,2.0,2.0,2.0,2.0,4.0,3.0,3.0,3.0,3.0,3.0,3.0,2.0,5.0,5.0,4.0,4.0,4.0,6.0,4.0,4.0,4.0,3.0,5.0,4.0,5.0,5.0,4.0,5.0,2.0,2.0,2.0,2.0,3.0,2.0,2.0,3.0,,,,,,1.0,1.0,1.0,,,,,,,,4.0,3.0,2.0,2.0,1.0,1.0,1.0,1.0,,,,,,3.0,2.0,5.0,5.0,4.0,4.0,5.0,4.0,4.0,4.0,4.0,4.0,4.0,4.0,4.0,5.0,4.0,4.0,5.0,5.0,4.0,4.0,4.0,5.0,3.0,3.0,,,1.0,,,,,,7.0,7.0,7.0,7.0,7.0,7.0,7.0,7.0,7.0,3.0,3.0,3.0,2.0,1.0,,1.0,1.0,,1.0,1.0,,,2.0,2.0,3.0,3.0,3.0,3.0,3.0,3.0,3.0,3.0,3.0,3.0,3.0,3.0,3.0,2.0,2.0,2.0,2.0,2.0,2.0,2.0,2.0,,1.0,,,,1.0,1.0,,1.0,,,,,,,,,1.0,1.0,,,,7.0,4.0,4.0,4.0,4.0,4.0,4.0,4.0,5.0,4.0,4.0,4.0,4.0,4.0,4.0,4.0,6.0,1.0,1.0,,,,,1.0,1.0,,,,,1.0,1.0,1.0,7.0,7.0,0.6729052829575184
781.0,2.0,60.0,5.0,5.0,2.0,16.0,5.0,1.0,2.0,1.0,,,,,,,,,,1.0,,,,,,,1.0,,,,,1.0,,,2.0,2.0,2.0,4.0,3.0,3.0,3.0,3.0,3.0,3.0,3.0,3.0,3.0,3.0,3.0,3.0,3.0,3.0,3.0,4.0,2.0,4.0,3.0,4.0,2.0,8.0,5.0,8.0,4.0,5.0,5.0,6.0,8.0,8.0,3.0,8.0,1.0,5.0,8.0,7.0,7.0,1.0,1.0,1.0,1.0,1.0,1.0,3.0,3.0,,,,,,1.0,1.0,1.0,,,,,,,,3.0,4.0,2.0,3.0,2.0,,2.0,1.0,1.0,,1.0,,,3.0,2.0,2.0,5.0,3.0,2.0,6.0,7.0,2.0,7.0,7.0,8.0,7.0,8.0,6.0,4.0,2.0,7.0,3.0,6.0,7.0,3.0,2.0,2.0,4.0,2.0,1.0,1.0,,1.0,,,,,1.0,1.0,1.0,1.0,1.0,1.0,1.0,1.0,1.0,1.0,2.0,1.0,4.0,3.0,,,1.0,,1.0,1.0,1.0,,1.0,1.0,2.0,3.0,1.0,1.0,1.0,2.0,2.0,2.0,1.0,3.0,2.0,2.0,2.0,2.0,2.0,2.0,2.0,2.0,3.0,1.0,1.0,1.0,,1.0,,,,,,1.0,1.0,,,,,,,,1.0,1.0,1.0,,,7.0,5.0,1.0,2.0,3.0,8.0,10.0,10.0,10.0,8.0,10.0,2.0,3.0,2.0,0.0,0.0,7.0,1.0,1.0,,,,1.0,,,1.0,,,,1.0,1.0,1.0,1.0,1.0,0.46957970080662303
782.0,2.0,45.0,4.0,5.0,1.0,16.0,4.0,1.0,5.0,1.0,,,,,,1.0,,1.0,,,,,,,,,1.0,,,,,,,,2.0,2.0,2.0,4.0,3.0,3.0,3.0,3.0,3.0,3.0,3.0,3.0,3.0,3.0,3.0,3.0,3.0,4.0,4.0,4.0,3.0,4.0,3.0,4.0,3.0,5.0,6.0,7.0,7.0,4.0,1.0,7.0,7.0,7.0,6.0,9.0,7.0,8.0,6.0,8.0,7.0,2.0,1.0,1.0,1.0,3.0,2.0,3.0,3.0,1.0,,,,,1.0,,,,,,,,1.0,,2.0,2.0,2.0,3.0,2.0,,2.0,,,,,,1.0,2.0,2.0,5.0,7.0,5.0,0.0,6.0,5.0,8.0,6.0,6.0,6.0,2.0,8.0,5.0,5.0,4.0,6.0,4.0,5.0,8.0,7.0,6.0,5.0,4.0,5.0,,,,1.0,,,1.0,,8.0,2.0,4.0,8.0,6.0,8.0,8.0,4.0,2.0,4.0,5.0,4.0,2.0,1.0,,,,,,1.0,1.0,,5.0,2.0,3.0,2.0,1.0,3.0,3.0,3.0,3.0,1.0,3.0,3.0,3.0,2.0,3.0,3.0,1.0,1.0,1.0,1.0,4.0,1.0,1.0,1.0,,,,,1.0,,,1.0,1.0,1.0,,,,1.0,,,1.0,1.0,,,,4.0,6.0,1.0,4.0,2.0,2.0,9.0,10.0,6.0,8.0,10.0,5.0,4.0,4.0,2.0,0.0,6.0,4.0,1.0,,,1.0,,,,,,,,2.0,2.0,2.0,12.0,11.0,0.6097956702216201
783.0,2.0,30.0,2.0,5.0,2.0,16.0,4.0,1.0,4.0,1.0,1.0,,,,,,,1.0,,,,,,,,,,,,,1.0,,,,3.0,2.0,2.0,3.0,2.0,1.0,1.0,1.0,1.0,3.0,2.0,3.0,2.0,1.0,1.0,2.0,1.0,3.0,3.0,3.0,3.0,3.0,3.0,3.0,3.0,6.0,7.0,6.0,8.0,5.0,7.0,8.0,7.0,6.0,7.0,7.0,7.0,8.0,6.0,7.0,7.0,3.0,3.0,3.0,3.0,3.0,2.0,3.0,3.0,,,1.0,,,,1.0,,,,1.0,,,,,3.0,3.0,1.0,4.0,2.0,,3.0,,1.0,,1.0,1.0,,3.0,2.0,6.0,5.0,4.0,8.0,4.0,5.0,4.0,6.0,5.0,3.0,3.0,6.0,4.0,5.0,3.0,3.0,4.0,5.0,5.0,5.0,5.0,5.0,3.0,2.0,1.0,1.0,,,,1.0,1.0,,2.0,4.0,2.0,7.0,1.0,1.0,4.0,3.0,2.0,3.0,4.0,4.0,4.0,2.0,,,,,,,,1.0,3.0,3.0,2.0,3.0,3.0,1.0,1.0,1.0,3.0,1.0,1.0,3.0,1.0,3.0,2.0,3.0,3.0,3.0,3.0,3.0,2.0,2.0,2.0,,1.0,,,1.0,,,1.0,,,1.0,,,,,1.0,1.0,,,,,,6.0,5.0,5.0,6.0,5.0,5.0,6.0,5.0,6.0,5.0,7.0,6.0,6.0,7.0,7.0,6.0,3.0,4.0,1.0,,,,,,,1.0,,,,1.0,1.0,1.0,3.0,3.0,0.5383493753231432
784.0,1.0,46.0,4.0,4.0,3.0,16.0,4.0,1.0,4.0,1.0,,,,,,,,,,1.0,1.0,,,,,,,,,,1.0,,,,4.0,3.0,2.0,4.0,2.0,2.0,2.0,3.0,2.0,2.0,2.0,3.0,3.0,3.0,2.0,2.0,2.0,3.0,3.0,3.0,2.0,4.0,2.0,2.0,3.0,1.0,3.0,3.0,3.0,2.0,3.0,3.0,4.0,5.0,4.0,4.0,3.0,1.0,3.0,3.0,3.0,1.0,3.0,3.0,1.0,3.0,1.0,3.0,3.0,,,1.0,,,1.0,1.0,,,,,,,,,3.0,2.0,3.0,3.0,2.0,,2.0,1.0,,,,,,5.0,3.0,1.0,1.0,0.0,0.0,3.0,1.0,0.0,0.0,0.0,3.0,0.0,0.0,0.0,0.0,0.0,0.0,0.0,0.0,0.0,1.0,0.0,0.0,5.0,2.0,1.0,,1.0,,,1.0,,,8.0,8.0,8.0,8.0,8.0,8.0,8.0,8.0,8.0,5.0,4.0,4.0,4.0,2.0,,,,,,,,1.0,3.0,3.0,3.0,3.0,3.0,3.0,3.0,3.0,3.0,3.0,3.0,3.0,3.0,3.0,3.0,3.0,1.0,1.0,1.0,1.0,2.0,2.0,2.0,,,1.0,,,1.0,,,,,1.0,,,1.0,,,,,,,,,0.0,3.0,2.0,2.0,3.0,5.0,3.0,8.0,8.0,8.0,10.0,0.0,5.0,4.0,3.0,0.0,6.0,1.0,1.0,,,,1.0,,,,,,,1.0,1.0,1.0,13.0,12.0,0.6968233031107343
785.0,2.0,72.0,6.0,5.0,2.0,16.0,4.0,2.0,2.0,1.0,,,,,,,,,,,,,,,1.0,,1.0,,,,1.0,,,,3.0,3.0,4.0,,1.0,1.0,3.0,3.0,3.0,3.0,3.0,3.0,3.0,3.0,3.0,3.0,3.0,2.0,3.0,2.0,2.0,2.0,2.0,3.0,1.0,7.0,6.0,7.0,1.0,1.0,3.0,6.0,6.0,5.0,1.0,5.0,5.0,3.0,1.0,2.0,3.0,1.0,1.0,1.0,1.0,1.0,1.0,3.0,3.0,1.0,,1.0,,,,,1.0,,,,,,,,3.0,3.0,2.0,5.0,2.0,,2.0,1.0,1.0,,1.0,,,6.0,2.0,4.0,6.0,4.0,5.0,9.0,6.0,2.0,6.0,6.0,5.0,4.0,6.0,8.0,5.0,0.0,5.0,1.0,0.0,5.0,1.0,5.0,4.0,3.0,5.0,,,,1.0,1.0,1.0,1.0,,8.0,8.0,8.0,8.0,8.0,8.0,8.0,8.0,8.0,2.0,5.0,3.0,3.0,1.0,,1.0,,,,1.0,1.0,,1.0,3.0,2.0,2.0,1.0,2.0,1.0,3.0,2.0,1.0,3.0,1.0,1.0,2.0,3.0,3.0,2.0,2.0,2.0,2.0,3.0,1.0,1.0,1.0,,1.0,,,,,,1.0,1.0,,,,,1.0,,1.0,,,1.0,,,99.0,5.0,0.0,2.0,2.0,2.0,8.0,10.0,7.0,8.0,10.0,6.0,6.0,6.0,3.0,0.0,4.0,1.0,1.0,,,,1.0,,,1.0,,,,3.0,3.0,3.0,13.0,12.0,1.7805378720074647
786.0,1.0,61.0,5.0,3.0,2.0,16.0,4.0,1.0,6.0,1.0,,,,,,1.0,,,,,,,1.0,,,,,,,1.0,,,,,3.0,2.0,3.0,2.0,1.0,1.0,2.0,3.0,3.0,2.0,1.0,2.0,2.0,1.0,1.0,1.0,1.0,2.0,2.0,2.0,2.0,1.0,1.0,3.0,2.0,5.0,5.0,5.0,8.0,2.0,8.0,6.0,6.0,6.0,1.0,4.0,2.0,4.0,4.0,4.0,5.0,2.0,2.0,2.0,2.0,2.0,2.0,2.0,4.0,,,,,,,,,,1.0,,1.0,,1.0,,3.0,3.0,4.0,3.0,2.0,,1.0,1.0,1.0,,1.0,,,3.0,2.0,6.0,6.0,5.0,0.0,4.0,5.0,8.0,6.0,6.0,8.0,0.0,6.0,6.0,4.0,6.0,4.0,1.0,0.0,2.0,5.0,0.0,2.0,3.0,2.0,1.0,1.0,1.0,1.0,1.0,1.0,1.0,,2.0,3.0,2.0,3.0,8.0,2.0,3.0,2.0,2.0,1.0,1.0,2.0,3.0,3.0,,,,,,1.0,1.0,,1.0,3.0,2.0,2.0,1.0,3.0,1.0,3.0,3.0,1.0,1.0,1.0,1.0,2.0,3.0,3.0,2.0,2.0,2.0,2.0,1.0,1.0,1.0,,,1.0,,,1.0,,,,1.0,1.0,,,,,,,,1.0,1.0,,,4.0,7.0,3.0,4.0,2.0,3.0,10.0,10.0,5.0,8.0,9.0,6.0,6.0,6.0,0.0,0.0,6.0,4.0,1.0,,,,,,1.0,,,,,3.0,3.0,3.0,3.0,3.0,0.6391897114052735
787.0,1.0,48.0,4.0,5.0,3.0,16.0,8.0,1.0,3.0,1.0,,,,,,,,,1.0,,1.0,,,,,,1.0,,,,,,,,3.0,2.0,2.0,3.0,2.0,3.0,3.0,3.0,2.0,3.0,3.0,3.0,3.0,3.0,2.0,2.0,2.0,2.0,4.0,4.0,3.0,3.0,2.0,2.0,4.0,6.0,8.0,7.0,5.0,8.0,8.0,9.0,7.0,5.0,7.0,7.0,4.0,4.0,5.0,6.0,6.0,2.0,2.0,2.0,2.0,2.0,2.0,2.0,2.0,,1.0,,,1.0,,,1.0,,,,,,,,2.0,4.0,3.0,3.0,2.0,,2.0,1.0,1.0,,,,,3.0,2.0,5.0,6.0,8.0,3.0,7.0,5.0,6.0,8.0,4.0,6.0,5.0,4.0,4.0,7.0,6.0,6.0,5.0,5.0,7.0,5.0,6.0,5.0,4.0,2.0,1.0,,,,1.0,,1.0,,4.0,4.0,4.0,4.0,4.0,4.0,4.0,4.0,4.0,1.0,1.0,1.0,1.0,3.0,1.0,,1.0,,,1.0,1.0,,1.0,1.0,3.0,2.0,1.0,3.0,3.0,3.0,2.0,3.0,3.0,1.0,3.0,2.0,3.0,3.0,1.0,1.0,1.0,1.0,1.0,1.0,1.0,,,1.0,1.0,,,,1.0,,,1.0,,,,1.0,1.0,,,,,,,0.0,10.0,5.0,9.0,5.0,5.0,10.0,10.0,10.0,5.0,5.0,0.0,0.0,0.0,0.0,0.0,8.0,5.0,1.0,,,,1.0,,,1.0,,,,1.0,1.0,1.0,8.0,7.0,0.43796899595067607
788.0,1.0,56.0,5.0,3.0,2.0,16.0,6.0,1.0,1.0,1.0,,,,,,,,,,,,,,,,,1.0,,,,1.0,1.0,,,1.0,2.0,2.0,4.0,3.0,3.0,3.0,3.0,3.0,3.0,3.0,3.0,3.0,3.0,3.0,3.0,3.0,3.0,3.0,4.0,3.0,3.0,3.0,3.0,3.0,8.0,8.0,7.0,7.0,7.0,7.0,8.0,8.0,6.0,6.0,7.0,7.0,8.0,8.0,8.0,8.0,2.0,1.0,1.0,1.0,1.0,2.0,1.0,3.0,,,,,,,,1.0,1.0,,,,,1.0,,3.0,3.0,3.0,5.0,2.0,,3.0,,,,,,1.0,3.0,2.0,9.0,9.0,6.0,0.0,7.0,7.0,5.0,7.0,7.0,6.0,0.0,8.0,8.0,8.0,5.0,6.0,5.0,6.0,9.0,6.0,5.0,6.0,3.0,3.0,,,,,,,1.0,,8.0,8.0,8.0,8.0,8.0,8.0,8.0,8.0,8.0,5.0,5.0,5.0,5.0,2.0,,,,,,,,1.0,5.0,5.0,3.0,3.0,3.0,3.0,3.0,3.0,3.0,3.0,3.0,3.0,3.0,3.0,3.0,3.0,5.0,5.0,5.0,5.0,5.0,5.0,5.0,1.0,,,,1.0,,,,,,,,1.0,,,,,,,,,1.0,99.0,99.0,99.0,99.0,99.0,99.0,99.0,99.0,99.0,99.0,99.0,99.0,99.0,99.0,99.0,99.0,7.0,6.0,1.0,,,,,,,,,1.0,,2.0,2.0,2.0,13.0,12.0,1.5297232784416952
789.0,2.0,53.0,4.0,4.0,2.0,16.0,4.0,1.0,2.0,1.0,1.0,,,,,,,,,,,,1.0,,,,1.0,,,,,,,,2.0,2.0,3.0,4.0,3.0,3.0,3.0,3.0,3.0,3.0,3.0,3.0,3.0,3.0,3.0,3.0,3.0,3.0,4.0,4.0,4.0,4.0,4.0,4.0,2.0,7.0,6.0,6.0,4.0,5.0,6.0,6.0,6.0,7.0,4.0,5.0,6.0,5.0,6.0,6.0,5.0,2.0,2.0,1.0,1.0,1.0,2.0,1.0,5.0,1.0,,,,,,,1.0,1.0,,,,,,,5.0,4.0,3.0,4.0,2.0,,5.0,1.0,1.0,,,,,2.0,2.0,3.0,7.0,3.0,4.0,7.0,5.0,6.0,6.0,5.0,5.0,6.0,6.0,7.0,4.0,4.0,5.0,5.0,4.0,7.0,3.0,5.0,4.0,4.0,2.0,,1.0,1.0,1.0,,1.0,1.0,,8.0,8.0,8.0,8.0,8.0,8.0,8.0,8.0,8.0,3.0,5.0,3.0,2.0,1.0,,,,1.0,,1.0,1.0,,1.0,2.0,3.0,3.0,3.0,3.0,3.0,3.0,3.0,3.0,3.0,3.0,3.0,3.0,3.0,3.0,2.0,2.0,2.0,2.0,3.0,3.0,2.0,,1.0,1.0,,,,,,,1.0,1.0,,,1.0,1.0,,,,,,,,5.0,5.0,3.0,3.0,4.0,4.0,8.0,10.0,7.0,8.0,8.0,4.0,6.0,5.0,1.0,0.0,6.0,1.0,1.0,,,,1.0,,,,,,,2.0,2.0,2.0,1.0,1.0,0.532508843378762
790.0,1.0,50.0,4.0,5.0,2.0,16.0,4.0,3.0,4.0,1.0,,,,,,,,,,,,,,,,,,,,,,,,1.0,6.0,4.0,11.0,4.0,3.0,3.0,3.0,3.0,3.0,3.0,3.0,3.0,3.0,3.0,3.0,3.0,3.0,3.0,3.0,3.0,2.0,3.0,4.0,4.0,3.0,99.0,99.0,99.0,99.0,99.0,99.0,99.0,99.0,99.0,99.0,99.0,99.0,99.0,99.0,99.0,99.0,2.0,1.0,1.0,1.0,1.0,2.0,3.0,4.0,,,,,,,,,,,,,,,1.0,5.0,5.0,5.0,4.0,2.0,,2.0,1.0,,,,,,6.0,4.0,99.0,99.0,0.0,0.0,0.0,99.0,99.0,0.0,0.0,0.0,0.0,99.0,99.0,0.0,0.0,0.0,0.0,0.0,99.0,99.0,0.0,0.0,5.0,1.0,1.0,,1.0,,,,,,2.0,2.0,2.0,2.0,2.0,2.0,2.0,2.0,2.0,1.0,5.0,1.0,5.0,3.0,1.0,,1.0,,1.0,1.0,1.0,,1.0,1.0,2.0,2.0,1.0,2.0,3.0,3.0,3.0,3.0,3.0,3.0,3.0,2.0,3.0,3.0,5.0,5.0,5.0,5.0,1.0,1.0,1.0,,1.0,1.0,,,,,,,,,1.0,,,,,1.0,,1.0,,,,0.0,10.0,0.0,5.0,1.0,5.0,10.0,10.0,10.0,99.0,10.0,0.0,2.0,0.0,0.0,0.0,5.0,5.0,1.0,,,,1.0,,,,,,,1.0,1.0,2.0,2.0,2.0,0.3805152045370245
791.0,1.0,59.0,5.0,5.0,3.0,16.0,6.0,3.0,6.0,1.0,,,,,,1.0,,,,,,,,,,1.0,,,,,1.0,,,,4.0,3.0,6.0,,1.0,1.0,3.0,3.0,2.0,1.0,1.0,3.0,3.0,3.0,2.0,3.0,2.0,2.0,2.0,2.0,2.0,3.0,2.0,1.0,2.0,5.0,4.0,6.0,5.0,5.0,4.0,5.0,6.0,4.0,3.0,4.0,2.0,5.0,4.0,3.0,5.0,2.0,2.0,1.0,1.0,1.0,2.0,2.0,4.0,1.0,,,,,,,1.0,,,,,,1.0,,4.0,3.0,3.0,3.0,2.0,,2.0,1.0,1.0,,1.0,,,4.0,2.0,0.0,2.0,0.0,0.0,0.0,1.0,1.0,1.0,0.0,3.0,0.0,1.0,3.0,0.0,2.0,0.0,1.0,0.0,3.0,0.0,1.0,0.0,4.0,2.0,,,,1.0,1.0,1.0,1.0,,5.0,3.0,8.0,3.0,8.0,1.0,8.0,3.0,2.0,4.0,3.0,3.0,2.0,2.0,1.0,,,,,1.0,1.0,,1.0,1.0,3.0,2.0,1.0,1.0,1.0,2.0,3.0,1.0,1.0,1.0,1.0,2.0,3.0,2.0,1.0,2.0,2.0,2.0,4.0,1.0,1.0,,1.0,1.0,,,,,,1.0,1.0,1.0,,,,,1.0,1.0,1.0,1.0,,,,1.0,10.0,2.0,5.0,1.0,1.0,10.0,10.0,5.0,3.0,10.0,0.0,5.0,5.0,0.0,0.0,8.0,5.0,1.0,,,1.0,,,,,,,,2.0,2.0,3.0,2.0,4.0,0.5320786800401518
792.0,2.0,23.0,1.0,5.0,3.0,16.0,5.0,1.0,2.0,2.0,,,,,,,,,,,,,,,1.0,1.0,,,,,1.0,,,,2.0,2.0,2.0,3.0,2.0,2.0,3.0,3.0,3.0,2.0,3.0,2.0,3.0,3.0,2.0,3.0,3.0,4.0,3.0,4.0,3.0,4.0,3.0,3.0,3.0,4.0,7.0,8.0,8.0,5.0,5.0,6.0,8.0,7.0,4.0,4.0,7.0,7.0,8.0,6.0,5.0,1.0,1.0,1.0,2.0,1.0,2.0,2.0,3.0,1.0,,1.0,,,1.0,,,,,,,,,,4.0,4.0,1.0,3.0,2.0,,2.0,,1.0,,,,,2.0,2.0,5.0,8.0,7.0,4.0,5.0,6.0,6.0,8.0,6.0,6.0,3.0,7.0,6.0,5.0,6.0,4.0,7.0,5.0,6.0,5.0,5.0,5.0,4.0,5.0,,1.0,1.0,1.0,1.0,1.0,1.0,,8.0,8.0,8.0,8.0,8.0,8.0,8.0,8.0,8.0,2.0,1.0,1.0,1.0,3.0,,,,,,,1.0,,1.0,2.0,2.0,2.0,3.0,1.0,3.0,3.0,3.0,1.0,3.0,1.0,3.0,2.0,3.0,2.0,1.0,1.0,1.0,1.0,3.0,1.0,1.0,,,1.0,1.0,,,,1.0,,,,,,,,1.0,1.0,,,,,,6.0,7.0,4.0,4.0,3.0,3.0,8.0,10.0,6.0,8.0,8.0,6.0,5.0,4.0,2.0,0.0,6.0,4.0,1.0,,,,1.0,,,1.0,,,,1.0,1.0,1.0,1.0,2.0,0.6635091168249487
793.0,2.0,35.0,3.0,1.0,2.0,16.0,7.0,1.0,2.0,1.0,,,,,,,,,,,1.0,,,1.0,,,1.0,,,,,,,,3.0,3.0,2.0,2.0,1.0,1.0,3.0,3.0,3.0,3.0,1.0,3.0,3.0,2.0,1.0,1.0,1.0,3.0,2.0,2.0,2.0,3.0,2.0,1.0,2.0,3.0,4.0,2.0,2.0,0.0,7.0,1.0,6.0,7.0,0.0,3.0,0.0,0.0,0.0,3.0,5.0,2.0,2.0,2.0,2.0,2.0,2.0,2.0,4.0,1.0,,1.0,,,,,,,,1.0,,,,,4.0,4.0,4.0,3.0,1.0,4.0,1.0,1.0,,,1.0,,,4.0,3.0,5.0,3.0,3.0,0.0,1.0,2.0,6.0,2.0,2.0,5.0,0.0,7.0,6.0,0.0,0.0,2.0,3.0,0.0,7.0,7.0,0.0,0.0,3.0,3.0,,,,,,1.0,,,5.0,5.0,5.0,5.0,5.0,5.0,5.0,5.0,5.0,4.0,3.0,3.0,3.0,2.0,1.0,,,,,1.0,1.0,,1.0,3.0,2.0,2.0,1.0,3.0,3.0,3.0,3.0,1.0,1.0,1.0,1.0,2.0,2.0,2.0,2.0,2.0,2.0,2.0,1.0,1.0,1.0,,1.0,1.0,,,,,,,1.0,1.0,,,,,1.0,,,1.0,,,,3.0,9.0,1.0,5.0,3.0,4.0,7.0,10.0,0.0,8.0,10.0,6.0,10.0,6.0,0.0,0.0,8.0,5.0,1.0,,,,1.0,,,,,,,2.0,3.0,2.0,5.0,4.0,1.0708300993678537
794.0,1.0,51.0,4.0,2.0,3.0,16.0,6.0,1.0,1.0,1.0,,,,,,1.0,1.0,,,,,,,,,,1.0,,,,,,,,2.0,2.0,1.0,4.0,3.0,3.0,3.0,3.0,3.0,3.0,3.0,3.0,3.0,3.0,3.0,3.0,3.0,4.0,4.0,4.0,3.0,4.0,3.0,4.0,4.0,7.0,7.0,7.0,8.0,6.0,6.0,8.0,8.0,8.0,6.0,2.0,7.0,5.0,7.0,8.0,99.0,2.0,1.0,1.0,3.0,1.0,2.0,1.0,3.0,,,,,,1.0,,1.0,,,,,,1.0,,4.0,4.0,2.0,4.0,2.0,,4.0,1.0,1.0,,,,,2.0,2.0,6.0,6.0,8.0,0.0,7.0,5.0,6.0,7.0,6.0,7.0,1.0,8.0,8.0,9.0,5.0,7.0,1.0,3.0,6.0,6.0,6.0,0.0,3.0,4.0,,,,,,,,1.0,3.0,3.0,3.0,8.0,8.0,1.0,8.0,3.0,8.0,4.0,4.0,3.0,2.0,1.0,,1.0,,1.0,,1.0,1.0,,1.0,2.0,3.0,3.0,3.0,3.0,3.0,3.0,3.0,1.0,3.0,3.0,1.0,2.0,3.0,3.0,1.0,1.0,1.0,1.0,1.0,2.0,1.0,,1.0,1.0,,,,1.0,,,,1.0,,,,,,,,1.0,,,,2.0,7.0,0.0,3.0,0.0,1.0,9.0,10.0,5.0,10.0,10.0,2.0,7.0,6.0,0.0,0.0,8.0,5.0,1.0,,,,,1.0,1.0,,,,,2.0,3.0,3.0,3.0,3.0,2.0000080652281387
795.0,2.0,84.0,6.0,3.0,2.0,16.0,1.0,6.0,7.0,1.0,,,,,,1.0,,,,,,,,,,,,,,1.0,1.0,,,,2.0,2.0,5.0,,3.0,3.0,3.0,3.0,3.0,3.0,3.0,3.0,3.0,3.0,3.0,3.0,3.0,3.0,3.0,3.0,3.0,4.0,3.0,3.0,2.0,5.0,7.0,7.0,6.0,7.0,7.0,6.0,7.0,6.0,5.0,99.0,6.0,6.0,99.0,7.0,6.0,2.0,2.0,1.0,1.0,2.0,2.0,2.0,2.0,1.0,,1.0,,,1.0,,,,,,,,,,3.0,3.0,3.0,5.0,2.0,,3.0,1.0,1.0,,,,,2.0,2.0,7.0,7.0,7.0,4.0,6.0,6.0,7.0,7.0,6.0,6.0,5.0,7.0,6.0,5.0,6.0,7.0,5.0,4.0,6.0,6.0,6.0,6.0,3.0,5.0,,,,,,1.0,,,5.0,5.0,5.0,5.0,5.0,5.0,5.0,5.0,5.0,5.0,5.0,5.0,5.0,2.0,,,,,,1.0,1.0,,2.0,2.0,2.0,3.0,1.0,1.0,1.0,3.0,3.0,1.0,1.0,1.0,3.0,2.0,3.0,3.0,2.0,2.0,2.0,2.0,5.0,1.0,1.0,,1.0,1.0,,,,,,1.0,1.0,1.0,,,,1.0,,1.0,1.0,1.0,1.0,,,4.0,7.0,1.0,6.0,2.0,1.0,9.0,10.0,2.0,7.0,9.0,5.0,6.0,7.0,0.0,0.0,2.0,5.0,2.0,7.0,,1.0,,,,,,,,3.0,3.0,3.0,11.0,10.0,2.0000838318543233
796.0,1.0,39.0,3.0,2.0,2.0,16.0,6.0,1.0,4.0,1.0,,,,,,1.0,,,,1.0,1.0,,,,,,,,,,,,,,3.0,3.0,2.0,3.0,3.0,1.0,3.0,3.0,3.0,3.0,3.0,3.0,3.0,3.0,3.0,3.0,1.0,3.0,3.0,2.0,2.0,3.0,4.0,2.0,3.0,2.0,4.0,3.0,4.0,3.0,0.0,5.0,1.0,1.0,4.0,4.0,3.0,5.0,3.0,5.0,3.0,1.0,3.0,3.0,3.0,3.0,1.0,3.0,4.0,,,,,,1.0,1.0,,,,1.0,,,,,2.0,3.0,1.0,2.0,1.0,1.0,4.0,,,,,,1.0,4.0,3.0,2.0,5.0,1.0,4.0,2.0,7.0,0.0,2.0,4.0,5.0,3.0,5.0,7.0,4.0,0.0,0.0,3.0,4.0,6.0,0.0,2.0,6.0,3.0,4.0,,,,,,,,1.0,1.0,2.0,1.0,7.0,7.0,1.0,1.0,1.0,1.0,4.0,4.0,4.0,3.0,1.0,,,,,1.0,,,,1.0,4.0,2.0,2.0,2.0,1.0,2.0,2.0,1.0,2.0,1.0,1.0,2.0,2.0,2.0,2.0,2.0,2.0,2.0,2.0,3.0,3.0,3.0,1.0,,,1.0,,,,1.0,,,1.0,,,1.0,,,,,,,,,4.0,7.0,2.0,3.0,3.0,5.0,6.0,8.0,3.0,7.0,7.0,5.0,5.0,3.0,2.0,0.0,8.0,4.0,1.0,,,1.0,,,,,,,,1.0,2.0,2.0,11.0,10.0,1.1492559851732842
797.0,2.0,37.0,3.0,5.0,1.0,16.0,4.0,1.0,4.0,1.0,,,,,,1.0,,,,1.0,,,,,,,1.0,,,,,,,,2.0,2.0,2.0,5.0,1.0,1.0,3.0,3.0,3.0,3.0,1.0,3.0,3.0,1.0,3.0,3.0,1.0,2.0,2.0,4.0,2.0,2.0,2.0,1.0,3.0,4.0,5.0,99.0,99.0,0.0,0.0,99.0,6.0,5.0,0.0,99.0,0.0,99.0,2.0,2.0,4.0,1.0,2.0,3.0,3.0,1.0,3.0,3.0,4.0,,,1.0,,,1.0,1.0,,,,,,,,,2.0,5.0,1.0,2.0,1.0,1.0,1.0,1.0,1.0,,1.0,,,4.0,3.0,7.0,7.0,0.0,0.0,0.0,0.0,5.0,0.0,0.0,0.0,0.0,6.0,7.0,0.0,0.0,0.0,0.0,0.0,6.0,1.0,3.0,0.0,4.0,5.0,,,,1.0,,,1.0,,8.0,8.0,8.0,8.0,8.0,8.0,8.0,8.0,2.0,4.0,4.0,4.0,3.0,1.0,1.0,,1.0,,,1.0,1.0,,1.0,2.0,2.0,1.0,1.0,3.0,3.0,1.0,3.0,3.0,3.0,3.0,3.0,2.0,1.0,3.0,2.0,2.0,2.0,2.0,2.0,1.0,1.0,,1.0,,,,1.0,,,1.0,1.0,1.0,,,,,,,,,,1.0,,4.0,7.0,3.0,7.0,3.0,5.0,7.0,8.0,0.0,2.0,7.0,4.0,2.0,5.0,1.0,0.0,6.0,5.0,2.0,11.0,,,,,,,,,1.0,3.0,3.0,3.0,2.0,2.0,0.6983321205853205
798.0,2.0,61.0,5.0,5.0,3.0,16.0,3.0,6.0,4.0,1.0,,,,,,,,,,1.0,1.0,,,,,,,,,,1.0,,,,6.0,4.0,11.0,5.0,3.0,3.0,3.0,4.0,3.0,3.0,3.0,3.0,3.0,3.0,3.0,3.0,3.0,3.0,2.0,2.0,2.0,4.0,1.0,3.0,2.0,99.0,99.0,99.0,99.0,99.0,99.0,99.0,99.0,99.0,99.0,99.0,99.0,99.0,99.0,99.0,99.0,1.0,3.0,1.0,1.0,1.0,1.0,3.0,5.0,,,,,,,1.0,1.0,1.0,,,,,,,5.0,5.0,5.0,4.0,2.0,,5.0,,,,,,1.0,6.0,4.0,99.0,99.0,99.0,99.0,99.0,99.0,99.0,99.0,99.0,99.0,99.0,99.0,99.0,99.0,99.0,99.0,99.0,99.0,99.0,99.0,99.0,99.0,6.0,5.0,,,,,,,,1.0,8.0,8.0,8.0,8.0,8.0,8.0,8.0,8.0,8.0,5.0,5.0,5.0,5.0,2.0,,,,,,,,1.0,5.0,5.0,3.0,3.0,3.0,3.0,3.0,3.0,3.0,3.0,3.0,3.0,3.0,3.0,3.0,3.0,5.0,5.0,5.0,5.0,5.0,1.0,1.0,,1.0,,,,1.0,,,,,,,1.0,,,,,,,,,1.0,99.0,99.0,99.0,99.0,99.0,99.0,99.0,99.0,99.0,99.0,99.0,99.0,99.0,99.0,99.0,99.0,3.0,1.0,1.0,,,,1.0,,,,,,,3.0,3.0,3.0,13.0,12.0,0.6323140499380858
799.0,1.0,69.0,6.0,1.0,2.0,16.0,2.0,2.0,5.0,1.0,,,,,,,,1.0,,1.0,,,,,,,,,,,,1.0,,,3.0,3.0,4.0,,3.0,3.0,3.0,3.0,3.0,3.0,3.0,3.0,3.0,3.0,3.0,3.0,2.0,3.0,3.0,4.0,3.0,3.0,4.0,4.0,2.0,0.0,2.0,5.0,4.0,5.0,0.0,6.0,4.0,2.0,0.0,0.0,4.0,0.0,5.0,2.0,0.0,1.0,3.0,3.0,3.0,1.0,1.0,3.0,4.0,,,,,,1.0,1.0,,,,1.0,,,,,4.0,3.0,1.0,3.0,2.0,,5.0,1.0,1.0,,,,,5.0,3.0,2.0,1.0,0.0,2.0,3.0,0.0,0.0,0.0,3.0,6.0,10.0,5.0,2.0,0.0,0.0,0.0,7.0,7.0,8.0,0.0,1.0,7.0,2.0,4.0,,,,1.0,,,1.0,,2.0,7.0,8.0,7.0,7.0,1.0,6.0,4.0,7.0,4.0,4.0,4.0,4.0,1.0,1.0,1.0,1.0,1.0,1.0,1.0,,,1.0,4.0,2.0,3.0,3.0,1.0,1.0,1.0,1.0,2.0,1.0,1.0,2.0,2.0,3.0,3.0,1.0,1.0,1.0,1.0,5.0,5.0,5.0,,,,1.0,,1.0,,,1.0,1.0,,,,1.0,,1.0,,,,1.0,,,10.0,2.0,0.0,1.0,0.0,0.0,3.0,5.0,1.0,10.0,10.0,8.0,9.0,7.0,6.0,1.0,2.0,1.0,2.0,1.0,,,1.0,,,,,,,3.0,3.0,3.0,3.0,1.0,1.6803815300631764
800.0,2.0,57.0,5.0,3.0,2.0,16.0,3.0,6.0,4.0,1.0,,,,,,1.0,,1.0,,,,,,,,,1.0,,,,,,,,3.0,2.0,11.0,4.0,2.0,1.0,4.0,4.0,2.0,1.0,3.0,1.0,4.0,3.0,4.0,4.0,1.0,3.0,2.0,3.0,3.0,4.0,3.0,3.0,1.0,1.0,5.0,7.0,3.0,3.0,4.0,4.0,3.0,4.0,99.0,3.0,2.0,99.0,5.0,6.0,4.0,1.0,1.0,3.0,1.0,1.0,1.0,3.0,4.0,,,1.0,,,,,,1.0,1.0,,,,,,5.0,5.0,5.0,4.0,2.0,,4.0,,,,,,1.0,6.0,4.0,99.0,99.0,1.0,0.0,3.0,1.0,2.0,3.0,4.0,4.0,0.0,2.0,2.0,1.0,0.0,1.0,3.0,1.0,3.0,2.0,4.0,2.0,6.0,5.0,,,,,,,1.0,,8.0,8.0,8.0,8.0,8.0,8.0,8.0,8.0,8.0,5.0,5.0,5.0,5.0,3.0,,,,,,,,1.0,2.0,2.0,3.0,3.0,3.0,3.0,3.0,3.0,3.0,3.0,3.0,3.0,3.0,3.0,3.0,3.0,5.0,5.0,5.0,5.0,3.0,3.0,3.0,1.0,,,1.0,,,,1.0,1.0,,,,,,,,1.0,,,,,,99.0,99.0,99.0,99.0,99.0,99.0,99.0,99.0,99.0,99.0,99.0,99.0,99.0,99.0,99.0,99.0,2.0,5.0,1.0,,,,,,,1.0,,,,3.0,3.0,3.0,13.0,12.0,0.7596031381428856
801.0,2.0,56.0,5.0,5.0,1.0,16.0,4.0,1.0,6.0,1.0,,,,,,,,1.0,1.0,,,,,,,,1.0,,,,,,,,3.0,2.0,2.0,3.0,3.0,3.0,3.0,3.0,3.0,3.0,3.0,3.0,3.0,3.0,3.0,3.0,3.0,4.0,4.0,4.0,3.0,4.0,3.0,3.0,3.0,5.0,5.0,5.0,5.0,5.0,1.0,7.0,6.0,6.0,4.0,5.0,5.0,6.0,5.0,5.0,5.0,2.0,1.0,1.0,3.0,3.0,1.0,1.0,3.0,,,,1.0,,1.0,,,,,,,1.0,,,3.0,3.0,3.0,3.0,2.0,,4.0,,,,,,1.0,3.0,2.0,5.0,5.0,0.0,0.0,5.0,5.0,5.0,0.0,0.0,5.0,0.0,7.0,5.0,99.0,0.0,99.0,0.0,99.0,5.0,6.0,0.0,4.0,3.0,3.0,,,,,,1.0,,,8.0,8.0,8.0,8.0,8.0,8.0,8.0,8.0,8.0,4.0,4.0,4.0,4.0,1.0,,1.0,,1.0,1.0,,1.0,,1.0,3.0,3.0,3.0,3.0,3.0,3.0,3.0,3.0,3.0,3.0,3.0,3.0,3.0,3.0,3.0,1.0,1.0,1.0,1.0,5.0,1.0,1.0,,,1.0,,,1.0,,,,1.0,,,,,,,1.0,,1.0,,,,6.0,5.0,1.0,1.0,5.0,5.0,8.0,10.0,2.0,9.0,9.0,0.0,5.0,0.0,0.0,0.0,5.0,1.0,1.0,,,1.0,,,,,,,,3.0,3.0,3.0,11.0,10.0,0.7160672196177453
802.0,2.0,52.0,4.0,5.0,2.0,16.0,3.0,6.0,4.0,1.0,,,,,,,,,,,,,,,,,,,,,,,,1.0,6.0,4.0,11.0,4.0,4.0,4.0,4.0,4.0,4.0,4.0,4.0,4.0,4.0,4.0,4.0,4.0,4.0,5.0,5.0,5.0,5.0,5.0,5.0,5.0,5.0,99.0,99.0,99.0,99.0,99.0,99.0,99.0,99.0,99.0,99.0,99.0,99.0,99.0,99.0,99.0,99.0,2.0,1.0,1.0,1.0,1.0,1.0,3.0,5.0,,,,,,,,,,,,,,,1.0,5.0,5.0,5.0,3.0,2.0,,5.0,,,,,,1.0,6.0,4.0,99.0,99.0,99.0,99.0,99.0,99.0,99.0,99.0,99.0,99.0,99.0,99.0,99.0,99.0,99.0,99.0,99.0,99.0,99.0,99.0,99.0,99.0,6.0,5.0,,,,,,,,1.0,8.0,8.0,8.0,8.0,8.0,8.0,8.0,8.0,8.0,5.0,5.0,5.0,5.0,1.0,,,,,,,,1.0,4.0,5.0,3.0,3.0,3.0,3.0,3.0,3.0,3.0,3.0,3.0,3.0,3.0,3.0,3.0,3.0,5.0,5.0,5.0,5.0,3.0,3.0,3.0,,1.0,1.0,,,,,,,,,,1.0,,,,,,,,,1.0,99.0,99.0,99.0,99.0,99.0,99.0,99.0,99.0,99.0,99.0,99.0,99.0,10.0,99.0,99.0,99.0,2.0,5.0,2.0,7.0,,,1.0,,,1.0,,,,3.0,2.0,3.0,13.0,12.0,0.3915612359017463
803.0,2.0,22.0,1.0,2.0,3.0,16.0,4.0,1.0,6.0,1.0,,,,1.0,,,,,,,,,,,,,,,,,,,,,3.0,3.0,3.0,3.0,2.0,2.0,3.0,3.0,3.0,3.0,3.0,1.0,4.0,3.0,4.0,3.0,3.0,3.0,2.0,2.0,3.0,3.0,4.0,2.0,2.0,5.0,5.0,5.0,5.0,5.0,5.0,5.0,5.0,8.0,5.0,5.0,5.0,5.0,5.0,5.0,5.0,3.0,3.0,3.0,3.0,3.0,3.0,1.0,3.0,,,1.0,,,,,,1.0,1.0,,,,,,4.0,4.0,2.0,3.0,2.0,,2.0,1.0,,,,,,3.0,3.0,5.0,5.0,3.0,3.0,3.0,3.0,3.0,7.0,5.0,4.0,4.0,3.0,4.0,4.0,2.0,3.0,3.0,3.0,3.0,3.0,3.0,3.0,6.0,5.0,,,,,,,1.0,,8.0,8.0,8.0,8.0,8.0,8.0,8.0,8.0,8.0,5.0,5.0,5.0,5.0,3.0,,,,,,,,1.0,5.0,5.0,3.0,3.0,3.0,3.0,3.0,3.0,3.0,3.0,3.0,3.0,3.0,3.0,3.0,3.0,5.0,5.0,5.0,5.0,5.0,4.0,4.0,,,,1.0,,1.0,1.0,,,,,,,,,,,,1.0,,,,5.0,5.0,5.0,5.0,5.0,5.0,5.0,5.0,9.0,2.0,6.0,6.0,6.0,3.0,5.0,5.0,4.0,2.0,1.0,,,,,,,,,,1.0,1.0,1.0,1.0,11.0,10.0,1.2064134479892332
804.0,2.0,63.0,5.0,1.0,2.0,16.0,6.0,1.0,4.0,1.0,,,,,,,,,,,,,1.0,,,,1.0,,,,1.0,,,,2.0,2.0,3.0,4.0,3.0,3.0,3.0,3.0,3.0,3.0,3.0,3.0,3.0,3.0,3.0,3.0,3.0,4.0,4.0,4.0,4.0,4.0,4.0,4.0,4.0,7.0,7.0,7.0,6.0,6.0,7.0,7.0,9.0,8.0,5.0,5.0,5.0,6.0,6.0,7.0,5.0,2.0,2.0,1.0,1.0,1.0,2.0,3.0,3.0,1.0,,,,,,,,1.0,,,,,1.0,,3.0,3.0,4.0,4.0,2.0,,3.0,,,,,,1.0,2.0,2.0,7.0,8.0,7.0,5.0,8.0,6.0,7.0,8.0,7.0,7.0,3.0,8.0,8.0,8.0,6.0,8.0,4.0,3.0,6.0,7.0,8.0,8.0,4.0,3.0,,1.0,,1.0,,,,,8.0,8.0,8.0,8.0,8.0,8.0,8.0,8.0,8.0,4.0,3.0,3.0,3.0,1.0,,,,,,,1.0,,2.0,2.0,3.0,3.0,3.0,3.0,3.0,3.0,3.0,3.0,3.0,3.0,3.0,3.0,3.0,3.0,1.0,1.0,1.0,3.0,4.0,4.0,4.0,1.0,,1.0,,,,,,,,1.0,,,,,,,,1.0,,,,0.0,8.0,2.0,5.0,3.0,2.0,9.0,10.0,5.0,10.0,10.0,5.0,5.0,5.0,3.0,0.0,8.0,5.0,1.0,,,1.0,,,,,,,,1.0,1.0,2.0,13.0,12.0,1.240645197558156
805.0,2.0,58.0,5.0,2.0,2.0,16.0,7.0,1.0,3.0,2.0,,,,,1.0,1.0,,,,,,,,,1.0,,,,,,,,,,2.0,2.0,2.0,4.0,3.0,3.0,3.0,3.0,3.0,3.0,3.0,3.0,3.0,3.0,3.0,3.0,3.0,4.0,3.0,3.0,3.0,3.0,3.0,3.0,2.0,7.0,6.0,8.0,7.0,7.0,8.0,6.0,8.0,8.0,6.0,6.0,6.0,7.0,6.0,5.0,7.0,2.0,2.0,2.0,1.0,2.0,2.0,1.0,3.0,1.0,,,,,,,1.0,,,,,,1.0,,3.0,3.0,3.0,2.0,2.0,,2.0,1.0,,,,,,2.0,2.0,6.0,7.0,5.0,0.0,6.0,8.0,7.0,7.0,7.0,7.0,5.0,8.0,7.0,5.0,6.0,6.0,6.0,6.0,8.0,7.0,8.0,5.0,5.0,2.0,1.0,1.0,,,1.0,,,,2.0,8.0,2.0,2.0,2.0,2.0,1.0,2.0,2.0,2.0,2.0,2.0,1.0,1.0,,,1.0,,,1.0,1.0,,1.0,2.0,2.0,2.0,3.0,3.0,3.0,3.0,3.0,3.0,1.0,3.0,3.0,2.0,2.0,2.0,2.0,2.0,2.0,3.0,1.0,1.0,1.0,1.0,,1.0,,,,,,1.0,,,,,1.0,1.0,,,,1.0,,,,4.0,6.0,5.0,5.0,5.0,5.0,10.0,10.0,10.0,6.0,7.0,4.0,4.0,5.0,0.0,0.0,8.0,3.0,1.0,,,1.0,,,,,,,,1.0,1.0,1.0,2.0,2.0,0.824596865748273
806.0,2.0,60.0,5.0,5.0,2.0,16.0,4.0,1.0,4.0,1.0,,,,1.0,,,1.0,,,,,,,,,,1.0,,,,,,,,4.0,2.0,2.0,4.0,3.0,2.0,3.0,3.0,3.0,3.0,3.0,3.0,3.0,3.0,2.0,2.0,3.0,1.0,2.0,1.0,1.0,2.0,1.0,1.0,1.0,8.0,7.0,8.0,7.0,8.0,8.0,7.0,8.0,3.0,6.0,9.0,3.0,5.0,7.0,4.0,9.0,3.0,3.0,3.0,3.0,3.0,2.0,3.0,4.0,,,1.0,,,,,,,1.0,,,1.0,,,1.0,2.0,2.0,3.0,2.0,,3.0,,,,,,1.0,5.0,3.0,6.0,5.0,0.0,0.0,10.0,6.0,10.0,6.0,10.0,0.0,10.0,8.0,8.0,10.0,0.0,6.0,8.0,8.0,6.0,4.0,10.0,7.0,3.0,2.0,1.0,,,1.0,,1.0,1.0,,1.0,3.0,3.0,3.0,3.0,3.0,1.0,3.0,6.0,4.0,1.0,2.0,1.0,3.0,,,,,,,1.0,,1.0,1.0,1.0,2.0,2.0,1.0,3.0,3.0,1.0,1.0,1.0,2.0,1.0,3.0,2.0,3.0,1.0,1.0,1.0,3.0,4.0,2.0,1.0,,,1.0,,,1.0,,1.0,,1.0,1.0,,,,,1.0,1.0,,,1.0,,,5.0,7.0,8.0,3.0,5.0,2.0,5.0,8.0,5.0,7.0,7.0,8.0,9.0,3.0,5.0,5.0,6.0,1.0,1.0,,,,,,,1.0,,,,3.0,3.0,3.0,1.0,5.0,0.48738954746190155
807.0,1.0,40.0,3.0,2.0,2.0,16.0,4.0,1.0,6.0,1.0,,,,,,1.0,,1.0,,,,,,,,,,,,,1.0,,,,2.0,2.0,2.0,3.0,1.0,1.0,2.0,2.0,1.0,1.0,1.0,3.0,3.0,2.0,3.0,3.0,1.0,3.0,2.0,3.0,2.0,3.0,1.0,1.0,1.0,5.0,6.0,6.0,4.0,6.0,3.0,6.0,6.0,5.0,6.0,5.0,5.0,5.0,7.0,7.0,6.0,1.0,1.0,1.0,1.0,1.0,1.0,1.0,4.0,,,1.0,,,1.0,,1.0,,,,,,,,2.0,3.0,2.0,3.0,2.0,,2.0,,1.0,,1.0,,,2.0,2.0,7.0,7.0,7.0,5.0,7.0,7.0,7.0,7.0,6.0,5.0,3.0,6.0,7.0,5.0,4.0,5.0,5.0,6.0,6.0,6.0,5.0,7.0,4.0,3.0,,1.0,,1.0,,,1.0,,8.0,2.0,3.0,7.0,1.0,8.0,8.0,2.0,2.0,2.0,2.0,2.0,2.0,2.0,,,,,,1.0,1.0,,1.0,2.0,1.0,2.0,1.0,3.0,1.0,1.0,3.0,1.0,1.0,1.0,1.0,2.0,3.0,3.0,2.0,2.0,2.0,2.0,3.0,1.0,2.0,,1.0,1.0,,,,,,1.0,1.0,1.0,,,1.0,1.0,,1.0,,,,,,4.0,5.0,2.0,4.0,3.0,3.0,10.0,10.0,5.0,10.0,10.0,6.0,5.0,5.0,0.0,0.0,3.0,3.0,1.0,,,1.0,,,,,,,,2.0,2.0,2.0,1.0,1.0,1.0557191909572778
808.0,2.0,33.0,2.0,5.0,2.0,16.0,7.0,1.0,4.0,1.0,,,,,,,,1.0,,,1.0,,,,,,,,,,1.0,,,,2.0,2.0,2.0,4.0,3.0,1.0,3.0,3.0,3.0,3.0,3.0,3.0,3.0,3.0,3.0,3.0,3.0,3.0,3.0,3.0,2.0,4.0,3.0,4.0,4.0,8.0,8.0,7.0,5.0,7.0,4.0,4.0,7.0,7.0,4.0,2.0,6.0,2.0,6.0,6.0,7.0,1.0,1.0,3.0,1.0,1.0,1.0,1.0,3.0,1.0,,,,,,,,1.0,,,,,1.0,,3.0,3.0,1.0,3.0,2.0,,3.0,1.0,,,,,,3.0,2.0,3.0,7.0,3.0,5.0,8.0,6.0,3.0,7.0,7.0,6.0,3.0,6.0,8.0,8.0,2.0,6.0,6.0,7.0,6.0,4.0,5.0,7.0,3.0,3.0,,,,1.0,,,,,1.0,1.0,1.0,7.0,1.0,1.0,1.0,1.0,1.0,3.0,3.0,3.0,3.0,1.0,,1.0,1.0,1.0,1.0,,,,2.0,2.0,3.0,3.0,3.0,1.0,3.0,3.0,3.0,1.0,1.0,1.0,3.0,3.0,3.0,3.0,1.0,1.0,1.0,1.0,4.0,1.0,1.0,1.0,,,,,1.0,1.0,1.0,,,1.0,,,1.0,1.0,,,,,,,,7.0,7.0,0.0,4.0,2.0,3.0,7.0,9.0,6.0,10.0,8.0,5.0,5.0,5.0,3.0,1.0,8.0,3.0,1.0,,,,1.0,,,1.0,,,,1.0,2.0,2.0,1.0,1.0,0.5383493753231432
809.0,1.0,44.0,3.0,5.0,2.0,16.0,7.0,1.0,1.0,1.0,,,,,,,,,,,,,1.0,,,,,,1.0,,1.0,,,,2.0,2.0,2.0,3.0,3.0,3.0,3.0,3.0,3.0,3.0,3.0,3.0,3.0,3.0,3.0,3.0,3.0,3.0,3.0,3.0,2.0,4.0,3.0,3.0,2.0,5.0,3.0,1.0,6.0,6.0,6.0,6.0,7.0,7.0,7.0,1.0,2.0,8.0,6.0,6.0,5.0,2.0,2.0,1.0,1.0,1.0,2.0,3.0,4.0,1.0,,1.0,,,,,,,,1.0,,,,,3.0,3.0,2.0,3.0,1.0,5.0,4.0,,1.0,,,,,3.0,2.0,99.0,99.0,99.0,99.0,99.0,99.0,99.0,99.0,99.0,99.0,99.0,99.0,99.0,99.0,99.0,99.0,99.0,99.0,99.0,99.0,99.0,99.0,3.0,5.0,,,,,,,,1.0,3.0,3.0,3.0,3.0,8.0,3.0,3.0,3.0,3.0,5.0,5.0,5.0,5.0,1.0,1.0,1.0,,,,1.0,1.0,,1.0,3.0,1.0,2.0,3.0,3.0,3.0,2.0,1.0,1.0,1.0,1.0,1.0,1.0,2.0,2.0,2.0,2.0,2.0,2.0,2.0,2.0,2.0,1.0,,1.0,,,,,,,,,,1.0,1.0,,,,,,,,,4.0,99.0,99.0,99.0,99.0,99.0,99.0,99.0,0.0,99.0,99.0,99.0,99.0,99.0,99.0,99.0,8.0,5.0,3.0,,92.0,,1.0,,,1.0,,,,3.0,3.0,3.0,11.0,10.0,1.3248929201178254
810.0,1.0,26.0,2.0,5.0,2.0,16.0,4.0,1.0,3.0,1.0,1.0,,,,,,,,,,,,1.0,,,,1.0,,,,,,,,4.0,2.0,2.0,3.0,3.0,3.0,3.0,2.0,2.0,2.0,4.0,2.0,3.0,3.0,2.0,3.0,3.0,2.0,3.0,3.0,2.0,3.0,3.0,1.0,1.0,6.0,5.0,8.0,8.0,8.0,8.0,8.0,7.0,6.0,7.0,9.0,5.0,7.0,7.0,8.0,8.0,2.0,2.0,2.0,2.0,2.0,2.0,1.0,2.0,,,1.0,,,1.0,,,,,1.0,,,,,4.0,4.0,3.0,3.0,2.0,,3.0,1.0,,,,,,2.0,1.0,8.0,9.0,8.0,7.0,6.0,7.0,7.0,6.0,7.0,8.0,7.0,8.0,8.0,7.0,7.0,8.0,7.0,6.0,7.0,9.0,8.0,7.0,2.0,3.0,1.0,,,,,,,,8.0,8.0,5.0,8.0,8.0,8.0,8.0,8.0,8.0,3.0,2.0,3.0,2.0,2.0,,,,,,,,1.0,4.0,5.0,1.0,2.0,3.0,3.0,1.0,3.0,3.0,1.0,1.0,3.0,1.0,3.0,3.0,3.0,1.0,1.0,4.0,1.0,3.0,1.0,2.0,,,,,1.0,1.0,1.0,1.0,,,,,,,,,,1.0,,1.0,,,7.0,6.0,7.0,8.0,7.0,5.0,8.0,7.0,5.0,4.0,5.0,6.0,5.0,6.0,5.0,6.0,3.0,3.0,3.0,,23.0,,,,1.0,,1.0,,,2.0,2.0,3.0,9.0,11.0,0.7659486601520752
811.0,1.0,56.0,5.0,2.0,3.0,16.0,4.0,1.0,4.0,1.0,,,,,,,,,,1.0,,,,,,,,,1.0,,,1.0,,,3.0,2.0,2.0,4.0,3.0,2.0,3.0,3.0,3.0,2.0,2.0,3.0,3.0,3.0,3.0,3.0,3.0,4.0,3.0,3.0,3.0,4.0,3.0,4.0,3.0,5.0,6.0,7.0,7.0,6.0,5.0,6.0,8.0,5.0,5.0,6.0,5.0,6.0,5.0,6.0,7.0,1.0,1.0,1.0,1.0,1.0,1.0,1.0,3.0,1.0,,,,,1.0,,,,,1.0,,,,,2.0,2.0,2.0,3.0,2.0,,3.0,1.0,,,1.0,,,3.0,3.0,3.0,6.0,2.0,0.0,8.0,4.0,7.0,5.0,4.0,5.0,1.0,7.0,5.0,6.0,2.0,5.0,5.0,4.0,7.0,5.0,4.0,6.0,4.0,2.0,1.0,,,,,1.0,,,2.0,1.0,1.0,2.0,1.0,1.0,1.0,1.0,1.0,2.0,2.0,2.0,2.0,1.0,,,,,,1.0,1.0,,1.0,4.0,3.0,2.0,1.0,3.0,3.0,1.0,3.0,1.0,1.0,1.0,1.0,2.0,2.0,3.0,1.0,1.0,1.0,1.0,1.0,1.0,1.0,1.0,,1.0,,,,,,,,1.0,,,,1.0,,,,1.0,,,,3.0,5.0,0.0,3.0,3.0,4.0,9.0,10.0,5.0,8.0,10.0,5.0,6.0,5.0,1.0,1.0,5.0,5.0,1.0,,,,1.0,,,,,,,2.0,2.0,2.0,5.0,1.0,1.1045743450371828
812.0,1.0,69.0,6.0,5.0,2.0,16.0,3.0,2.0,5.0,1.0,,,,,,1.0,,,,,,,,,,,1.0,,,,,1.0,,,2.0,2.0,4.0,,1.0,1.0,1.0,1.0,2.0,2.0,1.0,3.0,3.0,1.0,4.0,1.0,1.0,4.0,3.0,4.0,2.0,4.0,3.0,4.0,2.0,7.0,6.0,8.0,7.0,5.0,7.0,7.0,8.0,7.0,4.0,5.0,6.0,7.0,6.0,6.0,6.0,2.0,2.0,2.0,1.0,2.0,2.0,2.0,2.0,1.0,,,,,,,1.0,,,,,,1.0,,3.0,3.0,4.0,4.0,1.0,2.0,2.0,1.0,1.0,,,,,2.0,2.0,7.0,8.0,5.0,5.0,8.0,8.0,7.0,8.0,8.0,7.0,7.0,8.0,6.0,6.0,4.0,7.0,2.0,3.0,8.0,5.0,5.0,4.0,4.0,3.0,1.0,,1.0,,,,,,4.0,4.0,4.0,1.0,1.0,1.0,1.0,1.0,1.0,3.0,2.0,2.0,2.0,3.0,,,,,,,1.0,,1.0,2.0,3.0,2.0,1.0,3.0,1.0,1.0,3.0,1.0,3.0,1.0,3.0,2.0,3.0,3.0,1.0,1.0,1.0,3.0,3.0,3.0,2.0,,,1.0,,,1.0,,,,1.0,,,,,,1.0,,1.0,1.0,1.0,,,3.0,5.0,0.0,5.0,2.0,4.0,7.0,10.0,8.0,7.0,10.0,6.0,8.0,6.0,2.0,0.0,3.0,1.0,1.0,,,,1.0,,,,,,,2.0,3.0,3.0,1.0,1.0,0.660140703492659
813.0,2.0,50.0,4.0,2.0,3.0,16.0,6.0,1.0,4.0,1.0,,,1.0,,,,,,1.0,,,,,,,,1.0,,,,,,,,2.0,3.0,2.0,5.0,3.0,3.0,3.0,3.0,3.0,3.0,3.0,3.0,3.0,3.0,3.0,3.0,3.0,3.0,1.0,3.0,2.0,3.0,2.0,2.0,2.0,7.0,3.0,8.0,7.0,5.0,5.0,6.0,7.0,7.0,0.0,5.0,5.0,5.0,6.0,2.0,2.0,2.0,1.0,3.0,1.0,1.0,1.0,1.0,4.0,,,,,,1.0,,1.0,,,1.0,,,,,5.0,3.0,2.0,3.0,2.0,,3.0,1.0,1.0,,1.0,,,6.0,3.0,3.0,4.0,3.0,2.0,3.0,5.0,5.0,5.0,5.0,3.0,3.0,6.0,6.0,5.0,2.0,5.0,3.0,5.0,5.0,5.0,3.0,3.0,3.0,5.0,,,,1.0,1.0,,,,8.0,8.0,8.0,8.0,8.0,1.0,8.0,8.0,2.0,5.0,5.0,5.0,5.0,1.0,,,,,,1.0,1.0,,1.0,2.0,3.0,3.0,3.0,3.0,3.0,3.0,3.0,3.0,3.0,3.0,3.0,3.0,3.0,3.0,2.0,2.0,2.0,2.0,2.0,1.0,1.0,,1.0,1.0,,,,,,1.0,1.0,1.0,,,1.0,,1.0,,1.0,1.0,,,,3.0,7.0,0.0,5.0,5.0,5.0,10.0,10.0,5.0,6.0,10.0,5.0,5.0,5.0,0.0,0.0,8.0,3.0,1.0,,,,1.0,,,1.0,,,,2.0,2.0,2.0,3.0,4.0,0.9687395887960318
814.0,2.0,32.0,2.0,5.0,2.0,16.0,7.0,1.0,2.0,2.0,,,,1.0,,,,,,,,,,,1.0,,,,,,1.0,,,,2.0,2.0,2.0,4.0,3.0,2.0,3.0,3.0,3.0,2.0,2.0,3.0,3.0,3.0,3.0,3.0,3.0,3.0,3.0,3.0,2.0,3.0,2.0,2.0,3.0,8.0,7.0,8.0,7.0,7.0,7.0,8.0,7.0,8.0,6.0,7.0,7.0,6.0,6.0,8.0,7.0,2.0,1.0,1.0,1.0,1.0,1.0,2.0,3.0,,,,,1.0,,,,,1.0,1.0,,,,,2.0,2.0,5.0,3.0,2.0,,2.0,1.0,1.0,,,,,3.0,2.0,7.0,7.0,7.0,6.0,7.0,7.0,99.0,6.0,7.0,8.0,6.0,7.0,7.0,7.0,5.0,7.0,6.0,7.0,7.0,6.0,7.0,7.0,4.0,5.0,,,,1.0,,1.0,,,8.0,1.0,8.0,8.0,1.0,1.0,1.0,8.0,1.0,5.0,2.0,2.0,2.0,2.0,,,,,,,,1.0,2.0,2.0,3.0,3.0,1.0,1.0,1.0,1.0,3.0,1.0,1.0,1.0,1.0,3.0,3.0,2.0,2.0,2.0,2.0,2.0,3.0,1.0,1.0,,1.0,,,,1.0,,,,,1.0,,,,,,,,1.0,,,,4.0,5.0,3.0,4.0,3.0,3.0,8.0,10.0,6.0,9.0,10.0,6.0,6.0,6.0,1.0,0.0,8.0,6.0,1.0,,,,1.0,,,,,,,2.0,2.0,2.0,13.0,12.0,0.5186773904162044
815.0,1.0,46.0,4.0,2.0,2.0,16.0,6.0,1.0,3.0,1.0,,,,1.0,,,,,,,1.0,,1.0,,,,,,,,,,,,2.0,2.0,3.0,2.0,3.0,3.0,3.0,3.0,3.0,3.0,3.0,3.0,3.0,3.0,3.0,3.0,3.0,3.0,3.0,3.0,3.0,3.0,3.0,3.0,3.0,6.0,6.0,6.0,6.0,6.0,6.0,6.0,6.0,6.0,6.0,6.0,6.0,6.0,6.0,6.0,6.0,1.0,1.0,1.0,1.0,1.0,1.0,1.0,3.0,,,,,,,1.0,1.0,1.0,,,,,,,3.0,3.0,3.0,3.0,2.0,,3.0,1.0,,,,,,2.0,2.0,7.0,8.0,7.0,7.0,7.0,7.0,7.0,7.0,7.0,7.0,7.0,7.0,7.0,7.0,7.0,7.0,7.0,7.0,7.0,7.0,7.0,7.0,3.0,2.0,,,,,,,1.0,,8.0,8.0,8.0,8.0,8.0,8.0,8.0,8.0,8.0,2.0,2.0,2.0,2.0,2.0,,,,,,,,1.0,3.0,3.0,3.0,3.0,3.0,3.0,3.0,3.0,3.0,3.0,3.0,3.0,3.0,3.0,3.0,3.0,3.0,3.0,3.0,3.0,3.0,3.0,3.0,,1.0,,1.0,,,1.0,,,,,,,,,1.0,,,,,,,99.0,99.0,99.0,99.0,99.0,99.0,99.0,99.0,5.0,99.0,99.0,99.0,99.0,99.0,99.0,99.0,7.0,1.0,1.0,,,,1.0,,,,,,,1.0,1.0,1.0,11.0,10.0,0.6437800044436122
816.0,1.0,54.0,4.0,3.0,2.0,16.0,4.0,1.0,4.0,1.0,,,1.0,,,1.0,,,,,,,,,,,1.0,,,,,,,,2.0,2.0,2.0,4.0,3.0,1.0,3.0,3.0,3.0,3.0,3.0,3.0,3.0,3.0,3.0,3.0,3.0,3.0,3.0,4.0,3.0,4.0,3.0,3.0,2.0,3.0,7.0,7.0,7.0,7.0,6.0,6.0,8.0,8.0,2.0,8.0,7.0,6.0,6.0,5.0,4.0,2.0,1.0,1.0,1.0,3.0,2.0,2.0,4.0,1.0,,,,,,,,,,1.0,,,1.0,,3.0,5.0,2.0,4.0,2.0,,4.0,1.0,1.0,,,,,1.0,2.0,8.0,9.0,5.0,1.0,7.0,7.0,6.0,8.0,7.0,5.0,0.0,8.0,6.0,6.0,2.0,6.0,2.0,2.0,4.0,8.0,6.0,6.0,3.0,4.0,,1.0,,1.0,1.0,1.0,1.0,,8.0,1.0,1.0,1.0,1.0,1.0,1.0,1.0,1.0,2.0,2.0,2.0,2.0,1.0,,1.0,,,,1.0,1.0,,1.0,1.0,3.0,2.0,1.0,3.0,1.0,1.0,3.0,1.0,3.0,1.0,1.0,2.0,3.0,2.0,2.0,2.0,2.0,3.0,3.0,1.0,1.0,1.0,,1.0,,,,,,1.0,1.0,1.0,,,,1.0,,,,1.0,,,,3.0,6.0,3.0,4.0,3.0,3.0,8.0,10.0,8.0,10.0,10.0,7.0,6.0,6.0,2.0,0.0,4.0,4.0,1.0,,,,1.0,,,,,,,3.0,3.0,3.0,3.0,3.0,0.5930380431476111
817.0,2.0,42.0,3.0,5.0,2.0,16.0,4.0,1.0,3.0,1.0,,,,,,1.0,,,,,,,,,,,1.0,,,,1.0,,,,2.0,2.0,2.0,3.0,1.0,1.0,3.0,3.0,3.0,2.0,1.0,3.0,3.0,1.0,3.0,3.0,1.0,4.0,3.0,3.0,2.0,4.0,2.0,2.0,2.0,5.0,3.0,2.0,3.0,3.0,5.0,5.0,5.0,3.0,0.0,2.0,3.0,5.0,5.0,1.0,0.0,2.0,2.0,1.0,1.0,2.0,2.0,2.0,3.0,,,1.0,,,,,,,,1.0,,,1.0,,4.0,4.0,4.0,3.0,1.0,6.0,3.0,1.0,1.0,,1.0,,,2.0,2.0,5.0,6.0,5.0,0.0,1.0,8.0,6.0,3.0,5.0,5.0,0.0,3.0,5.0,1.0,4.0,4.0,0.0,0.0,2.0,8.0,4.0,2.0,3.0,2.0,,,,1.0,1.0,1.0,1.0,,4.0,4.0,4.0,4.0,4.0,4.0,4.0,4.0,2.0,3.0,3.0,3.0,2.0,1.0,,,,,,1.0,1.0,,1.0,3.0,2.0,2.0,1.0,3.0,1.0,3.0,3.0,3.0,3.0,3.0,3.0,2.0,3.0,2.0,2.0,1.0,1.0,1.0,3.0,3.0,2.0,,1.0,,,,1.0,,1.0,1.0,1.0,1.0,,,,,,1.0,1.0,1.0,1.0,,,3.0,7.0,2.0,5.0,2.0,2.0,10.0,10.0,4.0,9.0,10.0,4.0,4.0,3.0,0.0,0.0,6.0,5.0,1.0,,,,,,,,,,1.0,3.0,3.0,3.0,4.0,4.0,0.38737430550090074
818.0,1.0,58.0,5.0,2.0,3.0,16.0,6.0,1.0,5.0,2.0,,,,1.0,,,,,,,,,1.0,,,,,,,1.0,,,,,5.0,3.0,2.0,3.0,2.0,1.0,3.0,3.0,3.0,1.0,3.0,3.0,4.0,2.0,3.0,3.0,2.0,2.0,1.0,2.0,1.0,3.0,1.0,4.0,2.0,1.0,4.0,4.0,1.0,3.0,4.0,2.0,2.0,1.0,5.0,5.0,0.0,6.0,5.0,5.0,2.0,1.0,1.0,1.0,1.0,1.0,1.0,1.0,4.0,,,1.0,,,,,,,1.0,1.0,,,,,4.0,4.0,2.0,5.0,2.0,,2.0,,,,,,1.0,5.0,3.0,3.0,3.0,2.0,0.0,1.0,1.0,2.0,0.0,2.0,1.0,2.0,5.0,5.0,2.0,0.0,0.0,0.0,0.0,1.0,1.0,0.0,4.0,5.0,1.0,,,1.0,1.0,,,,,8.0,8.0,8.0,8.0,8.0,8.0,8.0,8.0,8.0,1.0,1.0,1.0,5.0,3.0,1.0,,1.0,,,1.0,1.0,,2.0,2.0,2.0,1.0,3.0,3.0,3.0,1.0,3.0,2.0,3.0,2.0,2.0,2.0,3.0,3.0,2.0,2.0,2.0,2.0,5.0,2.0,2.0,1.0,1.0,,,,,,,,,,1.0,,,,,,,,,1.0,,0.0,8.0,3.0,4.0,4.0,4.0,8.0,10.0,7.0,5.0,7.0,3.0,3.0,4.0,1.0,0.0,7.0,6.0,1.0,,,,1.0,,,1.0,,,,1.0,1.0,1.0,2.0,2.0,1.0755575621086664
819.0,2.0,51.0,4.0,1.0,3.0,16.0,6.0,1.0,2.0,1.0,1.0,,1.0,,,,,,,,,,,,,,1.0,,,,,,,,2.0,2.0,2.0,3.0,2.0,2.0,2.0,3.0,2.0,2.0,2.0,2.0,3.0,2.0,2.0,2.0,2.0,2.0,3.0,2.0,2.0,3.0,3.0,3.0,3.0,5.0,6.0,6.0,6.0,5.0,5.0,6.0,6.0,6.0,5.0,5.0,5.0,7.0,6.0,5.0,5.0,2.0,1.0,1.0,1.0,1.0,1.0,1.0,3.0,,,,,,1.0,1.0,,,1.0,,,,,,2.0,1.0,2.0,2.0,1.0,4.0,2.0,1.0,,,,,,2.0,2.0,6.0,7.0,6.0,7.0,7.0,7.0,7.0,8.0,6.0,7.0,7.0,6.0,7.0,6.0,6.0,7.0,7.0,7.0,6.0,6.0,7.0,7.0,4.0,2.0,,,1.0,1.0,,,,,2.0,2.0,1.0,1.0,2.0,1.0,2.0,1.0,2.0,2.0,2.0,2.0,2.0,2.0,,,,,,,1.0,,1.0,2.0,2.0,1.0,1.0,1.0,1.0,1.0,1.0,1.0,1.0,1.0,1.0,1.0,1.0,1.0,2.0,2.0,2.0,2.0,2.0,2.0,2.0,1.0,,,1.0,,,1.0,,1.0,,,,,,1.0,,,,1.0,1.0,,,7.0,7.0,8.0,6.0,6.0,6.0,8.0,1.0,7.0,6.0,6.0,4.0,7.0,6.0,7.0,3.0,7.0,1.0,1.0,,,,1.0,,,1.0,,,,1.0,1.0,1.0,1.0,2.0,1.245835789408097
820.0,2.0,26.0,2.0,5.0,3.0,16.0,5.0,1.0,4.0,2.0,,,,,,1.0,,,,,,1.0,,,,,,,,1.0,,,,,1.0,1.0,4.0,,1.0,2.0,1.0,2.0,1.0,2.0,2.0,2.0,1.0,1.0,1.0,2.0,2.0,3.0,2.0,2.0,2.0,3.0,3.0,2.0,3.0,10.0,9.0,9.0,8.0,10.0,10.0,10.0,9.0,9.0,9.0,9.0,9.0,9.0,9.0,10.0,9.0,2.0,2.0,2.0,1.0,1.0,2.0,2.0,1.0,,,,,,,,1.0,,,1.0,,,1.0,,4.0,4.0,3.0,4.0,2.0,,3.0,1.0,,,,,,1.0,1.0,6.0,10.0,5.0,0.0,0.0,4.0,2.0,3.0,0.0,2.0,0.0,7.0,7.0,0.0,0.0,0.0,7.0,0.0,6.0,4.0,0.0,0.0,5.0,1.0,1.0,1.0,1.0,1.0,1.0,1.0,1.0,,2.0,2.0,2.0,2.0,2.0,2.0,2.0,2.0,2.0,1.0,2.0,2.0,2.0,3.0,1.0,,1.0,,1.0,1.0,1.0,,1.0,1.0,2.0,3.0,1.0,2.0,1.0,3.0,2.0,3.0,3.0,3.0,3.0,2.0,3.0,3.0,3.0,4.0,4.0,4.0,2.0,1.0,1.0,,1.0,1.0,,,,,,1.0,1.0,,,,,,,,1.0,1.0,,,,1.0,0.0,10.0,0.0,9.0,0.0,0.0,0.0,1.0,0.0,10.0,0.0,9.0,0.0,0.0,0.0,7.0,3.0,1.0,,,,1.0,,,,,,,1.0,1.0,1.0,2.0,2.0,0.6984267011159571
821.0,1.0,59.0,5.0,5.0,2.0,16.0,5.0,1.0,6.0,1.0,,,,,,1.0,,,,,,,,,,,,,,1.0,1.0,,,,3.0,2.0,2.0,3.0,3.0,1.0,3.0,1.0,3.0,1.0,3.0,3.0,3.0,3.0,3.0,1.0,1.0,3.0,3.0,4.0,3.0,4.0,3.0,3.0,3.0,5.0,8.0,9.0,5.0,6.0,7.0,8.0,9.0,8.0,6.0,8.0,8.0,6.0,8.0,7.0,8.0,1.0,1.0,1.0,1.0,1.0,1.0,1.0,2.0,,1.0,,,,,,,,1.0,,,,1.0,,3.0,2.0,3.0,4.0,2.0,,3.0,1.0,1.0,,,,,2.0,2.0,7.0,9.0,3.0,0.0,5.0,7.0,0.0,6.0,5.0,6.0,0.0,10.0,3.0,3.0,0.0,3.0,3.0,4.0,8.0,5.0,8.0,5.0,5.0,1.0,,,1.0,,,,,,1.0,1.0,1.0,1.0,1.0,1.0,1.0,1.0,1.0,3.0,2.0,1.0,1.0,2.0,1.0,,,,,,,,2.0,2.0,3.0,1.0,3.0,3.0,3.0,1.0,3.0,3.0,1.0,3.0,3.0,3.0,3.0,3.0,2.0,2.0,2.0,2.0,1.0,1.0,2.0,,,1.0,,,1.0,,,,1.0,,,,,,,,,,1.0,,,2.0,2.0,0.0,4.0,3.0,3.0,10.0,10.0,10.0,10.0,10.0,3.0,4.0,3.0,0.0,0.0,7.0,1.0,1.0,,,1.0,,,,,,,,2.0,2.0,2.0,1.0,1.0,0.4101278266777226
822.0,1.0,67.0,6.0,5.0,2.0,16.0,5.0,2.0,6.0,1.0,,,,,,,,1.0,,,,,,,,,,,,,1.0,1.0,,,3.0,2.0,4.0,,3.0,1.0,3.0,3.0,3.0,3.0,3.0,3.0,3.0,3.0,3.0,3.0,2.0,4.0,4.0,4.0,3.0,4.0,4.0,3.0,4.0,7.0,5.0,3.0,3.0,8.0,6.0,5.0,8.0,4.0,3.0,0.0,5.0,6.0,0.0,5.0,5.0,1.0,3.0,3.0,3.0,3.0,1.0,3.0,5.0,,,,,,,,,,,,,,,1.0,3.0,3.0,3.0,5.0,2.0,,4.0,,,,,1.0,,3.0,2.0,4.0,2.0,0.0,9.0,7.0,0.0,4.0,0.0,4.0,5.0,10.0,6.0,6.0,0.0,3.0,6.0,3.0,6.0,7.0,0.0,0.0,8.0,3.0,4.0,,,,,,,,1.0,6.0,6.0,6.0,6.0,6.0,6.0,6.0,6.0,6.0,4.0,4.0,4.0,4.0,1.0,,1.0,,1.0,1.0,,,,1.0,4.0,2.0,3.0,2.0,3.0,2.0,3.0,2.0,1.0,2.0,1.0,3.0,3.0,2.0,3.0,1.0,1.0,1.0,1.0,5.0,1.0,1.0,,,,1.0,,1.0,,,,1.0,1.0,,,,,1.0,,,,,,,6.0,5.0,0.0,0.0,0.0,0.0,6.0,8.0,5.0,9.0,10.0,6.0,6.0,6.0,3.0,0.0,7.0,1.0,1.0,,,1.0,,,,,,,,3.0,3.0,3.0,6.0,5.0,0.6227725296645248
823.0,2.0,43.0,3.0,5.0,2.0,16.0,5.0,1.0,6.0,1.0,1.0,,,,,,1.0,,,,,,,,,,,,,,1.0,,,,2.0,2.0,2.0,1.0,1.0,1.0,3.0,3.0,3.0,1.0,1.0,1.0,3.0,3.0,3.0,3.0,1.0,4.0,3.0,4.0,3.0,4.0,3.0,4.0,3.0,1.0,7.0,1.0,2.0,1.0,5.0,2.0,6.0,4.0,2.0,3.0,0.0,6.0,99.0,6.0,0.0,2.0,1.0,1.0,1.0,1.0,2.0,2.0,3.0,1.0,,1.0,,,,,,,,,1.0,,,,4.0,4.0,4.0,4.0,1.0,5.0,3.0,1.0,,,1.0,,,2.0,1.0,0.0,10.0,2.0,0.0,2.0,4.0,2.0,3.0,1.0,0.0,0.0,5.0,2.0,0.0,2.0,1.0,0.0,0.0,7.0,1.0,1.0,0.0,5.0,1.0,,1.0,1.0,1.0,,,1.0,,2.0,2.0,2.0,8.0,8.0,2.0,2.0,2.0,2.0,1.0,1.0,1.0,1.0,3.0,,,,,1.0,1.0,1.0,,1.0,1.0,3.0,3.0,1.0,3.0,3.0,3.0,3.0,3.0,3.0,3.0,3.0,2.0,3.0,3.0,1.0,1.0,1.0,1.0,5.0,1.0,1.0,,,1.0,,,1.0,,,1.0,1.0,1.0,,,,,,1.0,1.0,1.0,1.0,,,2.0,7.0,2.0,5.0,5.0,5.0,10.0,10.0,9.0,8.0,9.0,0.0,0.0,0.0,0.0,0.0,7.0,4.0,1.0,,,1.0,,,,,,,,1.0,1.0,1.0,2.0,11.0,0.40109543647029045
824.0,1.0,67.0,6.0,3.0,2.0,16.0,5.0,2.0,3.0,1.0,,,,,,,,,,,,,,,,1.0,1.0,,,,1.0,,,,2.0,2.0,4.0,,3.0,3.0,3.0,3.0,3.0,3.0,3.0,3.0,3.0,3.0,3.0,3.0,3.0,1.0,4.0,4.0,4.0,4.0,4.0,4.0,3.0,6.0,6.0,7.0,6.0,2.0,6.0,6.0,6.0,3.0,1.0,6.0,5.0,6.0,6.0,6.0,7.0,1.0,2.0,1.0,1.0,2.0,2.0,2.0,4.0,,,1.0,,,,,,,,1.0,,,1.0,,4.0,4.0,4.0,4.0,2.0,,2.0,1.0,1.0,,1.0,,,2.0,2.0,3.0,6.0,5.0,0.0,1.0,4.0,5.0,5.0,2.0,6.0,0.0,7.0,6.0,0.0,5.0,4.0,0.0,0.0,4.0,4.0,0.0,0.0,5.0,2.0,1.0,,1.0,1.0,,,,,4.0,4.0,4.0,4.0,8.0,8.0,4.0,4.0,8.0,1.0,2.0,2.0,2.0,3.0,1.0,,1.0,,1.0,1.0,1.0,,1.0,1.0,2.0,3.0,1.0,2.0,1.0,3.0,3.0,3.0,3.0,3.0,2.0,2.0,3.0,3.0,2.0,1.0,1.0,1.0,5.0,1.0,1.0,,1.0,1.0,,,,,,,1.0,1.0,,,,1.0,,1.0,1.0,1.0,,,,0.0,7.0,1.0,5.0,1.0,6.0,10.0,10.0,8.0,8.0,9.0,4.0,5.0,5.0,0.0,0.0,6.0,5.0,1.0,,,,1.0,,,,,,,2.0,2.0,2.0,2.0,4.0,0.9373959584839097
825.0,2.0,62.0,5.0,2.0,1.0,16.0,5.0,1.0,2.0,1.0,,,,1.0,,,,1.0,,,,,,,,,1.0,,,,,,,,3.0,3.0,2.0,3.0,3.0,3.0,3.0,3.0,3.0,3.0,3.0,3.0,3.0,3.0,3.0,3.0,3.0,4.0,4.0,4.0,4.0,4.0,4.0,4.0,4.0,7.0,7.0,9.0,8.0,5.0,1.0,8.0,8.0,7.0,1.0,5.0,5.0,7.0,5.0,8.0,7.0,2.0,1.0,1.0,1.0,1.0,1.0,1.0,3.0,1.0,,,1.0,,1.0,,,,,,,,,,2.0,4.0,4.0,4.0,2.0,,2.0,1.0,1.0,,,,,3.0,2.0,2.0,8.0,0.0,0.0,8.0,5.0,0.0,5.0,0.0,8.0,0.0,5.0,6.0,5.0,0.0,5.0,0.0,4.0,8.0,0.0,8.0,5.0,5.0,5.0,1.0,1.0,,1.0,,,,,8.0,8.0,8.0,8.0,8.0,8.0,8.0,8.0,8.0,5.0,5.0,5.0,2.0,1.0,,,1.0,1.0,1.0,1.0,1.0,,1.0,1.0,3.0,3.0,3.0,3.0,3.0,3.0,3.0,3.0,3.0,3.0,3.0,3.0,3.0,3.0,5.0,5.0,5.0,5.0,3.0,4.0,4.0,1.0,,1.0,,,,1.0,,1.0,,,,,1.0,,,,,,,,,4.0,8.0,0.0,6.0,4.0,5.0,8.0,10.0,10.0,10.0,10.0,0.0,5.0,5.0,0.0,0.0,6.0,5.0,1.0,,,,1.0,,,,,,,2.0,2.0,2.0,11.0,10.0,1.4322076567032422
826.0,1.0,64.0,5.0,5.0,1.0,16.0,6.0,2.0,4.0,1.0,,,,1.0,,,,,,,,,,,,1.0,1.0,,,,,,,,2.0,2.0,4.0,,3.0,3.0,3.0,3.0,3.0,3.0,3.0,3.0,3.0,3.0,3.0,3.0,3.0,4.0,4.0,4.0,4.0,4.0,4.0,4.0,4.0,10.0,9.0,9.0,10.0,10.0,9.0,10.0,10.0,9.0,10.0,10.0,10.0,10.0,10.0,10.0,8.0,2.0,2.0,1.0,2.0,1.0,2.0,1.0,2.0,1.0,,,,,,,1.0,,,,,,1.0,,3.0,3.0,3.0,4.0,2.0,,4.0,,1.0,,,,,2.0,2.0,5.0,7.0,3.0,0.0,2.0,6.0,9.0,7.0,7.0,4.0,0.0,8.0,7.0,4.0,5.0,1.0,2.0,0.0,2.0,8.0,2.0,0.0,5.0,1.0,1.0,1.0,1.0,1.0,1.0,1.0,1.0,,2.0,2.0,2.0,2.0,2.0,2.0,2.0,2.0,2.0,1.0,2.0,2.0,2.0,2.0,,,1.0,,1.0,1.0,1.0,,2.0,2.0,1.0,1.0,3.0,2.0,1.0,1.0,3.0,1.0,1.0,1.0,1.0,1.0,3.0,1.0,2.0,2.0,2.0,2.0,2.0,2.0,2.0,,1.0,1.0,,,,,,,1.0,,,,,1.0,,,,1.0,,,,1.0,5.0,1.0,5.0,2.0,6.0,10.0,10.0,10.0,6.0,10.0,1.0,9.0,3.0,0.0,0.0,8.0,5.0,2.0,15.0,,,1.0,,,1.0,,,,3.0,3.0,3.0,2.0,4.0,0.7140580741464422
827.0,2.0,19.0,1.0,5.0,2.0,16.0,4.0,1.0,6.0,1.0,,,1.0,,,,,,,,,,,,1.0,,,,,,,,,,1.0,1.0,3.0,5.0,2.0,1.0,1.0,2.0,1.0,3.0,3.0,2.0,2.0,1.0,1.0,4.0,1.0,3.0,1.0,3.0,1.0,3.0,2.0,5.0,1.0,6.0,8.0,6.0,2.0,4.0,8.0,9.0,9.0,9.0,99.0,3.0,6.0,7.0,99.0,7.0,8.0,2.0,1.0,1.0,1.0,1.0,2.0,3.0,3.0,,,,,,1.0,,1.0,,,,1.0,,,,1.0,3.0,2.0,4.0,1.0,1.0,2.0,,,,1.0,,,2.0,2.0,5.0,8.0,5.0,4.0,2.0,7.0,5.0,99.0,99.0,7.0,0.0,99.0,7.0,99.0,3.0,5.0,8.0,7.0,10.0,7.0,99.0,6.0,3.0,5.0,1.0,,,,1.0,,,,2.0,2.0,1.0,3.0,2.0,4.0,2.0,4.0,1.0,4.0,2.0,5.0,2.0,2.0,,,,,,,1.0,,1.0,2.0,2.0,3.0,3.0,1.0,1.0,1.0,3.0,1.0,1.0,3.0,1.0,3.0,2.0,3.0,5.0,5.0,5.0,5.0,2.0,3.0,4.0,1.0,1.0,,,,,,,,1.0,,,,,,,,,,1.0,,,1.0,5.0,2.0,2.0,3.0,3.0,7.0,10.0,7.0,10.0,9.0,3.0,6.0,6.0,1.0,0.0,4.0,6.0,1.0,,,,,,1.0,,,,,2.0,2.0,1.0,11.0,10.0,0.4876281987094597
828.0,2.0,33.0,2.0,5.0,3.0,16.0,5.0,1.0,2.0,1.0,,,,,,,,,,1.0,,,,,,1.0,1.0,,,,,,,,4.0,2.0,2.0,3.0,3.0,1.0,3.0,3.0,3.0,3.0,2.0,3.0,3.0,1.0,3.0,3.0,2.0,2.0,1.0,2.0,2.0,3.0,2.0,3.0,3.0,6.0,5.0,7.0,3.0,3.0,2.0,2.0,7.0,2.0,2.0,6.0,4.0,6.0,7.0,3.0,1.0,2.0,1.0,1.0,1.0,1.0,2.0,1.0,4.0,,,,,1.0,1.0,,,,1.0,,,,,,4.0,3.0,2.0,3.0,2.0,,3.0,1.0,,,1.0,,,5.0,3.0,2.0,2.0,2.0,2.0,2.0,5.0,5.0,1.0,3.0,4.0,1.0,6.0,4.0,5.0,2.0,4.0,4.0,3.0,7.0,5.0,3.0,2.0,3.0,2.0,,,1.0,,,,1.0,,7.0,1.0,1.0,7.0,6.0,1.0,6.0,2.0,1.0,3.0,3.0,3.0,2.0,1.0,,,,,,,1.0,,1.0,2.0,2.0,2.0,1.0,1.0,1.0,3.0,1.0,3.0,1.0,1.0,3.0,2.0,2.0,2.0,2.0,2.0,1.0,3.0,3.0,2.0,1.0,1.0,1.0,,,,,,,1.0,1.0,,,,,,,1.0,,,1.0,,,4.0,3.0,3.0,3.0,1.0,5.0,8.0,8.0,5.0,9.0,7.0,7.0,8.0,5.0,1.0,0.0,7.0,1.0,1.0,,,,1.0,,,1.0,,,,1.0,1.0,1.0,1.0,1.0,0.6729052829575184
829.0,2.0,58.0,5.0,3.0,2.0,16.0,6.0,1.0,4.0,1.0,,,,,,,,,,1.0,,,,,,,1.0,,,,1.0,,,,3.0,3.0,3.0,3.0,2.0,2.0,3.0,2.0,3.0,2.0,2.0,3.0,3.0,2.0,3.0,3.0,3.0,4.0,3.0,3.0,2.0,4.0,4.0,3.0,3.0,3.0,6.0,6.0,5.0,3.0,4.0,2.0,6.0,5.0,1.0,7.0,6.0,6.0,4.0,3.0,6.0,1.0,3.0,3.0,3.0,3.0,2.0,3.0,3.0,1.0,,,,,,1.0,,,,1.0,,,,,2.0,2.0,1.0,3.0,2.0,,3.0,1.0,,,,,,3.0,2.0,4.0,3.0,10.0,0.0,7.0,5.0,3.0,4.0,5.0,5.0,8.0,7.0,6.0,4.0,0.0,6.0,5.0,6.0,6.0,3.0,4.0,4.0,3.0,3.0,,,1.0,1.0,,,1.0,,8.0,1.0,1.0,7.0,1.0,1.0,8.0,8.0,8.0,4.0,3.0,4.0,3.0,2.0,,1.0,1.0,1.0,1.0,1.0,,,1.0,3.0,1.0,3.0,3.0,1.0,2.0,1.0,1.0,1.0,1.0,3.0,1.0,1.0,3.0,3.0,1.0,1.0,1.0,1.0,2.0,1.0,2.0,1.0,,,,,1.0,,,1.0,1.0,1.0,,,,,,,1.0,1.0,1.0,,,6.0,6.0,1.0,1.0,0.0,0.0,7.0,8.0,7.0,7.0,8.0,2.0,3.0,1.0,2.0,2.0,7.0,1.0,1.0,,,,,,,1.0,,,,2.0,1.0,2.0,1.0,1.0,0.7596031381428856
830.0,2.0,47.0,4.0,1.0,2.0,16.0,5.0,1.0,1.0,1.0,,,,,,,,,1.0,,,,,,,1.0,,,,,1.0,,,,2.0,2.0,3.0,4.0,1.0,1.0,3.0,3.0,3.0,1.0,1.0,3.0,3.0,1.0,1.0,1.0,1.0,4.0,4.0,4.0,4.0,4.0,4.0,4.0,4.0,6.0,6.0,6.0,6.0,5.0,6.0,6.0,7.0,6.0,5.0,4.0,6.0,6.0,6.0,6.0,5.0,2.0,2.0,2.0,2.0,2.0,2.0,2.0,5.0,1.0,,1.0,,,,,,,,1.0,,,,,1.0,1.0,1.0,1.0,1.0,1.0,3.0,,,,,1.0,,2.0,2.0,5.0,6.0,5.0,6.0,7.0,6.0,6.0,7.0,6.0,6.0,6.0,6.0,6.0,6.0,6.0,6.0,5.0,6.0,7.0,6.0,6.0,6.0,4.0,2.0,1.0,,,,,,,,3.0,3.0,3.0,3.0,3.0,3.0,3.0,3.0,3.0,2.0,1.0,1.0,1.0,1.0,,,,,,,1.0,,1.0,1.0,2.0,2.0,1.0,2.0,1.0,2.0,2.0,1.0,1.0,1.0,1.0,2.0,2.0,2.0,1.0,1.0,1.0,1.0,1.0,1.0,1.0,,1.0,,,,1.0,,1.0,,,,,,,,,,,,,1.0,,6.0,7.0,5.0,4.0,4.0,4.0,9.0,10.0,7.0,6.0,4.0,5.0,4.0,4.0,4.0,10.0,7.0,5.0,1.0,,,,,1.0,1.0,,,,,1.0,1.0,1.0,3.0,3.0,1.9999853860106525
831.0,2.0,31.0,2.0,5.0,2.0,16.0,7.0,1.0,2.0,1.0,,,,,,,,,,,,,,,,,1.0,,,,1.0,,,,2.0,2.0,2.0,3.0,3.0,3.0,3.0,3.0,3.0,3.0,3.0,3.0,3.0,3.0,3.0,3.0,3.0,3.0,4.0,4.0,3.0,3.0,4.0,4.0,4.0,8.0,7.0,9.0,9.0,7.0,7.0,6.0,8.0,8.0,3.0,8.0,8.0,7.0,7.0,8.0,7.0,2.0,2.0,2.0,1.0,2.0,2.0,2.0,5.0,1.0,,1.0,,,,,1.0,,,,,,,,5.0,3.0,3.0,3.0,2.0,,5.0,1.0,1.0,1.0,,,,2.0,2.0,7.0,8.0,7.0,1.0,99.0,7.0,99.0,7.0,99.0,7.0,4.0,7.0,8.0,99.0,4.0,99.0,6.0,1.0,6.0,4.0,5.0,5.0,6.0,5.0,,,,1.0,1.0,,,,2.0,1.0,2.0,2.0,1.0,2.0,1.0,2.0,2.0,5.0,5.0,5.0,5.0,1.0,1.0,,1.0,,,1.0,1.0,,1.0,1.0,2.0,2.0,1.0,2.0,3.0,3.0,2.0,3.0,1.0,3.0,3.0,2.0,3.0,2.0,2.0,2.0,5.0,1.0,2.0,1.0,1.0,,1.0,1.0,,,,,,,1.0,,,,,,,,1.0,1.0,,,,2.0,6.0,0.0,99.0,1.0,1.0,9.0,10.0,5.0,9.0,7.0,99.0,99.0,99.0,0.0,0.0,8.0,5.0,2.0,7.0,,,1.0,,,,,,,3.0,3.0,3.0,4.0,10.0,0.5186773904162044
832.0,1.0,75.0,6.0,5.0,2.0,16.0,5.0,2.0,3.0,1.0,,,,,,1.0,,1.0,,,,,,,,,,,,,1.0,,,,3.0,3.0,4.0,,3.0,1.0,3.0,3.0,3.0,3.0,3.0,3.0,3.0,3.0,3.0,3.0,2.0,3.0,3.0,3.0,3.0,4.0,3.0,4.0,3.0,7.0,8.0,9.0,7.0,8.0,5.0,8.0,6.0,9.0,6.0,7.0,8.0,8.0,7.0,8.0,9.0,1.0,1.0,1.0,1.0,1.0,1.0,1.0,3.0,,,1.0,1.0,,1.0,,,,,,,,,,1.0,2.0,2.0,3.0,2.0,,2.0,1.0,,,,,,3.0,2.0,6.0,5.0,5.0,4.0,4.0,5.0,4.0,6.0,7.0,7.0,5.0,7.0,8.0,8.0,6.0,7.0,5.0,8.0,8.0,5.0,7.0,7.0,5.0,1.0,,1.0,1.0,1.0,,,,,3.0,3.0,3.0,3.0,3.0,3.0,3.0,3.0,3.0,4.0,3.0,3.0,3.0,1.0,,1.0,,1.0,,1.0,1.0,,1.0,3.0,2.0,2.0,1.0,3.0,3.0,3.0,2.0,1.0,3.0,1.0,1.0,2.0,2.0,3.0,2.0,2.0,2.0,2.0,3.0,1.0,1.0,,,1.0,,,1.0,,,,1.0,1.0,,,,1.0,1.0,1.0,,,,,,4.0,6.0,2.0,4.0,2.0,3.0,10.0,10.0,6.0,10.0,10.0,10.0,7.0,8.0,0.0,0.0,7.0,1.0,2.0,13.0,,,1.0,,,,,,,2.0,3.0,3.0,3.0,3.0,0.6014680154101033
833.0,2.0,49.0,4.0,1.0,2.0,16.0,4.0,1.0,6.0,1.0,1.0,,1.0,,,,,,,,,,,,,,1.0,,,,,,,,2.0,2.0,2.0,3.0,3.0,3.0,3.0,3.0,2.0,2.0,3.0,3.0,3.0,3.0,3.0,3.0,3.0,4.0,3.0,4.0,4.0,4.0,4.0,4.0,4.0,5.0,5.0,5.0,5.0,5.0,5.0,5.0,5.0,5.0,5.0,5.0,5.0,5.0,5.0,5.0,5.0,2.0,2.0,2.0,2.0,2.0,2.0,2.0,3.0,,,1.0,,,,,,1.0,1.0,,,,,,3.0,3.0,3.0,3.0,2.0,,4.0,,,,,,1.0,2.0,2.0,5.0,5.0,5.0,5.0,5.0,5.0,5.0,5.0,5.0,5.0,5.0,5.0,5.0,5.0,5.0,5.0,5.0,5.0,5.0,5.0,5.0,5.0,3.0,3.0,,,,,,,,1.0,1.0,1.0,1.0,1.0,1.0,1.0,1.0,1.0,1.0,3.0,3.0,1.0,1.0,1.0,,,,,,,1.0,,1.0,1.0,3.0,3.0,3.0,3.0,1.0,3.0,3.0,1.0,3.0,3.0,1.0,3.0,3.0,3.0,2.0,2.0,3.0,2.0,3.0,4.0,4.0,,,,1.0,1.0,,,,1.0,1.0,,,,,,,,,,,,1.0,5.0,5.0,5.0,5.0,5.0,5.0,5.0,5.0,5.0,5.0,5.0,5.0,5.0,5.0,5.0,5.0,5.0,1.0,1.0,,,,,1.0,1.0,,,,,2.0,2.0,2.0,1.0,1.0,0.9155935411768027
834.0,2.0,66.0,6.0,5.0,1.0,16.0,4.0,2.0,4.0,1.0,,,,,1.0,1.0,,,,,,,,,,,1.0,,,,,,,,3.0,2.0,4.0,,3.0,3.0,3.0,3.0,3.0,3.0,3.0,3.0,3.0,3.0,3.0,3.0,3.0,5.0,5.0,5.0,5.0,5.0,5.0,5.0,5.0,1.0,2.0,4.0,3.0,1.0,3.0,2.0,8.0,4.0,3.0,2.0,4.0,2.0,3.0,5.0,4.0,1.0,1.0,1.0,1.0,1.0,1.0,1.0,3.0,,,,,,1.0,,,,,1.0,,,1.0,,3.0,3.0,3.0,4.0,2.0,,2.0,1.0,,,1.0,,,3.0,2.0,3.0,4.0,4.0,0.0,4.0,4.0,5.0,3.0,6.0,2.0,1.0,5.0,2.0,2.0,4.0,8.0,1.0,2.0,5.0,2.0,2.0,1.0,4.0,5.0,,,1.0,1.0,,,1.0,,8.0,8.0,8.0,8.0,8.0,8.0,8.0,8.0,8.0,2.0,5.0,2.0,2.0,3.0,,,,,,1.0,1.0,,5.0,2.0,3.0,3.0,3.0,3.0,3.0,3.0,3.0,3.0,3.0,3.0,3.0,3.0,3.0,3.0,5.0,5.0,5.0,5.0,2.0,2.0,2.0,,1.0,1.0,,,,,,,,1.0,,,,,1.0,,,,,,,99.0,99.0,99.0,99.0,99.0,99.0,99.0,99.0,5.0,99.0,99.0,99.0,99.0,99.0,99.0,99.0,5.0,6.0,1.0,,,,1.0,,,,,,,2.0,2.0,2.0,13.0,12.0,2.0000734247117715
835.0,1.0,36.0,3.0,5.0,2.0,16.0,4.0,1.0,3.0,1.0,,,1.0,,,,,,,,1.0,,,,,,,,1.0,,,,,,2.0,1.0,3.0,3.0,1.0,1.0,2.0,2.0,2.0,1.0,1.0,3.0,2.0,1.0,3.0,3.0,2.0,2.0,2.0,1.0,1.0,3.0,2.0,2.0,1.0,8.0,7.0,8.0,2.0,4.0,5.0,3.0,7.0,6.0,3.0,7.0,7.0,1.0,8.0,8.0,4.0,1.0,1.0,1.0,1.0,1.0,1.0,1.0,2.0,,,,,,,,1.0,,1.0,,,1.0,,,2.0,2.0,1.0,2.0,1.0,6.0,1.0,1.0,,1.0,1.0,,,3.0,1.0,5.0,5.0,5.0,4.0,7.0,6.0,7.0,8.0,7.0,7.0,5.0,7.0,8.0,8.0,5.0,7.0,7.0,5.0,6.0,6.0,6.0,7.0,4.0,1.0,1.0,1.0,1.0,1.0,,,,,2.0,3.0,3.0,2.0,2.0,2.0,2.0,3.0,2.0,2.0,2.0,1.0,2.0,1.0,,,,,,,1.0,,1.0,2.0,2.0,2.0,1.0,3.0,3.0,1.0,3.0,1.0,3.0,1.0,3.0,2.0,3.0,3.0,1.0,2.0,1.0,2.0,2.0,2.0,2.0,,,1.0,,,1.0,1.0,1.0,,1.0,1.0,,,,,,,,1.0,,,,2.0,4.0,3.0,3.0,4.0,5.0,8.0,9.0,7.0,7.0,9.0,7.0,6.0,6.0,2.0,2.0,4.0,1.0,1.0,,,,1.0,,,1.0,,,,2.0,2.0,2.0,2.0,2.0,0.5346637861556145
836.0,2.0,52.0,4.0,5.0,1.0,16.0,6.0,1.0,3.0,1.0,1.0,,,,,1.0,,1.0,,,,,,,,,,,,,,,,,3.0,2.0,2.0,4.0,3.0,3.0,3.0,3.0,3.0,3.0,3.0,3.0,3.0,3.0,3.0,3.0,3.0,3.0,3.0,4.0,2.0,4.0,4.0,4.0,4.0,4.0,5.0,5.0,5.0,4.0,2.0,5.0,8.0,6.0,5.0,5.0,6.0,5.0,6.0,5.0,6.0,1.0,1.0,1.0,1.0,1.0,1.0,1.0,5.0,,,1.0,,,1.0,,,,1.0,,,,,,2.0,3.0,1.0,3.0,2.0,,4.0,,,,,,1.0,3.0,4.0,4.0,5.0,2.0,6.0,5.0,3.0,4.0,6.0,6.0,5.0,3.0,5.0,5.0,5.0,2.0,5.0,5.0,3.0,5.0,4.0,6.0,5.0,3.0,5.0,,1.0,,1.0,,1.0,,,8.0,8.0,8.0,8.0,8.0,1.0,1.0,8.0,1.0,5.0,5.0,3.0,3.0,1.0,,1.0,,1.0,1.0,,1.0,,1.0,3.0,2.0,2.0,1.0,1.0,3.0,3.0,3.0,1.0,1.0,1.0,3.0,2.0,2.0,3.0,2.0,2.0,2.0,2.0,3.0,1.0,1.0,,1.0,1.0,,,,,,,1.0,,,,,,,1.0,,1.0,,,,5.0,5.0,3.0,4.0,3.0,3.0,8.0,10.0,5.0,5.0,3.0,6.0,3.0,4.0,4.0,1.0,7.0,1.0,1.0,,,,1.0,,,1.0,,,,3.0,3.0,3.0,3.0,3.0,0.5555976015921439
837.0,2.0,39.0,3.0,5.0,2.0,16.0,4.0,1.0,6.0,1.0,,,,,,,,1.0,,,1.0,,,,,,,,,,1.0,,,,3.0,1.0,2.0,3.0,1.0,1.0,3.0,1.0,1.0,2.0,2.0,3.0,1.0,4.0,3.0,2.0,1.0,4.0,4.0,4.0,4.0,4.0,3.0,4.0,2.0,5.0,6.0,5.0,2.0,4.0,0.0,0.0,4.0,4.0,0.0,3.0,0.0,2.0,2.0,3.0,4.0,2.0,1.0,1.0,1.0,2.0,2.0,2.0,3.0,1.0,,,,,1.0,,1.0,,,,,,,,2.0,2.0,2.0,5.0,2.0,,1.0,1.0,,,1.0,,,3.0,2.0,3.0,4.0,3.0,0.0,0.0,3.0,3.0,3.0,3.0,5.0,0.0,4.0,5.0,3.0,2.0,4.0,3.0,1.0,4.0,7.0,2.0,3.0,4.0,5.0,,,,,,,,1.0,8.0,8.0,8.0,8.0,8.0,8.0,8.0,8.0,8.0,5.0,5.0,5.0,5.0,1.0,,,,,,,1.0,,1.0,5.0,2.0,3.0,1.0,3.0,3.0,3.0,3.0,3.0,3.0,3.0,3.0,2.0,3.0,3.0,2.0,2.0,5.0,5.0,2.0,1.0,1.0,,1.0,,,,1.0,,,,1.0,,,,,,,,1.0,,,,,99.0,99.0,99.0,99.0,99.0,99.0,99.0,10.0,99.0,99.0,99.0,99.0,99.0,99.0,99.0,99.0,6.0,4.0,2.0,12.0,,1.0,,,,,,,,3.0,3.0,3.0,2.0,11.0,0.40109543647029045
838.0,2.0,56.0,5.0,3.0,3.0,16.0,6.0,1.0,1.0,1.0,,,,,,1.0,,,,,,,,,,,1.0,,,,1.0,,,,4.0,3.0,1.0,4.0,3.0,3.0,3.0,3.0,3.0,3.0,3.0,3.0,3.0,3.0,3.0,3.0,3.0,4.0,4.0,4.0,3.0,4.0,4.0,4.0,4.0,7.0,7.0,6.0,7.0,5.0,6.0,7.0,7.0,7.0,3.0,6.0,8.0,7.0,7.0,7.0,7.0,1.0,1.0,1.0,1.0,1.0,1.0,1.0,3.0,1.0,,1.0,,,,,,,,1.0,,,,,4.0,4.0,1.0,4.0,2.0,,4.0,,,1.0,,,,2.0,2.0,7.0,7.0,7.0,6.0,7.0,6.0,6.0,6.0,6.0,6.0,2.0,6.0,8.0,5.0,8.0,5.0,8.0,5.0,6.0,6.0,6.0,7.0,4.0,3.0,,,1.0,,,,,,8.0,8.0,8.0,8.0,8.0,8.0,8.0,8.0,8.0,4.0,3.0,2.0,2.0,2.0,,,,,1.0,1.0,1.0,,1.0,1.0,3.0,3.0,3.0,3.0,3.0,3.0,3.0,3.0,3.0,3.0,3.0,3.0,3.0,3.0,5.0,5.0,5.0,5.0,3.0,2.0,1.0,,,1.0,,,1.0,,,,,1.0,,,,1.0,,,,,,,,99.0,99.0,99.0,99.0,99.0,99.0,99.0,99.0,7.0,99.0,99.0,99.0,99.0,99.0,99.0,99.0,8.0,1.0,1.0,,,,1.0,,,1.0,,,,1.0,1.0,1.0,13.0,12.0,2.0000144468034162
839.0,1.0,43.0,3.0,5.0,3.0,16.0,5.0,1.0,3.0,1.0,,,,,,1.0,,1.0,,1.0,,,,,,,,,,,,,,,3.0,3.0,2.0,4.0,2.0,2.0,3.0,3.0,3.0,3.0,3.0,3.0,3.0,3.0,3.0,3.0,3.0,3.0,3.0,4.0,3.0,3.0,2.0,4.0,2.0,2.0,5.0,6.0,6.0,3.0,1.0,7.0,7.0,4.0,2.0,2.0,2.0,4.0,7.0,6.0,5.0,1.0,1.0,1.0,1.0,1.0,1.0,1.0,3.0,,,1.0,,,,1.0,,1.0,,,,,,,2.0,3.0,2.0,4.0,2.0,,1.0,,1.0,,1.0,,,4.0,2.0,7.0,7.0,3.0,1.0,3.0,5.0,1.0,3.0,3.0,3.0,1.0,8.0,2.0,2.0,0.0,2.0,6.0,3.0,8.0,3.0,2.0,1.0,3.0,3.0,,,,1.0,,,1.0,,6.0,8.0,1.0,8.0,7.0,1.0,8.0,2.0,4.0,4.0,3.0,4.0,1.0,1.0,,,,,,1.0,1.0,,1.0,2.0,3.0,2.0,3.0,1.0,1.0,3.0,1.0,1.0,1.0,1.0,3.0,3.0,3.0,3.0,1.0,1.0,2.0,2.0,4.0,2.0,2.0,1.0,1.0,,,,,,,,1.0,,,,,,1.0,,,,1.0,,,3.0,7.0,1.0,4.0,0.0,5.0,9.0,10.0,5.0,10.0,7.0,3.0,6.0,5.0,3.0,1.0,6.0,5.0,1.0,,,,1.0,,,1.0,,,,2.0,2.0,2.0,11.0,10.0,0.6936452079036711
840.0,2.0,48.0,4.0,3.0,2.0,16.0,4.0,1.0,4.0,1.0,,,,,,,,1.0,,,,,,,,1.0,1.0,,,,,,,,3.0,2.0,2.0,3.0,3.0,3.0,3.0,3.0,3.0,3.0,3.0,3.0,3.0,3.0,3.0,3.0,2.0,4.0,4.0,4.0,4.0,4.0,4.0,4.0,4.0,4.0,6.0,7.0,7.0,6.0,7.0,6.0,6.0,6.0,7.0,5.0,6.0,8.0,8.0,8.0,6.0,2.0,1.0,1.0,1.0,1.0,2.0,3.0,4.0,,,1.0,,,1.0,,,,,1.0,,,,,2.0,3.0,2.0,5.0,2.0,,3.0,,,,,1.0,,3.0,2.0,5.0,5.0,1.0,0.0,2.0,5.0,5.0,5.0,4.0,5.0,1.0,6.0,3.0,2.0,1.0,3.0,2.0,4.0,3.0,2.0,2.0,3.0,5.0,2.0,,,1.0,1.0,,,,,2.0,2.0,2.0,2.0,2.0,2.0,2.0,2.0,2.0,2.0,2.0,2.0,3.0,3.0,1.0,,1.0,1.0,1.0,1.0,1.0,,1.0,1.0,2.0,2.0,1.0,3.0,1.0,3.0,3.0,3.0,3.0,1.0,3.0,2.0,2.0,2.0,2.0,2.0,2.0,5.0,2.0,2.0,2.0,1.0,,1.0,,,,,,1.0,,1.0,,,1.0,,,,1.0,,,,,4.0,6.0,2.0,5.0,5.0,7.0,9.0,10.0,8.0,8.0,8.0,6.0,7.0,5.0,1.0,0.0,4.0,3.0,1.0,,,,,,,1.0,,,,2.0,2.0,2.0,2.0,2.0,0.6102534309875046
841.0,2.0,51.0,4.0,5.0,2.0,16.0,6.0,1.0,5.0,1.0,,,,,,1.0,,1.0,,,,,,,,,,,,,1.0,,,,3.0,1.0,2.0,4.0,1.0,1.0,3.0,3.0,3.0,3.0,1.0,3.0,3.0,3.0,3.0,3.0,1.0,2.0,2.0,3.0,2.0,3.0,2.0,3.0,2.0,4.0,6.0,6.0,7.0,4.0,1.0,4.0,7.0,7.0,99.0,0.0,7.0,8.0,7.0,7.0,99.0,1.0,3.0,1.0,1.0,1.0,2.0,1.0,5.0,,,,,,1.0,1.0,,,,,,,1.0,,2.0,5.0,2.0,5.0,2.0,,4.0,1.0,,,,,,4.0,2.0,4.0,4.0,3.0,7.0,5.0,99.0,5.0,3.0,4.0,4.0,5.0,7.0,4.0,4.0,0.0,6.0,5.0,5.0,7.0,2.0,4.0,4.0,3.0,5.0,,,,1.0,,,1.0,,8.0,8.0,8.0,8.0,8.0,8.0,8.0,8.0,8.0,4.0,4.0,4.0,4.0,1.0,,1.0,,,,1.0,1.0,,1.0,5.0,3.0,3.0,3.0,3.0,3.0,3.0,3.0,3.0,3.0,3.0,3.0,3.0,3.0,3.0,2.0,2.0,2.0,2.0,3.0,1.0,1.0,1.0,1.0,,,,,,,,1.0,,,,,,,,,,1.0,,,4.0,8.0,0.0,2.0,3.0,5.0,9.0,10.0,5.0,9.0,10.0,4.0,5.0,5.0,1.0,0.0,8.0,3.0,1.0,,,1.0,,,,,,,,3.0,3.0,3.0,11.0,10.0,0.38127505875447554
842.0,1.0,42.0,3.0,3.0,2.0,16.0,6.0,1.0,6.0,1.0,1.0,,,,1.0,,,,,,,,,,,,,,,,,,1.0,,2.0,2.0,2.0,3.0,3.0,3.0,3.0,3.0,3.0,3.0,3.0,3.0,3.0,3.0,3.0,3.0,3.0,4.0,4.0,4.0,4.0,4.0,4.0,4.0,4.0,9.0,9.0,8.0,8.0,8.0,7.0,8.0,8.0,8.0,8.0,9.0,8.0,8.0,7.0,9.0,8.0,2.0,1.0,1.0,1.0,2.0,2.0,2.0,2.0,,,,,,,1.0,1.0,,1.0,,,,,,2.0,2.0,2.0,2.0,2.0,,2.0,1.0,,,1.0,,,2.0,2.0,7.0,7.0,8.0,8.0,8.0,8.0,8.0,8.0,8.0,7.0,8.0,7.0,8.0,7.0,8.0,7.0,7.0,8.0,7.0,7.0,7.0,6.0,3.0,2.0,,,1.0,1.0,,,1.0,,1.0,1.0,1.0,1.0,1.0,1.0,1.0,1.0,1.0,4.0,4.0,4.0,4.0,2.0,,,,,,,1.0,,4.0,4.0,3.0,2.0,3.0,3.0,3.0,3.0,3.0,1.0,1.0,1.0,1.0,2.0,2.0,2.0,4.0,4.0,4.0,4.0,4.0,4.0,4.0,,1.0,,1.0,,,,,1.0,1.0,,,,1.0,,,1.0,,,,,,5.0,7.0,1.0,3.0,1.0,2.0,9.0,10.0,5.0,8.0,3.0,6.0,5.0,6.0,3.0,1.0,7.0,3.0,1.0,,,,1.0,,,1.0,,,,2.0,2.0,2.0,1.0,1.0,0.8627961902489247
843.0,1.0,42.0,3.0,5.0,2.0,16.0,8.0,1.0,5.0,1.0,,1.0,1.0,,,,,,1.0,,,,,,,,,,,,,,,,3.0,2.0,2.0,2.0,3.0,2.0,2.0,2.0,2.0,3.0,2.0,3.0,3.0,3.0,3.0,2.0,3.0,2.0,2.0,4.0,3.0,2.0,3.0,3.0,3.0,7.0,6.0,6.0,6.0,5.0,7.0,6.0,6.0,8.0,6.0,5.0,8.0,5.0,8.0,8.0,9.0,2.0,2.0,1.0,1.0,1.0,2.0,1.0,2.0,,1.0,,1.0,,,,,,,,,,1.0,,3.0,3.0,3.0,2.0,1.0,4.0,3.0,1.0,,,,,,4.0,2.0,3.0,6.0,7.0,7.0,5.0,7.0,8.0,6.0,9.0,8.0,8.0,6.0,7.0,7.0,8.0,6.0,8.0,8.0,8.0,8.0,8.0,7.0,5.0,2.0,1.0,,1.0,,,1.0,,,2.0,2.0,2.0,2.0,2.0,2.0,2.0,2.0,2.0,4.0,2.0,4.0,3.0,1.0,,1.0,,,,,,,3.0,4.0,3.0,1.0,1.0,2.0,2.0,1.0,2.0,2.0,2.0,3.0,3.0,2.0,2.0,1.0,2.0,2.0,2.0,2.0,2.0,3.0,4.0,,1.0,,,1.0,,,,1.0,1.0,,,,,1.0,,,,1.0,,,,7.0,6.0,8.0,6.0,9.0,8.0,9.0,10.0,8.0,9.0,6.0,9.0,8.0,9.0,8.0,8.0,8.0,4.0,1.0,,,,1.0,,,,,,,2.0,2.0,2.0,2.0,2.0,0.5868197790769608
844.0,2.0,26.0,2.0,5.0,2.0,16.0,7.0,1.0,3.0,1.0,,,,,,,,,,,,,1.0,,1.0,,1.0,,,,,,,,2.0,1.0,1.0,2.0,3.0,2.0,3.0,3.0,3.0,3.0,1.0,3.0,3.0,3.0,3.0,3.0,3.0,4.0,4.0,4.0,3.0,4.0,2.0,4.0,2.0,8.0,8.0,7.0,7.0,8.0,8.0,7.0,9.0,9.0,7.0,9.0,7.0,8.0,7.0,7.0,8.0,2.0,2.0,1.0,1.0,2.0,2.0,2.0,3.0,1.0,,,,,,,1.0,,1.0,,,,,,2.0,2.0,1.0,2.0,2.0,,2.0,,1.0,1.0,,,,2.0,1.0,4.0,9.0,4.0,5.0,4.0,7.0,8.0,8.0,6.0,7.0,4.0,6.0,8.0,6.0,6.0,7.0,7.0,7.0,8.0,6.0,7.0,5.0,4.0,2.0,,,1.0,1.0,,,1.0,,2.0,1.0,1.0,1.0,1.0,1.0,1.0,1.0,1.0,2.0,2.0,1.0,1.0,1.0,1.0,,,,,,,,2.0,1.0,2.0,2.0,1.0,1.0,3.0,3.0,2.0,1.0,3.0,1.0,3.0,2.0,3.0,3.0,2.0,2.0,4.0,4.0,1.0,1.0,2.0,1.0,,,,,1.0,,1.0,,,1.0,,,,,,,1.0,,1.0,,,1.0,5.0,3.0,6.0,3.0,4.0,8.0,10.0,7.0,9.0,9.0,2.0,6.0,2.0,5.0,0.0,6.0,5.0,1.0,,,,1.0,,,,,,,1.0,1.0,2.0,1.0,1.0,0.4776160861288666
845.0,2.0,65.0,6.0,5.0,1.0,16.0,4.0,2.0,6.0,1.0,,,,,1.0,1.0,,,,,,,,,,,1.0,,,,,,,,2.0,2.0,4.0,,3.0,3.0,3.0,3.0,3.0,3.0,3.0,3.0,3.0,3.0,3.0,3.0,3.0,4.0,3.0,4.0,3.0,4.0,4.0,2.0,3.0,7.0,6.0,7.0,6.0,6.0,7.0,6.0,8.0,6.0,3.0,7.0,6.0,6.0,6.0,7.0,6.0,2.0,2.0,2.0,2.0,2.0,2.0,2.0,3.0,1.0,,,,,,,1.0,1.0,,,,,,,2.0,4.0,4.0,4.0,2.0,,3.0,,,,,1.0,,2.0,2.0,7.0,8.0,5.0,1.0,8.0,4.0,5.0,7.0,6.0,6.0,1.0,8.0,7.0,8.0,6.0,6.0,3.0,3.0,7.0,5.0,6.0,5.0,4.0,2.0,,,1.0,,,,,,1.0,2.0,1.0,1.0,1.0,1.0,1.0,1.0,1.0,4.0,3.0,2.0,2.0,2.0,,,,,,1.0,1.0,,3.0,2.0,2.0,2.0,1.0,1.0,1.0,3.0,1.0,3.0,1.0,1.0,1.0,2.0,3.0,2.0,2.0,2.0,2.0,1.0,4.0,3.0,1.0,,1.0,1.0,,,,,1.0,,,,,,,,,,,1.0,,,,3.0,8.0,3.0,6.0,4.0,2.0,8.0,9.0,7.0,9.0,9.0,4.0,3.0,5.0,1.0,1.0,5.0,4.0,1.0,,,1.0,,,,,,,,3.0,3.0,3.0,4.0,4.0,2.0000709362303377
846.0,2.0,32.0,2.0,2.0,3.0,16.0,6.0,1.0,4.0,1.0,,,,,1.0,,,,,,,,,1.0,,,1.0,,,,,,,,3.0,2.0,2.0,4.0,3.0,3.0,3.0,3.0,3.0,3.0,3.0,3.0,3.0,3.0,3.0,3.0,3.0,4.0,4.0,4.0,4.0,4.0,3.0,4.0,3.0,6.0,7.0,8.0,7.0,99.0,7.0,99.0,99.0,7.0,5.0,99.0,99.0,99.0,99.0,99.0,99.0,3.0,2.0,3.0,2.0,3.0,2.0,3.0,5.0,1.0,1.0,,,,,,,,,,1.0,,,,3.0,4.0,3.0,5.0,2.0,,3.0,,,1.0,,,,6.0,4.0,7.0,6.0,8.0,9.0,6.0,10.0,6.0,6.0,6.0,9.0,7.0,9.0,6.0,8.0,10.0,8.0,99.0,8.0,9.0,9.0,7.0,10.0,3.0,5.0,,,,,1.0,,,,5.0,4.0,7.0,7.0,5.0,1.0,1.0,1.0,1.0,2.0,3.0,3.0,3.0,1.0,,,,,,,,1.0,5.0,5.0,2.0,3.0,2.0,1.0,2.0,1.0,1.0,1.0,1.0,2.0,3.0,3.0,3.0,2.0,3.0,5.0,1.0,1.0,3.0,4.0,3.0,,1.0,,,,1.0,,,1.0,,,,,,,,,,1.0,,,,5.0,99.0,99.0,10.0,7.0,99.0,9.0,9.0,4.0,99.0,99.0,99.0,8.0,7.0,99.0,99.0,7.0,1.0,1.0,,,,1.0,,,1.0,,,,1.0,1.0,1.0,13.0,12.0,1.3318998528495998
847.0,2.0,25.0,2.0,5.0,2.0,16.0,7.0,1.0,4.0,1.0,,,,,1.0,,1.0,,,,1.0,,,,,,,,,,,,,,2.0,1.0,8.0,,1.0,1.0,3.0,3.0,1.0,1.0,1.0,3.0,1.0,3.0,1.0,1.0,1.0,4.0,4.0,5.0,3.0,3.0,5.0,3.0,5.0,1.0,2.0,7.0,5.0,5.0,6.0,4.0,3.0,8.0,5.0,8.0,6.0,2.0,7.0,6.0,7.0,1.0,3.0,3.0,3.0,1.0,3.0,3.0,5.0,,,,,,,,1.0,1.0,,,,1.0,,,3.0,2.0,5.0,2.0,1.0,2.0,2.0,1.0,1.0,,1.0,1.0,,2.0,1.0,4.0,8.0,2.0,4.0,10.0,9.0,3.0,8.0,5.0,7.0,0.0,7.0,7.0,7.0,1.0,4.0,4.0,3.0,7.0,4.0,6.0,2.0,3.0,1.0,1.0,,1.0,1.0,,,,,8.0,8.0,8.0,7.0,8.0,8.0,8.0,8.0,8.0,3.0,1.0,2.0,4.0,1.0,,1.0,1.0,,1.0,1.0,1.0,,3.0,1.0,2.0,2.0,1.0,1.0,1.0,1.0,2.0,3.0,1.0,1.0,1.0,2.0,2.0,1.0,3.0,2.0,2.0,3.0,3.0,2.0,2.0,,1.0,,,,1.0,,,,,,1.0,,,1.0,,1.0,,,1.0,,,7.0,5.0,5.0,6.0,4.0,3.0,4.0,2.0,5.0,99.0,99.0,99.0,99.0,99.0,99.0,99.0,8.0,5.0,1.0,,,,,,,,,1.0,,2.0,2.0,1.0,11.0,11.0,0.5383493753231432
848.0,2.0,32.0,2.0,5.0,3.0,16.0,5.0,1.0,6.0,1.0,1.0,,,,,,,1.0,,,,,,,,,1.0,,,,,,,,4.0,3.0,2.0,1.0,1.0,1.0,1.0,1.0,1.0,1.0,4.0,1.0,1.0,1.0,4.0,2.0,1.0,1.0,1.0,2.0,1.0,3.0,1.0,1.0,1.0,9.0,99.0,99.0,3.0,7.0,2.0,5.0,5.0,4.0,1.0,6.0,1.0,3.0,5.0,7.0,99.0,1.0,1.0,3.0,3.0,1.0,1.0,1.0,4.0,1.0,,,,,1.0,,,,,1.0,,,,,2.0,3.0,1.0,3.0,1.0,2.0,2.0,1.0,1.0,,,,,3.0,3.0,3.0,5.0,3.0,0.0,6.0,5.0,2.0,6.0,0.0,5.0,0.0,99.0,8.0,99.0,0.0,3.0,5.0,4.0,3.0,5.0,0.0,6.0,4.0,1.0,,1.0,,1.0,1.0,1.0,1.0,,8.0,8.0,8.0,7.0,7.0,1.0,8.0,3.0,2.0,5.0,3.0,2.0,3.0,1.0,,,,,,1.0,1.0,,2.0,2.0,3.0,3.0,1.0,1.0,3.0,3.0,3.0,3.0,3.0,1.0,3.0,2.0,2.0,3.0,2.0,2.0,2.0,2.0,1.0,1.0,1.0,,1.0,,,,1.0,,,1.0,,,,,,,,,1.0,1.0,,,,2.0,7.0,5.0,6.0,5.0,5.0,9.0,10.0,5.0,10.0,7.0,4.0,3.0,4.0,1.0,0.0,6.0,4.0,1.0,,,,1.0,,,,,,,1.0,1.0,2.0,12.0,10.0,0.6415824510445535
849.0,2.0,51.0,4.0,5.0,2.0,16.0,6.0,1.0,5.0,1.0,,,,,,1.0,,,,,,,,,,,1.0,,,,1.0,,,,4.0,3.0,2.0,3.0,3.0,3.0,3.0,3.0,3.0,3.0,3.0,3.0,3.0,3.0,3.0,3.0,3.0,4.0,4.0,4.0,4.0,4.0,4.0,4.0,4.0,2.0,5.0,2.0,2.0,5.0,1.0,2.0,5.0,4.0,0.0,0.0,4.0,1.0,2.0,4.0,1.0,1.0,1.0,1.0,1.0,3.0,1.0,1.0,3.0,,,1.0,,,1.0,,,,,1.0,,,,,2.0,3.0,1.0,4.0,2.0,,2.0,1.0,1.0,,1.0,,,4.0,3.0,3.0,0.0,0.0,8.0,6.0,0.0,0.0,0.0,6.0,1.0,5.0,6.0,3.0,1.0,5.0,1.0,7.0,7.0,7.0,0.0,2.0,6.0,3.0,4.0,,,,1.0,,,1.0,,6.0,6.0,6.0,6.0,6.0,6.0,6.0,6.0,6.0,4.0,1.0,4.0,2.0,1.0,1.0,1.0,1.0,1.0,1.0,,,,1.0,4.0,2.0,2.0,2.0,1.0,2.0,2.0,2.0,2.0,2.0,2.0,2.0,2.0,2.0,2.0,2.0,2.0,2.0,1.0,4.0,3.0,3.0,1.0,,,,1.0,,,,,1.0,,,,,,1.0,,1.0,,,,,7.0,7.0,0.0,1.0,0.0,0.0,7.0,9.0,0.0,7.0,9.0,3.0,4.0,4.0,1.0,0.0,8.0,3.0,1.0,,,1.0,,,,,,,,2.0,2.0,2.0,6.0,5.0,0.38127505875447554
850.0,2.0,27.0,2.0,1.0,2.0,16.0,6.0,1.0,2.0,1.0,,,,,,1.0,,,,,,,,,,,1.0,,,,1.0,,,,3.0,2.0,2.0,4.0,3.0,1.0,3.0,1.0,3.0,1.0,3.0,3.0,3.0,3.0,3.0,3.0,1.0,3.0,2.0,3.0,2.0,3.0,2.0,3.0,2.0,6.0,4.0,5.0,7.0,5.0,4.0,4.0,5.0,4.0,5.0,6.0,6.0,7.0,4.0,5.0,4.0,1.0,1.0,3.0,1.0,3.0,2.0,3.0,3.0,,,1.0,,,,,1.0,,1.0,,,,,,3.0,5.0,3.0,3.0,1.0,5.0,2.0,1.0,1.0,,,,,3.0,2.0,6.0,5.0,4.0,6.0,5.0,6.0,5.0,5.0,3.0,5.0,2.0,5.0,5.0,3.0,4.0,6.0,5.0,4.0,5.0,6.0,4.0,4.0,5.0,1.0,1.0,1.0,1.0,1.0,1.0,1.0,1.0,,1.0,1.0,1.0,1.0,8.0,1.0,2.0,2.0,8.0,1.0,1.0,1.0,4.0,3.0,,,1.0,1.0,1.0,1.0,1.0,,1.0,2.0,3.0,3.0,3.0,3.0,3.0,3.0,3.0,3.0,3.0,3.0,3.0,3.0,3.0,3.0,2.0,2.0,2.0,2.0,2.0,1.0,1.0,1.0,1.0,,,,,,,,,,,1.0,,,,,,,,,1.0,99.0,4.0,2.0,10.0,5.0,5.0,10.0,10.0,10.0,8.0,10.0,0.0,0.0,0.0,0.0,0.0,8.0,6.0,1.0,,,,1.0,,,,,,,1.0,1.0,1.0,12.0,12.0,1.3202880875326126
851.0,2.0,70.0,6.0,5.0,2.0,16.0,7.0,2.0,3.0,1.0,,,,,,,,,,,,,,,,1.0,1.0,,,,1.0,,,,2.0,2.0,4.0,,3.0,3.0,3.0,3.0,3.0,3.0,3.0,3.0,3.0,3.0,3.0,3.0,3.0,4.0,4.0,4.0,4.0,4.0,4.0,4.0,4.0,8.0,8.0,8.0,6.0,7.0,6.0,7.0,9.0,7.0,3.0,6.0,6.0,8.0,5.0,4.0,6.0,2.0,1.0,1.0,1.0,1.0,2.0,1.0,3.0,1.0,,,,,,1.0,,1.0,,,,,,,2.0,2.0,2.0,4.0,2.0,,3.0,1.0,1.0,,1.0,,,2.0,2.0,2.0,7.0,0.0,0.0,7.0,7.0,7.0,8.0,7.0,7.0,7.0,8.0,8.0,6.0,3.0,7.0,5.0,6.0,8.0,5.0,6.0,7.0,4.0,2.0,,,1.0,1.0,,,1.0,,8.0,1.0,1.0,8.0,1.0,1.0,1.0,1.0,1.0,2.0,1.0,2.0,1.0,1.0,,1.0,1.0,1.0,1.0,,1.0,,1.0,3.0,3.0,2.0,3.0,1.0,1.0,3.0,1.0,1.0,1.0,1.0,1.0,3.0,2.0,2.0,1.0,1.0,1.0,1.0,5.0,1.0,1.0,,1.0,,1.0,,,,,1.0,1.0,1.0,,,,,,,,,1.0,,,6.0,6.0,0.0,7.0,0.0,0.0,8.0,10.0,8.0,7.0,8.0,0.0,0.0,0.0,0.0,0.0,8.0,1.0,1.0,,,,1.0,,,,,,,2.0,2.0,2.0,1.0,1.0,1.6395808750214187
852.0,1.0,82.0,6.0,3.0,2.0,16.0,5.0,2.0,2.0,1.0,,,,,,,,,1.0,,,,,,,,1.0,,,,,1.0,,,2.0,2.0,4.0,,2.0,2.0,3.0,3.0,3.0,2.0,2.0,3.0,3.0,3.0,3.0,2.0,2.0,3.0,3.0,3.0,3.0,3.0,3.0,3.0,3.0,6.0,7.0,6.0,6.0,6.0,6.0,5.0,6.0,6.0,5.0,5.0,6.0,7.0,5.0,5.0,6.0,2.0,2.0,2.0,2.0,2.0,2.0,2.0,5.0,,,1.0,,,1.0,,,,1.0,,,,,,2.0,3.0,3.0,5.0,2.0,,3.0,1.0,,,,,,2.0,2.0,7.0,9.0,4.0,5.0,5.0,6.0,5.0,5.0,5.0,6.0,6.0,4.0,5.0,6.0,5.0,4.0,6.0,6.0,4.0,5.0,5.0,5.0,6.0,3.0,1.0,,,,,,,,3.0,3.0,3.0,3.0,3.0,3.0,3.0,3.0,3.0,3.0,3.0,3.0,2.0,2.0,,,,,,,1.0,,1.0,1.0,3.0,3.0,3.0,3.0,3.0,3.0,3.0,3.0,3.0,3.0,3.0,3.0,3.0,3.0,3.0,3.0,3.0,4.0,1.0,2.0,2.0,,1.0,1.0,,,,,,,1.0,,,,,,1.0,,,,,,,5.0,5.0,2.0,5.0,3.0,3.0,8.0,10.0,5.0,99.0,99.0,99.0,99.0,99.0,99.0,99.0,6.0,1.0,1.0,,,,1.0,,,,,,,3.0,3.0,3.0,3.0,3.0,1.0179851635104842
853.0,1.0,22.0,1.0,3.0,2.0,16.0,5.0,1.0,1.0,2.0,,,1.0,,1.0,,,,,,,,,,,,1.0,,,,,,,,2.0,2.0,2.0,4.0,2.0,3.0,2.0,2.0,3.0,3.0,3.0,2.0,1.0,2.0,2.0,2.0,3.0,2.0,2.0,1.0,2.0,2.0,3.0,2.0,3.0,9.0,9.0,9.0,9.0,8.0,8.0,8.0,8.0,8.0,8.0,9.0,8.0,9.0,8.0,8.0,8.0,2.0,2.0,2.0,2.0,2.0,2.0,2.0,3.0,,,,,,1.0,,1.0,,1.0,,,,,,2.0,3.0,3.0,2.0,2.0,,1.0,1.0,,,1.0,,,2.0,2.0,3.0,8.0,8.0,1.0,0.0,3.0,6.0,8.0,7.0,8.0,4.0,7.0,7.0,7.0,7.0,6.0,8.0,8.0,9.0,7.0,6.0,6.0,5.0,1.0,1.0,1.0,1.0,1.0,1.0,1.0,1.0,,2.0,2.0,2.0,2.0,2.0,2.0,2.0,2.0,2.0,1.0,2.0,1.0,4.0,2.0,,1.0,,,,,,,2.0,3.0,2.0,1.0,1.0,2.0,3.0,1.0,3.0,2.0,2.0,3.0,2.0,2.0,1.0,1.0,2.0,2.0,2.0,2.0,3.0,4.0,5.0,1.0,,,,,1.0,,,1.0,,1.0,,,1.0,,,1.0,1.0,,,,,0.0,8.0,4.0,5.0,4.0,3.0,9.0,10.0,10.0,7.0,8.0,3.0,6.0,2.0,1.0,3.0,7.0,5.0,1.0,,,,,1.0,1.0,,1.0,,,1.0,1.0,1.0,11.0,2.0,2.0000082242135213
854.0,1.0,33.0,2.0,3.0,2.0,16.0,8.0,1.0,2.0,1.0,,,,,1.0,,,,,,,,,,,,1.0,,,,1.0,,,,3.0,3.0,2.0,3.0,2.0,1.0,3.0,3.0,3.0,1.0,3.0,3.0,3.0,1.0,3.0,3.0,2.0,3.0,2.0,3.0,2.0,2.0,2.0,2.0,1.0,1.0,0.0,3.0,2.0,2.0,2.0,5.0,2.0,99.0,0.0,7.0,2.0,5.0,1.0,6.0,99.0,2.0,1.0,1.0,1.0,1.0,2.0,2.0,4.0,1.0,,1.0,,,,,,,,,,,1.0,,3.0,3.0,3.0,3.0,2.0,,2.0,1.0,1.0,,1.0,,,4.0,3.0,2.0,3.0,2.0,0.0,2.0,2.0,4.0,3.0,3.0,2.0,0.0,6.0,2.0,4.0,0.0,6.0,0.0,0.0,3.0,3.0,3.0,4.0,4.0,2.0,,1.0,,,,,1.0,,2.0,2.0,2.0,2.0,2.0,2.0,2.0,2.0,2.0,5.0,4.0,5.0,5.0,2.0,,,,,,1.0,1.0,,2.0,2.0,3.0,3.0,1.0,3.0,3.0,3.0,3.0,3.0,3.0,3.0,3.0,2.0,3.0,3.0,1.0,1.0,1.0,1.0,1.0,1.0,1.0,,1.0,1.0,,,,,,,1.0,1.0,,,,,,,,,1.0,,,2.0,7.0,2.0,6.0,4.0,3.0,9.0,10.0,7.0,7.0,10.0,3.0,5.0,5.0,0.0,0.0,8.0,5.0,1.0,,,,1.0,,,,,,,1.0,1.0,1.0,2.0,2.0,1.2963688044390869
855.0,2.0,19.0,1.0,2.0,3.0,16.0,4.0,1.0,4.0,1.0,1.0,,,1.0,,,,,,,,,,,,,1.0,,,,,,,,2.0,1.0,10.0,,2.0,1.0,3.0,1.0,1.0,3.0,3.0,1.0,1.0,1.0,3.0,4.0,1.0,2.0,3.0,2.0,2.0,3.0,3.0,3.0,3.0,5.0,6.0,5.0,5.0,4.0,6.0,6.0,6.0,7.0,3.0,5.0,5.0,5.0,4.0,8.0,4.0,2.0,2.0,2.0,2.0,2.0,2.0,2.0,2.0,1.0,,,,,1.0,,,1.0,,,,,,,3.0,3.0,2.0,3.0,1.0,2.0,3.0,1.0,,,,,,3.0,1.0,5.0,7.0,8.0,5.0,5.0,6.0,5.0,6.0,6.0,4.0,5.0,6.0,4.0,6.0,6.0,6.0,6.0,6.0,5.0,6.0,5.0,5.0,4.0,2.0,,1.0,,,,,,,6.0,6.0,6.0,6.0,6.0,6.0,6.0,6.0,2.0,3.0,3.0,2.0,2.0,2.0,,,,,,1.0,,,3.0,2.0,2.0,3.0,3.0,3.0,3.0,3.0,3.0,1.0,1.0,1.0,3.0,3.0,3.0,3.0,3.0,2.0,2.0,1.0,4.0,3.0,3.0,,1.0,,,,1.0,,1.0,,1.0,,,,1.0,,1.0,,,,,,,6.0,5.0,5.0,5.0,5.0,5.0,8.0,5.0,4.0,7.0,8.0,6.0,8.0,7.0,6.0,6.0,5.0,1.0,1.0,,,,,1.0,1.0,,1.0,,,2.0,2.0,3.0,6.0,12.0,1.3133017639264213
856.0,2.0,39.0,3.0,3.0,2.0,16.0,4.0,1.0,3.0,1.0,,,,,,,,,,1.0,,,,,,,,,,1.0,,,1.0,,3.0,2.0,2.0,3.0,3.0,3.0,3.0,3.0,3.0,3.0,3.0,3.0,3.0,3.0,3.0,3.0,3.0,3.0,3.0,3.0,2.0,4.0,2.0,4.0,1.0,6.0,5.0,6.0,6.0,6.0,6.0,5.0,6.0,6.0,7.0,6.0,7.0,5.0,4.0,6.0,4.0,3.0,3.0,3.0,3.0,3.0,3.0,3.0,4.0,,1.0,,,,1.0,1.0,,,,,,,,,3.0,2.0,2.0,3.0,2.0,,2.0,,1.0,,,,,2.0,3.0,3.0,5.0,3.0,2.0,6.0,2.0,1.0,3.0,1.0,3.0,0.0,4.0,6.0,2.0,2.0,4.0,4.0,3.0,3.0,2.0,2.0,3.0,3.0,2.0,,,,1.0,,1.0,,,7.0,7.0,7.0,7.0,7.0,7.0,7.0,7.0,7.0,3.0,3.0,3.0,4.0,2.0,,,,,,,1.0,,2.0,2.0,3.0,3.0,3.0,3.0,3.0,3.0,3.0,3.0,3.0,3.0,3.0,3.0,3.0,3.0,2.0,2.0,3.0,2.0,3.0,3.0,2.0,,1.0,,,1.0,,,,,,1.0,,,,,1.0,,,,,,,8.0,1.0,2.0,1.0,1.0,0.0,9.0,10.0,6.0,1.0,5.0,1.0,1.0,0.0,6.0,9.0,3.0,5.0,1.0,,,,,,1.0,,,,,3.0,3.0,3.0,7.0,6.0,0.6037280438752255
857.0,2.0,33.0,2.0,1.0,1.0,16.0,4.0,1.0,2.0,1.0,,,,1.0,,,,1.0,,,,,,,,,,,,1.0,,,,,2.0,2.0,1.0,1.0,3.0,3.0,4.0,4.0,3.0,3.0,1.0,3.0,3.0,1.0,3.0,3.0,3.0,3.0,5.0,5.0,3.0,3.0,5.0,5.0,3.0,99.0,99.0,99.0,99.0,99.0,99.0,99.0,99.0,99.0,99.0,99.0,99.0,99.0,99.0,99.0,99.0,3.0,3.0,3.0,3.0,3.0,3.0,3.0,1.0,,,1.0,,,,,,,1.0,1.0,,,,,1.0,1.0,1.0,5.0,1.0,6.0,1.0,,,,1.0,,,1.0,1.0,10.0,10.0,99.0,99.0,99.0,99.0,99.0,99.0,99.0,99.0,99.0,99.0,99.0,99.0,99.0,99.0,99.0,99.0,99.0,99.0,99.0,99.0,6.0,5.0,,,,,,,,1.0,8.0,8.0,8.0,8.0,8.0,8.0,8.0,8.0,8.0,5.0,5.0,5.0,5.0,3.0,,,,,,,,1.0,5.0,5.0,3.0,3.0,3.0,3.0,3.0,3.0,3.0,3.0,3.0,3.0,3.0,3.0,3.0,3.0,5.0,5.0,5.0,5.0,5.0,5.0,5.0,1.0,1.0,,,,,,,,,,,1.0,,,,,,,,,1.0,99.0,99.0,99.0,99.0,99.0,99.0,99.0,99.0,10.0,99.0,99.0,99.0,99.0,99.0,99.0,99.0,2.0,1.0,1.0,,,,,1.0,1.0,,,,,1.0,1.0,1.0,13.0,12.0,2.0000192743059544
858.0,1.0,25.0,2.0,1.0,3.0,16.0,7.0,1.0,2.0,1.0,,,,,,,,,,,,,,,1.0,,1.0,,,,,1.0,,,3.0,2.0,2.0,3.0,3.0,3.0,3.0,3.0,3.0,3.0,3.0,3.0,3.0,3.0,3.0,3.0,3.0,3.0,3.0,3.0,2.0,4.0,3.0,3.0,4.0,5.0,4.0,6.0,9.0,7.0,5.0,6.0,6.0,4.0,7.0,1.0,5.0,5.0,4.0,6.0,5.0,1.0,1.0,1.0,1.0,1.0,2.0,2.0,3.0,,1.0,,,,,,1.0,1.0,,,,,,,3.0,3.0,3.0,5.0,2.0,,3.0,1.0,1.0,,,,,2.0,2.0,8.0,7.0,8.0,1.0,6.0,4.0,5.0,7.0,8.0,8.0,1.0,7.0,4.0,6.0,8.0,5.0,5.0,4.0,6.0,5.0,5.0,6.0,3.0,3.0,,,,1.0,,,,,3.0,3.0,3.0,3.0,3.0,3.0,3.0,3.0,3.0,3.0,3.0,3.0,3.0,1.0,,1.0,,1.0,,1.0,1.0,,1.0,1.0,3.0,2.0,3.0,1.0,1.0,3.0,3.0,1.0,1.0,1.0,1.0,2.0,3.0,2.0,5.0,5.0,5.0,5.0,1.0,1.0,1.0,,,1.0,,1.0,,,1.0,,1.0,1.0,,,1.0,1.0,1.0,1.0,1.0,1.0,1.0,,,3.0,7.0,1.0,4.0,1.0,3.0,8.0,10.0,3.0,8.0,6.0,5.0,2.0,3.0,3.0,1.0,7.0,5.0,1.0,,,,1.0,,,,,,,2.0,2.0,2.0,3.0,3.0,2.000007529049445
859.0,1.0,40.0,3.0,5.0,1.0,16.0,6.0,1.0,4.0,1.0,,,1.0,,,,,1.0,,,,,,,,,,,,,1.0,,,,3.0,2.0,3.0,3.0,3.0,3.0,3.0,3.0,3.0,3.0,1.0,3.0,3.0,3.0,3.0,3.0,3.0,2.0,2.0,4.0,3.0,4.0,4.0,4.0,4.0,2.0,2.0,2.0,2.0,4.0,2.0,3.0,2.0,5.0,1.0,3.0,2.0,2.0,4.0,2.0,3.0,1.0,1.0,1.0,1.0,1.0,1.0,1.0,4.0,,,1.0,,,1.0,,,1.0,,,,,,,3.0,3.0,4.0,4.0,2.0,,2.0,1.0,1.0,,,,,4.0,2.0,2.0,4.0,2.0,1.0,2.0,1.0,2.0,1.0,2.0,1.0,2.0,3.0,2.0,1.0,2.0,1.0,1.0,1.0,1.0,2.0,2.0,2.0,5.0,2.0,1.0,,1.0,1.0,,,,,2.0,2.0,2.0,2.0,2.0,2.0,2.0,2.0,2.0,1.0,1.0,1.0,1.0,3.0,1.0,,1.0,,,1.0,1.0,,4.0,2.0,2.0,2.0,1.0,2.0,3.0,3.0,3.0,1.0,2.0,1.0,1.0,2.0,3.0,2.0,2.0,2.0,2.0,2.0,2.0,1.0,1.0,1.0,1.0,,,,,,,,1.0,,,,,,1.0,,,,1.0,,,2.0,10.0,3.0,9.0,3.0,4.0,10.0,10.0,8.0,10.0,7.0,1.0,3.0,3.0,0.0,1.0,7.0,5.0,1.0,,,,,,,1.0,,,,1.0,1.0,1.0,2.0,2.0,0.9638556049901917
860.0,2.0,49.0,4.0,5.0,2.0,16.0,6.0,3.0,4.0,1.0,,,,,,,1.0,,,,,,,,,1.0,1.0,,,,,,,,2.0,2.0,11.0,4.0,2.0,1.0,3.0,3.0,3.0,3.0,1.0,3.0,3.0,1.0,3.0,3.0,1.0,2.0,3.0,3.0,2.0,4.0,2.0,2.0,3.0,9.0,10.0,10.0,6.0,0.0,6.0,6.0,10.0,10.0,5.0,5.0,0.0,2.0,10.0,1.0,6.0,2.0,2.0,1.0,1.0,1.0,2.0,2.0,2.0,1.0,,,,,,,1.0,,,,,,1.0,,4.0,4.0,4.0,3.0,1.0,1.0,1.0,1.0,1.0,,1.0,,,2.0,2.0,5.0,7.0,6.0,3.0,3.0,2.0,7.0,6.0,6.0,7.0,5.0,10.0,10.0,1.0,2.0,6.0,1.0,0.0,6.0,6.0,3.0,0.0,3.0,4.0,,,,1.0,1.0,1.0,1.0,,5.0,3.0,3.0,3.0,3.0,3.0,3.0,5.0,3.0,4.0,5.0,4.0,3.0,1.0,,,,,,,1.0,,1.0,3.0,2.0,3.0,3.0,3.0,1.0,1.0,1.0,1.0,1.0,1.0,3.0,2.0,3.0,3.0,2.0,2.0,2.0,2.0,5.0,1.0,1.0,1.0,1.0,,,,,,1.0,1.0,1.0,1.0,,,,,1.0,1.0,1.0,1.0,1.0,,,2.0,8.0,2.0,4.0,2.0,2.0,9.0,10.0,0.0,10.0,10.0,2.0,0.0,0.0,0.0,0.0,8.0,6.0,1.0,,,,1.0,,,,,,,1.0,1.0,2.0,3.0,11.0,0.3915612359017463
861.0,1.0,53.0,4.0,2.0,3.0,16.0,6.0,3.0,7.0,1.0,1.0,,1.0,,,,,,,,1.0,,,,,,,,,,,,,,4.0,3.0,6.0,,1.0,1.0,3.0,3.0,3.0,3.0,3.0,3.0,3.0,3.0,3.0,3.0,1.0,3.0,2.0,2.0,1.0,3.0,2.0,3.0,3.0,4.0,5.0,5.0,5.0,2.0,5.0,5.0,7.0,7.0,1.0,5.0,2.0,4.0,5.0,2.0,2.0,2.0,1.0,1.0,1.0,1.0,2.0,2.0,4.0,1.0,,1.0,,1.0,,,,,,,,,,,3.0,4.0,4.0,4.0,2.0,,3.0,1.0,1.0,,,,,5.0,2.0,2.0,3.0,0.0,0.0,6.0,6.0,5.0,4.0,1.0,5.0,0.0,6.0,7.0,0.0,0.0,1.0,0.0,0.0,3.0,1.0,3.0,1.0,4.0,2.0,,,,1.0,1.0,1.0,,,8.0,8.0,8.0,8.0,8.0,8.0,8.0,8.0,8.0,2.0,2.0,2.0,2.0,2.0,,1.0,,,,1.0,1.0,,1.0,4.0,3.0,2.0,1.0,1.0,1.0,3.0,3.0,1.0,1.0,1.0,1.0,2.0,3.0,3.0,2.0,2.0,2.0,2.0,2.0,1.0,1.0,1.0,,,,,1.0,,,,1.0,,,,,,,,1.0,1.0,1.0,,,2.0,8.0,0.0,5.0,0.0,0.0,10.0,10.0,5.0,10.0,10.0,5.0,8.0,5.0,0.0,0.0,8.0,3.0,1.0,,,1.0,,,,,,,,2.0,2.0,2.0,12.0,11.0,2.0000165044336753
862.0,1.0,64.0,5.0,2.0,3.0,16.0,6.0,2.0,5.0,1.0,,,,,,,,,,,,,,,1.0,,1.0,,,,,1.0,,,2.0,2.0,4.0,,1.0,1.0,3.0,3.0,3.0,3.0,3.0,3.0,3.0,3.0,3.0,3.0,3.0,4.0,4.0,4.0,4.0,4.0,4.0,4.0,4.0,9.0,5.0,5.0,8.0,3.0,5.0,7.0,8.0,8.0,5.0,7.0,6.0,7.0,4.0,5.0,7.0,2.0,1.0,1.0,1.0,1.0,2.0,2.0,2.0,,,,,,1.0,,1.0,,,,,,1.0,,4.0,4.0,4.0,2.0,2.0,,3.0,1.0,,,,,,2.0,2.0,5.0,8.0,4.0,4.0,6.0,6.0,8.0,5.0,6.0,6.0,5.0,5.0,8.0,3.0,4.0,4.0,6.0,3.0,8.0,2.0,8.0,4.0,3.0,3.0,,,,1.0,1.0,,,,8.0,8.0,8.0,8.0,8.0,8.0,8.0,8.0,8.0,3.0,3.0,3.0,2.0,2.0,,1.0,,,,1.0,1.0,,1.0,3.0,3.0,3.0,3.0,1.0,3.0,1.0,3.0,1.0,1.0,3.0,3.0,2.0,3.0,3.0,2.0,2.0,2.0,2.0,2.0,2.0,2.0,,1.0,1.0,,,,,,1.0,1.0,,,,,1.0,1.0,,1.0,1.0,,,,4.0,4.0,4.0,4.0,3.0,3.0,9.0,10.0,3.0,8.0,8.0,4.0,5.0,5.0,0.0,0.0,8.0,3.0,1.0,,,,1.0,,,,,,,2.0,1.0,1.0,12.0,11.0,1.0755575621086664
863.0,2.0,30.0,2.0,5.0,2.0,16.0,4.0,1.0,6.0,1.0,1.0,,1.0,,,,,1.0,,,,,,,,,,,,,,,,,3.0,2.0,2.0,3.0,1.0,1.0,1.0,1.0,1.0,1.0,1.0,1.0,2.0,1.0,1.0,1.0,2.0,4.0,3.0,4.0,4.0,4.0,4.0,4.0,3.0,6.0,7.0,8.0,5.0,5.0,4.0,7.0,7.0,6.0,7.0,6.0,6.0,5.0,5.0,7.0,5.0,1.0,3.0,3.0,3.0,3.0,2.0,3.0,4.0,1.0,,,,1.0,,,,,,,,,1.0,,3.0,3.0,3.0,5.0,2.0,,3.0,1.0,,1.0,1.0,,,3.0,2.0,6.0,6.0,8.0,8.0,7.0,7.0,6.0,6.0,7.0,7.0,5.0,6.0,6.0,7.0,7.0,7.0,6.0,6.0,6.0,5.0,6.0,6.0,3.0,3.0,,,1.0,,1.0,,1.0,,3.0,3.0,3.0,7.0,3.0,3.0,3.0,3.0,3.0,3.0,2.0,4.0,3.0,2.0,,,1.0,,,,,,3.0,3.0,3.0,3.0,3.0,2.0,3.0,3.0,2.0,1.0,3.0,1.0,1.0,2.0,3.0,3.0,2.0,2.0,2.0,2.0,3.0,3.0,3.0,1.0,1.0,,,,,1.0,,,1.0,,,,1.0,,1.0,,1.0,,,,,7.0,9.0,7.0,6.0,5.0,10.0,6.0,5.0,6.0,6.0,6.0,6.0,7.0,7.0,7.0,5.0,5.0,3.0,1.0,,,,,,,1.0,,,,1.0,1.0,1.0,2.0,4.0,0.4945336585589406
864.0,1.0,47.0,4.0,2.0,3.0,16.0,4.0,1.0,4.0,1.0,,,,,,1.0,,,,,,,,,,,,,,1.0,1.0,,,,2.0,2.0,3.0,4.0,3.0,1.0,1.0,3.0,3.0,2.0,3.0,3.0,3.0,3.0,3.0,3.0,2.0,4.0,3.0,4.0,3.0,4.0,4.0,3.0,3.0,5.0,5.0,7.0,6.0,5.0,7.0,5.0,5.0,5.0,5.0,5.0,6.0,7.0,6.0,5.0,7.0,2.0,1.0,2.0,1.0,2.0,2.0,2.0,4.0,,,1.0,,1.0,,,,1.0,,,,,,,3.0,3.0,3.0,3.0,1.0,1.0,3.0,,,1.0,,,,3.0,2.0,5.0,4.0,5.0,6.0,7.0,7.0,6.0,5.0,5.0,6.0,5.0,5.0,5.0,5.0,6.0,5.0,7.0,6.0,5.0,6.0,5.0,6.0,2.0,2.0,,,1.0,,,,,,1.0,1.0,1.0,1.0,1.0,5.0,1.0,1.0,1.0,3.0,3.0,3.0,3.0,2.0,,,,,,,1.0,,3.0,3.0,2.0,2.0,1.0,1.0,1.0,1.0,3.0,1.0,3.0,3.0,1.0,2.0,3.0,2.0,3.0,2.0,3.0,2.0,3.0,3.0,2.0,,1.0,1.0,,,,,,,,1.0,,,,,,,1.0,,,,,6.0,8.0,6.0,4.0,7.0,7.0,2.0,2.0,7.0,5.0,4.0,7.0,5.0,6.0,1.0,1.0,6.0,5.0,1.0,,,,,,1.0,1.0,,,,1.0,1.0,1.0,5.0,4.0,0.9414112250537816
865.0,1.0,18.0,1.0,5.0,1.0,16.0,4.0,5.0,4.0,1.0,,,1.0,,1.0,,,,,,,1.0,,,,,,,,,,,,,3.0,3.0,8.0,,1.0,1.0,3.0,2.0,2.0,3.0,3.0,2.0,2.0,2.0,3.0,2.0,3.0,3.0,3.0,3.0,1.0,2.0,3.0,2.0,2.0,7.0,0.0,5.0,6.0,5.0,6.0,2.0,8.0,7.0,0.0,7.0,2.0,10.0,6.0,5.0,5.0,2.0,2.0,2.0,2.0,1.0,2.0,1.0,4.0,,1.0,,,1.0,,,,,,,,1.0,,,2.0,3.0,2.0,2.0,1.0,1.0,1.0,1.0,1.0,,,,,4.0,2.0,5.0,5.0,2.0,5.0,6.0,6.0,6.0,4.0,6.0,5.0,6.0,5.0,5.0,6.0,6.0,3.0,6.0,5.0,6.0,6.0,6.0,6.0,3.0,1.0,,,,,1.0,1.0,,,2.0,4.0,2.0,2.0,3.0,2.0,8.0,2.0,7.0,5.0,5.0,4.0,2.0,1.0,,,,,1.0,,,,2.0,3.0,1.0,3.0,3.0,3.0,2.0,3.0,1.0,1.0,1.0,1.0,2.0,3.0,2.0,2.0,3.0,2.0,3.0,2.0,2.0,3.0,4.0,,,,1.0,,1.0,,1.0,,,1.0,,,1.0,,,,1.0,,,,,5.0,6.0,4.0,6.0,7.0,5.0,6.0,5.0,5.0,3.0,6.0,6.0,6.0,6.0,6.0,6.0,2.0,6.0,2.0,10.0,,,,1.0,1.0,,1.0,,,2.0,1.0,3.0,13.0,12.0,1.7048204428687035
866.0,2.0,44.0,3.0,4.0,3.0,16.0,4.0,1.0,6.0,1.0,,,,,,1.0,,,,1.0,,,,,,,,,,,1.0,,,,3.0,2.0,2.0,1.0,2.0,2.0,3.0,3.0,3.0,2.0,3.0,3.0,3.0,3.0,3.0,3.0,2.0,3.0,3.0,3.0,3.0,3.0,3.0,3.0,3.0,3.0,5.0,5.0,4.0,5.0,3.0,6.0,7.0,6.0,5.0,4.0,5.0,5.0,5.0,5.0,5.0,1.0,3.0,3.0,1.0,3.0,1.0,3.0,4.0,,,1.0,,,1.0,,,,1.0,,,,,,5.0,5.0,5.0,3.0,2.0,,2.0,1.0,,,,,,3.0,2.0,5.0,5.0,4.0,3.0,7.0,5.0,4.0,5.0,3.0,3.0,0.0,6.0,5.0,2.0,2.0,4.0,5.0,3.0,5.0,4.0,5.0,3.0,6.0,2.0,,,,1.0,,1.0,1.0,,8.0,8.0,8.0,8.0,8.0,8.0,8.0,8.0,8.0,3.0,5.0,5.0,2.0,2.0,,,,,,,,1.0,2.0,3.0,3.0,2.0,3.0,3.0,3.0,3.0,3.0,3.0,3.0,3.0,3.0,2.0,2.0,3.0,5.0,5.0,5.0,5.0,3.0,2.0,2.0,,1.0,,1.0,,,,,,,,,1.0,,,,,,,,,1.0,99.0,5.0,99.0,99.0,99.0,99.0,5.0,99.0,99.0,99.0,99.0,99.0,99.0,99.0,99.0,99.0,6.0,6.0,1.0,,,,,,,1.0,,,,1.0,1.0,1.0,12.0,12.0,0.7345111143296622
867.0,2.0,35.0,3.0,3.0,2.0,16.0,5.0,6.0,3.0,1.0,,,,,,,,,,1.0,1.0,,,,,,,,,,,,,,4.0,3.0,11.0,4.0,3.0,3.0,3.0,3.0,3.0,3.0,3.0,3.0,3.0,3.0,3.0,3.0,3.0,2.0,2.0,2.0,2.0,2.0,2.0,3.0,2.0,2.0,1.0,1.0,1.0,1.0,1.0,3.0,3.0,2.0,2.0,3.0,3.0,2.0,3.0,2.0,2.0,3.0,3.0,3.0,3.0,3.0,3.0,3.0,3.0,,1.0,,,,1.0,1.0,,,,,,,,,4.0,3.0,5.0,4.0,2.0,,4.0,,,,,,1.0,4.0,2.0,0.0,2.0,1.0,2.0,2.0,2.0,2.0,1.0,2.0,1.0,0.0,3.0,4.0,1.0,0.0,4.0,2.0,4.0,5.0,4.0,0.0,1.0,3.0,3.0,,,,,,,,1.0,8.0,8.0,8.0,7.0,7.0,8.0,8.0,8.0,8.0,4.0,4.0,4.0,4.0,2.0,,,,1.0,,1.0,,,2.0,2.0,1.0,2.0,2.0,3.0,1.0,2.0,3.0,2.0,1.0,2.0,3.0,1.0,2.0,2.0,2.0,2.0,2.0,2.0,4.0,2.0,2.0,,,,1.0,1.0,,,,,,,,1.0,,,,,,,,,1.0,99.0,2.0,0.0,4.0,5.0,2.0,7.0,10.0,5.0,8.0,10.0,5.0,5.0,3.0,0.0,0.0,7.0,5.0,1.0,,,,1.0,,,1.0,,,,1.0,1.0,1.0,13.0,10.0,0.6037280438752255
868.0,1.0,57.0,5.0,5.0,1.0,16.0,6.0,2.0,3.0,1.0,,,,,,1.0,,1.0,,,,,,,,1.0,,,,,,,,,2.0,2.0,12.0,,2.0,1.0,1.0,2.0,1.0,1.0,2.0,2.0,2.0,2.0,3.0,3.0,2.0,3.0,4.0,3.0,4.0,4.0,3.0,4.0,4.0,8.0,8.0,7.0,8.0,8.0,8.0,9.0,8.0,9.0,8.0,7.0,8.0,7.0,9.0,7.0,7.0,2.0,2.0,2.0,3.0,2.0,2.0,2.0,3.0,,,,,,,,,,,,,,,1.0,2.0,3.0,2.0,3.0,2.0,,2.0,,,,,,1.0,3.0,2.0,9.0,8.0,8.0,5.0,10.0,9.0,9.0,8.0,10.0,9.0,9.0,8.0,8.0,7.0,9.0,8.0,8.0,9.0,9.0,9.0,8.0,8.0,6.0,4.0,,,,,,,,1.0,8.0,8.0,1.0,8.0,7.0,8.0,8.0,8.0,1.0,3.0,3.0,3.0,2.0,1.0,,1.0,,1.0,1.0,,,,3.0,3.0,1.0,2.0,2.0,1.0,1.0,2.0,1.0,1.0,1.0,1.0,1.0,1.0,3.0,2.0,2.0,3.0,3.0,2.0,2.0,3.0,3.0,,,,1.0,,1.0,,,,,,,1.0,,,,,,,,,1.0,5.0,1.0,0.0,0.0,0.0,0.0,2.0,2.0,5.0,3.0,3.0,1.0,1.0,0.0,0.0,0.0,8.0,1.0,1.0,,,,1.0,,,1.0,,,,3.0,3.0,3.0,8.0,7.0,0.6335024024831979
869.0,2.0,60.0,5.0,5.0,2.0,16.0,6.0,2.0,4.0,1.0,,,,,,,1.0,1.0,,,,,,,,,,,,,1.0,,,,2.0,1.0,4.0,,3.0,3.0,3.0,3.0,3.0,3.0,3.0,3.0,3.0,3.0,3.0,3.0,3.0,2.0,1.0,1.0,1.0,4.0,1.0,1.0,1.0,8.0,5.0,6.0,3.0,6.0,5.0,3.0,6.0,5.0,5.0,5.0,5.0,5.0,5.0,5.0,5.0,1.0,3.0,3.0,1.0,3.0,1.0,3.0,3.0,1.0,,,,,,,,1.0,,,1.0,,,,1.0,3.0,1.0,5.0,2.0,,1.0,,,,1.0,,,2.0,2.0,7.0,9.0,8.0,0.0,6.0,5.0,9.0,6.0,0.0,1.0,7.0,4.0,8.0,4.0,3.0,3.0,2.0,1.0,2.0,0.0,5.0,7.0,3.0,2.0,,1.0,,,,,1.0,,8.0,8.0,8.0,8.0,8.0,8.0,8.0,8.0,8.0,4.0,4.0,4.0,4.0,1.0,,,,,,,1.0,,4.0,4.0,3.0,3.0,3.0,3.0,3.0,3.0,3.0,1.0,1.0,3.0,3.0,3.0,3.0,2.0,2.0,2.0,2.0,2.0,1.0,1.0,1.0,1.0,,,,,1.0,1.0,,,1.0,,,,1.0,,1.0,,,,,,,5.0,4.0,2.0,2.0,5.0,5.0,10.0,10.0,8.0,7.0,7.0,7.0,7.0,7.0,1.0,0.0,8.0,1.0,1.0,,,,,,,1.0,,,,1.0,1.0,1.0,11.0,10.0,0.48738954746190155
870.0,2.0,48.0,4.0,5.0,2.0,16.0,5.0,1.0,3.0,1.0,,,,,,1.0,1.0,,,,,,,,,,,,,,1.0,,,,3.0,4.0,2.0,3.0,2.0,2.0,3.0,3.0,3.0,3.0,1.0,3.0,3.0,3.0,3.0,3.0,1.0,2.0,1.0,2.0,1.0,3.0,1.0,2.0,2.0,1.0,3.0,4.0,7.0,99.0,4.0,6.0,7.0,9.0,2.0,99.0,99.0,7.0,99.0,99.0,4.0,1.0,1.0,1.0,1.0,1.0,1.0,3.0,5.0,,,1.0,,,,,,1.0,,1.0,,,,,1.0,1.0,2.0,2.0,1.0,4.0,3.0,1.0,,,,,,6.0,4.0,99.0,99.0,5.0,5.0,5.0,5.0,6.0,5.0,3.0,5.0,0.0,7.0,2.0,99.0,0.0,99.0,3.0,3.0,7.0,4.0,0.0,5.0,4.0,2.0,,1.0,,1.0,,,,,2.0,2.0,3.0,6.0,8.0,2.0,2.0,5.0,5.0,5.0,3.0,3.0,4.0,1.0,1.0,,,,,1.0,1.0,,1.0,1.0,2.0,3.0,3.0,1.0,1.0,1.0,3.0,1.0,1.0,1.0,3.0,2.0,3.0,3.0,2.0,2.0,1.0,1.0,2.0,1.0,1.0,,1.0,1.0,,,,,,,1.0,,,,,1.0,,,,,,,,5.0,9.0,2.0,5.0,3.0,8.0,9.0,10.0,5.0,9.0,10.0,5.0,8.0,6.0,1.0,0.0,7.0,5.0,1.0,,,,1.0,,,,,,,3.0,3.0,3.0,5.0,4.0,0.3473876882626968
871.0,2.0,27.0,2.0,5.0,3.0,16.0,6.0,1.0,1.0,1.0,,,,,,1.0,,,,,,,,,,,1.0,,,,1.0,,,,3.0,2.0,2.0,3.0,3.0,3.0,3.0,3.0,3.0,3.0,3.0,3.0,3.0,3.0,1.0,3.0,1.0,3.0,3.0,3.0,2.0,3.0,2.0,3.0,3.0,7.0,7.0,8.0,6.0,8.0,7.0,6.0,6.0,7.0,3.0,7.0,6.0,7.0,7.0,6.0,6.0,2.0,1.0,1.0,3.0,1.0,2.0,2.0,3.0,,,1.0,,,1.0,,,,,,,1.0,,,2.0,2.0,2.0,3.0,2.0,,2.0,1.0,1.0,,1.0,,,3.0,2.0,6.0,8.0,6.0,7.0,8.0,5.0,5.0,7.0,6.0,6.0,2.0,6.0,7.0,6.0,5.0,7.0,6.0,3.0,6.0,6.0,6.0,6.0,4.0,2.0,,,1.0,1.0,,,1.0,,2.0,2.0,2.0,2.0,2.0,2.0,2.0,2.0,2.0,2.0,2.0,2.0,2.0,2.0,,1.0,,,,,,,2.0,2.0,2.0,2.0,2.0,3.0,3.0,3.0,3.0,3.0,3.0,3.0,2.0,3.0,2.0,2.0,2.0,2.0,2.0,2.0,3.0,3.0,3.0,,1.0,1.0,,,,,,,1.0,1.0,,,,1.0,,,,,1.0,,,2.0,8.0,2.0,3.0,4.0,2.0,8.0,10.0,8.0,1.0,9.0,5.0,9.0,7.0,4.0,1.0,7.0,5.0,1.0,,,,1.0,,,,,,,1.0,1.0,1.0,2.0,2.0,1.5354496370800552
872.0,2.0,47.0,4.0,2.0,1.0,16.0,4.0,1.0,6.0,1.0,,,1.0,,,1.0,,,,,,,,,,,1.0,,,,,,,,3.0,2.0,2.0,5.0,3.0,3.0,3.0,3.0,3.0,3.0,3.0,3.0,3.0,3.0,3.0,3.0,3.0,1.0,2.0,2.0,1.0,2.0,2.0,2.0,3.0,3.0,4.0,3.0,2.0,2.0,1.0,3.0,3.0,5.0,2.0,3.0,2.0,4.0,1.0,4.0,3.0,1.0,1.0,1.0,1.0,1.0,1.0,3.0,4.0,1.0,,,,,,1.0,,,,1.0,,,,,3.0,2.0,2.0,2.0,2.0,,1.0,1.0,,,,,,3.0,2.0,3.0,4.0,0.0,0.0,4.0,4.0,2.0,0.0,2.0,0.0,0.0,0.0,2.0,0.0,0.0,0.0,1.0,0.0,2.0,0.0,0.0,0.0,3.0,2.0,,,,1.0,,1.0,,,8.0,8.0,8.0,8.0,8.0,8.0,8.0,8.0,8.0,3.0,3.0,3.0,2.0,1.0,,,,,,1.0,1.0,,2.0,3.0,2.0,2.0,1.0,2.0,1.0,3.0,2.0,1.0,3.0,1.0,3.0,2.0,2.0,2.0,2.0,2.0,2.0,2.0,3.0,3.0,3.0,,1.0,,1.0,,,,,,,1.0,,,,,,,,,1.0,,,99.0,7.0,1.0,5.0,1.0,1.0,10.0,10.0,99.0,99.0,99.0,99.0,99.0,99.0,0.0,0.0,5.0,5.0,1.0,,,1.0,,,,,,,,2.0,2.0,2.0,13.0,12.0,1.0970540097135861
873.0,1.0,58.0,5.0,5.0,2.0,16.0,6.0,3.0,6.0,1.0,,,,,,1.0,,,,,,1.0,,,,,,1.0,,,,,,,3.0,2.0,6.0,,3.0,2.0,3.0,2.0,3.0,2.0,1.0,3.0,3.0,2.0,3.0,3.0,2.0,2.0,1.0,3.0,1.0,3.0,2.0,1.0,3.0,5.0,0.0,5.0,5.0,5.0,5.0,5.0,7.0,5.0,5.0,0.0,5.0,0.0,5.0,0.0,2.0,1.0,1.0,1.0,1.0,1.0,1.0,1.0,3.0,,,1.0,,,,1.0,,,,,,,1.0,,3.0,3.0,2.0,3.0,2.0,,3.0,1.0,,,,,,4.0,2.0,2.0,2.0,1.0,2.0,5.0,0.0,0.0,0.0,3.0,0.0,0.0,5.0,3.0,2.0,0.0,2.0,0.0,0.0,0.0,0.0,0.0,5.0,2.0,4.0,,,,,,,,1.0,8.0,8.0,8.0,8.0,8.0,8.0,8.0,8.0,8.0,4.0,4.0,4.0,2.0,1.0,1.0,1.0,,,,,,,1.0,4.0,3.0,3.0,3.0,3.0,3.0,3.0,3.0,3.0,3.0,3.0,3.0,3.0,3.0,3.0,4.0,3.0,3.0,3.0,3.0,3.0,3.0,,1.0,,,,1.0,,,,1.0,,,,,,1.0,,,1.0,1.0,,,4.0,8.0,2.0,5.0,3.0,2.0,7.0,9.0,0.0,8.0,10.0,3.0,4.0,2.0,0.0,0.0,8.0,5.0,1.0,,,,,,,1.0,,,,3.0,3.0,3.0,5.0,11.0,0.4101278266777226
874.0,1.0,19.0,1.0,5.0,3.0,16.0,4.0,5.0,2.0,2.0,,,1.0,,,,,1.0,,,,,,,,,1.0,,,,,,,,2.0,1.0,9.0,,3.0,1.0,3.0,3.0,3.0,3.0,3.0,3.0,3.0,3.0,3.0,2.0,3.0,3.0,4.0,4.0,2.0,4.0,3.0,2.0,1.0,7.0,5.0,9.0,4.0,7.0,8.0,6.0,9.0,6.0,7.0,5.0,8.0,5.0,7.0,8.0,4.0,1.0,1.0,2.0,1.0,3.0,2.0,2.0,3.0,1.0,,1.0,,,,,,,1.0,,,,,,2.0,1.0,3.0,2.0,2.0,,1.0,1.0,,1.0,,,,2.0,2.0,8.0,9.0,5.0,5.0,4.0,6.0,5.0,6.0,7.0,6.0,2.0,8.0,7.0,5.0,6.0,5.0,6.0,7.0,6.0,6.0,9.0,5.0,4.0,4.0,1.0,,,1.0,,,,,1.0,2.0,2.0,7.0,2.0,1.0,2.0,1.0,1.0,4.0,2.0,3.0,4.0,3.0,,,,,,1.0,1.0,,3.0,2.0,3.0,2.0,1.0,3.0,3.0,3.0,3.0,1.0,1.0,1.0,3.0,2.0,3.0,2.0,2.0,4.0,2.0,3.0,4.0,3.0,2.0,,1.0,,1.0,,,,1.0,,1.0,,,,,1.0,,,,1.0,,,,2.0,3.0,99.0,5.0,5.0,7.0,10.0,10.0,8.0,7.0,9.0,5.0,4.0,1.0,0.0,0.0,4.0,5.0,1.0,,,,,1.0,1.0,,1.0,,,1.0,1.0,1.0,11.0,10.0,1.3323625873682885
875.0,1.0,61.0,5.0,5.0,3.0,16.0,3.0,1.0,5.0,1.0,1.0,,,,,1.0,,,,,,,,,,1.0,,,,,,,,,4.0,3.0,2.0,3.0,3.0,2.0,2.0,4.0,2.0,3.0,2.0,3.0,3.0,3.0,3.0,4.0,4.0,3.0,3.0,4.0,3.0,3.0,3.0,4.0,4.0,5.0,2.0,4.0,4.0,5.0,7.0,6.0,4.0,9.0,5.0,6.0,6.0,7.0,7.0,5.0,6.0,1.0,1.0,1.0,1.0,1.0,1.0,1.0,3.0,,,,,,1.0,1.0,1.0,,,,,,,,3.0,3.0,2.0,4.0,2.0,,2.0,,,,1.0,,,5.0,3.0,0.0,0.0,0.0,1.0,7.0,2.0,1.0,0.0,0.0,1.0,0.0,8.0,6.0,1.0,0.0,0.0,1.0,1.0,10.0,0.0,3.0,7.0,3.0,5.0,,1.0,,,,,,,8.0,8.0,8.0,8.0,8.0,8.0,8.0,8.0,8.0,3.0,4.0,4.0,3.0,2.0,1.0,1.0,1.0,1.0,1.0,1.0,1.0,,1.0,3.0,2.0,3.0,3.0,3.0,3.0,3.0,3.0,3.0,3.0,3.0,3.0,3.0,3.0,3.0,3.0,3.0,4.0,3.0,3.0,3.0,3.0,,1.0,,,1.0,,,,1.0,1.0,1.0,,,1.0,1.0,,,1.0,,,,,5.0,5.0,5.0,5.0,5.0,5.0,5.0,5.0,4.0,2.0,4.0,5.0,5.0,8.0,4.0,4.0,3.0,5.0,1.0,,,,1.0,,,,,,,3.0,3.0,3.0,13.0,12.0,0.5640049575474378
876.0,2.0,24.0,1.0,5.0,1.0,16.0,7.0,1.0,4.0,1.0,,,,,,1.0,,1.0,,,,,,,,,,,1.0,,,,,,1.0,2.0,3.0,3.0,1.0,1.0,3.0,1.0,3.0,1.0,1.0,1.0,1.0,1.0,1.0,1.0,1.0,2.0,2.0,2.0,2.0,3.0,1.0,2.0,3.0,0.0,2.0,2.0,5.0,5.0,2.0,5.0,1.0,8.0,2.0,3.0,3.0,3.0,4.0,2.0,1.0,2.0,2.0,2.0,2.0,2.0,2.0,2.0,4.0,,,1.0,,,,,,,1.0,,,,1.0,,3.0,5.0,3.0,4.0,1.0,2.0,4.0,1.0,1.0,1.0,,,,3.0,2.0,7.0,6.0,0.0,0.0,0.0,0.0,0.0,0.0,0.0,0.0,0.0,0.0,0.0,0.0,0.0,0.0,0.0,0.0,0.0,3.0,0.0,0.0,2.0,2.0,,,,,,1.0,,,8.0,3.0,3.0,3.0,3.0,3.0,3.0,3.0,3.0,4.0,4.0,4.0,2.0,1.0,1.0,1.0,,,,1.0,1.0,,1.0,1.0,2.0,3.0,1.0,3.0,3.0,3.0,3.0,1.0,3.0,3.0,3.0,2.0,3.0,3.0,2.0,2.0,2.0,2.0,1.0,1.0,2.0,,1.0,1.0,,,,,,,,1.0,,,,,,,1.0,,,,,0.0,10.0,0.0,3.0,3.0,0.0,10.0,10.0,0.0,10.0,10.0,2.0,2.0,2.0,2.0,1.0,8.0,5.0,2.0,1.0,,,,1.0,1.0,,,,,3.0,3.0,3.0,3.0,3.0,0.8489910457687293
877.0,2.0,49.0,4.0,5.0,2.0,16.0,6.0,3.0,4.0,1.0,,,,,,,1.0,,,,,,,,,1.0,1.0,,,,,,,,2.0,1.0,11.0,4.0,2.0,1.0,3.0,3.0,3.0,3.0,2.0,3.0,3.0,1.0,3.0,3.0,1.0,2.0,3.0,3.0,2.0,4.0,2.0,3.0,3.0,7.0,8.0,10.0,10.0,0.0,4.0,6.0,10.0,7.0,6.0,6.0,0.0,1.0,8.0,6.0,6.0,2.0,2.0,2.0,1.0,1.0,2.0,3.0,2.0,1.0,,,,,,,1.0,,,,,,1.0,,4.0,4.0,4.0,3.0,1.0,1.0,1.0,1.0,1.0,,1.0,,,2.0,1.0,4.0,6.0,5.0,4.0,5.0,2.0,7.0,5.0,6.0,5.0,6.0,9.0,10.0,2.0,3.0,6.0,0.0,0.0,5.0,3.0,1.0,0.0,3.0,4.0,,,,1.0,,1.0,,,5.0,3.0,3.0,3.0,3.0,1.0,5.0,3.0,3.0,4.0,5.0,4.0,5.0,1.0,,,,,,,1.0,,1.0,3.0,3.0,3.0,3.0,1.0,3.0,1.0,3.0,1.0,1.0,1.0,3.0,2.0,3.0,3.0,2.0,2.0,2.0,2.0,5.0,1.0,1.0,1.0,,,,,1.0,1.0,1.0,1.0,1.0,1.0,,,,1.0,,,1.0,1.0,1.0,,,2.0,8.0,2.0,4.0,1.0,2.0,9.0,10.0,1.0,10.0,10.0,2.0,0.0,0.0,0.0,0.0,8.0,1.0,1.0,,,,1.0,,,,,,,1.0,1.0,2.0,3.0,11.0,0.3915612359017463
878.0,1.0,23.0,1.0,5.0,1.0,16.0,6.0,1.0,2.0,1.0,,,1.0,,,,,1.0,,,,,,,,,1.0,,,,,,,,2.0,2.0,2.0,3.0,1.0,1.0,2.0,4.0,2.0,1.0,1.0,4.0,1.0,1.0,3.0,1.0,1.0,4.0,3.0,3.0,3.0,4.0,3.0,2.0,3.0,5.0,7.0,7.0,7.0,7.0,7.0,6.0,7.0,7.0,5.0,7.0,7.0,7.0,7.0,7.0,7.0,1.0,1.0,1.0,1.0,1.0,1.0,1.0,2.0,,1.0,,,,1.0,,,,1.0,,,,,,2.0,2.0,2.0,3.0,1.0,2.0,5.0,1.0,,,,1.0,,3.0,2.0,7.0,5.0,3.0,3.0,5.0,3.0,6.0,4.0,4.0,5.0,6.0,5.0,3.0,3.0,3.0,4.0,5.0,5.0,6.0,6.0,5.0,5.0,3.0,3.0,,,1.0,,,,1.0,,7.0,7.0,2.0,7.0,2.0,7.0,2.0,7.0,2.0,3.0,3.0,3.0,2.0,2.0,1.0,,1.0,1.0,1.0,1.0,,,3.0,3.0,1.0,1.0,3.0,1.0,1.0,3.0,3.0,1.0,1.0,1.0,1.0,3.0,3.0,2.0,2.0,1.0,1.0,1.0,3.0,3.0,3.0,,1.0,,,,1.0,,,1.0,1.0,,,,,,,,1.0,,1.0,,,6.0,5.0,99.0,2.0,6.0,99.0,5.0,8.0,5.0,5.0,7.0,5.0,5.0,5.0,5.0,5.0,6.0,1.0,3.0,,144.0,,,,,,,,1.0,3.0,3.0,3.0,7.0,12.0,1.6425240911714019
879.0,1.0,39.0,3.0,3.0,2.0,16.0,4.0,1.0,3.0,1.0,1.0,,1.0,,,,,,,,,,,,,,,,,,,1.0,,,3.0,2.0,2.0,5.0,3.0,3.0,3.0,3.0,3.0,3.0,3.0,3.0,3.0,3.0,3.0,3.0,3.0,4.0,4.0,4.0,4.0,4.0,4.0,4.0,4.0,9.0,9.0,9.0,9.0,9.0,9.0,9.0,9.0,10.0,10.0,9.0,9.0,8.0,9.0,8.0,9.0,1.0,1.0,1.0,1.0,1.0,1.0,1.0,2.0,,,1.0,,,,,,1.0,1.0,,,,,,2.0,2.0,2.0,4.0,2.0,,2.0,1.0,1.0,,,,,2.0,2.0,8.0,9.0,8.0,8.0,9.0,8.0,6.0,9.0,8.0,7.0,8.0,7.0,8.0,9.0,9.0,9.0,8.0,9.0,8.0,9.0,8.0,9.0,3.0,2.0,1.0,,1.0,,1.0,,,,1.0,1.0,1.0,1.0,1.0,1.0,1.0,1.0,1.0,2.0,2.0,2.0,2.0,2.0,,1.0,,,,1.0,1.0,,2.0,2.0,2.0,2.0,3.0,3.0,3.0,2.0,1.0,1.0,1.0,1.0,3.0,3.0,1.0,3.0,2.0,2.0,2.0,1.0,2.0,2.0,2.0,,,,1.0,,1.0,,1.0,,1.0,1.0,,,,,,1.0,1.0,,1.0,,,2.0,5.0,5.0,2.0,3.0,2.0,8.0,10.0,99.0,99.0,9.0,5.0,5.0,6.0,0.0,0.0,6.0,1.0,1.0,,,,1.0,,,1.0,,,,2.0,2.0,2.0,1.0,1.0,0.833280672369996
880.0,2.0,65.0,6.0,5.0,3.0,16.0,3.0,2.0,3.0,1.0,,,,,,1.0,,,,,,,1.0,,,,,,,1.0,,,,,3.0,2.0,4.0,,3.0,3.0,3.0,3.0,3.0,3.0,3.0,3.0,3.0,3.0,3.0,3.0,3.0,3.0,3.0,3.0,3.0,3.0,3.0,4.0,3.0,6.0,6.0,7.0,6.0,6.0,4.0,7.0,10.0,7.0,6.0,5.0,5.0,7.0,7.0,7.0,6.0,1.0,1.0,1.0,1.0,1.0,1.0,1.0,2.0,1.0,1.0,,,,1.0,,,,,,,,,,2.0,2.0,1.0,4.0,2.0,,3.0,1.0,,,1.0,,,4.0,2.0,1.0,3.0,1.0,5.0,9.0,4.0,6.0,4.0,8.0,8.0,5.0,8.0,7.0,8.0,2.0,6.0,9.0,4.0,10.0,6.0,8.0,9.0,6.0,2.0,,,1.0,1.0,,1.0,1.0,,8.0,8.0,8.0,8.0,8.0,8.0,8.0,8.0,8.0,5.0,5.0,5.0,5.0,1.0,,,,,,,,1.0,1.0,4.0,3.0,3.0,3.0,3.0,3.0,3.0,3.0,3.0,3.0,3.0,3.0,3.0,3.0,3.0,5.0,5.0,5.0,5.0,1.0,1.0,1.0,,1.0,,,,1.0,1.0,1.0,1.0,,,,,,,,1.0,1.0,1.0,,,,99.0,99.0,99.0,99.0,99.0,99.0,99.0,99.0,99.0,99.0,99.0,99.0,99.0,99.0,99.0,99.0,3.0,1.0,2.0,7.0,,,1.0,,,,,,,3.0,3.0,3.0,13.0,12.0,2.000061455322882
881.0,1.0,29.0,2.0,3.0,2.0,16.0,4.0,1.0,3.0,2.0,,,,,,,,,,,,,,,,1.0,1.0,,,,1.0,,,,2.0,3.0,2.0,2.0,4.0,3.0,2.0,2.0,2.0,4.0,3.0,2.0,3.0,4.0,3.0,2.0,2.0,3.0,3.0,4.0,3.0,3.0,2.0,3.0,3.0,9.0,8.0,6.0,8.0,6.0,6.0,9.0,7.0,9.0,7.0,9.0,8.0,3.0,8.0,9.0,8.0,1.0,2.0,3.0,2.0,2.0,3.0,1.0,2.0,,,,,1.0,,,1.0,,,1.0,,,,,4.0,3.0,5.0,4.0,2.0,,3.0,,,,,1.0,,4.0,2.0,5.0,10.0,9.0,10.0,8.0,6.0,7.0,8.0,9.0,8.0,6.0,8.0,8.0,8.0,9.0,10.0,5.0,8.0,9.0,7.0,5.0,8.0,3.0,4.0,,,,,1.0,,1.0,,4.0,2.0,2.0,4.0,4.0,4.0,4.0,2.0,4.0,2.0,2.0,4.0,3.0,1.0,,1.0,,1.0,,,,,2.0,4.0,2.0,1.0,1.0,2.0,2.0,2.0,2.0,1.0,1.0,2.0,2.0,2.0,2.0,1.0,2.0,5.0,2.0,1.0,3.0,3.0,3.0,,1.0,,,,1.0,,,,,,1.0,,,,1.0,,,1.0,,,,0.0,5.0,8.0,3.0,9.0,4.0,0.0,0.0,10.0,8.0,10.0,0.0,5.0,2.0,0.0,0.0,6.0,5.0,1.0,,,,,1.0,,,,,,1.0,1.0,1.0,2.0,2.0,1.1937412464786918
882.0,2.0,65.0,6.0,2.0,2.0,16.0,9.0,2.0,7.0,1.0,,,,,,,,,,,,,,,,,,,,,,,,1.0,6.0,4.0,12.0,,4.0,4.0,4.0,4.0,4.0,4.0,4.0,4.0,4.0,4.0,4.0,4.0,4.0,5.0,5.0,5.0,5.0,5.0,5.0,5.0,5.0,0.0,0.0,0.0,0.0,0.0,0.0,0.0,0.0,0.0,0.0,0.0,0.0,0.0,0.0,0.0,0.0,3.0,3.0,3.0,3.0,3.0,3.0,3.0,5.0,,,,,,,,,,,,,,,1.0,5.0,5.0,5.0,5.0,2.0,,5.0,,,,,,1.0,6.0,4.0,0.0,0.0,0.0,0.0,0.0,0.0,0.0,0.0,0.0,0.0,0.0,0.0,0.0,0.0,0.0,0.0,0.0,0.0,0.0,0.0,0.0,0.0,6.0,5.0,,,,,,,,1.0,8.0,8.0,8.0,8.0,8.0,8.0,8.0,8.0,8.0,5.0,5.0,5.0,5.0,2.0,,,,,,,,1.0,5.0,5.0,3.0,3.0,3.0,3.0,3.0,3.0,3.0,3.0,3.0,3.0,3.0,3.0,3.0,3.0,5.0,5.0,5.0,5.0,5.0,5.0,5.0,,1.0,,,,1.0,,,,,,,1.0,,,,,,,,,1.0,0.0,0.0,0.0,0.0,0.0,0.0,0.0,0.0,0.0,99.0,99.0,99.0,99.0,99.0,99.0,99.0,2.0,6.0,3.0,,25.0,,,,,,,,1.0,3.0,3.0,3.0,13.0,12.0,2.000080314196863
883.0,1.0,52.0,4.0,2.0,3.0,16.0,3.0,1.0,2.0,2.0,1.0,,1.0,,,,,,,,,,,,,,1.0,,,,,,,,3.0,2.0,3.0,2.0,2.0,2.0,2.0,2.0,2.0,2.0,2.0,2.0,2.0,2.0,2.0,2.0,2.0,1.0,1.0,1.0,1.0,1.0,1.0,1.0,3.0,5.0,7.0,5.0,5.0,6.0,5.0,7.0,7.0,5.0,5.0,5.0,6.0,6.0,5.0,5.0,5.0,2.0,2.0,2.0,2.0,2.0,2.0,2.0,4.0,,,,,,1.0,,,1.0,1.0,,,,,,2.0,2.0,2.0,2.0,2.0,,2.0,,,,,1.0,,3.0,2.0,5.0,6.0,7.0,7.0,6.0,7.0,6.0,6.0,5.0,7.0,5.0,6.0,6.0,7.0,7.0,6.0,7.0,7.0,6.0,6.0,6.0,7.0,3.0,2.0,1.0,,,,,,,,2.0,2.0,2.0,2.0,2.0,2.0,2.0,2.0,2.0,3.0,3.0,3.0,3.0,2.0,,1.0,,,,,,,3.0,3.0,2.0,3.0,1.0,1.0,3.0,3.0,3.0,2.0,3.0,1.0,1.0,2.0,3.0,3.0,3.0,3.0,3.0,3.0,3.0,2.0,3.0,,1.0,,1.0,,,,,,,1.0,,,,1.0,,,,,,,,5.0,6.0,8.0,5.0,5.0,6.0,0.0,0.0,5.0,7.0,9.0,4.0,6.0,5.0,1.0,0.0,3.0,1.0,1.0,,,,1.0,,,,,,,2.0,2.0,2.0,2.0,2.0,0.9070108370169895
884.0,2.0,25.0,2.0,1.0,3.0,16.0,4.0,5.0,3.0,1.0,,,,,1.0,1.0,,,,,,,,,,,,,1.0,,,,,,3.0,2.0,10.0,,1.0,1.0,3.0,3.0,3.0,1.0,3.0,3.0,3.0,3.0,3.0,1.0,1.0,2.0,2.0,2.0,3.0,4.0,2.0,4.0,1.0,4.0,2.0,6.0,6.0,3.0,5.0,6.0,4.0,3.0,5.0,5.0,5.0,7.0,5.0,2.0,4.0,1.0,1.0,1.0,1.0,1.0,1.0,1.0,3.0,,1.0,1.0,,,,,,,1.0,,,,,,2.0,3.0,2.0,4.0,2.0,,3.0,,,1.0,,,,6.0,4.0,5.0,5.0,99.0,1.0,2.0,4.0,2.0,3.0,2.0,2.0,3.0,4.0,1.0,2.0,3.0,99.0,3.0,3.0,3.0,2.0,4.0,4.0,4.0,2.0,,,,1.0,,,,,8.0,8.0,8.0,8.0,8.0,8.0,8.0,8.0,8.0,3.0,2.0,4.0,2.0,3.0,1.0,,,,,1.0,1.0,,3.0,3.0,2.0,2.0,1.0,3.0,1.0,2.0,3.0,2.0,2.0,1.0,1.0,1.0,1.0,2.0,2.0,2.0,4.0,3.0,2.0,3.0,3.0,,,1.0,,,1.0,,1.0,,1.0,,,,,1.0,,,1.0,,1.0,,,3.0,5.0,5.0,5.0,5.0,5.0,5.0,5.0,3.0,99.0,99.0,5.0,99.0,99.0,99.0,99.0,4.0,4.0,1.0,,,,,1.0,1.0,,1.0,,,1.0,1.0,1.0,11.0,10.0,1.5772733081315307
885.0,1.0,59.0,5.0,5.0,2.0,16.0,5.0,1.0,6.0,1.0,,,1.0,1.0,,1.0,,,,,,,,,,,,,,,,,,,3.0,2.0,2.0,3.0,1.0,1.0,3.0,1.0,3.0,1.0,3.0,3.0,3.0,1.0,1.0,1.0,1.0,3.0,3.0,3.0,2.0,4.0,3.0,3.0,2.0,5.0,7.0,8.0,5.0,5.0,6.0,8.0,8.0,7.0,5.0,7.0,7.0,8.0,7.0,7.0,5.0,2.0,2.0,2.0,2.0,2.0,2.0,2.0,2.0,1.0,,1.0,,,,,,,1.0,,,,,,3.0,3.0,2.0,3.0,2.0,,3.0,1.0,,,,,,3.0,2.0,5.0,8.0,3.0,0.0,5.0,6.0,6.0,6.0,7.0,4.0,3.0,8.0,6.0,6.0,3.0,3.0,3.0,6.0,6.0,5.0,8.0,3.0,4.0,1.0,,,1.0,,,,,,1.0,1.0,1.0,1.0,1.0,1.0,1.0,1.0,1.0,3.0,2.0,2.0,2.0,3.0,,,1.0,1.0,1.0,1.0,1.0,,1.0,1.0,3.0,3.0,3.0,3.0,3.0,3.0,3.0,3.0,3.0,3.0,3.0,3.0,3.0,3.0,2.0,2.0,2.0,2.0,1.0,1.0,1.0,,1.0,,1.0,,,,,,1.0,,,,,,,,,,1.0,,,3.0,9.0,7.0,2.0,0.0,1.0,0.0,0.0,10.0,10.0,10.0,0.0,0.0,0.0,0.0,0.0,7.0,1.0,1.0,,,1.0,,,,,,,,2.0,2.0,2.0,1.0,1.0,0.4101278266777226
886.0,1.0,18.0,1.0,5.0,2.0,16.0,4.0,5.0,5.0,1.0,,,,,,1.0,,,,,,,,,,,,1.0,1.0,,,,,,2.0,2.0,9.0,,1.0,1.0,1.0,2.0,3.0,1.0,1.0,2.0,1.0,3.0,1.0,1.0,3.0,2.0,2.0,3.0,2.0,2.0,3.0,3.0,3.0,6.0,6.0,5.0,7.0,8.0,8.0,8.0,6.0,9.0,7.0,0.0,4.0,7.0,4.0,6.0,8.0,2.0,1.0,2.0,1.0,1.0,1.0,2.0,4.0,,,,,1.0,1.0,,1.0,,,,,,,,2.0,2.0,4.0,3.0,2.0,,3.0,1.0,,,1.0,,,3.0,2.0,3.0,6.0,6.0,5.0,7.0,3.0,8.0,5.0,8.0,10.0,6.0,9.0,4.0,6.0,6.0,6.0,4.0,6.0,6.0,6.0,9.0,6.0,3.0,3.0,,,,,1.0,,1.0,,3.0,3.0,3.0,3.0,3.0,3.0,5.0,3.0,3.0,2.0,4.0,4.0,4.0,1.0,1.0,1.0,,,,1.0,1.0,,3.0,3.0,3.0,3.0,1.0,1.0,3.0,3.0,2.0,3.0,1.0,3.0,3.0,2.0,2.0,3.0,4.0,2.0,2.0,5.0,5.0,2.0,4.0,1.0,,1.0,,,,,,1.0,,1.0,,,,,1.0,1.0,1.0,,,,,3.0,5.0,4.0,4.0,5.0,2.0,9.0,10.0,2.0,8.0,10.0,2.0,6.0,7.0,2.0,0.0,3.0,5.0,1.0,,,,,1.0,1.0,,,,,2.0,2.0,3.0,11.0,3.0,1.0379379965947106
887.0,2.0,54.0,4.0,3.0,2.0,16.0,5.0,1.0,3.0,1.0,,,,,,,,,,1.0,,,,,,,1.0,,,,,,1.0,,3.0,2.0,3.0,3.0,3.0,1.0,3.0,3.0,3.0,3.0,3.0,3.0,3.0,3.0,3.0,3.0,2.0,3.0,2.0,3.0,3.0,4.0,2.0,2.0,2.0,8.0,8.0,8.0,8.0,9.0,8.0,8.0,8.0,8.0,5.0,7.0,6.0,8.0,7.0,7.0,7.0,1.0,2.0,1.0,3.0,1.0,2.0,3.0,3.0,1.0,,1.0,,,,,,,,1.0,,,,,2.0,5.0,5.0,5.0,2.0,,3.0,1.0,,,,,,3.0,2.0,99.0,99.0,7.0,7.0,8.0,7.0,7.0,7.0,8.0,7.0,7.0,8.0,7.0,7.0,1.0,7.0,7.0,7.0,7.0,2.0,8.0,7.0,3.0,3.0,,,,1.0,,1.0,1.0,,8.0,8.0,8.0,8.0,8.0,8.0,8.0,8.0,8.0,5.0,5.0,5.0,5.0,2.0,,,,,,,1.0,,5.0,2.0,2.0,2.0,3.0,3.0,3.0,3.0,3.0,1.0,3.0,3.0,3.0,1.0,3.0,3.0,2.0,2.0,2.0,2.0,3.0,2.0,2.0,,1.0,1.0,,,,,,,,,,1.0,,,,,,,,,1.0,99.0,7.0,99.0,1.0,99.0,99.0,8.0,10.0,7.0,9.0,9.0,3.0,2.0,5.0,2.0,2.0,6.0,1.0,1.0,,,,1.0,,,1.0,,,,3.0,3.0,3.0,1.0,11.0,0.5414083653018315
888.0,2.0,56.0,5.0,5.0,2.0,16.0,4.0,1.0,5.0,1.0,,,,,,1.0,,,,,,,1.0,,,,,,,,,,,,2.0,2.0,2.0,4.0,3.0,3.0,3.0,3.0,3.0,3.0,3.0,3.0,3.0,3.0,3.0,3.0,3.0,3.0,3.0,3.0,2.0,4.0,3.0,3.0,3.0,7.0,7.0,7.0,6.0,7.0,7.0,6.0,7.0,7.0,6.0,7.0,7.0,7.0,7.0,6.0,7.0,1.0,1.0,1.0,1.0,1.0,1.0,1.0,5.0,,1.0,,,,,,1.0,,1.0,,,,,,2.0,3.0,3.0,5.0,2.0,,3.0,,,,1.0,,,2.0,2.0,6.0,4.0,4.0,3.0,5.0,4.0,4.0,3.0,5.0,4.0,2.0,4.0,5.0,3.0,1.0,3.0,4.0,2.0,5.0,4.0,2.0,2.0,3.0,4.0,,,,,,1.0,,,1.0,1.0,1.0,1.0,3.0,1.0,1.0,1.0,2.0,3.0,3.0,4.0,4.0,1.0,,,,,,,1.0,,3.0,3.0,2.0,2.0,3.0,3.0,3.0,3.0,3.0,3.0,3.0,3.0,3.0,2.0,3.0,3.0,2.0,2.0,2.0,2.0,3.0,3.0,3.0,1.0,,1.0,,,,,1.0,,,1.0,,,,,,,,1.0,1.0,,,8.0,7.0,5.0,4.0,6.0,6.0,5.0,5.0,7.0,5.0,4.0,6.0,8.0,5.0,4.0,6.0,6.0,5.0,1.0,,,1.0,,,,,,,,3.0,3.0,3.0,11.0,1.0,0.4745859939809871
889.0,1.0,34.0,2.0,5.0,3.0,16.0,6.0,1.0,2.0,1.0,,,,,,,,1.0,,1.0,,,,,,,,,,,1.0,,,,2.0,2.0,2.0,4.0,3.0,2.0,3.0,3.0,3.0,3.0,2.0,2.0,3.0,3.0,3.0,3.0,3.0,3.0,3.0,3.0,3.0,4.0,2.0,3.0,2.0,6.0,4.0,8.0,8.0,5.0,2.0,6.0,7.0,6.0,4.0,8.0,4.0,0.0,6.0,5.0,7.0,1.0,3.0,1.0,1.0,3.0,1.0,3.0,4.0,,1.0,,,,1.0,1.0,,,,,,,,,1.0,2.0,3.0,4.0,2.0,,3.0,1.0,,,,1.0,,3.0,2.0,7.0,9.0,9.0,5.0,5.0,4.0,0.0,5.0,7.0,5.0,8.0,8.0,3.0,5.0,4.0,4.0,3.0,4.0,9.0,4.0,5.0,8.0,2.0,1.0,,,1.0,,1.0,,,,7.0,7.0,7.0,7.0,7.0,7.0,7.0,7.0,7.0,3.0,3.0,2.0,2.0,1.0,1.0,1.0,1.0,1.0,1.0,1.0,,,2.0,2.0,3.0,2.0,2.0,1.0,2.0,3.0,1.0,1.0,3.0,2.0,1.0,2.0,2.0,2.0,2.0,2.0,2.0,3.0,2.0,2.0,1.0,1.0,1.0,,,,,1.0,1.0,,1.0,,,,,1.0,1.0,,,1.0,,,,7.0,7.0,0.0,0.0,0.0,2.0,5.0,7.0,5.0,10.0,6.0,0.0,4.0,4.0,0.0,0.0,7.0,1.0,1.0,,,,1.0,,,,,,,1.0,1.0,2.0,7.0,6.0,1.0791322044197234
890.0,1.0,28.0,2.0,5.0,1.0,16.0,6.0,1.0,2.0,1.0,,,,,,,,,,1.0,,,,,,,1.0,,,,1.0,,,,2.0,2.0,2.0,2.0,1.0,1.0,3.0,1.0,3.0,1.0,3.0,3.0,2.0,2.0,3.0,2.0,2.0,2.0,2.0,3.0,2.0,3.0,2.0,3.0,2.0,7.0,8.0,6.0,7.0,8.0,7.0,8.0,8.0,8.0,9.0,8.0,7.0,7.0,8.0,6.0,7.0,2.0,1.0,1.0,1.0,1.0,1.0,1.0,2.0,,,1.0,,,1.0,,,,1.0,,,,,,3.0,2.0,1.0,2.0,1.0,1.0,2.0,1.0,,,1.0,,,2.0,2.0,5.0,7.0,8.0,7.0,7.0,9.0,8.0,10.0,6.0,7.0,8.0,7.0,9.0,8.0,8.0,8.0,8.0,9.0,6.0,7.0,8.0,7.0,3.0,2.0,,,1.0,,,,,,2.0,2.0,1.0,2.0,5.0,2.0,3.0,1.0,7.0,2.0,2.0,2.0,2.0,2.0,,,,,,1.0,,,2.0,3.0,3.0,3.0,2.0,1.0,1.0,3.0,3.0,1.0,1.0,1.0,3.0,3.0,2.0,2.0,3.0,2.0,3.0,2.0,2.0,2.0,3.0,,,,1.0,,1.0,1.0,,,1.0,,,,,,,,1.0,1.0,,,,7.0,7.0,7.0,7.0,8.0,7.0,8.0,8.0,7.0,6.0,7.0,8.0,9.0,8.0,7.0,7.0,4.0,1.0,1.0,,,,1.0,,,,,,,1.0,2.0,1.0,1.0,1.0,1.3303440520792333
891.0,1.0,51.0,4.0,2.0,2.0,16.0,1.0,4.0,7.0,1.0,1.0,,,,,,,,,,,,,,,,,,,,,,,,4.0,3.0,6.0,,1.0,1.0,2.0,1.0,1.0,1.0,1.0,2.0,1.0,1.0,1.0,3.0,1.0,1.0,1.0,1.0,1.0,1.0,1.0,1.0,1.0,0.0,0.0,0.0,0.0,0.0,0.0,0.0,1.0,0.0,0.0,0.0,0.0,0.0,0.0,0.0,0.0,2.0,2.0,2.0,1.0,2.0,2.0,1.0,4.0,,,1.0,,,,,,1.0,1.0,,,,,,4.0,3.0,4.0,2.0,1.0,5.0,3.0,,1.0,,,,,4.0,3.0,4.0,4.0,3.0,4.0,4.0,4.0,4.0,3.0,4.0,3.0,4.0,4.0,4.0,3.0,4.0,4.0,4.0,4.0,4.0,3.0,7.0,4.0,6.0,4.0,,,,,,,,1.0,8.0,8.0,8.0,8.0,8.0,8.0,8.0,8.0,8.0,4.0,4.0,4.0,4.0,3.0,,,,,,,,1.0,5.0,5.0,3.0,3.0,3.0,3.0,3.0,3.0,3.0,3.0,3.0,3.0,3.0,3.0,3.0,3.0,5.0,5.0,5.0,5.0,5.0,5.0,5.0,,,1.0,,1.0,,,1.0,,,,,,,1.0,,,,,,,,2.0,3.0,2.0,4.0,2.0,2.0,2.0,99.0,99.0,5.0,7.0,10.0,5.0,99.0,99.0,10.0,2.0,5.0,1.0,,,1.0,,,,,,,,3.0,3.0,3.0,10.0,9.0,1.83832379664834
892.0,2.0,39.0,3.0,5.0,1.0,16.0,6.0,1.0,1.0,1.0,1.0,,1.0,,,,,,,1.0,,,,,,,,,,,,,,,4.0,3.0,2.0,3.0,3.0,3.0,3.0,3.0,3.0,3.0,3.0,3.0,3.0,3.0,3.0,3.0,3.0,4.0,4.0,4.0,3.0,4.0,4.0,4.0,4.0,7.0,8.0,8.0,6.0,4.0,4.0,5.0,8.0,8.0,5.0,8.0,5.0,6.0,6.0,5.0,6.0,1.0,1.0,1.0,1.0,1.0,1.0,1.0,4.0,1.0,,,,,1.0,1.0,,,,,,,,,2.0,2.0,1.0,2.0,1.0,1.0,3.0,1.0,,,,1.0,,2.0,2.0,6.0,9.0,5.0,3.0,8.0,7.0,4.0,7.0,5.0,5.0,3.0,8.0,8.0,5.0,4.0,3.0,7.0,8.0,8.0,5.0,5.0,4.0,4.0,2.0,,,,1.0,1.0,1.0,,,8.0,8.0,8.0,8.0,8.0,8.0,8.0,8.0,8.0,3.0,2.0,2.0,2.0,2.0,,,,,,,,1.0,2.0,2.0,3.0,3.0,3.0,3.0,3.0,3.0,3.0,3.0,3.0,3.0,3.0,3.0,3.0,3.0,3.0,2.0,2.0,3.0,4.0,3.0,3.0,1.0,,,,,1.0,,,,,,,1.0,,,,,,,,1.0,,5.0,99.0,99.0,99.0,99.0,99.0,99.0,99.0,5.0,99.0,99.0,99.0,99.0,99.0,99.0,99.0,8.0,4.0,1.0,,,,1.0,,,1.0,,,,2.0,2.0,2.0,12.0,11.0,1.5352417073986617
893.0,2.0,72.0,6.0,5.0,3.0,16.0,6.0,2.0,7.0,1.0,,,,,,1.0,,,,,,,,,1.0,,,,,1.0,,,,,2.0,1.0,5.0,,1.0,1.0,3.0,3.0,3.0,3.0,3.0,3.0,3.0,3.0,3.0,3.0,3.0,2.0,3.0,2.0,2.0,2.0,2.0,4.0,3.0,3.0,99.0,3.0,4.0,6.0,9.0,10.0,9.0,8.0,9.0,0.0,10.0,4.0,10.0,4.0,9.0,1.0,3.0,1.0,1.0,3.0,1.0,1.0,3.0,1.0,,,,,,,1.0,,,,,1.0,,,2.0,1.0,1.0,4.0,2.0,,3.0,,,1.0,,,,2.0,2.0,7.0,6.0,6.0,10.0,8.0,2.0,9.0,9.0,9.0,5.0,8.0,7.0,6.0,9.0,2.0,10.0,8.0,8.0,6.0,3.0,5.0,9.0,4.0,1.0,,,,1.0,1.0,,1.0,,3.0,1.0,1.0,3.0,1.0,1.0,1.0,8.0,1.0,4.0,4.0,4.0,4.0,1.0,,1.0,,,,,,,2.0,2.0,1.0,2.0,1.0,1.0,1.0,1.0,3.0,1.0,1.0,1.0,1.0,2.0,2.0,3.0,2.0,2.0,1.0,1.0,5.0,1.0,1.0,1.0,,,,,1.0,,1.0,,,,,,,1.0,,,,,1.0,,,6.0,8.0,0.0,7.0,2.0,2.0,10.0,10.0,4.0,10.0,10.0,5.0,7.0,7.0,0.0,0.0,8.0,2.0,1.0,,,1.0,,,,,,,,3.0,3.0,3.0,3.0,1.0,2.0000765748343596
894.0,1.0,46.0,4.0,5.0,3.0,16.0,4.0,1.0,2.0,1.0,,,,,,,1.0,,,,,,,,,,1.0,,,,1.0,,,,3.0,2.0,2.0,3.0,3.0,2.0,3.0,3.0,3.0,3.0,1.0,3.0,3.0,3.0,3.0,3.0,3.0,3.0,4.0,4.0,4.0,4.0,3.0,4.0,3.0,6.0,6.0,8.0,7.0,6.0,8.0,7.0,8.0,4.0,0.0,8.0,0.0,7.0,6.0,6.0,8.0,2.0,1.0,1.0,1.0,1.0,2.0,3.0,4.0,,,1.0,,,,,,,,1.0,,,1.0,,4.0,4.0,3.0,5.0,2.0,,1.0,1.0,1.0,,1.0,,,3.0,2.0,4.0,6.0,3.0,0.0,0.0,0.0,3.0,5.0,4.0,5.0,0.0,7.0,7.0,4.0,0.0,5.0,2.0,0.0,5.0,2.0,0.0,4.0,4.0,2.0,,,1.0,1.0,1.0,,,,2.0,2.0,2.0,2.0,2.0,2.0,2.0,2.0,2.0,2.0,2.0,1.0,3.0,3.0,1.0,,1.0,1.0,1.0,1.0,1.0,,2.0,2.0,3.0,3.0,3.0,3.0,1.0,1.0,3.0,1.0,1.0,3.0,3.0,2.0,2.0,2.0,1.0,1.0,1.0,2.0,3.0,1.0,1.0,1.0,,1.0,,,,,,,1.0,,,,,,,,1.0,,1.0,,,2.0,7.0,2.0,6.0,4.0,4.0,8.0,9.0,5.0,7.0,10.0,0.0,3.0,3.0,0.0,0.0,6.0,5.0,1.0,,,,,,,,,,1.0,2.0,2.0,2.0,11.0,10.0,0.4756217859915425
895.0,2.0,36.0,3.0,5.0,2.0,16.0,5.0,1.0,2.0,1.0,1.0,,,,,,,,,,,,,,,,1.0,,,,1.0,,,,2.0,2.0,2.0,3.0,1.0,1.0,1.0,3.0,3.0,3.0,1.0,1.0,3.0,3.0,3.0,3.0,2.0,3.0,3.0,3.0,2.0,4.0,2.0,3.0,2.0,6.0,6.0,6.0,6.0,5.0,7.0,6.0,6.0,5.0,4.0,5.0,6.0,7.0,6.0,6.0,6.0,2.0,2.0,1.0,1.0,2.0,2.0,2.0,2.0,1.0,,1.0,,,,,,1.0,,,,,,,2.0,3.0,2.0,3.0,2.0,,3.0,1.0,1.0,,,,,3.0,2.0,4.0,5.0,5.0,2.0,5.0,6.0,5.0,5.0,6.0,6.0,2.0,6.0,6.0,5.0,4.0,6.0,5.0,5.0,6.0,5.0,5.0,5.0,3.0,2.0,,,,,,1.0,,,8.0,5.0,8.0,8.0,8.0,1.0,5.0,8.0,8.0,3.0,3.0,3.0,2.0,1.0,,,,,,,1.0,,1.0,5.0,3.0,3.0,1.0,3.0,1.0,1.0,1.0,1.0,1.0,1.0,3.0,3.0,3.0,3.0,2.0,2.0,2.0,2.0,4.0,1.0,1.0,,1.0,,1.0,,,,,1.0,1.0,1.0,,,,,,1.0,1.0,,,,,99.0,3.0,5.0,8.0,4.0,4.0,8.0,9.0,5.0,7.0,7.0,8.0,7.0,7.0,8.0,7.0,7.0,4.0,1.0,,,,1.0,,,,,,,1.0,1.0,2.0,13.0,9.0,0.42067740121568203
896.0,1.0,63.0,5.0,5.0,2.0,16.0,7.0,1.0,1.0,1.0,,,,,1.0,,,,,1.0,,,,,,,,,1.0,,,,,,2.0,2.0,2.0,4.0,3.0,3.0,3.0,3.0,3.0,3.0,3.0,3.0,3.0,3.0,3.0,3.0,3.0,3.0,4.0,4.0,3.0,4.0,3.0,4.0,3.0,7.0,7.0,0.0,5.0,7.0,2.0,0.0,5.0,1.0,0.0,0.0,7.0,0.0,6.0,5.0,5.0,1.0,1.0,1.0,1.0,1.0,1.0,1.0,3.0,1.0,,,,,,,,,,,1.0,,1.0,,5.0,5.0,5.0,3.0,1.0,4.0,3.0,,,,,,1.0,2.0,2.0,2.0,7.0,0.0,5.0,7.0,5.0,5.0,6.0,6.0,5.0,5.0,5.0,6.0,6.0,0.0,0.0,4.0,4.0,6.0,0.0,3.0,5.0,3.0,4.0,,,,,,,,1.0,8.0,8.0,8.0,8.0,1.0,1.0,1.0,1.0,8.0,5.0,4.0,4.0,1.0,1.0,,,,,,,,1.0,1.0,2.0,3.0,2.0,1.0,1.0,1.0,1.0,1.0,1.0,1.0,1.0,1.0,2.0,3.0,2.0,1.0,2.0,2.0,3.0,3.0,3.0,2.0,,1.0,,,,1.0,,,1.0,,,,,,,,,1.0,,,,,5.0,8.0,0.0,0.0,0.0,0.0,9.0,10.0,5.0,8.0,10.0,3.0,5.0,0.0,0.0,0.0,8.0,1.0,1.0,,,,1.0,,,1.0,,,,2.0,3.0,3.0,13.0,12.0,0.9815271935874873
897.0,2.0,45.0,4.0,3.0,2.0,16.0,6.0,1.0,4.0,1.0,,,,,1.0,,,,,,,,,,,1.0,1.0,,,,,,,,2.0,2.0,3.0,4.0,2.0,3.0,3.0,3.0,3.0,3.0,3.0,3.0,3.0,1.0,3.0,3.0,3.0,3.0,4.0,4.0,2.0,3.0,4.0,4.0,3.0,9.0,7.0,8.0,7.0,3.0,7.0,7.0,8.0,7.0,6.0,6.0,7.0,7.0,7.0,7.0,8.0,2.0,2.0,1.0,1.0,1.0,2.0,1.0,3.0,1.0,,,,,,,,1.0,,,,,1.0,,4.0,4.0,4.0,4.0,2.0,,3.0,1.0,,,,,,2.0,2.0,7.0,7.0,7.0,8.0,5.0,7.0,8.0,8.0,5.0,4.0,4.0,9.0,9.0,2.0,4.0,7.0,4.0,6.0,7.0,7.0,3.0,3.0,3.0,3.0,,,,1.0,,,,,3.0,3.0,3.0,3.0,3.0,3.0,3.0,3.0,3.0,4.0,3.0,2.0,2.0,2.0,,,,,,1.0,1.0,,1.0,1.0,2.0,2.0,1.0,3.0,1.0,3.0,1.0,1.0,1.0,1.0,1.0,2.0,1.0,3.0,1.0,1.0,1.0,1.0,1.0,1.0,1.0,,1.0,,1.0,,,,1.0,,1.0,,,,,,,,1.0,,1.0,,,4.0,6.0,2.0,4.0,2.0,4.0,9.0,10.0,6.0,9.0,9.0,6.0,7.0,6.0,99.0,0.0,8.0,5.0,1.0,,,1.0,,,,,,,,2.0,2.0,2.0,3.0,3.0,0.6102534309875046
898.0,1.0,33.0,2.0,5.0,2.0,16.0,5.0,1.0,4.0,1.0,1.0,,,1.0,,,,,,,,,1.0,,,,,,,,,,,,3.0,2.0,2.0,3.0,2.0,1.0,3.0,2.0,1.0,3.0,1.0,3.0,3.0,1.0,3.0,3.0,3.0,3.0,3.0,3.0,2.0,4.0,2.0,4.0,1.0,4.0,6.0,4.0,2.0,3.0,4.0,5.0,8.0,5.0,3.0,5.0,3.0,5.0,3.0,5.0,6.0,1.0,3.0,3.0,3.0,3.0,1.0,2.0,2.0,,,1.0,,,,,,,1.0,1.0,,,,,3.0,3.0,2.0,3.0,2.0,,2.0,1.0,1.0,,,,,3.0,2.0,5.0,7.0,4.0,5.0,5.0,5.0,3.0,5.0,5.0,5.0,2.0,6.0,6.0,5.0,4.0,5.0,5.0,5.0,5.0,7.0,6.0,5.0,5.0,2.0,1.0,,1.0,1.0,,1.0,1.0,,1.0,2.0,2.0,2.0,1.0,1.0,1.0,2.0,2.0,1.0,3.0,2.0,3.0,2.0,,,,,1.0,,1.0,,3.0,3.0,2.0,3.0,1.0,3.0,1.0,2.0,3.0,2.0,1.0,3.0,2.0,2.0,3.0,2.0,1.0,1.0,2.0,1.0,1.0,1.0,1.0,,1.0,,1.0,,,,1.0,1.0,1.0,,,,1.0,,1.0,,,,1.0,,,3.0,0.0,0.0,99.0,99.0,0.0,2.0,99.0,10.0,8.0,8.0,0.0,7.0,0.0,0.0,0.0,7.0,5.0,1.0,,,,1.0,,,1.0,,,,1.0,1.0,1.0,11.0,10.0,0.8633460946941646
899.0,2.0,26.0,2.0,5.0,3.0,16.0,2.0,1.0,3.0,1.0,,,,,,,,,,,,1.0,,,,,,,,,,,,,2.0,2.0,1.0,1.0,1.0,1.0,1.0,1.0,1.0,1.0,1.0,1.0,1.0,1.0,1.0,1.0,1.0,2.0,1.0,3.0,1.0,1.0,3.0,5.0,4.0,9.0,9.0,9.0,9.0,9.0,10.0,9.0,9.0,9.0,9.0,9.0,10.0,9.0,8.0,9.0,9.0,2.0,2.0,2.0,2.0,2.0,2.0,2.0,2.0,,,,1.0,,,,,,,1.0,1.0,,,,2.0,2.0,3.0,2.0,1.0,6.0,2.0,,,,,1.0,,2.0,1.0,9.0,9.0,9.0,9.0,9.0,10.0,10.0,9.0,9.0,9.0,9.0,8.0,9.0,9.0,10.0,9.0,9.0,9.0,9.0,9.0,9.0,9.0,1.0,1.0,1.0,,,,,,,,6.0,6.0,3.0,2.0,6.0,4.0,6.0,6.0,6.0,1.0,1.0,1.0,1.0,1.0,1.0,,,,,,,,2.0,2.0,2.0,3.0,1.0,1.0,1.0,1.0,2.0,1.0,1.0,1.0,2.0,2.0,2.0,1.0,5.0,1.0,1.0,1.0,2.0,3.0,3.0,,,,1.0,,1.0,,,,1.0,,,,,,,1.0,,,,,,9.0,9.0,9.0,9.0,9.0,9.0,9.0,9.0,9.0,9.0,9.0,9.0,7.0,9.0,8.0,8.0,4.0,3.0,2.0,1.0,,,1.0,,,,,,,1.0,1.0,1.0,8.0,7.0,0.6196344655079583
900.0,2.0,58.0,5.0,5.0,2.0,16.0,5.0,3.0,4.0,1.0,,,,,1.0,1.0,,,,,,,,,,,1.0,,,,,,,,2.0,2.0,6.0,,3.0,3.0,3.0,3.0,3.0,3.0,3.0,3.0,3.0,3.0,3.0,3.0,3.0,3.0,4.0,4.0,4.0,4.0,4.0,3.0,3.0,8.0,5.0,8.0,8.0,7.0,8.0,8.0,8.0,8.0,7.0,8.0,6.0,6.0,7.0,8.0,8.0,2.0,2.0,1.0,1.0,1.0,2.0,2.0,3.0,1.0,,,,,,,1.0,1.0,,,,,,,5.0,5.0,3.0,5.0,2.0,,3.0,1.0,,,,,,2.0,2.0,9.0,9.0,7.0,5.0,8.0,8.0,8.0,8.0,8.0,8.0,5.0,9.0,8.0,8.0,8.0,8.0,7.0,7.0,9.0,8.0,8.0,8.0,4.0,5.0,,,1.0,1.0,,,1.0,,8.0,8.0,8.0,8.0,8.0,8.0,8.0,8.0,8.0,5.0,5.0,5.0,5.0,2.0,,,,,,1.0,1.0,,1.0,2.0,2.0,2.0,3.0,3.0,3.0,3.0,3.0,3.0,3.0,3.0,3.0,3.0,3.0,3.0,5.0,5.0,5.0,5.0,4.0,2.0,1.0,,,1.0,,,1.0,,,,,,,1.0,,,,,,,1.0,,,3.0,6.0,1.0,5.0,3.0,3.0,8.0,10.0,5.0,9.0,9.0,6.0,6.0,1.0,6.0,0.0,7.0,1.0,1.0,,,,1.0,,,,,,,3.0,3.0,3.0,12.0,1.0,0.48738954746190155
901.0,1.0,52.0,4.0,4.0,3.0,16.0,2.0,1.0,3.0,1.0,,,,,,,,1.0,,,,,,,,,1.0,,,,1.0,,,,3.0,2.0,2.0,1.0,2.0,1.0,1.0,1.0,1.0,1.0,1.0,1.0,1.0,1.0,1.0,1.0,1.0,2.0,1.0,1.0,1.0,1.0,3.0,3.0,1.0,5.0,5.0,5.0,6.0,5.0,5.0,5.0,8.0,4.0,4.0,5.0,5.0,7.0,5.0,5.0,6.0,2.0,2.0,2.0,2.0,1.0,2.0,1.0,4.0,,,,,1.0,,,1.0,1.0,,,,,,,1.0,1.0,1.0,1.0,1.0,4.0,1.0,1.0,,,1.0,1.0,,4.0,2.0,3.0,3.0,10.0,6.0,4.0,7.0,6.0,5.0,6.0,6.0,3.0,6.0,6.0,5.0,6.0,5.0,5.0,7.0,9.0,4.0,4.0,5.0,4.0,4.0,1.0,1.0,1.0,1.0,1.0,1.0,1.0,,2.0,5.0,2.0,1.0,7.0,7.0,3.0,3.0,6.0,3.0,4.0,4.0,3.0,1.0,,,,,,,1.0,,4.0,3.0,2.0,2.0,1.0,1.0,1.0,2.0,3.0,3.0,2.0,3.0,3.0,1.0,1.0,1.0,4.0,3.0,1.0,4.0,3.0,2.0,4.0,,1.0,,,,1.0,1.0,1.0,1.0,1.0,1.0,,,,1.0,,1.0,,,,,,3.0,2.0,6.0,6.0,6.0,6.0,5.0,6.0,3.0,3.0,3.0,4.0,3.0,4.0,4.0,8.0,1.0,5.0,1.0,,,,1.0,,,,,,,2.0,2.0,2.0,7.0,6.0,0.6182119530748345
902.0,1.0,35.0,3.0,5.0,1.0,16.0,4.0,1.0,2.0,1.0,,,,1.0,,,,1.0,,,,,,,,,,,,,1.0,,,,5.0,3.0,2.0,3.0,2.0,1.0,3.0,1.0,3.0,1.0,2.0,3.0,2.0,2.0,4.0,3.0,3.0,1.0,2.0,3.0,1.0,2.0,2.0,1.0,4.0,0.0,0.0,0.0,0.0,0.0,0.0,0.0,0.0,0.0,0.0,0.0,0.0,0.0,0.0,0.0,0.0,1.0,1.0,1.0,1.0,1.0,1.0,1.0,4.0,,,,,,1.0,,,,1.0,1.0,,,,,1.0,2.0,1.0,1.0,1.0,2.0,1.0,,1.0,,,,,5.0,3.0,0.0,0.0,0.0,0.0,0.0,0.0,0.0,0.0,0.0,0.0,0.0,0.0,0.0,0.0,0.0,0.0,0.0,0.0,0.0,0.0,0.0,0.0,6.0,5.0,,,,,,,,1.0,8.0,8.0,8.0,8.0,8.0,8.0,8.0,8.0,8.0,5.0,5.0,5.0,5.0,1.0,,,,,,1.0,1.0,,1.0,4.0,2.0,2.0,1.0,2.0,3.0,2.0,3.0,3.0,3.0,1.0,3.0,2.0,2.0,2.0,2.0,2.0,2.0,2.0,1.0,1.0,1.0,,,1.0,1.0,,,,,,1.0,,,,,,,,,1.0,1.0,,,99.0,6.0,1.0,5.0,3.0,3.0,10.0,10.0,99.0,0.0,10.0,0.0,0.0,0.0,0.0,0.0,6.0,5.0,1.0,,,,1.0,,,,,,,1.0,1.0,2.0,13.0,12.0,0.9286350701795885
903.0,2.0,33.0,2.0,5.0,1.0,16.0,6.0,1.0,2.0,1.0,,,,,1.0,,,,,1.0,,,,,,1.0,,,,,,,,,2.0,2.0,2.0,3.0,3.0,2.0,3.0,3.0,2.0,3.0,3.0,3.0,2.0,3.0,3.0,3.0,3.0,2.0,2.0,2.0,2.0,3.0,3.0,3.0,3.0,4.0,3.0,6.0,4.0,5.0,2.0,6.0,4.0,7.0,6.0,6.0,7.0,7.0,5.0,7.0,5.0,2.0,1.0,2.0,1.0,2.0,2.0,1.0,3.0,,,,,,,1.0,,1.0,,1.0,,,,,2.0,2.0,3.0,3.0,2.0,,3.0,1.0,,,,,,3.0,3.0,6.0,7.0,7.0,0.0,1.0,5.0,6.0,2.0,7.0,3.0,0.0,6.0,4.0,0.0,4.0,3.0,0.0,2.0,2.0,1.0,4.0,2.0,3.0,3.0,,,1.0,1.0,,,1.0,,2.0,8.0,8.0,8.0,8.0,2.0,8.0,8.0,2.0,3.0,2.0,2.0,3.0,2.0,,,,,,1.0,1.0,,2.0,3.0,1.0,3.0,1.0,3.0,1.0,1.0,1.0,1.0,1.0,1.0,1.0,2.0,3.0,3.0,2.0,2.0,2.0,2.0,2.0,2.0,3.0,1.0,,1.0,,,,,,1.0,,1.0,,,,,,,,,,1.0,,7.0,4.0,6.0,8.0,7.0,7.0,1.0,0.0,7.0,2.0,6.0,7.0,7.0,7.0,0.0,0.0,8.0,5.0,1.0,,,,1.0,,,,,,,1.0,1.0,1.0,5.0,10.0,0.8295513164456038
904.0,2.0,32.0,2.0,5.0,3.0,16.0,6.0,1.0,4.0,1.0,,,,,,1.0,,,,,1.0,,,,,,,,,1.0,,,,,3.0,2.0,10.0,,2.0,1.0,3.0,1.0,3.0,1.0,2.0,2.0,3.0,1.0,3.0,3.0,2.0,2.0,2.0,2.0,2.0,3.0,1.0,2.0,4.0,4.0,7.0,6.0,4.0,5.0,8.0,5.0,5.0,7.0,6.0,4.0,4.0,5.0,5.0,5.0,6.0,2.0,2.0,2.0,2.0,2.0,2.0,2.0,3.0,,,,1.0,,,,,1.0,1.0,,,,,,1.0,3.0,3.0,3.0,2.0,,3.0,1.0,1.0,1.0,,,,3.0,2.0,3.0,6.0,0.0,0.0,3.0,5.0,0.0,5.0,4.0,1.0,0.0,6.0,1.0,5.0,0.0,4.0,0.0,2.0,6.0,5.0,0.0,3.0,3.0,1.0,,1.0,,1.0,,,1.0,,2.0,2.0,2.0,2.0,2.0,2.0,2.0,2.0,2.0,2.0,1.0,1.0,1.0,2.0,,,,,,1.0,1.0,,1.0,3.0,2.0,3.0,3.0,3.0,3.0,3.0,3.0,1.0,3.0,3.0,3.0,3.0,3.0,3.0,2.0,2.0,2.0,2.0,1.0,1.0,1.0,1.0,,,,,1.0,,,1.0,,1.0,,,,,,,1.0,1.0,,,,6.0,7.0,6.0,8.0,4.0,0.0,9.0,10.0,6.0,2.0,8.0,0.0,6.0,6.0,0.0,0.0,6.0,5.0,1.0,,,,1.0,,,,,,,2.0,2.0,2.0,10.0,2.0,0.6984267011159571
905.0,2.0,34.0,2.0,5.0,2.0,16.0,7.0,1.0,2.0,1.0,1.0,,,,,,,1.0,,1.0,,,,,,,,,,,,,,,3.0,3.0,2.0,3.0,2.0,3.0,3.0,3.0,3.0,3.0,2.0,3.0,3.0,3.0,3.0,3.0,3.0,3.0,3.0,3.0,2.0,3.0,3.0,3.0,2.0,5.0,99.0,99.0,5.0,5.0,1.0,5.0,6.0,6.0,3.0,6.0,5.0,5.0,5.0,5.0,5.0,3.0,3.0,3.0,3.0,3.0,3.0,3.0,3.0,1.0,,,,,1.0,,,1.0,,,,,,,2.0,2.0,1.0,4.0,2.0,,2.0,1.0,,,,,,3.0,3.0,5.0,5.0,1.0,0.0,3.0,4.0,1.0,4.0,3.0,2.0,0.0,1.0,5.0,5.0,0.0,5.0,1.0,4.0,5.0,2.0,1.0,5.0,3.0,2.0,,1.0,1.0,1.0,,,,,8.0,8.0,6.0,7.0,7.0,1.0,8.0,8.0,1.0,4.0,2.0,3.0,2.0,2.0,,1.0,1.0,1.0,1.0,,,,2.0,4.0,3.0,2.0,3.0,1.0,3.0,3.0,3.0,3.0,3.0,3.0,3.0,3.0,3.0,3.0,1.0,2.0,2.0,1.0,4.0,2.0,2.0,1.0,,,,,1.0,,,,1.0,,,,,1.0,,,,1.0,,,,5.0,6.0,1.0,3.0,2.0,2.0,7.0,8.0,7.0,5.0,10.0,1.0,1.0,1.0,1.0,0.0,8.0,5.0,1.0,,,,1.0,,,,,,,3.0,3.0,3.0,1.0,1.0,0.5186773904162044
906.0,1.0,55.0,5.0,5.0,1.0,16.0,4.0,1.0,5.0,1.0,,,,,,1.0,,,,1.0,,,,,,,1.0,,,,,,,,5.0,3.0,2.0,3.0,3.0,3.0,3.0,3.0,3.0,3.0,3.0,3.0,3.0,3.0,3.0,3.0,3.0,4.0,4.0,4.0,4.0,4.0,4.0,4.0,4.0,0.0,0.0,99.0,0.0,0.0,0.0,0.0,3.0,0.0,0.0,99.0,0.0,0.0,0.0,0.0,0.0,1.0,1.0,1.0,1.0,3.0,1.0,3.0,4.0,,,,,1.0,1.0,1.0,,,,,,,,,1.0,4.0,1.0,3.0,2.0,,3.0,1.0,1.0,,,,,5.0,3.0,0.0,0.0,0.0,0.0,3.0,0.0,0.0,0.0,0.0,0.0,0.0,3.0,2.0,3.0,0.0,0.0,2.0,1.0,5.0,0.0,2.0,0.0,3.0,4.0,,,,,,,,1.0,6.0,6.0,6.0,7.0,6.0,1.0,6.0,4.0,8.0,4.0,4.0,4.0,5.0,1.0,,1.0,1.0,1.0,1.0,,,,1.0,3.0,2.0,2.0,2.0,3.0,2.0,2.0,3.0,3.0,3.0,3.0,3.0,2.0,2.0,2.0,2.0,2.0,2.0,1.0,1.0,1.0,1.0,,1.0,,1.0,,,,,,1.0,1.0,,,,,,,,,,,1.0,5.0,6.0,0.0,0.0,0.0,0.0,7.0,10.0,0.0,5.0,10.0,5.0,7.0,5.0,2.0,0.0,6.0,5.0,1.0,,,1.0,,,,,,,,3.0,3.0,3.0,8.0,3.0,0.6953000174986909
907.0,2.0,73.0,6.0,5.0,2.0,16.0,5.0,2.0,3.0,1.0,,,,,,1.0,,1.0,,,,,,,,,,,,,1.0,,,,3.0,2.0,4.0,,3.0,3.0,3.0,3.0,3.0,3.0,3.0,3.0,3.0,3.0,3.0,3.0,3.0,3.0,4.0,3.0,3.0,4.0,4.0,4.0,4.0,7.0,8.0,8.0,7.0,5.0,4.0,3.0,4.0,4.0,3.0,4.0,6.0,6.0,5.0,6.0,7.0,1.0,1.0,1.0,1.0,1.0,1.0,1.0,1.0,,,1.0,,,1.0,,,,,,,,1.0,,1.0,2.0,2.0,3.0,2.0,,2.0,,1.0,,1.0,,,3.0,2.0,9.0,8.0,8.0,7.0,7.0,6.0,6.0,7.0,7.0,8.0,7.0,9.0,9.0,8.0,6.0,8.0,8.0,7.0,9.0,6.0,8.0,7.0,3.0,3.0,,,,1.0,,,,,3.0,3.0,3.0,3.0,3.0,3.0,3.0,3.0,1.0,4.0,3.0,3.0,2.0,1.0,,,,,,1.0,1.0,,1.0,3.0,3.0,3.0,3.0,3.0,3.0,3.0,3.0,1.0,1.0,3.0,1.0,2.0,3.0,3.0,2.0,1.0,2.0,2.0,1.0,1.0,1.0,1.0,,,,,1.0,,,1.0,,,,,,1.0,,,,1.0,,,,4.0,7.0,2.0,4.0,1.0,3.0,9.0,10.0,7.0,10.0,8.0,8.0,9.0,7.0,0.0,0.0,7.0,1.0,1.0,,,,1.0,,,,,,,2.0,2.0,3.0,3.0,3.0,1.6395808750214187
908.0,2.0,35.0,3.0,3.0,2.0,16.0,6.0,1.0,4.0,1.0,,,,1.0,,1.0,,,,,,,,,,1.0,,,,,,,,,6.0,4.0,2.0,4.0,3.0,3.0,3.0,3.0,3.0,3.0,3.0,3.0,3.0,3.0,3.0,3.0,3.0,3.0,4.0,4.0,4.0,4.0,4.0,4.0,4.0,6.0,6.0,6.0,99.0,99.0,5.0,99.0,6.0,6.0,1.0,99.0,99.0,99.0,99.0,99.0,1.0,2.0,1.0,1.0,3.0,1.0,2.0,3.0,5.0,,,,,,,,,1.0,,1.0,,,1.0,,2.0,2.0,2.0,4.0,1.0,4.0,5.0,1.0,,,,,,2.0,4.0,7.0,9.0,5.0,99.0,3.0,99.0,7.0,99.0,99.0,99.0,99.0,99.0,99.0,99.0,99.0,99.0,0.0,0.0,0.0,4.0,99.0,0.0,3.0,5.0,,,,1.0,1.0,,,,2.0,2.0,8.0,8.0,8.0,8.0,2.0,8.0,8.0,5.0,5.0,5.0,1.0,2.0,,1.0,,1.0,,1.0,1.0,,1.0,5.0,3.0,3.0,3.0,3.0,3.0,3.0,3.0,3.0,3.0,3.0,3.0,3.0,3.0,3.0,5.0,5.0,5.0,5.0,3.0,1.0,1.0,1.0,,1.0,,,,,,,,,,1.0,,1.0,,1.0,,1.0,1.0,,,4.0,6.0,0.0,5.0,0.0,4.0,9.0,10.0,99.0,99.0,99.0,99.0,99.0,99.0,99.0,99.0,7.0,4.0,1.0,,,1.0,,,,,,,,1.0,1.0,1.0,1.0,1.0,0.6804976313079988
909.0,2.0,63.0,5.0,3.0,2.0,16.0,4.0,1.0,3.0,1.0,,,,,,1.0,,,,,,,,,,1.0,,,,,1.0,,,,2.0,4.0,2.0,4.0,3.0,3.0,3.0,3.0,3.0,3.0,3.0,3.0,3.0,3.0,3.0,3.0,3.0,2.0,4.0,3.0,2.0,4.0,4.0,4.0,2.0,5.0,5.0,99.0,5.0,0.0,4.0,99.0,5.0,5.0,1.0,99.0,99.0,99.0,99.0,4.0,2.0,2.0,1.0,1.0,3.0,1.0,2.0,3.0,5.0,,,1.0,,,,,,1.0,,,,,1.0,,5.0,2.0,5.0,5.0,2.0,,5.0,1.0,,,,,,2.0,4.0,5.0,6.0,8.0,2.0,3.0,99.0,8.0,6.0,5.0,5.0,1.0,8.0,8.0,99.0,3.0,99.0,0.0,0.0,0.0,5.0,1.0,0.0,3.0,5.0,,1.0,,1.0,,,1.0,,8.0,8.0,8.0,8.0,8.0,8.0,8.0,8.0,8.0,5.0,5.0,5.0,1.0,1.0,,,,1.0,,1.0,1.0,,1.0,5.0,3.0,3.0,3.0,3.0,3.0,3.0,3.0,3.0,3.0,3.0,3.0,3.0,3.0,3.0,5.0,5.0,5.0,5.0,5.0,1.0,1.0,1.0,,1.0,,,,,,1.0,1.0,1.0,,,,1.0,,1.0,1.0,1.0,1.0,,,4.0,7.0,0.0,4.0,1.0,3.0,9.0,10.0,99.0,10.0,99.0,99.0,99.0,99.0,99.0,99.0,5.0,6.0,1.0,,,,1.0,,,1.0,,,,3.0,3.0,3.0,1.0,1.0,0.6739093504719693
910.0,2.0,56.0,5.0,5.0,2.0,16.0,7.0,1.0,1.0,1.0,,,1.0,,,,1.0,,,,,,,,,,1.0,,,,,,,,2.0,4.0,2.0,3.0,3.0,3.0,3.0,3.0,3.0,3.0,3.0,3.0,3.0,3.0,3.0,3.0,3.0,3.0,3.0,4.0,4.0,3.0,2.0,4.0,3.0,7.0,7.0,8.0,7.0,6.0,7.0,8.0,7.0,7.0,7.0,6.0,7.0,7.0,7.0,7.0,5.0,1.0,2.0,1.0,1.0,1.0,2.0,3.0,5.0,,,,,,,,,,,,,,,1.0,1.0,3.0,3.0,5.0,2.0,,1.0,1.0,1.0,,1.0,,,2.0,2.0,3.0,5.0,2.0,7.0,6.0,7.0,2.0,7.0,8.0,8.0,9.0,7.0,8.0,5.0,1.0,7.0,7.0,7.0,8.0,7.0,9.0,7.0,3.0,3.0,,,,,,,,1.0,8.0,8.0,8.0,8.0,8.0,8.0,8.0,8.0,8.0,4.0,4.0,4.0,4.0,1.0,,,,,,,1.0,,1.0,2.0,2.0,2.0,3.0,3.0,3.0,3.0,3.0,3.0,3.0,3.0,3.0,3.0,3.0,3.0,2.0,2.0,1.0,3.0,4.0,1.0,3.0,,1.0,1.0,,,,,1.0,,,1.0,,,,,,,,1.0,,,,8.0,4.0,3.0,4.0,4.0,3.0,7.0,10.0,6.0,7.0,7.0,7.0,7.0,7.0,7.0,1.0,8.0,1.0,1.0,,,,1.0,,,1.0,,,,2.0,2.0,3.0,1.0,1.0,1.071496983965886
911.0,2.0,26.0,2.0,5.0,1.0,16.0,7.0,1.0,5.0,1.0,,,,,,,,,,1.0,,1.0,,,,,,,,,1.0,,,,3.0,2.0,2.0,3.0,3.0,2.0,3.0,3.0,3.0,1.0,3.0,3.0,3.0,3.0,2.0,3.0,3.0,2.0,3.0,2.0,2.0,1.0,2.0,3.0,2.0,0.0,0.0,0.0,0.0,0.0,0.0,0.0,0.0,0.0,0.0,0.0,0.0,0.0,0.0,0.0,0.0,3.0,3.0,3.0,3.0,3.0,3.0,3.0,4.0,,,1.0,,,1.0,1.0,,,,,,,,,2.0,4.0,1.0,3.0,2.0,,1.0,,1.0,,1.0,,,3.0,2.0,0.0,0.0,0.0,0.0,0.0,0.0,0.0,0.0,0.0,0.0,0.0,0.0,0.0,0.0,0.0,0.0,0.0,0.0,0.0,0.0,0.0,0.0,3.0,3.0,,,,1.0,,,,,7.0,7.0,7.0,7.0,7.0,7.0,7.0,7.0,7.0,4.0,4.0,4.0,1.0,1.0,,,,1.0,,,,,4.0,4.0,2.0,2.0,2.0,2.0,2.0,2.0,2.0,2.0,2.0,2.0,2.0,2.0,2.0,2.0,2.0,2.0,2.0,2.0,3.0,3.0,3.0,1.0,1.0,,,,,,,,,,1.0,,,,,,,,,1.0,,10.0,5.0,0.0,6.0,0.0,0.0,3.0,10.0,5.0,7.0,10.0,7.0,10.0,10.0,3.0,1.0,8.0,1.0,1.0,,,1.0,,,,,,,,2.0,2.0,2.0,7.0,6.0,0.8383953467266663
912.0,2.0,42.0,3.0,5.0,2.0,16.0,7.0,3.0,3.0,1.0,,,,,,1.0,,,,,,,1.0,,,,1.0,,,,,,,,3.0,2.0,11.0,5.0,3.0,2.0,3.0,3.0,3.0,3.0,3.0,3.0,3.0,3.0,3.0,3.0,2.0,2.0,2.0,3.0,2.0,3.0,2.0,2.0,3.0,6.0,6.0,8.0,8.0,6.0,10.0,8.0,6.0,8.0,8.0,7.0,7.0,6.0,7.0,6.0,7.0,2.0,1.0,1.0,1.0,2.0,2.0,2.0,3.0,,,,,,,,,,1.0,1.0,,,1.0,,3.0,3.0,2.0,5.0,2.0,,4.0,,,,,,1.0,2.0,2.0,8.0,8.0,6.0,6.0,8.0,6.0,8.0,7.0,7.0,7.0,4.0,8.0,7.0,7.0,5.0,8.0,4.0,5.0,8.0,8.0,6.0,6.0,3.0,2.0,,,,1.0,,1.0,1.0,,5.0,5.0,5.0,5.0,5.0,5.0,5.0,5.0,5.0,3.0,2.0,2.0,2.0,2.0,1.0,1.0,,,,1.0,1.0,,1.0,1.0,3.0,2.0,1.0,3.0,3.0,3.0,3.0,3.0,3.0,3.0,3.0,2.0,3.0,2.0,1.0,1.0,1.0,1.0,2.0,2.0,2.0,1.0,,1.0,,,,,,,,1.0,,,,,,1.0,,,,,,2.0,7.0,1.0,5.0,2.0,2.0,8.0,10.0,0.0,8.0,10.0,4.0,6.0,7.0,3.0,0.0,8.0,1.0,1.0,,,,1.0,,,1.0,,,,2.0,2.0,2.0,5.0,4.0,0.38737430550090074
913.0,1.0,44.0,3.0,1.0,1.0,16.0,4.0,1.0,2.0,1.0,,,1.0,,,,,,,,,,,,,1.0,,,,,1.0,,,,2.0,2.0,2.0,3.0,3.0,3.0,3.0,3.0,3.0,3.0,3.0,3.0,3.0,3.0,3.0,3.0,3.0,3.0,3.0,3.0,3.0,3.0,3.0,3.0,3.0,5.0,5.0,5.0,5.0,5.0,5.0,5.0,5.0,5.0,5.0,5.0,5.0,5.0,5.0,5.0,5.0,2.0,2.0,2.0,2.0,2.0,2.0,2.0,3.0,,,,,,,,,1.0,,,,1.0,1.0,,3.0,3.0,3.0,3.0,2.0,,3.0,,,,1.0,,,2.0,2.0,5.0,5.0,5.0,5.0,5.0,5.0,5.0,5.0,5.0,5.0,5.0,5.0,5.0,5.0,5.0,5.0,5.0,5.0,5.0,5.0,5.0,5.0,2.0,3.0,,,,,,1.0,,,2.0,2.0,2.0,1.0,2.0,1.0,1.0,2.0,2.0,3.0,3.0,3.0,3.0,2.0,,,,,,1.0,,,3.0,3.0,3.0,3.0,3.0,3.0,3.0,3.0,3.0,3.0,3.0,3.0,3.0,3.0,3.0,3.0,2.0,2.0,2.0,3.0,3.0,3.0,3.0,1.0,,,,,1.0,,1.0,1.0,,,,,,,,1.0,,1.0,,,,2.0,6.0,2.0,3.0,2.0,6.0,8.0,10.0,2.0,6.0,10.0,4.0,5.0,3.0,9.0,1.0,5.0,5.0,1.0,,,,1.0,,,,,,,2.0,2.0,2.0,2.0,2.0,2.000016608986979
914.0,2.0,22.0,1.0,5.0,2.0,16.0,6.0,1.0,2.0,1.0,,,,,,1.0,,,,,,,,,,,1.0,,,,,,1.0,,2.0,2.0,2.0,2.0,2.0,2.0,3.0,2.0,3.0,3.0,3.0,3.0,3.0,3.0,1.0,3.0,3.0,3.0,3.0,3.0,2.0,3.0,3.0,3.0,3.0,5.0,6.0,6.0,4.0,4.0,4.0,3.0,6.0,6.0,4.0,6.0,5.0,6.0,7.0,5.0,5.0,2.0,3.0,3.0,1.0,3.0,2.0,2.0,4.0,1.0,,,,,1.0,,,,,1.0,,,,,2.0,2.0,1.0,2.0,1.0,5.0,2.0,1.0,,,,,,3.0,2.0,4.0,5.0,4.0,5.0,5.0,6.0,7.0,5.0,6.0,6.0,6.0,7.0,4.0,6.0,4.0,6.0,3.0,5.0,6.0,2.0,5.0,5.0,3.0,4.0,,,,,,,,1.0,6.0,1.0,6.0,6.0,6.0,1.0,6.0,6.0,1.0,4.0,4.0,3.0,4.0,1.0,,,,,,1.0,,,1.0,4.0,2.0,3.0,3.0,1.0,3.0,1.0,3.0,1.0,1.0,3.0,1.0,2.0,3.0,3.0,1.0,1.0,1.0,1.0,4.0,3.0,2.0,,,,,1.0,1.0,,1.0,,,1.0,,,,1.0,,,,1.0,,,,6.0,5.0,3.0,4.0,0.0,2.0,7.0,8.0,4.0,9.0,10.0,6.0,7.0,8.0,3.0,0.0,8.0,1.0,1.0,,,,,1.0,1.0,,,,,1.0,1.0,1.0,10.0,9.0,0.5114347976576249
915.0,2.0,41.0,3.0,5.0,1.0,16.0,4.0,1.0,3.0,1.0,,,,,1.0,,,,,,,,,,,,1.0,,,1.0,,,,,1.0,1.0,1.0,1.0,1.0,1.0,1.0,1.0,1.0,1.0,2.0,3.0,1.0,1.0,3.0,1.0,2.0,4.0,3.0,4.0,2.0,2.0,1.0,4.0,2.0,4.0,8.0,3.0,7.0,7.0,2.0,5.0,9.0,7.0,7.0,6.0,7.0,7.0,6.0,7.0,8.0,1.0,1.0,3.0,3.0,2.0,3.0,3.0,4.0,,,,,,,1.0,1.0,,,1.0,,,,,3.0,2.0,2.0,4.0,2.0,,2.0,,1.0,1.0,,,,3.0,3.0,8.0,8.0,0.0,2.0,5.0,9.0,9.0,4.0,4.0,5.0,6.0,8.0,7.0,4.0,5.0,4.0,8.0,8.0,9.0,8.0,4.0,7.0,2.0,2.0,,1.0,,,,,1.0,,4.0,7.0,6.0,8.0,7.0,6.0,5.0,3.0,1.0,1.0,3.0,1.0,1.0,1.0,,,,,,1.0,,,5.0,1.0,2.0,2.0,2.0,2.0,1.0,2.0,3.0,2.0,3.0,2.0,2.0,2.0,2.0,1.0,5.0,5.0,1.0,4.0,5.0,5.0,5.0,,,1.0,1.0,,,1.0,,1.0,,,,,,,,,,1.0,1.0,,,5.0,3.0,10.0,5.0,5.0,6.0,5.0,9.0,5.0,99.0,10.0,4.0,6.0,6.0,99.0,99.0,3.0,1.0,1.0,,,,1.0,,,,,,,1.0,1.0,1.0,13.0,12.0,0.619550554975249
916.0,2.0,78.0,6.0,4.0,2.0,16.0,3.0,2.0,6.0,1.0,,,,,,1.0,,,,,,,,,1.0,1.0,,,,,,,,,2.0,2.0,4.0,,3.0,3.0,3.0,3.0,3.0,3.0,3.0,3.0,3.0,3.0,3.0,3.0,3.0,4.0,4.0,4.0,4.0,4.0,4.0,4.0,4.0,5.0,5.0,5.0,5.0,5.0,5.0,5.0,5.0,5.0,5.0,5.0,5.0,5.0,5.0,5.0,5.0,2.0,2.0,2.0,1.0,1.0,2.0,2.0,3.0,1.0,,,,,,,1.0,,,,,,1.0,,2.0,3.0,3.0,4.0,2.0,,2.0,1.0,,,1.0,,,2.0,2.0,5.0,8.0,5.0,0.0,8.0,5.0,5.0,5.0,5.0,5.0,0.0,5.0,5.0,5.0,5.0,5.0,5.0,0.0,5.0,5.0,0.0,0.0,5.0,5.0,1.0,1.0,1.0,1.0,1.0,1.0,1.0,,4.0,4.0,4.0,4.0,4.0,4.0,4.0,4.0,4.0,5.0,5.0,5.0,2.0,1.0,1.0,,,,,1.0,1.0,,1.0,2.0,2.0,3.0,3.0,2.0,3.0,3.0,3.0,3.0,3.0,3.0,3.0,2.0,3.0,3.0,2.0,2.0,2.0,2.0,1.0,1.0,1.0,1.0,,1.0,,,,,,,,1.0,,,,,,1.0,1.0,,1.0,,,0.0,8.0,1.0,5.0,1.0,5.0,10.0,10.0,5.0,8.0,10.0,5.0,8.0,2.0,0.0,0.0,3.0,5.0,1.0,,,1.0,,,,,,,,3.0,3.0,3.0,4.0,4.0,2.000073176340807
917.0,2.0,35.0,3.0,3.0,2.0,16.0,5.0,1.0,2.0,1.0,1.0,,,,,,,,,1.0,1.0,,,,,,,,,,,,,,2.0,2.0,2.0,2.0,3.0,3.0,3.0,3.0,3.0,3.0,3.0,3.0,3.0,3.0,3.0,3.0,3.0,1.0,2.0,2.0,1.0,3.0,1.0,3.0,1.0,5.0,3.0,4.0,5.0,2.0,4.0,2.0,5.0,5.0,5.0,5.0,4.0,3.0,2.0,4.0,3.0,3.0,3.0,3.0,3.0,3.0,3.0,3.0,5.0,,1.0,,,,,1.0,,1.0,,,,,,,3.0,4.0,4.0,2.0,2.0,,2.0,,1.0,,,1.0,,2.0,2.0,5.0,7.0,0.0,3.0,5.0,4.0,4.0,5.0,3.0,1.0,1.0,5.0,6.0,4.0,2.0,1.0,4.0,5.0,7.0,4.0,0.0,5.0,4.0,3.0,,1.0,1.0,,,,,,7.0,1.0,1.0,7.0,7.0,1.0,8.0,7.0,7.0,3.0,2.0,2.0,2.0,2.0,,1.0,,,,1.0,,,2.0,2.0,3.0,2.0,2.0,3.0,3.0,2.0,3.0,3.0,3.0,3.0,3.0,3.0,2.0,2.0,2.0,2.0,1.0,1.0,3.0,1.0,1.0,,1.0,,1.0,,,,,,,1.0,,,,,,,,,,,1.0,10.0,2.0,0.0,5.0,4.0,3.0,7.0,10.0,5.0,8.0,10.0,3.0,3.0,3.0,0.0,0.0,7.0,5.0,1.0,,,,1.0,,,1.0,,,,1.0,1.0,1.0,1.0,10.0,0.6556313646307813
918.0,1.0,36.0,3.0,5.0,3.0,16.0,4.0,1.0,3.0,1.0,1.0,,,,,,,,,1.0,,,,,,,1.0,,,,,,,,3.0,2.0,2.0,3.0,1.0,1.0,3.0,3.0,3.0,2.0,1.0,3.0,3.0,3.0,3.0,3.0,3.0,3.0,3.0,3.0,2.0,3.0,3.0,4.0,2.0,5.0,6.0,5.0,7.0,5.0,5.0,5.0,5.0,5.0,5.0,5.0,5.0,5.0,5.0,5.0,5.0,1.0,1.0,1.0,1.0,1.0,1.0,1.0,3.0,1.0,,,,,1.0,,,,1.0,,,,,,3.0,3.0,3.0,4.0,2.0,,3.0,,1.0,,,,,3.0,2.0,5.0,5.0,2.0,2.0,3.0,2.0,2.0,3.0,2.0,2.0,2.0,2.0,3.0,2.0,2.0,2.0,2.0,1.0,2.0,2.0,4.0,2.0,3.0,3.0,,,,,,,1.0,,8.0,8.0,8.0,8.0,8.0,8.0,8.0,8.0,8.0,5.0,5.0,5.0,5.0,2.0,,,,,,,,1.0,3.0,3.0,3.0,3.0,3.0,3.0,3.0,3.0,3.0,3.0,3.0,3.0,3.0,3.0,3.0,3.0,2.0,2.0,2.0,2.0,4.0,3.0,3.0,,1.0,,1.0,,,,,,1.0,,,,,,,,,1.0,,,,5.0,5.0,5.0,5.0,5.0,5.0,5.0,5.0,5.0,5.0,5.0,5.0,5.0,5.0,5.0,5.0,6.0,2.0,1.0,,,,1.0,,,,,,,3.0,3.0,3.0,11.0,10.0,0.6936452079036711
919.0,2.0,26.0,2.0,5.0,2.0,16.0,6.0,1.0,3.0,1.0,1.0,1.0,,1.0,,,,,,,,,,,,,,,,,,,,,3.0,2.0,2.0,2.0,2.0,2.0,4.0,2.0,3.0,2.0,4.0,2.0,4.0,3.0,3.0,2.0,3.0,3.0,4.0,5.0,5.0,3.0,2.0,3.0,3.0,7.0,3.0,4.0,8.0,7.0,2.0,7.0,7.0,6.0,4.0,8.0,7.0,7.0,7.0,6.0,4.0,1.0,2.0,1.0,2.0,1.0,1.0,2.0,2.0,1.0,,,,1.0,,1.0,,,,,,,,,3.0,5.0,2.0,2.0,1.0,5.0,3.0,,,,1.0,1.0,,3.0,1.0,6.0,7.0,8.0,8.0,6.0,5.0,7.0,7.0,4.0,3.0,9.0,5.0,3.0,7.0,5.0,2.0,5.0,6.0,7.0,6.0,4.0,6.0,2.0,2.0,,,,1.0,,,,,2.0,6.0,3.0,4.0,2.0,8.0,3.0,4.0,4.0,2.0,3.0,5.0,3.0,2.0,1.0,,,,,,,,5.0,3.0,2.0,3.0,2.0,2.0,2.0,1.0,1.0,1.0,3.0,1.0,3.0,2.0,1.0,3.0,3.0,4.0,2.0,2.0,2.0,3.0,4.0,,1.0,,,,1.0,1.0,,,,,,,,1.0,,,,,,,,4.0,4.0,4.0,3.0,5.0,5.0,5.0,10.0,5.0,4.0,5.0,5.0,2.0,4.0,2.0,5.0,7.0,1.0,1.0,,,1.0,,,,,,,,1.0,1.0,2.0,4.0,3.0,0.4776160861288666
920.0,1.0,53.0,4.0,5.0,2.0,16.0,6.0,1.0,6.0,1.0,,,,,,1.0,,,,,,,1.0,,,,1.0,,,,,,,,3.0,2.0,2.0,5.0,3.0,3.0,3.0,4.0,3.0,3.0,3.0,3.0,3.0,3.0,3.0,3.0,3.0,3.0,3.0,5.0,3.0,3.0,5.0,4.0,5.0,3.0,4.0,4.0,4.0,3.0,4.0,4.0,4.0,4.0,2.0,4.0,4.0,4.0,4.0,3.0,5.0,3.0,3.0,3.0,3.0,3.0,1.0,3.0,3.0,,,,,,1.0,,1.0,,,1.0,,,,,3.0,3.0,3.0,3.0,2.0,,3.0,1.0,,,,,,6.0,4.0,3.0,3.0,4.0,2.0,3.0,4.0,3.0,5.0,3.0,4.0,3.0,2.0,4.0,3.0,3.0,4.0,3.0,4.0,4.0,3.0,4.0,3.0,6.0,3.0,,,,,,1.0,,,8.0,8.0,8.0,8.0,8.0,3.0,8.0,8.0,8.0,3.0,5.0,5.0,4.0,1.0,,,,,,1.0,1.0,,3.0,4.0,2.0,2.0,2.0,3.0,1.0,2.0,3.0,1.0,3.0,3.0,3.0,2.0,2.0,2.0,3.0,5.0,5.0,5.0,5.0,3.0,4.0,,,1.0,,,1.0,,,,1.0,1.0,,,,,,,,1.0,,,,3.0,4.0,2.0,6.0,4.0,2.0,1.0,0.0,3.0,3.0,2.0,5.0,3.0,3.0,1.0,1.0,7.0,1.0,1.0,,,,,1.0,,,,,,3.0,3.0,3.0,3.0,3.0,0.3495454529394512
921.0,2.0,19.0,1.0,4.0,3.0,16.0,3.0,5.0,5.0,2.0,,,,,,1.0,,,,,,1.0,,,,,,,,,1.0,,,,3.0,1.0,3.0,3.0,2.0,3.0,4.0,2.0,1.0,3.0,4.0,1.0,2.0,2.0,1.0,3.0,3.0,2.0,3.0,3.0,1.0,2.0,4.0,3.0,3.0,3.0,4.0,6.0,7.0,2.0,7.0,2.0,5.0,8.0,1.0,5.0,8.0,3.0,5.0,7.0,8.0,2.0,1.0,1.0,2.0,1.0,1.0,2.0,3.0,,,,,1.0,,,,,,1.0,1.0,,,,2.0,4.0,2.0,3.0,1.0,4.0,3.0,,,1.0,,,,1.0,4.0,2.0,7.0,10.0,3.0,10.0,9.0,7.0,5.0,7.0,9.0,8.0,99.0,0.0,3.0,7.0,5.0,6.0,99.0,4.0,9.0,3.0,1.0,3.0,2.0,,,1.0,1.0,,,,,7.0,8.0,2.0,8.0,1.0,8.0,6.0,3.0,8.0,1.0,3.0,3.0,3.0,2.0,,,,,,,,1.0,2.0,2.0,2.0,3.0,2.0,3.0,1.0,3.0,3.0,2.0,1.0,3.0,2.0,1.0,3.0,2.0,3.0,4.0,1.0,1.0,1.0,5.0,3.0,,,1.0,,1.0,,,,,,1.0,,,,,,,,,,1.0,,5.0,9.0,99.0,99.0,7.0,6.0,99.0,8.0,6.0,0.0,6.0,10.0,6.0,10.0,0.0,0.0,6.0,6.0,1.0,,,,,1.0,1.0,,,,,2.0,1.0,1.0,1.0,12.0,0.9465564673213529
922.0,2.0,54.0,4.0,3.0,2.0,16.0,6.0,1.0,1.0,1.0,1.0,,,,,,,,,,,,1.0,,,,,,,,1.0,,,,3.0,2.0,2.0,3.0,1.0,1.0,3.0,3.0,3.0,3.0,1.0,3.0,3.0,3.0,3.0,3.0,1.0,2.0,1.0,2.0,1.0,2.0,1.0,2.0,1.0,2.0,5.0,1.0,0.0,2.0,4.0,1.0,6.0,3.0,1.0,5.0,2.0,2.0,6.0,2.0,1.0,2.0,1.0,1.0,1.0,1.0,1.0,1.0,2.0,,,1.0,,,,,,,1.0,1.0,,,,,2.0,3.0,2.0,2.0,1.0,2.0,3.0,1.0,,,,,,3.0,2.0,2.0,3.0,2.0,1.0,6.0,6.0,5.0,4.0,4.0,5.0,3.0,5.0,4.0,4.0,1.0,5.0,4.0,4.0,5.0,3.0,6.0,4.0,3.0,2.0,,1.0,,1.0,,,1.0,,1.0,1.0,1.0,1.0,1.0,1.0,1.0,1.0,1.0,2.0,2.0,3.0,2.0,1.0,,1.0,,,,,1.0,,1.0,3.0,2.0,2.0,2.0,1.0,1.0,2.0,3.0,1.0,1.0,1.0,1.0,2.0,2.0,2.0,2.0,2.0,2.0,2.0,2.0,1.0,1.0,,1.0,1.0,,,,,1.0,1.0,,,,,,,,1.0,1.0,1.0,,,,6.0,5.0,0.0,3.0,2.0,2.0,9.0,10.0,6.0,8.0,10.0,2.0,7.0,2.0,1.0,0.0,7.0,1.0,1.0,,,,1.0,,,1.0,,,,1.0,1.0,1.0,1.0,1.0,1.3416059375156335
923.0,1.0,54.0,4.0,3.0,2.0,16.0,4.0,1.0,4.0,1.0,,,,,,,,,,1.0,,,,,,,1.0,,,,1.0,,,,3.0,3.0,2.0,4.0,3.0,3.0,3.0,3.0,3.0,3.0,3.0,3.0,3.0,3.0,3.0,3.0,3.0,4.0,3.0,2.0,2.0,4.0,2.0,4.0,1.0,7.0,8.0,7.0,9.0,7.0,8.0,7.0,7.0,7.0,6.0,8.0,7.0,8.0,10.0,6.0,7.0,3.0,3.0,3.0,3.0,3.0,3.0,3.0,4.0,,,,,,,1.0,1.0,1.0,,,,,,,3.0,4.0,3.0,4.0,2.0,,3.0,,,,,1.0,,3.0,2.0,8.0,8.0,8.0,0.0,6.0,5.0,8.0,6.0,7.0,9.0,6.0,5.0,9.0,8.0,6.0,6.0,5.0,7.0,7.0,7.0,6.0,8.0,3.0,4.0,,,,1.0,,,,,1.0,1.0,1.0,1.0,1.0,1.0,1.0,1.0,1.0,4.0,3.0,3.0,3.0,3.0,,,,,,1.0,1.0,,3.0,3.0,2.0,3.0,1.0,2.0,3.0,2.0,3.0,3.0,2.0,1.0,2.0,1.0,1.0,1.0,3.0,4.0,2.0,2.0,4.0,2.0,3.0,,,,,1.0,1.0,,1.0,,,,,,,,1.0,,,,,,,7.0,6.0,9.0,6.0,6.0,7.0,5.0,7.0,6.0,5.0,6.0,4.0,6.0,7.0,7.0,6.0,6.0,3.0,1.0,,,,1.0,,,1.0,,,,3.0,3.0,3.0,1.0,1.0,0.5930380431476111
924.0,1.0,27.0,2.0,5.0,3.0,16.0,4.0,1.0,4.0,1.0,,,,,,,,,,,,,,,,,,,,,,,,1.0,3.0,2.0,2.0,3.0,2.0,1.0,2.0,1.0,2.0,1.0,2.0,1.0,2.0,3.0,1.0,3.0,1.0,3.0,3.0,3.0,3.0,3.0,3.0,3.0,3.0,5.0,5.0,5.0,5.0,5.0,5.0,5.0,5.0,5.0,5.0,5.0,5.0,5.0,5.0,5.0,5.0,2.0,1.0,1.0,1.0,2.0,1.0,1.0,3.0,,,,,,,,,1.0,1.0,,1.0,,,,3.0,3.0,3.0,3.0,2.0,,3.0,,,,,1.0,,3.0,2.0,5.0,5.0,5.0,5.0,5.0,5.0,5.0,5.0,5.0,5.0,5.0,5.0,5.0,5.0,5.0,5.0,5.0,5.0,4.0,5.0,5.0,5.0,3.0,3.0,,,,,,1.0,,,8.0,8.0,8.0,8.0,8.0,8.0,8.0,8.0,8.0,3.0,3.0,3.0,3.0,3.0,,,,,,,,1.0,5.0,3.0,3.0,3.0,3.0,3.0,3.0,3.0,3.0,3.0,3.0,3.0,3.0,3.0,3.0,3.0,3.0,3.0,3.0,3.0,4.0,3.0,3.0,1.0,,,,1.0,,,,1.0,,,,,,1.0,,,,,,,,5.0,5.0,5.0,5.0,5.0,5.0,5.0,5.0,5.0,5.0,5.0,5.0,5.0,5.0,5.0,5.0,5.0,3.0,1.0,,,,,,1.0,,,,,1.0,1.0,1.0,11.0,10.0,1.1200606752383615
925.0,2.0,22.0,1.0,2.0,3.0,16.0,2.0,3.0,5.0,1.0,,,,1.0,,,,,,,,,,,,,1.0,,,,1.0,,,,1.0,2.0,8.0,,2.0,3.0,1.0,2.0,1.0,2.0,1.0,2.0,3.0,3.0,3.0,1.0,2.0,3.0,5.0,2.0,3.0,2.0,4.0,3.0,1.0,9.0,8.0,8.0,7.0,9.0,9.0,8.0,8.0,9.0,7.0,8.0,8.0,8.0,7.0,7.0,9.0,1.0,1.0,1.0,1.0,2.0,1.0,1.0,3.0,,1.0,1.0,,,,,,,1.0,,,,,,3.0,2.0,2.0,2.0,1.0,2.0,2.0,,,,,1.0,,2.0,3.0,3.0,9.0,7.0,6.0,7.0,5.0,8.0,8.0,6.0,3.0,8.0,5.0,5.0,6.0,5.0,4.0,7.0,9.0,8.0,5.0,6.0,7.0,3.0,2.0,,,1.0,,,,,,2.0,2.0,2.0,2.0,2.0,2.0,2.0,2.0,2.0,4.0,2.0,2.0,4.0,2.0,,,,1.0,1.0,1.0,1.0,,2.0,3.0,2.0,2.0,2.0,2.0,2.0,1.0,2.0,1.0,2.0,2.0,2.0,2.0,2.0,2.0,2.0,3.0,1.0,3.0,4.0,3.0,2.0,,,1.0,1.0,,,,1.0,,,1.0,,,,,,1.0,,1.0,,,,5.0,5.0,3.0,4.0,5.0,5.0,8.0,6.0,5.0,3.0,7.0,8.0,8.0,3.0,4.0,5.0,6.0,3.0,1.0,,,,,,1.0,,,,,2.0,2.0,1.0,2.0,3.0,1.2788017844775883
926.0,2.0,51.0,4.0,1.0,3.0,16.0,4.0,1.0,2.0,1.0,,,,,,1.0,,,1.0,,,,,,,,1.0,,,,,,,,2.0,2.0,2.0,3.0,3.0,3.0,2.0,4.0,3.0,1.0,2.0,3.0,3.0,3.0,3.0,3.0,2.0,3.0,3.0,3.0,2.0,3.0,3.0,3.0,2.0,7.0,8.0,6.0,6.0,7.0,7.0,7.0,7.0,8.0,5.0,7.0,6.0,6.0,7.0,8.0,7.0,1.0,1.0,1.0,1.0,1.0,2.0,1.0,2.0,1.0,,,,,,,,1.0,,,,1.0,,,2.0,2.0,2.0,2.0,1.0,4.0,2.0,1.0,,,,,,2.0,2.0,8.0,9.0,7.0,7.0,8.0,9.0,7.0,8.0,7.0,8.0,7.0,8.0,8.0,8.0,7.0,8.0,8.0,7.0,9.0,7.0,8.0,7.0,4.0,2.0,1.0,1.0,,1.0,,,,,1.0,1.0,3.0,1.0,1.0,2.0,2.0,1.0,1.0,1.0,2.0,2.0,2.0,2.0,,,,,,,1.0,,1.0,2.0,2.0,2.0,1.0,2.0,1.0,1.0,1.0,1.0,1.0,1.0,2.0,1.0,1.0,2.0,2.0,2.0,2.0,2.0,3.0,2.0,3.0,1.0,1.0,,,,,1.0,,,,1.0,,,,,1.0,,1.0,,,,,4.0,5.0,2.0,5.0,4.0,3.0,5.0,0.0,8.0,4.0,4.0,7.0,6.0,4.0,6.0,7.0,7.0,1.0,1.0,,,,1.0,,,1.0,,,,1.0,1.0,1.0,1.0,2.0,1.245835789408097
927.0,1.0,75.0,6.0,5.0,2.0,16.0,5.0,2.0,3.0,1.0,,,,,,1.0,,,,,1.0,,,,,,,,,,1.0,,,,3.0,2.0,4.0,,3.0,3.0,3.0,3.0,3.0,3.0,3.0,3.0,3.0,3.0,3.0,3.0,3.0,4.0,4.0,4.0,4.0,4.0,4.0,4.0,4.0,5.0,6.0,6.0,6.0,6.0,6.0,5.0,6.0,7.0,7.0,6.0,6.0,6.0,7.0,6.0,5.0,1.0,1.0,1.0,1.0,1.0,1.0,1.0,2.0,,,,,1.0,,1.0,,1.0,,,,,,,2.0,2.0,2.0,3.0,2.0,,2.0,,,,1.0,,,3.0,2.0,8.0,7.0,7.0,6.0,5.0,7.0,6.0,6.0,5.0,8.0,5.0,8.0,8.0,6.0,6.0,9.0,7.0,7.0,8.0,5.0,8.0,7.0,4.0,3.0,,,,,1.0,,,,3.0,3.0,3.0,3.0,3.0,3.0,3.0,3.0,3.0,3.0,3.0,3.0,3.0,2.0,,,,,,1.0,1.0,,1.0,3.0,3.0,3.0,1.0,3.0,3.0,3.0,3.0,1.0,3.0,1.0,1.0,3.0,3.0,3.0,2.0,2.0,2.0,2.0,1.0,1.0,1.0,1.0,,,,,1.0,,1.0,,,1.0,,,,1.0,,,,,,,,4.0,6.0,2.0,4.0,1.0,3.0,9.0,10.0,5.0,9.0,10.0,7.0,6.0,5.0,0.0,0.0,7.0,1.0,2.0,13.0,,,1.0,,,,,,,2.0,2.0,3.0,3.0,3.0,0.6014680154101033
928.0,2.0,49.0,4.0,2.0,2.0,16.0,5.0,2.0,2.0,1.0,1.0,,,,,1.0,,,,,,,,,,,,,,1.0,,,,,4.0,3.0,4.0,,1.0,1.0,1.0,3.0,3.0,1.0,1.0,2.0,2.0,1.0,1.0,1.0,1.0,1.0,1.0,1.0,1.0,4.0,2.0,1.0,4.0,4.0,5.0,5.0,5.0,5.0,4.0,5.0,6.0,4.0,4.0,5.0,5.0,4.0,5.0,5.0,4.0,1.0,1.0,1.0,1.0,1.0,1.0,1.0,4.0,,,1.0,,,,,,,,1.0,1.0,,,,2.0,3.0,2.0,4.0,1.0,2.0,2.0,1.0,,,,,,3.0,2.0,4.0,5.0,3.0,4.0,5.0,4.0,5.0,4.0,4.0,4.0,5.0,5.0,2.0,4.0,4.0,4.0,4.0,4.0,5.0,4.0,4.0,4.0,4.0,2.0,,,,1.0,,,1.0,,2.0,2.0,2.0,2.0,2.0,2.0,2.0,2.0,2.0,3.0,2.0,2.0,2.0,3.0,,,,,,,1.0,,1.0,2.0,3.0,3.0,3.0,3.0,3.0,3.0,3.0,3.0,3.0,3.0,3.0,3.0,3.0,3.0,1.0,1.0,1.0,1.0,3.0,3.0,3.0,1.0,,1.0,,,,,,,1.0,,,,,,,,,1.0,,,,1.0,4.0,0.0,5.0,3.0,4.0,8.0,10.0,10.0,7.0,10.0,2.0,6.0,3.0,1.0,0.0,7.0,1.0,1.0,,,,,1.0,1.0,,,,,1.0,1.0,1.0,2.0,2.0,0.7194216960874332
929.0,1.0,23.0,1.0,2.0,2.0,16.0,4.0,1.0,3.0,1.0,,,,,,,,,,,,,,,,1.0,,,,,,,,,3.0,2.0,2.0,2.0,2.0,3.0,2.0,2.0,2.0,2.0,3.0,1.0,2.0,3.0,2.0,2.0,2.0,3.0,4.0,2.0,2.0,4.0,2.0,2.0,2.0,6.0,7.0,6.0,4.0,4.0,6.0,6.0,6.0,7.0,5.0,4.0,6.0,5.0,3.0,5.0,5.0,2.0,2.0,1.0,2.0,2.0,2.0,1.0,2.0,1.0,,1.0,,,,,,,1.0,,,,,,3.0,2.0,2.0,3.0,1.0,2.0,2.0,1.0,,,,1.0,,4.0,3.0,4.0,5.0,7.0,4.0,6.0,5.0,4.0,7.0,6.0,6.0,4.0,5.0,6.0,8.0,0.0,4.0,4.0,6.0,5.0,4.0,2.0,6.0,4.0,3.0,,,,,,1.0,1.0,,6.0,8.0,5.0,6.0,5.0,7.0,3.0,5.0,5.0,4.0,1.0,3.0,3.0,3.0,,,,,,1.0,,,4.0,2.0,2.0,3.0,1.0,1.0,1.0,1.0,2.0,1.0,1.0,1.0,1.0,2.0,3.0,1.0,3.0,2.0,2.0,2.0,4.0,3.0,1.0,,,1.0,,,1.0,,,1.0,1.0,,,,,,,,,1.0,,,,4.0,3.0,5.0,6.0,3.0,6.0,7.0,4.0,4.0,2.0,5.0,8.0,5.0,5.0,9.0,1.0,5.0,6.0,3.0,,63.0,,,1.0,1.0,,1.0,,,1.0,1.0,2.0,6.0,8.0,1.8034253637652158
930.0,2.0,35.0,3.0,3.0,2.0,16.0,4.0,3.0,7.0,1.0,,,,,1.0,,,,,,,,,,,,,,,1.0,1.0,,,,4.0,2.0,6.0,,1.0,1.0,3.0,1.0,3.0,3.0,1.0,3.0,3.0,3.0,3.0,3.0,1.0,2.0,2.0,3.0,2.0,2.0,1.0,3.0,2.0,7.0,6.0,5.0,3.0,5.0,6.0,5.0,7.0,5.0,3.0,6.0,5.0,4.0,5.0,5.0,8.0,2.0,1.0,1.0,1.0,2.0,2.0,2.0,5.0,,1.0,,,,1.0,,,,1.0,,,,,,2.0,2.0,2.0,4.0,2.0,,2.0,1.0,,1.0,,,,4.0,2.0,3.0,5.0,5.0,2.0,0.0,5.0,4.0,5.0,4.0,7.0,4.0,5.0,8.0,4.0,3.0,5.0,5.0,4.0,7.0,8.0,6.0,4.0,5.0,2.0,1.0,,1.0,,1.0,,1.0,,8.0,8.0,8.0,8.0,8.0,8.0,8.0,8.0,8.0,4.0,3.0,2.0,2.0,2.0,,,,,,,1.0,,1.0,3.0,3.0,3.0,1.0,3.0,3.0,3.0,3.0,3.0,3.0,3.0,3.0,3.0,2.0,3.0,2.0,2.0,2.0,2.0,2.0,2.0,2.0,,1.0,,1.0,,,,,1.0,,1.0,,,,,,1.0,,,,,,0.0,4.0,0.0,5.0,4.0,5.0,7.0,99.0,10.0,5.0,10.0,6.0,6.0,6.0,4.0,0.0,5.0,5.0,1.0,,,1.0,,,,,,,,2.0,2.0,3.0,11.0,10.0,1.7239548014837274
931.0,1.0,61.0,5.0,5.0,2.0,16.0,4.0,1.0,2.0,1.0,,,,,,1.0,,,,,,,,,,,1.0,,,,1.0,,,,3.0,2.0,2.0,3.0,3.0,3.0,3.0,3.0,3.0,3.0,3.0,3.0,3.0,3.0,3.0,3.0,3.0,4.0,4.0,4.0,3.0,4.0,3.0,4.0,4.0,5.0,7.0,4.0,5.0,3.0,5.0,5.0,3.0,5.0,5.0,5.0,5.0,4.0,6.0,6.0,4.0,1.0,1.0,1.0,3.0,1.0,1.0,1.0,3.0,,,,,1.0,,,,,,1.0,,,1.0,,3.0,3.0,4.0,3.0,2.0,,3.0,1.0,,,1.0,,,3.0,2.0,4.0,5.0,6.0,6.0,7.0,7.0,6.0,7.0,6.0,6.0,6.0,7.0,6.0,4.0,5.0,5.0,6.0,7.0,5.0,6.0,4.0,5.0,3.0,5.0,,,,1.0,,,1.0,,6.0,3.0,6.0,4.0,1.0,2.0,4.0,6.0,6.0,4.0,3.0,1.0,3.0,2.0,,,,,,,1.0,,3.0,3.0,2.0,1.0,1.0,2.0,1.0,1.0,3.0,1.0,3.0,1.0,3.0,2.0,3.0,3.0,2.0,2.0,2.0,2.0,1.0,2.0,3.0,,,1.0,,,1.0,,,,1.0,,,,,1.0,,,,,1.0,,,6.0,4.0,5.0,5.0,5.0,5.0,5.0,4.0,6.0,3.0,4.0,5.0,4.0,3.0,7.0,7.0,4.0,5.0,1.0,,,,1.0,,,1.0,,,,3.0,3.0,3.0,12.0,11.0,0.4301507636469946
932.0,2.0,27.0,2.0,5.0,3.0,16.0,6.0,1.0,2.0,2.0,1.0,,,,,,,,,1.0,,,,,,,1.0,,,,,,,,3.0,2.0,2.0,5.0,3.0,3.0,3.0,3.0,3.0,3.0,1.0,3.0,3.0,3.0,3.0,3.0,2.0,2.0,2.0,2.0,2.0,2.0,3.0,3.0,3.0,6.0,6.0,7.0,5.0,5.0,5.0,5.0,8.0,7.0,0.0,4.0,0.0,5.0,6.0,7.0,5.0,2.0,1.0,1.0,1.0,1.0,2.0,1.0,4.0,,,1.0,,1.0,,,,,,1.0,,,,,4.0,4.0,2.0,5.0,2.0,,1.0,1.0,,,1.0,,,4.0,3.0,0.0,2.0,0.0,0.0,0.0,0.0,0.0,0.0,0.0,0.0,0.0,0.0,0.0,0.0,0.0,0.0,0.0,0.0,0.0,0.0,0.0,0.0,5.0,1.0,1.0,1.0,1.0,1.0,1.0,1.0,1.0,,2.0,2.0,2.0,2.0,2.0,2.0,2.0,2.0,2.0,1.0,1.0,1.0,4.0,3.0,,1.0,,,,,,,5.0,1.0,2.0,2.0,1.0,2.0,3.0,3.0,3.0,3.0,3.0,3.0,3.0,2.0,2.0,3.0,2.0,2.0,2.0,2.0,2.0,2.0,2.0,,1.0,1.0,,,,,,1.0,,,,,,,1.0,,,,,,,2.0,8.0,0.0,8.0,0.0,3.0,8.0,10.0,8.0,7.0,10.0,0.0,6.0,4.0,0.0,0.0,8.0,5.0,1.0,,,,,,,,,,1.0,1.0,1.0,1.0,2.0,2.0,0.6729052829575184
933.0,1.0,50.0,4.0,5.0,2.0,16.0,3.0,3.0,4.0,1.0,,,,,,,,,,,,,,,,,,,,,,,,1.0,3.0,4.0,5.0,,3.0,3.0,3.0,3.0,3.0,3.0,3.0,3.0,3.0,3.0,3.0,3.0,3.0,3.0,3.0,3.0,3.0,3.0,3.0,3.0,3.0,99.0,99.0,99.0,99.0,99.0,99.0,99.0,99.0,99.0,99.0,99.0,99.0,99.0,99.0,99.0,99.0,2.0,2.0,2.0,2.0,2.0,2.0,2.0,5.0,1.0,,1.0,,1.0,,,,,,,,,,,5.0,5.0,5.0,5.0,2.0,,5.0,,,,,,1.0,6.0,4.0,99.0,99.0,6.0,6.0,5.0,99.0,4.0,6.0,99.0,8.0,8.0,99.0,6.0,6.0,6.0,6.0,99.0,8.0,99.0,6.0,8.0,9.0,6.0,5.0,,,,,,1.0,,,8.0,8.0,8.0,8.0,8.0,8.0,8.0,8.0,8.0,5.0,5.0,5.0,5.0,2.0,,,,,,,,1.0,5.0,5.0,3.0,2.0,3.0,3.0,1.0,3.0,3.0,1.0,1.0,1.0,1.0,3.0,3.0,3.0,2.0,3.0,3.0,3.0,3.0,3.0,3.0,1.0,1.0,,,,,1.0,,,1.0,,,,,,,,1.0,1.0,,,,99.0,99.0,99.0,99.0,99.0,99.0,99.0,99.0,99.0,5.0,4.0,5.0,5.0,5.0,5.0,5.0,3.0,3.0,1.0,,,,1.0,1.0,,,,,,2.0,2.0,2.0,4.0,4.0,0.3805152045370245
934.0,1.0,33.0,2.0,5.0,1.0,16.0,6.0,1.0,2.0,1.0,,,,,,,,1.0,,1.0,,,,,,,,,,,,,,,2.0,2.0,2.0,3.0,3.0,3.0,3.0,2.0,3.0,2.0,3.0,3.0,3.0,2.0,3.0,3.0,3.0,3.0,3.0,3.0,3.0,3.0,3.0,3.0,2.0,3.0,6.0,4.0,4.0,3.0,3.0,8.0,4.0,6.0,3.0,4.0,5.0,5.0,4.0,4.0,3.0,1.0,1.0,1.0,1.0,2.0,2.0,3.0,2.0,1.0,,,,,,1.0,,,,,1.0,,,,3.0,3.0,2.0,3.0,2.0,,3.0,,1.0,1.0,,,,3.0,2.0,6.0,8.0,5.0,2.0,2.0,5.0,6.0,7.0,4.0,7.0,3.0,6.0,6.0,6.0,2.0,5.0,4.0,4.0,8.0,7.0,4.0,4.0,3.0,2.0,,,1.0,,,,1.0,,2.0,2.0,2.0,4.0,2.0,2.0,2.0,2.0,2.0,2.0,3.0,2.0,3.0,1.0,,,,,,,1.0,,2.0,3.0,2.0,2.0,1.0,1.0,1.0,1.0,1.0,2.0,1.0,1.0,3.0,2.0,2.0,2.0,2.0,3.0,2.0,2.0,3.0,3.0,3.0,,,,1.0,,1.0,,1.0,,1.0,,,,,,,1.0,,1.0,,,,3.0,5.0,1.0,4.0,3.0,3.0,6.0,10.0,7.0,7.0,9.0,5.0,6.0,7.0,2.0,1.0,7.0,5.0,1.0,,,,1.0,,,,,,,2.0,2.0,2.0,2.0,2.0,1.3303440520792333
935.0,1.0,47.0,4.0,5.0,1.0,16.0,6.0,1.0,2.0,1.0,1.0,,,,,1.0,,,,,,,,,,,,,,1.0,,,,,2.0,1.0,2.0,4.0,3.0,1.0,3.0,3.0,3.0,3.0,2.0,3.0,3.0,2.0,3.0,3.0,2.0,4.0,3.0,3.0,3.0,4.0,3.0,4.0,3.0,9.0,9.0,6.0,9.0,9.0,7.0,9.0,9.0,9.0,6.0,6.0,6.0,9.0,8.0,9.0,5.0,1.0,1.0,1.0,1.0,1.0,1.0,1.0,1.0,,,,,,,,,1.0,1.0,,1.0,,,,1.0,3.0,1.0,3.0,2.0,,1.0,,,,1.0,,,2.0,1.0,5.0,7.0,6.0,5.0,5.0,5.0,5.0,5.0,5.0,5.0,5.0,5.0,5.0,5.0,5.0,5.0,5.0,5.0,5.0,5.0,5.0,5.0,4.0,1.0,1.0,,,,,,,,1.0,1.0,1.0,1.0,1.0,1.0,1.0,1.0,1.0,3.0,1.0,1.0,4.0,2.0,1.0,,,,,,1.0,,1.0,1.0,2.0,2.0,2.0,2.0,3.0,3.0,3.0,2.0,3.0,2.0,3.0,2.0,2.0,3.0,3.0,3.0,3.0,3.0,2.0,2.0,2.0,1.0,1.0,,,,,,,1.0,,,,,,,,1.0,,1.0,1.0,,,5.0,8.0,5.0,5.0,5.0,5.0,5.0,5.0,6.0,8.0,7.0,7.0,4.0,4.0,5.0,4.0,8.0,1.0,1.0,,,,1.0,,,,,,,1.0,1.0,1.0,1.0,1.0,0.586342073234104
936.0,1.0,29.0,2.0,3.0,2.0,16.0,6.0,1.0,3.0,2.0,,,,,1.0,,,,,,1.0,1.0,,,,,,,,,,,,,2.0,3.0,2.0,1.0,3.0,3.0,3.0,3.0,3.0,3.0,3.0,3.0,3.0,3.0,3.0,3.0,3.0,3.0,3.0,2.0,3.0,4.0,4.0,3.0,3.0,9.0,6.0,8.0,7.0,8.0,7.0,8.0,8.0,7.0,7.0,10.0,9.0,7.0,8.0,7.0,8.0,2.0,2.0,2.0,2.0,3.0,2.0,1.0,4.0,,,,,,,,,1.0,,,,1.0,1.0,,3.0,1.0,4.0,3.0,2.0,,2.0,1.0,,,,,,6.0,3.0,9.0,9.0,8.0,4.0,8.0,2.0,10.0,8.0,8.0,8.0,8.0,7.0,8.0,8.0,10.0,5.0,10.0,10.0,8.0,9.0,7.0,9.0,3.0,3.0,,,,,,1.0,,,2.0,2.0,2.0,2.0,2.0,2.0,2.0,2.0,2.0,2.0,3.0,2.0,3.0,3.0,1.0,1.0,,1.0,,,,,4.0,4.0,2.0,1.0,1.0,2.0,2.0,1.0,2.0,1.0,1.0,2.0,3.0,2.0,3.0,1.0,1.0,2.0,4.0,3.0,3.0,2.0,5.0,,,1.0,1.0,,,,1.0,,,1.0,,,,,,,,,,1.0,,8.0,3.0,10.0,5.0,10.0,5.0,0.0,0.0,10.0,10.0,10.0,0.0,5.0,3.0,0.0,0.0,2.0,5.0,1.0,,,,,,1.0,,,1.0,,2.0,3.0,2.0,2.0,2.0,1.1937412464786918
937.0,2.0,26.0,2.0,1.0,2.0,16.0,3.0,5.0,6.0,1.0,,,,,,,,,1.0,,,,,,,,,,1.0,,,,,,1.0,1.0,3.0,1.0,2.0,3.0,4.0,2.0,2.0,1.0,1.0,3.0,3.0,1.0,3.0,2.0,1.0,1.0,1.0,1.0,1.0,2.0,1.0,1.0,1.0,10.0,10.0,10.0,9.0,10.0,10.0,6.0,10.0,10.0,10.0,10.0,8.0,10.0,9.0,10.0,10.0,1.0,1.0,1.0,3.0,1.0,1.0,2.0,1.0,,,,,1.0,,,,,,,1.0,,1.0,,1.0,1.0,1.0,1.0,1.0,6.0,1.0,,,,,1.0,,1.0,1.0,10.0,10.0,10.0,10.0,10.0,8.0,10.0,10.0,10.0,10.0,10.0,10.0,4.0,10.0,10.0,10.0,8.0,10.0,9.0,10.0,7.0,10.0,3.0,1.0,,,1.0,,,,,,5.0,7.0,2.0,4.0,7.0,5.0,2.0,4.0,1.0,1.0,1.0,1.0,2.0,1.0,,,,1.0,,,,,2.0,1.0,1.0,1.0,1.0,1.0,1.0,1.0,1.0,1.0,1.0,1.0,1.0,1.0,1.0,1.0,2.0,3.0,3.0,3.0,5.0,1.0,4.0,,,,1.0,1.0,,,,1.0,,,,,,,,,,,1.0,,,10.0,10.0,10.0,10.0,10.0,10.0,10.0,10.0,10.0,9.0,10.0,10.0,10.0,10.0,10.0,10.0,3.0,6.0,1.0,,,,,1.0,1.0,,1.0,,,1.0,1.0,2.0,2.0,1.0,1.258830460597793
938.0,2.0,33.0,2.0,5.0,2.0,16.0,7.0,1.0,4.0,1.0,,,,,,,,,,1.0,,,,,,,1.0,,,,1.0,,,,2.0,1.0,2.0,4.0,2.0,2.0,3.0,3.0,3.0,3.0,3.0,3.0,3.0,3.0,3.0,3.0,3.0,3.0,3.0,3.0,3.0,4.0,4.0,3.0,3.0,8.0,7.0,7.0,7.0,7.0,7.0,7.0,9.0,8.0,6.0,6.0,7.0,6.0,7.0,7.0,7.0,1.0,1.0,3.0,3.0,3.0,1.0,3.0,3.0,,1.0,,,,1.0,,,1.0,,,,,,,2.0,2.0,2.0,2.0,2.0,,2.0,1.0,,,,,,2.0,2.0,6.0,6.0,7.0,5.0,9.0,7.0,5.0,6.0,7.0,8.0,5.0,7.0,9.0,7.0,6.0,7.0,6.0,6.0,7.0,6.0,6.0,7.0,3.0,2.0,,,,1.0,,,,,1.0,1.0,1.0,1.0,1.0,1.0,1.0,1.0,1.0,2.0,4.0,4.0,4.0,1.0,1.0,,,,,,,,2.0,2.0,3.0,3.0,1.0,3.0,1.0,2.0,3.0,2.0,3.0,3.0,2.0,2.0,3.0,3.0,2.0,3.0,3.0,2.0,4.0,3.0,3.0,,1.0,,,,1.0,,,,,1.0,,,1.0,,1.0,,,,,,,5.0,5.0,5.0,4.0,5.0,5.0,7.0,3.0,5.0,7.0,9.0,5.0,7.0,5.0,6.0,5.0,8.0,1.0,1.0,,,1.0,,,,,,,,2.0,2.0,2.0,1.0,1.0,0.5383493753231432
939.0,2.0,44.0,3.0,1.0,2.0,16.0,5.0,1.0,6.0,2.0,1.0,,,,,,,1.0,,,,,1.0,,,,,,,,,,,,2.0,1.0,2.0,4.0,3.0,3.0,3.0,3.0,3.0,3.0,3.0,3.0,3.0,3.0,3.0,3.0,3.0,4.0,3.0,3.0,3.0,3.0,3.0,3.0,3.0,4.0,5.0,5.0,6.0,4.0,6.0,5.0,4.0,5.0,5.0,4.0,5.0,4.0,5.0,5.0,4.0,2.0,2.0,2.0,2.0,2.0,1.0,2.0,5.0,,1.0,,,,1.0,,,,,,1.0,,,,3.0,2.0,2.0,3.0,2.0,,2.0,,1.0,,,,,6.0,2.0,5.0,3.0,5.0,5.0,6.0,4.0,5.0,5.0,5.0,6.0,4.0,7.0,5.0,4.0,6.0,5.0,4.0,5.0,5.0,5.0,5.0,5.0,4.0,2.0,,,,1.0,,,1.0,,8.0,8.0,8.0,8.0,8.0,8.0,8.0,8.0,8.0,4.0,2.0,3.0,4.0,2.0,,,,,,,,1.0,5.0,5.0,3.0,3.0,3.0,3.0,3.0,3.0,3.0,3.0,3.0,3.0,3.0,3.0,3.0,3.0,2.0,3.0,4.0,2.0,3.0,4.0,5.0,,,,1.0,,1.0,1.0,,,,,,,,,,,,1.0,,,,5.0,5.0,5.0,7.0,4.0,5.0,4.0,4.0,4.0,6.0,5.0,5.0,4.0,4.0,5.0,5.0,6.0,6.0,1.0,,,1.0,,,,,,,,1.0,1.0,1.0,13.0,12.0,1.0209844047963628
940.0,2.0,63.0,5.0,5.0,2.0,16.0,5.0,1.0,1.0,1.0,,,,,,1.0,,,,1.0,,,,,1.0,,,,,,,,,,2.0,2.0,2.0,4.0,3.0,3.0,3.0,3.0,3.0,3.0,3.0,3.0,3.0,3.0,3.0,3.0,3.0,3.0,3.0,4.0,3.0,4.0,4.0,4.0,3.0,8.0,7.0,8.0,7.0,7.0,7.0,8.0,9.0,9.0,6.0,6.0,6.0,6.0,6.0,5.0,6.0,2.0,1.0,1.0,1.0,1.0,1.0,1.0,2.0,1.0,,,,,,,1.0,,,,,,1.0,,2.0,2.0,5.0,2.0,2.0,,2.0,,,,1.0,1.0,,3.0,2.0,7.0,8.0,8.0,5.0,7.0,8.0,8.0,6.0,7.0,7.0,5.0,7.0,7.0,6.0,5.0,6.0,5.0,3.0,6.0,6.0,3.0,5.0,3.0,4.0,,,,1.0,,,,,3.0,3.0,3.0,3.0,3.0,3.0,3.0,3.0,3.0,2.0,4.0,2.0,2.0,2.0,,1.0,,,,,1.0,,2.0,2.0,3.0,2.0,3.0,3.0,3.0,3.0,1.0,1.0,1.0,1.0,2.0,2.0,2.0,3.0,2.0,2.0,2.0,2.0,2.0,2.0,2.0,,1.0,,1.0,,,,,,1.0,,,,,,,,,,1.0,,,3.0,6.0,0.0,5.0,3.0,3.0,9.0,10.0,5.0,10.0,10.0,6.0,7.0,7.0,3.0,0.0,7.0,1.0,1.0,,,,1.0,,,1.0,,,,1.0,1.0,1.0,3.0,3.0,1.071496983965886
941.0,2.0,39.0,3.0,1.0,2.0,16.0,7.0,1.0,2.0,1.0,,,,,,,,,,1.0,,,1.0,,,,1.0,,,,,,,,3.0,3.0,2.0,4.0,3.0,3.0,3.0,3.0,3.0,3.0,3.0,3.0,3.0,3.0,3.0,3.0,3.0,4.0,3.0,4.0,3.0,4.0,3.0,4.0,4.0,3.0,6.0,6.0,6.0,6.0,7.0,5.0,8.0,5.0,2.0,6.0,4.0,7.0,6.0,6.0,6.0,2.0,2.0,1.0,1.0,1.0,2.0,2.0,4.0,,,,,,1.0,,1.0,,,1.0,,,,,3.0,2.0,3.0,4.0,2.0,,3.0,1.0,,,,,,3.0,3.0,6.0,6.0,5.0,3.0,4.0,8.0,6.0,6.0,5.0,4.0,3.0,4.0,7.0,5.0,4.0,5.0,7.0,5.0,6.0,7.0,5.0,5.0,4.0,2.0,,1.0,,1.0,,1.0,1.0,,1.0,1.0,1.0,1.0,1.0,1.0,1.0,1.0,1.0,3.0,3.0,3.0,2.0,2.0,,1.0,,,,,1.0,,1.0,3.0,3.0,3.0,3.0,3.0,3.0,3.0,3.0,3.0,3.0,3.0,3.0,3.0,3.0,3.0,2.0,2.0,2.0,2.0,3.0,1.0,1.0,,1.0,,,,1.0,,,,1.0,1.0,,,,,,,1.0,,,,,5.0,7.0,4.0,6.0,6.0,5.0,8.0,10.0,4.0,7.0,5.0,4.0,4.0,4.0,3.0,6.0,8.0,3.0,2.0,14.0,,,1.0,,,,,,,1.0,2.0,2.0,1.0,1.0,1.0708300993678537
942.0,1.0,29.0,2.0,5.0,2.0,16.0,5.0,1.0,4.0,1.0,,,,1.0,,,,,,,,,,,,1.0,,1.0,,,,,,,3.0,2.0,3.0,3.0,1.0,2.0,2.0,2.0,1.0,2.0,4.0,3.0,3.0,2.0,3.0,3.0,2.0,2.0,2.0,2.0,2.0,4.0,3.0,1.0,3.0,5.0,5.0,6.0,5.0,4.0,7.0,7.0,3.0,4.0,6.0,6.0,10.0,2.0,6.0,4.0,7.0,2.0,2.0,1.0,3.0,2.0,3.0,2.0,3.0,,,1.0,,,,,,1.0,1.0,,,,,,2.0,4.0,4.0,2.0,2.0,,2.0,,1.0,1.0,,,,3.0,2.0,4.0,5.0,3.0,5.0,4.0,6.0,6.0,4.0,4.0,4.0,2.0,4.0,2.0,4.0,6.0,4.0,2.0,3.0,3.0,5.0,4.0,5.0,3.0,2.0,,,,,1.0,,1.0,,6.0,6.0,5.0,5.0,8.0,2.0,2.0,2.0,2.0,3.0,5.0,4.0,3.0,2.0,1.0,,,,,,,,3.0,3.0,2.0,3.0,2.0,3.0,3.0,3.0,1.0,3.0,1.0,3.0,1.0,1.0,3.0,3.0,2.0,2.0,5.0,3.0,3.0,1.0,5.0,,,,,1.0,1.0,1.0,,,,1.0,,,,,,,1.0,1.0,1.0,,,3.0,4.0,5.0,7.0,5.0,9.0,5.0,3.0,1.0,3.0,4.0,3.0,6.0,7.0,7.0,3.0,6.0,3.0,1.0,,,,1.0,,,,,,,2.0,1.0,2.0,1.0,1.0,0.8633460946941646
943.0,1.0,42.0,3.0,1.0,2.0,16.0,4.0,3.0,7.0,1.0,,,,,,,,1.0,,,,,,,,,,,,,,,,,2.0,2.0,1.0,5.0,2.0,1.0,3.0,3.0,3.0,3.0,2.0,3.0,3.0,4.0,2.0,2.0,1.0,3.0,3.0,3.0,3.0,4.0,3.0,3.0,3.0,8.0,7.0,5.0,6.0,4.0,9.0,5.0,8.0,7.0,6.0,8.0,6.0,8.0,8.0,5.0,9.0,1.0,1.0,1.0,2.0,1.0,1.0,1.0,3.0,,,,,,1.0,,,,1.0,,,1.0,,,4.0,3.0,4.0,5.0,1.0,2.0,3.0,,,,1.0,,,3.0,3.0,6.0,7.0,2.0,3.0,2.0,4.0,3.0,5.0,4.0,5.0,4.0,6.0,6.0,7.0,6.0,5.0,5.0,8.0,5.0,6.0,3.0,6.0,1.0,2.0,,,1.0,1.0,,,,,1.0,1.0,1.0,1.0,1.0,1.0,1.0,1.0,1.0,2.0,4.0,2.0,4.0,1.0,,1.0,,,,,,,4.0,2.0,1.0,3.0,3.0,1.0,3.0,3.0,3.0,1.0,3.0,1.0,1.0,3.0,3.0,3.0,2.0,4.0,5.0,4.0,2.0,2.0,5.0,1.0,1.0,,,,,,,,1.0,,,,,,,,,1.0,,,,5.0,99.0,99.0,99.0,99.0,99.0,99.0,99.0,3.0,99.0,99.0,99.0,99.0,99.0,99.0,99.0,6.0,5.0,1.0,,,1.0,,,,,,,,3.0,3.0,3.0,13.0,12.0,2.00001635438448
944.0,1.0,67.0,6.0,2.0,2.0,16.0,4.0,2.0,2.0,1.0,,,,,,,,,,,,,,,,,,,,,,,,1.0,2.0,2.0,4.0,,3.0,2.0,3.0,3.0,3.0,3.0,3.0,3.0,3.0,3.0,3.0,3.0,2.0,4.0,3.0,4.0,3.0,4.0,4.0,3.0,3.0,0.0,0.0,0.0,0.0,0.0,0.0,0.0,0.0,0.0,0.0,0.0,0.0,0.0,0.0,0.0,0.0,1.0,3.0,3.0,3.0,3.0,1.0,3.0,3.0,,,,,,1.0,,1.0,,,1.0,,,,,1.0,2.0,2.0,3.0,2.0,,4.0,1.0,,,,,,3.0,2.0,0.0,3.0,0.0,0.0,5.0,0.0,0.0,2.0,0.0,0.0,0.0,4.0,0.0,2.0,0.0,2.0,0.0,0.0,3.0,0.0,0.0,3.0,3.0,4.0,,,,,1.0,,,,8.0,8.0,8.0,8.0,8.0,8.0,8.0,8.0,8.0,5.0,5.0,5.0,5.0,1.0,,,,,,,,1.0,1.0,1.0,3.0,3.0,3.0,3.0,3.0,3.0,3.0,3.0,3.0,3.0,3.0,3.0,3.0,3.0,5.0,5.0,5.0,5.0,5.0,5.0,5.0,1.0,,,,,1.0,,,1.0,,1.0,,,,,,,,,,,1.0,5.0,99.0,99.0,99.0,99.0,99.0,99.0,99.0,99.0,99.0,99.0,99.0,99.0,99.0,99.0,99.0,5.0,5.0,1.0,,,,1.0,,,,,,,3.0,3.0,3.0,13.0,12.0,1.24560873746758
945.0,1.0,26.0,2.0,2.0,3.0,16.0,6.0,1.0,1.0,1.0,,,,1.0,,,1.0,,,,,,,,,,,,,,,1.0,,,2.0,1.0,2.0,4.0,3.0,2.0,4.0,3.0,3.0,3.0,3.0,3.0,3.0,3.0,3.0,3.0,2.0,3.0,3.0,3.0,3.0,4.0,4.0,3.0,3.0,7.0,6.0,5.0,7.0,3.0,4.0,7.0,7.0,6.0,3.0,4.0,4.0,4.0,6.0,5.0,5.0,1.0,1.0,1.0,1.0,1.0,1.0,1.0,2.0,1.0,1.0,,,,,,,,,,1.0,,,,2.0,3.0,2.0,3.0,2.0,,2.0,,1.0,1.0,,,,3.0,1.0,4.0,8.0,6.0,6.0,7.0,7.0,4.0,9.0,7.0,4.0,3.0,6.0,6.0,4.0,6.0,6.0,6.0,3.0,6.0,6.0,4.0,6.0,2.0,2.0,,,1.0,1.0,,,1.0,,1.0,1.0,1.0,1.0,1.0,1.0,1.0,1.0,1.0,3.0,2.0,2.0,2.0,1.0,,,,,,1.0,,,2.0,2.0,2.0,2.0,3.0,3.0,1.0,1.0,2.0,1.0,1.0,3.0,3.0,2.0,2.0,2.0,1.0,1.0,1.0,1.0,1.0,1.0,1.0,,,1.0,,,1.0,,1.0,,1.0,,,,,,,1.0,,,1.0,,,3.0,4.0,1.0,4.0,3.0,4.0,10.0,10.0,7.0,8.0,6.0,4.0,4.0,3.0,1.0,0.0,7.0,5.0,1.0,,,,1.0,,,,,,,2.0,2.0,2.0,1.0,1.0,2.000013253809977
946.0,1.0,19.0,1.0,3.0,2.0,16.0,4.0,1.0,2.0,1.0,,,,1.0,,,,,,1.0,1.0,,,,,,,,,,,,,,1.0,1.0,12.0,,4.0,2.0,4.0,4.0,4.0,3.0,4.0,2.0,3.0,1.0,4.0,4.0,4.0,5.0,4.0,4.0,2.0,1.0,3.0,3.0,5.0,10.0,7.0,8.0,9.0,9.0,5.0,7.0,9.0,8.0,8.0,4.0,10.0,6.0,7.0,7.0,4.0,2.0,1.0,2.0,1.0,3.0,3.0,3.0,1.0,,,,,,,1.0,1.0,1.0,,,,,,,4.0,3.0,1.0,3.0,1.0,1.0,1.0,1.0,,,,1.0,,1.0,2.0,5.0,6.0,4.0,6.0,99.0,8.0,8.0,7.0,5.0,7.0,8.0,3.0,6.0,6.0,6.0,9.0,6.0,99.0,9.0,4.0,5.0,8.0,3.0,3.0,,,,1.0,,,1.0,,4.0,2.0,8.0,8.0,3.0,7.0,7.0,8.0,8.0,4.0,1.0,5.0,2.0,1.0,1.0,,1.0,,,1.0,,,3.0,4.0,2.0,2.0,3.0,3.0,3.0,1.0,2.0,3.0,1.0,3.0,3.0,3.0,3.0,3.0,5.0,4.0,1.0,5.0,1.0,5.0,3.0,,,1.0,1.0,,,,,1.0,1.0,,,,1.0,,,1.0,,,,,,5.0,9.0,99.0,9.0,8.0,7.0,7.0,7.0,8.0,99.0,6.0,0.0,4.0,9.0,99.0,6.0,1.0,1.0,1.0,,,,,,,1.0,,,,3.0,3.0,2.0,4.0,5.0,1.6005761735141328
947.0,2.0,30.0,2.0,5.0,2.0,16.0,7.0,1.0,2.0,1.0,,,,,,,1.0,,,,,,,,,,1.0,,,,1.0,,,,3.0,2.0,2.0,3.0,3.0,3.0,3.0,3.0,3.0,3.0,3.0,3.0,3.0,3.0,3.0,3.0,3.0,4.0,4.0,3.0,3.0,4.0,4.0,4.0,4.0,5.0,3.0,7.0,5.0,7.0,4.0,5.0,6.0,6.0,3.0,5.0,5.0,6.0,5.0,6.0,5.0,1.0,1.0,1.0,1.0,1.0,1.0,1.0,3.0,,,1.0,,,1.0,,,,,1.0,,,,,2.0,2.0,2.0,3.0,1.0,5.0,3.0,,,,,,1.0,2.0,2.0,6.0,6.0,5.0,5.0,4.0,5.0,5.0,6.0,6.0,7.0,6.0,5.0,6.0,7.0,4.0,5.0,5.0,4.0,6.0,4.0,4.0,7.0,3.0,3.0,,,,1.0,,,,,8.0,1.0,8.0,8.0,8.0,1.0,1.0,3.0,3.0,4.0,3.0,3.0,2.0,1.0,,1.0,,1.0,1.0,,1.0,,1.0,1.0,3.0,3.0,3.0,3.0,3.0,3.0,3.0,3.0,3.0,3.0,3.0,3.0,3.0,3.0,2.0,2.0,2.0,2.0,4.0,3.0,2.0,1.0,,1.0,,,,,,,1.0,,,,,,,,1.0,1.0,,,,5.0,7.0,3.0,5.0,3.0,3.0,7.0,9.0,5.0,6.0,8.0,3.0,5.0,5.0,1.0,0.0,8.0,1.0,1.0,,,,1.0,,,,,,,1.0,1.0,2.0,3.0,3.0,0.5186773904162044
948.0,2.0,18.0,1.0,5.0,3.0,16.0,3.0,1.0,4.0,1.0,,,,,,1.0,,,,,,1.0,1.0,,,,,,,,,,,,3.0,2.0,10.0,,2.0,3.0,3.0,1.0,3.0,2.0,4.0,3.0,3.0,4.0,3.0,2.0,3.0,4.0,5.0,3.0,4.0,4.0,2.0,5.0,3.0,8.0,7.0,4.0,6.0,7.0,7.0,4.0,5.0,7.0,7.0,7.0,2.0,1.0,8.0,10.0,7.0,3.0,1.0,2.0,2.0,2.0,3.0,2.0,2.0,,,,,,1.0,,1.0,,,,,,1.0,,5.0,2.0,2.0,2.0,2.0,,2.0,1.0,1.0,,,,,2.0,2.0,2.0,6.0,6.0,8.0,5.0,3.0,4.0,7.0,4.0,6.0,8.0,5.0,6.0,10.0,6.0,2.0,4.0,6.0,7.0,7.0,5.0,5.0,4.0,3.0,,,,,1.0,,,,8.0,8.0,8.0,2.0,3.0,2.0,5.0,5.0,2.0,3.0,4.0,3.0,5.0,1.0,1.0,,,,,,,,2.0,2.0,3.0,3.0,3.0,2.0,3.0,1.0,2.0,3.0,1.0,1.0,2.0,3.0,3.0,1.0,3.0,2.0,3.0,1.0,4.0,3.0,3.0,1.0,,,1.0,,,,,,1.0,,,,,1.0,,,,,,,,5.0,4.0,6.0,0.0,8.0,7.0,8.0,7.0,4.0,7.0,3.0,4.0,9.0,7.0,4.0,5.0,3.0,1.0,3.0,,43.0,,,1.0,1.0,,1.0,,,2.0,3.0,1.0,9.0,10.0,0.6886741646426733
949.0,1.0,43.0,3.0,5.0,1.0,16.0,4.0,1.0,4.0,1.0,,,,,,,,,,,1.0,,,,,,,,,,,,,,3.0,3.0,2.0,3.0,2.0,1.0,1.0,2.0,1.0,4.0,4.0,1.0,3.0,4.0,3.0,4.0,1.0,3.0,3.0,3.0,3.0,3.0,3.0,3.0,3.0,6.0,6.0,5.0,6.0,7.0,6.0,6.0,5.0,5.0,7.0,6.0,6.0,4.0,5.0,6.0,5.0,2.0,1.0,1.0,2.0,2.0,3.0,2.0,3.0,1.0,,,,1.0,,,,,1.0,,,,,,3.0,3.0,2.0,3.0,1.0,5.0,3.0,,,,1.0,,,3.0,2.0,2.0,7.0,7.0,5.0,6.0,6.0,5.0,6.0,7.0,6.0,6.0,7.0,5.0,6.0,5.0,6.0,6.0,6.0,6.0,4.0,7.0,6.0,1.0,3.0,1.0,,,,,,,,7.0,5.0,7.0,7.0,5.0,5.0,2.0,1.0,3.0,2.0,3.0,4.0,4.0,1.0,,,1.0,,,,,,3.0,4.0,3.0,3.0,1.0,1.0,1.0,1.0,3.0,1.0,1.0,1.0,1.0,2.0,1.0,3.0,1.0,2.0,3.0,3.0,4.0,1.0,3.0,,,,1.0,,1.0,,,,,1.0,,,,,1.0,,,,,,,6.0,5.0,5.0,8.0,4.0,7.0,6.0,5.0,3.0,5.0,6.0,6.0,5.0,5.0,3.0,6.0,3.0,4.0,1.0,,,,,,1.0,,,,,1.0,1.0,1.0,13.0,12.0,0.9638556049901917
950.0,2.0,18.0,1.0,5.0,2.0,16.0,9.0,6.0,6.0,1.0,,,,,,,,,,,,,,,1.0,,,,,,,,,,3.0,3.0,11.0,3.0,4.0,3.0,3.0,3.0,4.0,3.0,3.0,3.0,3.0,4.0,1.0,4.0,4.0,5.0,2.0,5.0,4.0,1.0,2.0,4.0,3.0,8.0,5.0,6.0,99.0,7.0,3.0,2.0,4.0,4.0,3.0,6.0,9.0,0.0,2.0,7.0,8.0,3.0,2.0,2.0,1.0,2.0,1.0,3.0,3.0,,,,,1.0,,,1.0,,,,,1.0,,,5.0,3.0,3.0,2.0,2.0,,1.0,1.0,,,,1.0,,5.0,3.0,6.0,8.0,2.0,3.0,4.0,7.0,6.0,7.0,7.0,6.0,4.0,6.0,7.0,4.0,9.0,5.0,0.0,3.0,7.0,7.0,6.0,5.0,5.0,3.0,,,,,,,1.0,,8.0,8.0,2.0,8.0,2.0,7.0,3.0,7.0,4.0,5.0,4.0,2.0,2.0,1.0,1.0,,,,,,,,5.0,1.0,2.0,3.0,3.0,3.0,3.0,1.0,3.0,2.0,3.0,2.0,3.0,3.0,3.0,2.0,5.0,2.0,4.0,1.0,2.0,3.0,1.0,,,1.0,,,1.0,1.0,,,1.0,,,,,,,,,,,,1.0,7.0,3.0,2.0,4.0,8.0,5.0,7.0,10.0,0.0,4.0,3.0,2.0,9.0,1.0,5.0,7.0,2.0,6.0,1.0,,,,,,,,,1.0,,2.0,3.0,1.0,13.0,3.0,0.4876281987094597
951.0,2.0,35.0,3.0,2.0,3.0,16.0,6.0,1.0,4.0,1.0,,,,,,1.0,,,,,,,,,,,1.0,,,,1.0,,,,2.0,3.0,2.0,4.0,3.0,3.0,3.0,3.0,3.0,3.0,3.0,3.0,3.0,3.0,3.0,3.0,3.0,3.0,3.0,3.0,3.0,3.0,3.0,3.0,3.0,7.0,7.0,7.0,7.0,7.0,7.0,7.0,7.0,7.0,7.0,7.0,7.0,7.0,7.0,7.0,7.0,3.0,3.0,3.0,3.0,3.0,3.0,3.0,5.0,,1.0,1.0,,,,,1.0,,,,,,,,3.0,3.0,3.0,4.0,2.0,,2.0,1.0,1.0,,,,,2.0,2.0,8.0,7.0,7.0,3.0,7.0,7.0,7.0,7.0,7.0,7.0,7.0,7.0,7.0,7.0,7.0,7.0,7.0,7.0,7.0,7.0,7.0,7.0,3.0,5.0,,,,,,,,1.0,8.0,8.0,8.0,8.0,8.0,8.0,8.0,8.0,8.0,3.0,3.0,3.0,3.0,2.0,,,,,,1.0,1.0,,3.0,3.0,3.0,3.0,3.0,3.0,3.0,3.0,3.0,3.0,3.0,3.0,3.0,3.0,3.0,3.0,3.0,3.0,3.0,3.0,3.0,3.0,3.0,,,,,1.0,1.0,,1.0,,,1.0,,,,,,,,,,1.0,,6.0,5.0,8.0,6.0,8.0,7.0,1.0,0.0,6.0,9.0,9.0,0.0,6.0,5.0,0.0,0.0,8.0,5.0,1.0,,,1.0,,,,,,,,1.0,1.0,1.0,1.0,1.0,1.0802479134992073
952.0,2.0,22.0,1.0,5.0,2.0,16.0,5.0,6.0,5.0,1.0,,,,,,,,,,,,,,,,,,,,,,,,1.0,5.0,4.0,11.0,1.0,1.0,1.0,3.0,4.0,2.0,4.0,2.0,3.0,4.0,2.0,3.0,2.0,1.0,2.0,3.0,2.0,5.0,3.0,2.0,1.0,3.0,3.0,9.0,10.0,5.0,1.0,7.0,8.0,10.0,2.0,99.0,3.0,9.0,6.0,2.0,1.0,5.0,2.0,2.0,1.0,1.0,2.0,1.0,2.0,4.0,1.0,,,,,,1.0,,,,,,,1.0,,4.0,3.0,4.0,5.0,2.0,,3.0,1.0,,,,,,4.0,4.0,6.0,3.0,8.0,3.0,99.0,9.0,1.0,7.0,4.0,3.0,1.0,8.0,10.0,99.0,1.0,6.0,6.0,9.0,8.0,0.0,1.0,6.0,6.0,5.0,,,,,,,,1.0,1.0,8.0,2.0,2.0,5.0,1.0,4.0,4.0,5.0,1.0,5.0,4.0,5.0,3.0,,,,,,,,1.0,5.0,1.0,2.0,3.0,2.0,1.0,2.0,3.0,3.0,1.0,2.0,1.0,3.0,2.0,3.0,2.0,5.0,1.0,5.0,2.0,3.0,3.0,3.0,,,1.0,,1.0,,,,,,,,1.0,,,,,,,,,1.0,1.0,8.0,99.0,4.0,3.0,4.0,2.0,5.0,1.0,5.0,99.0,5.0,3.0,0.0,99.0,2.0,1.0,6.0,3.0,,3.0,,,,,,,,1.0,3.0,2.0,3.0,13.0,1.0,0.5168873172879408
953.0,1.0,52.0,4.0,2.0,3.0,16.0,4.0,1.0,4.0,1.0,,,,,,,,,,,,,,,,1.0,,,1.0,,1.0,,,,2.0,4.0,2.0,3.0,3.0,4.0,3.0,2.0,2.0,3.0,2.0,3.0,3.0,2.0,2.0,2.0,3.0,4.0,2.0,3.0,3.0,3.0,3.0,4.0,3.0,8.0,5.0,6.0,7.0,5.0,6.0,7.0,5.0,2.0,7.0,5.0,5.0,3.0,7.0,4.0,9.0,1.0,1.0,1.0,1.0,1.0,1.0,1.0,4.0,1.0,,1.0,,,,,,,,,,,1.0,,3.0,2.0,3.0,4.0,1.0,2.0,5.0,,,,,1.0,,4.0,2.0,5.0,6.0,6.0,6.0,8.0,7.0,4.0,7.0,3.0,4.0,7.0,5.0,6.0,5.0,4.0,4.0,5.0,6.0,5.0,5.0,5.0,5.0,3.0,3.0,,1.0,,,,,,,1.0,1.0,3.0,1.0,3.0,3.0,3.0,1.0,1.0,3.0,3.0,2.0,3.0,2.0,,,,,,,1.0,,2.0,5.0,3.0,3.0,2.0,3.0,3.0,3.0,3.0,1.0,1.0,3.0,3.0,2.0,3.0,2.0,3.0,2.0,2.0,3.0,4.0,3.0,3.0,,,,1.0,,1.0,,,1.0,,1.0,,,,,,,1.0,,1.0,,,5.0,2.0,0.0,3.0,5.0,5.0,0.0,6.0,4.0,8.0,2.0,5.0,3.0,3.0,9.0,5.0,6.0,5.0,1.0,,,,1.0,,,1.0,,,,2.0,2.0,2.0,6.0,3.0,0.9414112250537816
954.0,2.0,44.0,3.0,5.0,1.0,16.0,6.0,6.0,3.0,1.0,1.0,,,,,,,1.0,,1.0,,,,,,,,,,,,,,,4.0,3.0,11.0,3.0,3.0,3.0,3.0,3.0,3.0,3.0,3.0,3.0,3.0,3.0,3.0,3.0,3.0,3.0,3.0,3.0,3.0,4.0,3.0,3.0,3.0,6.0,2.0,6.0,6.0,6.0,0.0,0.0,7.0,7.0,1.0,1.0,6.0,3.0,6.0,7.0,7.0,1.0,3.0,3.0,1.0,3.0,1.0,3.0,4.0,,,1.0,1.0,,1.0,,,,,,,,,,2.0,2.0,2.0,2.0,2.0,,4.0,,,,,,1.0,4.0,3.0,1.0,2.0,0.0,6.0,6.0,4.0,1.0,1.0,2.0,4.0,1.0,7.0,6.0,6.0,1.0,6.0,5.0,6.0,7.0,5.0,7.0,6.0,1.0,4.0,,,,,,,,1.0,7.0,7.0,7.0,7.0,7.0,7.0,7.0,7.0,7.0,4.0,4.0,4.0,4.0,1.0,1.0,1.0,1.0,1.0,1.0,,,,2.0,3.0,1.0,2.0,1.0,1.0,1.0,1.0,1.0,1.0,1.0,1.0,1.0,2.0,2.0,2.0,2.0,2.0,2.0,2.0,3.0,3.0,3.0,1.0,,,1.0,,,,,,1.0,,,,,,1.0,,,,1.0,,,8.0,1.0,0.0,2.0,1.0,1.0,7.0,8.0,1.0,9.0,10.0,8.0,9.0,8.0,2.0,1.0,8.0,5.0,1.0,,,,1.0,,,1.0,,,,3.0,3.0,3.0,7.0,6.0,0.619550554975249
955.0,1.0,45.0,4.0,5.0,3.0,16.0,6.0,1.0,1.0,1.0,,,,,,,1.0,1.0,,,,,,,,,,,,,,1.0,,,2.0,2.0,2.0,3.0,1.0,1.0,3.0,3.0,1.0,3.0,3.0,2.0,3.0,3.0,3.0,3.0,3.0,2.0,2.0,3.0,2.0,3.0,2.0,3.0,3.0,6.0,8.0,7.0,8.0,5.0,6.0,4.0,6.0,7.0,5.0,5.0,4.0,6.0,9.0,7.0,6.0,2.0,1.0,1.0,1.0,1.0,1.0,1.0,3.0,1.0,,1.0,,,1.0,,,,,,,,,,3.0,2.0,2.0,3.0,1.0,2.0,2.0,,,,1.0,,,2.0,2.0,7.0,8.0,5.0,4.0,6.0,6.0,5.0,7.0,5.0,6.0,6.0,7.0,8.0,7.0,4.0,6.0,6.0,7.0,6.0,7.0,5.0,6.0,4.0,2.0,,1.0,,,,,,,2.0,1.0,1.0,1.0,2.0,1.0,1.0,1.0,1.0,3.0,2.0,3.0,2.0,2.0,,,,,,,1.0,,2.0,2.0,3.0,3.0,3.0,1.0,1.0,1.0,1.0,1.0,1.0,1.0,1.0,2.0,2.0,3.0,2.0,1.0,1.0,1.0,3.0,1.0,2.0,,,,1.0,,1.0,,,,,1.0,,,,,,,1.0,,,,,5.0,5.0,3.0,3.0,3.0,1.0,7.0,9.0,6.0,7.0,8.0,5.0,5.0,5.0,3.0,3.0,7.0,4.0,1.0,,,,1.0,,,1.0,,,,1.0,1.0,1.0,1.0,1.0,1.0852839429025358
956.0,2.0,30.0,2.0,1.0,2.0,16.0,4.0,3.0,4.0,1.0,,,,,,1.0,,,,,,,,1.0,,,,,,,,1.0,,,3.0,3.0,6.0,,2.0,3.0,3.0,2.0,4.0,3.0,4.0,4.0,4.0,1.0,3.0,1.0,1.0,5.0,1.0,2.0,3.0,5.0,4.0,2.0,1.0,7.0,5.0,4.0,5.0,5.0,10.0,3.0,7.0,6.0,6.0,9.0,6.0,5.0,3.0,7.0,7.0,1.0,3.0,1.0,2.0,3.0,3.0,1.0,4.0,,,1.0,,1.0,,,,,,,,1.0,,,3.0,2.0,2.0,1.0,1.0,2.0,4.0,,,,,,1.0,4.0,3.0,3.0,7.0,5.0,3.0,6.0,0.0,6.0,3.0,5.0,7.0,0.0,0.0,6.0,4.0,0.0,4.0,5.0,7.0,8.0,8.0,0.0,0.0,3.0,2.0,,,1.0,1.0,,,,,8.0,8.0,8.0,7.0,8.0,8.0,7.0,8.0,1.0,5.0,5.0,5.0,5.0,1.0,,,,,1.0,,,,3.0,4.0,2.0,3.0,3.0,3.0,3.0,2.0,3.0,3.0,2.0,3.0,3.0,3.0,3.0,3.0,4.0,3.0,2.0,2.0,4.0,4.0,4.0,,1.0,,,,1.0,,,,,1.0,,,,1.0,,,,,,,,3.0,7.0,6.0,6.0,9.0,7.0,6.0,6.0,4.0,8.0,5.0,6.0,10.0,5.0,6.0,6.0,6.0,6.0,1.0,,,,1.0,,,1.0,,,,1.0,1.0,1.0,12.0,10.0,1.3703629275211329
957.0,2.0,29.0,2.0,3.0,2.0,16.0,5.0,1.0,2.0,1.0,,,,,,,,1.0,,,,,,,,,,,,,1.0,1.0,,,3.0,3.0,2.0,3.0,2.0,2.0,2.0,2.0,2.0,1.0,2.0,1.0,3.0,2.0,1.0,1.0,1.0,2.0,2.0,3.0,2.0,2.0,3.0,1.0,3.0,6.0,5.0,4.0,3.0,6.0,3.0,4.0,5.0,5.0,2.0,6.0,5.0,4.0,4.0,3.0,4.0,1.0,3.0,3.0,3.0,3.0,1.0,3.0,4.0,,,1.0,,,1.0,1.0,,,,,,,,,4.0,3.0,2.0,2.0,1.0,1.0,2.0,,,,,1.0,,4.0,2.0,6.0,8.0,3.0,4.0,4.0,3.0,1.0,3.0,5.0,6.0,2.0,4.0,3.0,5.0,4.0,5.0,5.0,4.0,7.0,4.0,5.0,5.0,3.0,1.0,,,,1.0,,,,,7.0,1.0,1.0,7.0,7.0,2.0,7.0,1.0,1.0,3.0,3.0,2.0,3.0,1.0,,1.0,1.0,1.0,1.0,,,,2.0,3.0,3.0,3.0,3.0,1.0,1.0,3.0,3.0,1.0,1.0,3.0,2.0,3.0,3.0,3.0,1.0,2.0,3.0,2.0,3.0,2.0,3.0,1.0,,,,,1.0,1.0,,,,,,,,,,1.0,,,,,,8.0,7.0,0.0,2.0,1.0,1.0,7.0,9.0,7.0,7.0,10.0,8.0,5.0,9.0,4.0,2.0,6.0,3.0,1.0,,,,1.0,,,,,,,1.0,1.0,1.0,7.0,6.0,0.8083656604775856
958.0,1.0,27.0,2.0,4.0,3.0,16.0,6.0,1.0,3.0,1.0,,,,,,,,,,,,,,,,,1.0,,,,,,,,1.0,3.0,3.0,1.0,2.0,2.0,2.0,2.0,3.0,3.0,2.0,3.0,3.0,3.0,2.0,1.0,3.0,2.0,4.0,3.0,2.0,2.0,3.0,4.0,4.0,7.0,8.0,8.0,7.0,7.0,7.0,6.0,9.0,10.0,3.0,8.0,6.0,10.0,7.0,6.0,9.0,2.0,2.0,2.0,2.0,2.0,2.0,2.0,1.0,1.0,,1.0,,1.0,,,,,,,,,,,3.0,1.0,2.0,3.0,1.0,2.0,2.0,1.0,,,,,,3.0,1.0,6.0,8.0,5.0,0.0,6.0,7.0,6.0,9.0,8.0,8.0,0.0,8.0,7.0,6.0,3.0,7.0,6.0,6.0,9.0,10.0,8.0,7.0,4.0,1.0,1.0,,,,,,,,2.0,1.0,2.0,1.0,1.0,1.0,1.0,2.0,2.0,2.0,5.0,1.0,2.0,1.0,,,,,,,1.0,,2.0,1.0,2.0,2.0,1.0,2.0,3.0,1.0,2.0,1.0,1.0,1.0,1.0,2.0,1.0,2.0,2.0,2.0,1.0,3.0,2.0,1.0,3.0,,1.0,1.0,,,,,,,1.0,,,,,1.0,,,,,,,,1.0,6.0,2.0,99.0,2.0,2.0,7.0,10.0,7.0,8.0,5.0,5.0,5.0,5.0,0.0,0.0,8.0,5.0,1.0,,,,1.0,,,,,,,1.0,1.0,1.0,11.0,1.0,1.4026532159990945
959.0,2.0,26.0,2.0,1.0,2.0,16.0,4.0,5.0,6.0,2.0,,,,,1.0,,,,,,,,,,,,,,,,,,,,3.0,2.0,4.0,,3.0,3.0,3.0,3.0,3.0,2.0,3.0,2.0,2.0,3.0,2.0,2.0,3.0,4.0,3.0,4.0,3.0,3.0,2.0,2.0,5.0,10.0,99.0,9.0,10.0,10.0,10.0,9.0,9.0,10.0,9.0,10.0,8.0,9.0,8.0,10.0,8.0,2.0,2.0,2.0,2.0,1.0,2.0,2.0,2.0,,,,,,,1.0,,,,1.0,1.0,,,,4.0,4.0,4.0,1.0,1.0,4.0,1.0,1.0,,,,,,3.0,2.0,10.0,99.0,10.0,10.0,10.0,10.0,9.0,9.0,8.0,9.0,10.0,10.0,9.0,10.0,10.0,10.0,10.0,10.0,9.0,10.0,8.0,10.0,3.0,1.0,,,,1.0,,,,,2.0,4.0,4.0,4.0,4.0,8.0,4.0,3.0,3.0,4.0,4.0,2.0,2.0,1.0,1.0,,,,,,,,3.0,5.0,1.0,2.0,2.0,2.0,1.0,2.0,2.0,2.0,2.0,2.0,2.0,3.0,2.0,2.0,3.0,1.0,3.0,3.0,4.0,3.0,1.0,1.0,1.0,,,,,1.0,,,,,,,,1.0,,,,,,,,10.0,8.0,4.0,10.0,8.0,8.0,10.0,8.0,10.0,10.0,10.0,10.0,10.0,10.0,10.0,10.0,3.0,3.0,2.0,16.0,,,,,,1.0,,,,1.0,3.0,1.0,5.0,5.0,1.258830460597793
960.0,1.0,29.0,2.0,1.0,2.0,16.0,3.0,6.0,5.0,1.0,,,,,,,,,,,,,,,,,1.0,,,,,,,,3.0,2.0,3.0,3.0,2.0,3.0,2.0,2.0,3.0,2.0,3.0,3.0,2.0,2.0,2.0,2.0,3.0,2.0,3.0,3.0,3.0,3.0,3.0,3.0,3.0,7.0,7.0,6.0,7.0,6.0,6.0,6.0,7.0,5.0,7.0,7.0,6.0,5.0,6.0,6.0,7.0,3.0,3.0,3.0,3.0,3.0,3.0,3.0,1.0,,,1.0,,,1.0,1.0,,,,,,,,,1.0,1.0,1.0,2.0,1.0,1.0,2.0,1.0,,,,,,3.0,2.0,8.0,8.0,0.0,1.0,8.0,4.0,0.0,6.0,5.0,7.0,0.0,2.0,8.0,5.0,5.0,5.0,5.0,5.0,8.0,0.0,6.0,3.0,3.0,2.0,1.0,,,,,,,,1.0,1.0,1.0,1.0,1.0,1.0,1.0,1.0,1.0,2.0,4.0,3.0,2.0,2.0,,,,1.0,,,,,3.0,4.0,3.0,2.0,2.0,1.0,1.0,1.0,2.0,1.0,1.0,1.0,1.0,2.0,2.0,2.0,2.0,2.0,2.0,2.0,1.0,2.0,1.0,,1.0,,,,1.0,1.0,,,,,,,,,,,,,1.0,,,6.0,6.0,0.0,3.0,7.0,5.0,8.0,5.0,7.0,6.0,3.0,3.0,2.0,4.0,6.0,7.0,6.0,5.0,1.0,,,,,1.0,1.0,,,,,2.0,2.0,3.0,1.0,1.0,1.9993988566526744
961.0,1.0,52.0,4.0,3.0,2.0,16.0,6.0,1.0,2.0,1.0,,,,,,,,,,,1.0,,,,1.0,,,,,,1.0,,,,4.0,3.0,3.0,4.0,3.0,3.0,3.0,3.0,3.0,3.0,3.0,3.0,3.0,3.0,3.0,3.0,3.0,4.0,4.0,4.0,4.0,4.0,4.0,4.0,4.0,10.0,10.0,10.0,10.0,10.0,10.0,10.0,10.0,10.0,10.0,10.0,10.0,10.0,10.0,10.0,10.0,2.0,2.0,2.0,2.0,2.0,2.0,2.0,2.0,1.0,,1.0,,,,,1.0,,,,,,,,2.0,2.0,2.0,2.0,1.0,1.0,2.0,1.0,,,1.0,,,4.0,3.0,9.0,9.0,9.0,9.0,9.0,9.0,9.0,9.0,9.0,9.0,9.0,9.0,9.0,9.0,9.0,9.0,9.0,9.0,9.0,9.0,9.0,9.0,6.0,3.0,1.0,,1.0,,,1.0,,,5.0,5.0,5.0,5.0,5.0,5.0,5.0,5.0,5.0,2.0,2.0,2.0,2.0,1.0,,,,,,,1.0,,2.0,2.0,3.0,3.0,3.0,3.0,3.0,3.0,3.0,3.0,3.0,3.0,3.0,3.0,3.0,3.0,4.0,4.0,4.0,4.0,4.0,4.0,4.0,1.0,1.0,,,,,,,1.0,,,,,,,1.0,1.0,1.0,,,,,5.0,1.0,1.0,4.0,4.0,4.0,8.0,9.0,6.0,2.0,2.0,2.0,2.0,2.0,2.0,2.0,8.0,1.0,2.0,13.0,,,1.0,,,1.0,,,,3.0,3.0,3.0,5.0,4.0,0.5713676633370325
962.0,2.0,24.0,1.0,5.0,2.0,16.0,6.0,1.0,2.0,1.0,,,,,,,,,,1.0,,,,,,,1.0,,,,1.0,,,,3.0,3.0,2.0,3.0,3.0,1.0,3.0,3.0,2.0,3.0,2.0,3.0,3.0,3.0,3.0,3.0,3.0,3.0,3.0,3.0,2.0,3.0,3.0,3.0,2.0,7.0,6.0,7.0,7.0,7.0,6.0,5.0,7.0,5.0,7.0,6.0,6.0,7.0,7.0,6.0,7.0,2.0,1.0,1.0,3.0,1.0,1.0,1.0,3.0,,,1.0,,,,1.0,,1.0,,,,,,,4.0,3.0,2.0,3.0,2.0,,3.0,1.0,1.0,,1.0,,,3.0,2.0,6.0,6.0,6.0,6.0,6.0,6.0,6.0,6.0,6.0,5.0,6.0,6.0,6.0,6.0,6.0,6.0,6.0,5.0,6.0,6.0,7.0,6.0,3.0,3.0,,,1.0,1.0,,,,,8.0,8.0,8.0,8.0,8.0,8.0,8.0,8.0,8.0,2.0,3.0,4.0,4.0,2.0,,,,,,,,1.0,3.0,3.0,2.0,3.0,3.0,3.0,3.0,2.0,3.0,2.0,3.0,3.0,3.0,3.0,3.0,3.0,2.0,3.0,2.0,2.0,3.0,2.0,2.0,,,,,1.0,1.0,1.0,,,1.0,,,,,1.0,,,,1.0,,,,1.0,99.0,99.0,3.0,99.0,1.0,99.0,10.0,99.0,99.0,99.0,99.0,99.0,99.0,99.0,99.0,8.0,5.0,2.0,7.0,,,1.0,,,,,,,3.0,3.0,3.0,12.0,12.0,0.5114347976576249
963.0,1.0,39.0,3.0,5.0,2.0,16.0,4.0,1.0,2.0,1.0,,,,,,,,,,1.0,,,,,,,,,,,,,,,2.0,2.0,2.0,3.0,3.0,3.0,3.0,3.0,3.0,3.0,3.0,3.0,3.0,3.0,3.0,3.0,3.0,3.0,3.0,3.0,3.0,3.0,4.0,4.0,4.0,7.0,6.0,7.0,6.0,6.0,8.0,7.0,5.0,7.0,6.0,7.0,7.0,5.0,7.0,7.0,6.0,3.0,3.0,3.0,3.0,3.0,3.0,3.0,1.0,,,1.0,,,,,,,1.0,1.0,,,,,3.0,2.0,3.0,2.0,2.0,,2.0,,,,1.0,,,3.0,2.0,5.0,7.0,0.0,0.0,0.0,0.0,5.0,0.0,0.0,0.0,0.0,7.0,7.0,0.0,0.0,0.0,0.0,0.0,5.0,0.0,0.0,0.0,3.0,2.0,,1.0,,,,,,,2.0,2.0,8.0,8.0,8.0,8.0,8.0,2.0,2.0,3.0,3.0,3.0,2.0,2.0,,1.0,,,,,,,3.0,2.0,2.0,1.0,1.0,3.0,1.0,1.0,3.0,2.0,3.0,2.0,3.0,2.0,1.0,1.0,2.0,3.0,3.0,3.0,3.0,2.0,3.0,,,1.0,,,1.0,,1.0,1.0,,,,,,,,,1.0,,1.0,,,0.0,10.0,2.0,5.0,2.0,5.0,9.0,10.0,10.0,5.0,8.0,1.0,5.0,5.0,0.0,0.0,5.0,5.0,1.0,,,,,,1.0,,,,,1.0,1.0,1.0,2.0,2.0,0.5806295587758279
964.0,1.0,24.0,1.0,3.0,2.0,16.0,4.0,1.0,4.0,1.0,1.0,,,,,,,,,,1.0,,,,,,1.0,,,,,,,,3.0,2.0,2.0,3.0,4.0,2.0,3.0,3.0,3.0,3.0,4.0,3.0,3.0,2.0,4.0,3.0,4.0,2.0,4.0,2.0,3.0,2.0,4.0,3.0,3.0,5.0,6.0,6.0,4.0,6.0,8.0,6.0,6.0,8.0,6.0,7.0,5.0,3.0,6.0,5.0,3.0,1.0,1.0,1.0,1.0,1.0,1.0,3.0,3.0,,,,,,1.0,,,,1.0,1.0,,,,,2.0,3.0,4.0,2.0,2.0,,2.0,,,1.0,,1.0,,3.0,2.0,3.0,7.0,3.0,2.0,5.0,2.0,1.0,5.0,3.0,3.0,1.0,3.0,5.0,3.0,3.0,3.0,3.0,4.0,3.0,4.0,4.0,6.0,4.0,2.0,1.0,1.0,1.0,,,,,,1.0,1.0,1.0,8.0,1.0,1.0,2.0,7.0,1.0,3.0,2.0,2.0,4.0,1.0,,,,,,,1.0,,3.0,3.0,2.0,2.0,1.0,3.0,3.0,3.0,3.0,1.0,1.0,1.0,3.0,2.0,2.0,3.0,2.0,2.0,3.0,2.0,2.0,3.0,1.0,1.0,,,,,1.0,,,1.0,1.0,,,,,,,1.0,,1.0,1.0,,,3.0,9.0,1.0,5.0,3.0,3.0,8.0,10.0,4.0,7.0,9.0,5.0,6.0,4.0,2.0,0.0,5.0,5.0,1.0,,,,,1.0,1.0,,,,,1.0,1.0,1.0,11.0,10.0,1.6612815578427427
965.0,1.0,56.0,5.0,5.0,1.0,16.0,4.0,1.0,2.0,1.0,,,,,,,,,,,,1.0,,,,,,,,,,,,,5.0,3.0,2.0,3.0,2.0,3.0,3.0,2.0,3.0,2.0,3.0,2.0,2.0,2.0,2.0,2.0,3.0,3.0,2.0,2.0,2.0,2.0,3.0,2.0,3.0,5.0,6.0,5.0,6.0,6.0,6.0,5.0,5.0,6.0,6.0,6.0,6.0,6.0,6.0,5.0,6.0,1.0,1.0,1.0,1.0,1.0,1.0,1.0,2.0,,,,1.0,,,,,1.0,,1.0,,,,,3.0,2.0,2.0,3.0,2.0,,2.0,,1.0,,,,,3.0,3.0,6.0,2.0,5.0,6.0,6.0,6.0,6.0,6.0,7.0,6.0,6.0,6.0,6.0,6.0,6.0,6.0,5.0,6.0,6.0,7.0,6.0,6.0,2.0,4.0,,,,,,,,1.0,8.0,8.0,8.0,1.0,8.0,8.0,8.0,8.0,8.0,4.0,3.0,3.0,3.0,2.0,,,,,,,,1.0,3.0,3.0,1.0,3.0,3.0,1.0,1.0,3.0,1.0,1.0,1.0,1.0,3.0,1.0,3.0,2.0,4.0,3.0,3.0,4.0,3.0,3.0,3.0,,1.0,,1.0,,,1.0,1.0,,1.0,,,,,1.0,,1.0,,,1.0,,,99.0,99.0,99.0,99.0,99.0,99.0,99.0,99.0,7.0,6.0,7.0,7.0,7.0,6.0,6.0,6.0,3.0,1.0,2.0,17.0,,,,1.0,,,,,,2.0,2.0,2.0,13.0,12.0,0.6879654653292517
966.0,1.0,52.0,4.0,2.0,3.0,16.0,4.0,1.0,5.0,1.0,,,,,,,,,,1.0,,,,,,,1.0,,,,1.0,,,,2.0,3.0,7.0,,2.0,4.0,1.0,2.0,2.0,2.0,4.0,3.0,2.0,3.0,2.0,2.0,2.0,4.0,3.0,4.0,3.0,3.0,4.0,4.0,4.0,6.0,5.0,5.0,6.0,7.0,7.0,3.0,7.0,6.0,4.0,6.0,6.0,4.0,4.0,4.0,4.0,1.0,1.0,1.0,1.0,1.0,1.0,1.0,4.0,,,,,,,1.0,,,,1.0,,1.0,,,2.0,3.0,2.0,3.0,1.0,5.0,3.0,,1.0,1.0,,,,3.0,2.0,2.0,4.0,4.0,6.0,6.0,4.0,4.0,3.0,2.0,6.0,5.0,7.0,8.0,5.0,6.0,4.0,5.0,2.0,6.0,5.0,5.0,5.0,1.0,3.0,,1.0,,,,,,,5.0,5.0,4.0,3.0,5.0,3.0,5.0,1.0,5.0,4.0,3.0,4.0,3.0,1.0,,,,,,,1.0,,4.0,3.0,3.0,3.0,3.0,3.0,3.0,3.0,3.0,1.0,1.0,3.0,3.0,2.0,3.0,2.0,3.0,3.0,3.0,2.0,2.0,4.0,3.0,,,1.0,,,1.0,,,,,,1.0,,,,,,1.0,1.0,,,,3.0,3.0,2.0,2.0,7.0,8.0,3.0,7.0,2.0,3.0,5.0,4.0,2.0,6.0,3.0,5.0,6.0,5.0,1.0,,,,1.0,,,1.0,,,,2.0,2.0,2.0,3.0,3.0,0.9166806803995544
967.0,2.0,49.0,4.0,2.0,3.0,16.0,7.0,1.0,1.0,2.0,,,,,1.0,1.0,,,,,,,,,,,1.0,,,,,,,,2.0,2.0,2.0,4.0,3.0,3.0,3.0,3.0,3.0,3.0,3.0,3.0,3.0,3.0,3.0,3.0,3.0,3.0,3.0,3.0,3.0,3.0,3.0,4.0,3.0,7.0,7.0,7.0,6.0,5.0,7.0,7.0,7.0,7.0,5.0,7.0,7.0,7.0,7.0,6.0,6.0,2.0,1.0,1.0,1.0,1.0,1.0,1.0,2.0,1.0,,,,,,,,1.0,,,,,1.0,,4.0,3.0,3.0,3.0,2.0,,3.0,,1.0,,,,,3.0,2.0,7.0,8.0,6.0,4.0,6.0,5.0,5.0,6.0,5.0,6.0,5.0,7.0,8.0,5.0,5.0,7.0,5.0,5.0,6.0,5.0,1.0,5.0,4.0,3.0,,,,1.0,,,,,8.0,8.0,8.0,8.0,8.0,8.0,8.0,8.0,8.0,1.0,4.0,3.0,2.0,2.0,,,,,,1.0,1.0,,1.0,2.0,3.0,3.0,3.0,1.0,3.0,3.0,1.0,1.0,1.0,1.0,1.0,2.0,3.0,3.0,2.0,2.0,2.0,2.0,2.0,2.0,2.0,,1.0,1.0,,,,,,1.0,,,,,,,,,1.0,,,,,3.0,3.0,8.0,7.0,7.0,8.0,1.0,0.0,7.0,6.0,9.0,2.0,6.0,6.0,0.0,0.0,8.0,1.0,1.0,,,,1.0,,,1.0,,,,1.0,1.0,1.0,2.0,2.0,2.0000091236134248
968.0,1.0,52.0,4.0,2.0,3.0,16.0,5.0,1.0,2.0,2.0,1.0,,,,,,,1.0,,,,,,,,,1.0,,,,,,,,4.0,3.0,3.0,3.0,1.0,3.0,2.0,1.0,3.0,2.0,1.0,4.0,1.0,2.0,3.0,3.0,2.0,3.0,1.0,2.0,1.0,1.0,1.0,3.0,1.0,6.0,6.0,7.0,5.0,5.0,6.0,6.0,5.0,6.0,6.0,6.0,5.0,4.0,5.0,5.0,5.0,2.0,2.0,1.0,2.0,3.0,2.0,2.0,2.0,,,,1.0,,1.0,,,1.0,,,,,,,2.0,4.0,3.0,2.0,1.0,1.0,3.0,,1.0,,,,,4.0,3.0,5.0,7.0,5.0,6.0,6.0,5.0,6.0,5.0,5.0,5.0,5.0,5.0,4.0,5.0,4.0,6.0,4.0,5.0,6.0,5.0,5.0,5.0,5.0,2.0,,,,,,,1.0,,2.0,2.0,2.0,2.0,2.0,2.0,2.0,2.0,2.0,4.0,4.0,4.0,1.0,1.0,,1.0,,,,,,,1.0,1.0,3.0,3.0,3.0,3.0,3.0,3.0,3.0,3.0,3.0,3.0,3.0,3.0,3.0,3.0,1.0,1.0,3.0,2.0,3.0,1.0,4.0,1.0,1.0,,,,,,,,1.0,,,,1.0,,,,,,,,,6.0,6.0,4.0,4.0,5.0,8.0,5.0,9.0,7.0,4.0,7.0,4.0,5.0,6.0,6.0,5.0,7.0,5.0,1.0,,,,1.0,,,,,,,1.0,1.0,1.0,2.0,2.0,0.9070108370169895
969.0,2.0,18.0,1.0,3.0,2.0,16.0,4.0,5.0,4.0,1.0,,,,,,,,,,,,1.0,,,,,,,,,1.0,,,,4.0,3.0,2.0,5.0,1.0,3.0,2.0,3.0,3.0,3.0,3.0,3.0,2.0,3.0,2.0,2.0,2.0,2.0,3.0,4.0,2.0,3.0,5.0,3.0,3.0,9.0,8.0,6.0,9.0,6.0,9.0,8.0,6.0,9.0,6.0,8.0,7.0,9.0,8.0,3.0,6.0,2.0,2.0,2.0,2.0,2.0,1.0,2.0,2.0,1.0,,,,,,,,1.0,1.0,,,,,,4.0,3.0,2.0,2.0,1.0,2.0,2.0,,,,1.0,,,3.0,2.0,4.0,8.0,7.0,8.0,7.0,7.0,99.0,5.0,5.0,7.0,8.0,5.0,6.0,6.0,7.0,5.0,7.0,3.0,2.0,5.0,5.0,7.0,5.0,4.0,,1.0,,,,,,,2.0,6.0,6.0,1.0,6.0,2.0,6.0,3.0,7.0,2.0,2.0,5.0,3.0,2.0,,,,,,,1.0,,3.0,3.0,3.0,2.0,1.0,1.0,3.0,3.0,3.0,3.0,1.0,1.0,3.0,2.0,1.0,3.0,5.0,4.0,2.0,2.0,4.0,3.0,3.0,,,1.0,1.0,,,,,,,1.0,,,1.0,,,,,,,,,5.0,4.0,4.0,6.0,4.0,6.0,3.0,9.0,3.0,10.0,10.0,4.0,10.0,6.0,3.0,0.0,3.0,1.0,1.0,,,,,1.0,1.0,1.0,1.0,,,1.0,2.0,2.0,12.0,10.0,0.8273089245316121
970.0,2.0,54.0,4.0,3.0,2.0,16.0,6.0,1.0,1.0,1.0,1.0,,,1.0,,,,,,,,,,,,,,,,,1.0,,,,3.0,2.0,2.0,3.0,1.0,1.0,3.0,3.0,3.0,3.0,1.0,3.0,3.0,3.0,3.0,3.0,1.0,2.0,1.0,2.0,1.0,2.0,1.0,2.0,1.0,3.0,4.0,3.0,1.0,3.0,3.0,1.0,4.0,3.0,1.0,3.0,3.0,2.0,3.0,4.0,3.0,2.0,1.0,1.0,1.0,1.0,2.0,2.0,2.0,,,1.0,,,,,,,1.0,1.0,,,,,2.0,3.0,2.0,2.0,1.0,2.0,3.0,1.0,,,,,,3.0,2.0,2.0,3.0,0.0,0.0,5.0,5.0,6.0,3.0,2.0,1.0,3.0,4.0,3.0,3.0,0.0,4.0,3.0,4.0,3.0,2.0,5.0,3.0,3.0,3.0,,,1.0,,,,,,1.0,1.0,1.0,1.0,1.0,1.0,1.0,1.0,1.0,3.0,2.0,3.0,2.0,1.0,,1.0,,,,1.0,1.0,,1.0,3.0,2.0,2.0,3.0,1.0,1.0,3.0,1.0,1.0,1.0,1.0,1.0,2.0,2.0,2.0,2.0,2.0,2.0,2.0,1.0,1.0,1.0,,1.0,,,,1.0,,,1.0,1.0,,,,,,,,,1.0,,,,6.0,6.0,0.0,3.0,1.0,3.0,9.0,10.0,6.0,8.0,10.0,2.0,9.0,2.0,1.0,0.0,8.0,1.0,1.0,,,,1.0,,,1.0,,,,1.0,1.0,1.0,1.0,1.0,1.3416059375156335
971.0,2.0,50.0,4.0,2.0,3.0,16.0,5.0,1.0,2.0,2.0,,,1.0,,,1.0,,,,,,,,,,,,,,,,,,,3.0,2.0,2.0,4.0,3.0,3.0,3.0,3.0,3.0,3.0,3.0,3.0,3.0,3.0,3.0,3.0,3.0,2.0,3.0,3.0,2.0,3.0,3.0,3.0,1.0,5.0,5.0,5.0,5.0,5.0,5.0,5.0,5.0,5.0,5.0,5.0,5.0,5.0,5.0,5.0,5.0,2.0,1.0,1.0,1.0,1.0,1.0,1.0,3.0,1.0,,1.0,,,,,,,1.0,,,,,,2.0,2.0,2.0,3.0,2.0,,5.0,,,1.0,,,,3.0,2.0,5.0,6.0,5.0,5.0,5.0,5.0,5.0,5.0,5.0,5.0,5.0,5.0,5.0,5.0,5.0,5.0,5.0,5.0,5.0,5.0,5.0,5.0,4.0,2.0,,,1.0,1.0,,,,,8.0,8.0,8.0,8.0,8.0,8.0,8.0,8.0,8.0,5.0,5.0,5.0,5.0,3.0,,,,,,1.0,1.0,,1.0,2.0,2.0,2.0,2.0,3.0,3.0,3.0,3.0,3.0,3.0,3.0,3.0,2.0,3.0,3.0,5.0,5.0,5.0,5.0,4.0,4.0,4.0,,1.0,,1.0,,,,,,,,,1.0,,,,,,,,,1.0,2.0,3.0,3.0,2.0,2.0,2.0,0.0,0.0,7.0,99.0,99.0,99.0,99.0,99.0,99.0,99.0,7.0,3.0,1.0,,,,1.0,,,,,,,1.0,1.0,1.0,13.0,12.0,0.9333405868781586
972.0,2.0,29.0,2.0,5.0,2.0,16.0,7.0,5.0,2.0,1.0,,1.0,,,,,,,1.0,,,,,,,1.0,,,,,,,,,1.0,1.0,9.0,,3.0,3.0,3.0,3.0,3.0,3.0,3.0,3.0,3.0,3.0,3.0,3.0,3.0,4.0,4.0,3.0,4.0,3.0,4.0,4.0,4.0,6.0,4.0,6.0,6.0,5.0,5.0,3.0,5.0,6.0,6.0,5.0,5.0,6.0,4.0,7.0,6.0,1.0,1.0,1.0,1.0,1.0,1.0,1.0,1.0,,1.0,,,1.0,,,,,1.0,,,,,,4.0,3.0,3.0,5.0,2.0,,4.0,1.0,,1.0,,,,6.0,2.0,8.0,6.0,5.0,7.0,2.0,7.0,6.0,8.0,5.0,8.0,6.0,4.0,4.0,7.0,7.0,9.0,4.0,7.0,4.0,6.0,9.0,3.0,3.0,2.0,,,1.0,,1.0,,,,7.0,7.0,7.0,7.0,7.0,7.0,7.0,7.0,7.0,3.0,3.0,3.0,1.0,1.0,,,,,,,1.0,,5.0,3.0,3.0,3.0,3.0,3.0,3.0,3.0,3.0,3.0,3.0,3.0,3.0,3.0,3.0,3.0,2.0,4.0,3.0,3.0,2.0,4.0,3.0,1.0,1.0,,,,,1.0,,,1.0,,,,,,,,1.0,1.0,,,,10.0,10.0,10.0,10.0,10.0,10.0,10.0,10.0,3.0,7.0,3.0,4.0,5.0,5.0,2.0,5.0,8.0,6.0,1.0,,,,1.0,,,1.0,,,,1.0,1.0,1.0,7.0,6.0,0.5186773904162044
973.0,2.0,38.0,3.0,5.0,2.0,16.0,7.0,1.0,3.0,1.0,,,,,,,,,,1.0,,1.0,,,,,1.0,,,,,,,,3.0,3.0,2.0,3.0,4.0,1.0,2.0,2.0,2.0,4.0,1.0,1.0,4.0,3.0,3.0,1.0,4.0,2.0,2.0,2.0,2.0,2.0,2.0,2.0,2.0,10.0,3.0,1.0,4.0,2.0,2.0,2.0,1.0,6.0,2.0,6.0,2.0,1.0,6.0,4.0,3.0,2.0,2.0,2.0,2.0,2.0,2.0,2.0,3.0,,1.0,,,,,,,1.0,1.0,,,,,,2.0,2.0,2.0,3.0,1.0,1.0,2.0,1.0,,1.0,1.0,,,4.0,2.0,5.0,6.0,3.0,5.0,2.0,7.0,3.0,4.0,6.0,5.0,2.0,5.0,3.0,2.0,4.0,7.0,4.0,9.0,7.0,8.0,4.0,7.0,3.0,3.0,,,,1.0,,1.0,1.0,,4.0,3.0,3.0,3.0,7.0,4.0,3.0,3.0,5.0,4.0,2.0,2.0,2.0,2.0,1.0,,,,,,,,3.0,3.0,3.0,1.0,2.0,2.0,1.0,1.0,2.0,2.0,1.0,2.0,3.0,2.0,1.0,2.0,4.0,2.0,4.0,4.0,3.0,3.0,3.0,,,1.0,1.0,,,,1.0,1.0,,,,,,,,1.0,,,1.0,,,0.0,5.0,7.0,3.0,7.0,4.0,8.0,5.0,6.0,5.0,4.0,6.0,6.0,6.0,5.0,3.0,6.0,1.0,1.0,,,,1.0,,,,,,,3.0,3.0,3.0,3.0,1.0,0.38737430550090074
974.0,1.0,27.0,2.0,5.0,1.0,16.0,7.0,1.0,4.0,1.0,1.0,,,,,,,1.0,,1.0,,,,,,,,,,,,,,,3.0,2.0,2.0,4.0,3.0,1.0,3.0,3.0,1.0,3.0,2.0,3.0,3.0,2.0,1.0,3.0,2.0,2.0,2.0,2.0,1.0,1.0,2.0,2.0,2.0,9.0,7.0,8.0,7.0,6.0,9.0,7.0,9.0,8.0,7.0,8.0,8.0,8.0,9.0,7.0,7.0,3.0,1.0,3.0,1.0,1.0,1.0,3.0,4.0,,,,,1.0,1.0,1.0,,,,,,,,,1.0,2.0,1.0,3.0,2.0,,2.0,,,,1.0,1.0,,3.0,1.0,5.0,10.0,8.0,8.0,9.0,8.0,9.0,8.0,10.0,7.0,7.0,7.0,10.0,8.0,8.0,8.0,8.0,6.0,5.0,8.0,9.0,8.0,3.0,1.0,1.0,,,1.0,,1.0,,,7.0,3.0,3.0,2.0,2.0,3.0,2.0,6.0,2.0,1.0,1.0,2.0,3.0,1.0,,,,,,,,1.0,2.0,3.0,2.0,2.0,1.0,1.0,2.0,1.0,1.0,3.0,2.0,1.0,1.0,2.0,2.0,2.0,2.0,2.0,2.0,2.0,1.0,3.0,2.0,,1.0,1.0,,,,,1.0,1.0,,,,,1.0,,,,,,,,,5.0,3.0,4.0,7.0,7.0,5.0,4.0,99.0,7.0,8.0,10.0,7.0,6.0,6.0,3.0,7.0,7.0,1.0,1.0,,,,,,1.0,,,,,1.0,1.0,1.0,11.0,10.0,1.380800286719687
975.0,2.0,23.0,1.0,3.0,2.0,16.0,5.0,3.0,2.0,2.0,,,,,,,,,,,,,,,,,,,1.0,,,,,,3.0,2.0,3.0,2.0,1.0,1.0,4.0,1.0,1.0,2.0,3.0,1.0,2.0,1.0,3.0,1.0,3.0,2.0,2.0,1.0,1.0,2.0,1.0,1.0,1.0,5.0,7.0,6.0,8.0,5.0,7.0,6.0,5.0,7.0,10.0,3.0,7.0,8.0,4.0,99.0,6.0,1.0,1.0,2.0,3.0,2.0,2.0,3.0,2.0,1.0,,,,,,1.0,,1.0,,,,,,,3.0,4.0,1.0,4.0,1.0,6.0,2.0,,,,,1.0,,4.0,4.0,2.0,9.0,8.0,4.0,10.0,9.0,7.0,9.0,7.0,5.0,7.0,5.0,8.0,5.0,7.0,3.0,6.0,7.0,8.0,7.0,8.0,6.0,2.0,3.0,,1.0,,,,,,,1.0,7.0,2.0,1.0,2.0,2.0,2.0,2.0,2.0,3.0,2.0,2.0,3.0,1.0,,1.0,,,,,,,2.0,2.0,1.0,3.0,2.0,2.0,2.0,1.0,2.0,1.0,1.0,2.0,2.0,1.0,3.0,1.0,3.0,1.0,2.0,2.0,1.0,3.0,4.0,,,1.0,,,1.0,1.0,,,,,,,,,,,,1.0,,,,2.0,5.0,10.0,10.0,8.0,7.0,5.0,10.0,3.0,10.0,10.0,10.0,8.0,7.0,9.0,10.0,4.0,6.0,1.0,,,,,1.0,,1.0,1.0,,,1.0,2.0,3.0,2.0,7.0,0.7970779826511782
976.0,2.0,44.0,3.0,2.0,2.0,16.0,6.0,1.0,3.0,1.0,1.0,,,,,,,,,1.0,,,,,,,,,,,,,,,2.0,2.0,3.0,2.0,3.0,3.0,3.0,3.0,3.0,3.0,3.0,3.0,3.0,3.0,3.0,3.0,3.0,3.0,3.0,3.0,3.0,3.0,3.0,3.0,3.0,5.0,5.0,5.0,5.0,5.0,5.0,5.0,5.0,5.0,5.0,5.0,5.0,5.0,5.0,5.0,5.0,1.0,1.0,1.0,1.0,1.0,1.0,1.0,4.0,,,,,,,1.0,,1.0,,,,,1.0,,2.0,2.0,2.0,2.0,2.0,,2.0,,,,1.0,,,2.0,2.0,8.0,9.0,7.0,7.0,7.0,7.0,7.0,7.0,7.0,7.0,7.0,7.0,7.0,7.0,7.0,7.0,7.0,7.0,7.0,7.0,7.0,7.0,3.0,3.0,,,,,,,1.0,,8.0,8.0,8.0,8.0,8.0,8.0,8.0,8.0,8.0,5.0,5.0,5.0,5.0,2.0,,,,,,,,1.0,2.0,2.0,3.0,3.0,3.0,3.0,3.0,3.0,3.0,3.0,3.0,3.0,3.0,3.0,3.0,3.0,3.0,3.0,3.0,3.0,3.0,3.0,3.0,,,,1.0,,1.0,,,,,,1.0,,,,,,,,1.0,,,8.0,99.0,99.0,99.0,99.0,99.0,99.0,99.0,5.0,99.0,99.0,99.0,99.0,99.0,99.0,99.0,7.0,1.0,1.0,,,,1.0,,,,,,,2.0,2.0,2.0,11.0,10.0,0.7387228748127506
977.0,2.0,63.0,5.0,5.0,2.0,16.0,5.0,1.0,1.0,1.0,,,,,,,,,,1.0,1.0,,,,,,,,,,,1.0,,,2.0,2.0,2.0,4.0,3.0,3.0,3.0,3.0,3.0,3.0,3.0,3.0,3.0,3.0,3.0,3.0,3.0,3.0,4.0,4.0,3.0,4.0,4.0,4.0,3.0,7.0,8.0,7.0,8.0,7.0,6.0,7.0,7.0,9.0,6.0,7.0,6.0,7.0,6.0,6.0,7.0,2.0,1.0,1.0,1.0,1.0,1.0,1.0,3.0,,,,,1.0,1.0,,1.0,,,,,,,,2.0,2.0,2.0,2.0,2.0,,3.0,1.0,,,,1.0,,2.0,2.0,8.0,9.0,6.0,5.0,7.0,8.0,8.0,8.0,8.0,7.0,7.0,8.0,6.0,9.0,5.0,6.0,4.0,5.0,6.0,7.0,6.0,6.0,3.0,5.0,,,1.0,,,,,,3.0,3.0,3.0,3.0,3.0,3.0,3.0,3.0,3.0,4.0,2.0,2.0,2.0,2.0,,1.0,,,,1.0,1.0,,2.0,3.0,3.0,2.0,3.0,3.0,3.0,3.0,3.0,1.0,1.0,3.0,1.0,2.0,3.0,2.0,1.0,1.0,1.0,3.0,4.0,2.0,2.0,,1.0,,,,1.0,1.0,,,,1.0,,,,,1.0,,,,1.0,,,8.0,7.0,0.0,2.0,6.0,7.0,9.0,10.0,6.0,9.0,10.0,6.0,5.0,5.0,2.0,0.0,7.0,1.0,1.0,,,,1.0,,,1.0,,,,1.0,1.0,1.0,3.0,3.0,1.071496983965886
978.0,1.0,55.0,5.0,4.0,2.0,16.0,7.0,1.0,2.0,1.0,1.0,1.0,,1.0,,,,,,,,,,,,,,,,,,,,,2.0,1.0,2.0,3.0,2.0,1.0,2.0,2.0,2.0,2.0,1.0,2.0,2.0,2.0,2.0,3.0,2.0,3.0,3.0,3.0,3.0,3.0,3.0,3.0,3.0,8.0,9.0,9.0,8.0,8.0,9.0,8.0,9.0,8.0,8.0,9.0,8.0,8.0,9.0,9.0,9.0,1.0,1.0,1.0,1.0,1.0,1.0,1.0,1.0,1.0,,,,,,1.0,,,,,,1.0,,,2.0,2.0,2.0,3.0,2.0,,3.0,,,1.0,1.0,,,2.0,1.0,9.0,9.0,9.0,9.0,9.0,9.0,9.0,9.0,8.0,9.0,9.0,9.0,9.0,9.0,9.0,9.0,8.0,9.0,9.0,9.0,9.0,9.0,2.0,3.0,,,,1.0,,,,,1.0,1.0,1.0,1.0,1.0,1.0,1.0,1.0,1.0,3.0,3.0,3.0,3.0,2.0,,1.0,,,,,,,2.0,2.0,1.0,2.0,1.0,1.0,1.0,1.0,1.0,1.0,1.0,1.0,1.0,2.0,2.0,1.0,2.0,2.0,2.0,2.0,2.0,2.0,2.0,,,1.0,,,1.0,1.0,,1.0,,,,,,1.0,,,,1.0,,,,9.0,9.0,8.0,9.0,9.0,9.0,9.0,9.0,9.0,9.0,9.0,9.0,9.0,8.0,9.0,9.0,8.0,1.0,1.0,,,,1.0,,,1.0,,,,2.0,2.0,2.0,1.0,1.0,0.6071761840894969
979.0,1.0,36.0,3.0,3.0,2.0,16.0,5.0,1.0,5.0,1.0,,,,1.0,,,,,,1.0,,,1.0,,,,,,,,,,,,2.0,2.0,2.0,4.0,3.0,3.0,3.0,3.0,3.0,3.0,3.0,3.0,3.0,3.0,3.0,3.0,3.0,4.0,4.0,4.0,4.0,4.0,4.0,3.0,3.0,7.0,8.0,7.0,7.0,7.0,7.0,8.0,7.0,8.0,7.0,7.0,6.0,7.0,7.0,7.0,7.0,1.0,1.0,1.0,1.0,1.0,1.0,1.0,3.0,,1.0,,,,,,,,,,,1.0,1.0,,2.0,4.0,2.0,3.0,2.0,,3.0,,1.0,,1.0,,,3.0,2.0,6.0,8.0,6.0,2.0,7.0,7.0,5.0,7.0,7.0,7.0,1.0,7.0,7.0,6.0,6.0,6.0,4.0,6.0,7.0,5.0,6.0,6.0,4.0,3.0,,1.0,,1.0,,,,,1.0,1.0,3.0,1.0,1.0,1.0,1.0,1.0,1.0,3.0,3.0,3.0,2.0,1.0,,1.0,,,,1.0,1.0,,4.0,3.0,1.0,2.0,1.0,1.0,1.0,1.0,1.0,1.0,1.0,1.0,1.0,2.0,2.0,2.0,1.0,1.0,1.0,1.0,4.0,1.0,1.0,,,1.0,1.0,,,,1.0,1.0,1.0,1.0,,,1.0,1.0,,1.0,,,,,,3.0,3.0,0.0,5.0,2.0,5.0,8.0,10.0,8.0,8.0,10.0,5.0,3.0,3.0,0.0,0.0,6.0,5.0,1.0,,,1.0,,,,,,,,2.0,3.0,3.0,1.0,1.0,0.9145664859503748
980.0,1.0,46.0,4.0,5.0,3.0,16.0,6.0,1.0,2.0,1.0,1.0,,,1.0,1.0,,,,,,,,,,,,,,,,,,,,2.0,2.0,2.0,2.0,3.0,3.0,4.0,3.0,2.0,2.0,2.0,2.0,3.0,3.0,2.0,3.0,3.0,3.0,2.0,1.0,2.0,2.0,3.0,2.0,2.0,7.0,9.0,9.0,8.0,9.0,9.0,8.0,9.0,9.0,9.0,8.0,7.0,8.0,9.0,9.0,8.0,1.0,1.0,1.0,2.0,1.0,2.0,2.0,2.0,1.0,,,,,,,1.0,,,,,1.0,,,2.0,3.0,1.0,2.0,2.0,,2.0,,,1.0,,,,2.0,1.0,8.0,9.0,9.0,9.0,8.0,5.0,10.0,10.0,8.0,9.0,8.0,8.0,8.0,10.0,9.0,8.0,9.0,8.0,6.0,9.0,9.0,8.0,3.0,2.0,1.0,,,,1.0,,,,1.0,1.0,1.0,1.0,1.0,2.0,2.0,2.0,1.0,3.0,2.0,2.0,2.0,2.0,,1.0,,,,,,,2.0,2.0,2.0,2.0,1.0,3.0,2.0,2.0,2.0,1.0,1.0,1.0,1.0,2.0,2.0,2.0,4.0,2.0,4.0,2.0,3.0,4.0,3.0,,,,,1.0,1.0,1.0,,,,1.0,,,,,,,1.0,,1.0,,,3.0,4.0,4.0,3.0,4.0,4.0,5.0,3.0,7.0,5.0,3.0,5.0,6.0,4.0,8.0,2.0,8.0,1.0,1.0,,,1.0,,,,,,,,2.0,2.0,2.0,4.0,2.0,0.4756217859915425
981.0,1.0,51.0,4.0,3.0,2.0,16.0,4.0,1.0,4.0,1.0,,,,,,1.0,,,,,,,,,,,1.0,,,,,,1.0,,2.0,2.0,3.0,4.0,2.0,2.0,1.0,3.0,4.0,2.0,2.0,4.0,2.0,3.0,3.0,3.0,2.0,4.0,3.0,4.0,3.0,3.0,3.0,2.0,2.0,7.0,7.0,5.0,7.0,6.0,6.0,5.0,8.0,6.0,7.0,4.0,8.0,6.0,6.0,8.0,8.0,1.0,1.0,2.0,1.0,1.0,2.0,2.0,4.0,,,1.0,,,1.0,,,,1.0,,,,,,3.0,2.0,3.0,4.0,2.0,,3.0,,,,,1.0,,3.0,2.0,6.0,7.0,6.0,8.0,7.0,8.0,7.0,7.0,8.0,8.0,7.0,7.0,7.0,6.0,9.0,6.0,7.0,7.0,6.0,7.0,7.0,8.0,3.0,2.0,1.0,,1.0,,,,,,5.0,1.0,3.0,1.0,3.0,6.0,3.0,1.0,5.0,3.0,4.0,2.0,4.0,2.0,,,,,1.0,,,,4.0,3.0,1.0,1.0,1.0,3.0,2.0,2.0,1.0,2.0,2.0,2.0,1.0,2.0,2.0,2.0,2.0,3.0,1.0,3.0,2.0,4.0,2.0,,,,1.0,,1.0,1.0,,,,1.0,,,1.0,,,,1.0,,,,,6.0,7.0,6.0,6.0,9.0,9.0,7.0,7.0,6.0,7.0,8.0,6.0,6.0,8.0,7.0,6.0,6.0,2.0,1.0,,,,1.0,,,1.0,,,,2.0,2.0,2.0,1.0,1.0,0.5930380431476111
982.0,2.0,32.0,2.0,5.0,2.0,16.0,7.0,1.0,3.0,1.0,,1.0,,,,1.0,,,,,,,,1.0,,,,,,,,,,,3.0,2.0,2.0,3.0,3.0,1.0,3.0,3.0,3.0,3.0,3.0,3.0,3.0,3.0,3.0,3.0,2.0,1.0,2.0,2.0,1.0,2.0,1.0,3.0,2.0,8.0,9.0,8.0,8.0,8.0,8.0,8.0,9.0,7.0,8.0,7.0,7.0,8.0,9.0,8.0,7.0,2.0,1.0,1.0,1.0,1.0,2.0,2.0,3.0,,1.0,1.0,,,,,1.0,,,,,,,,1.0,3.0,1.0,2.0,1.0,1.0,2.0,1.0,1.0,,,,,3.0,2.0,8.0,8.0,9.0,8.0,9.0,8.0,8.0,9.0,9.0,7.0,8.0,9.0,7.0,8.0,7.0,9.0,8.0,9.0,8.0,8.0,8.0,8.0,4.0,2.0,,,,,1.0,1.0,1.0,,1.0,3.0,1.0,1.0,1.0,1.0,3.0,1.0,3.0,1.0,2.0,2.0,1.0,1.0,,,,,,1.0,1.0,,4.0,2.0,2.0,2.0,2.0,1.0,1.0,3.0,1.0,1.0,1.0,1.0,1.0,2.0,2.0,3.0,2.0,2.0,2.0,2.0,2.0,2.0,2.0,1.0,1.0,,,,,,,,1.0,,,,,,,,1.0,,,,,9.0,7.0,6.0,8.0,6.0,9.0,0.0,0.0,7.0,8.0,7.0,7.0,7.0,8.0,0.0,0.0,7.0,1.0,1.0,,,,1.0,,,1.0,,,,2.0,2.0,2.0,1.0,1.0,0.4776160861288666
983.0,1.0,40.0,3.0,5.0,3.0,16.0,9.0,1.0,2.0,1.0,,,,,,,,,,,,,,,,,,,,,,,,1.0,6.0,4.0,2.0,5.0,4.0,4.0,4.0,4.0,4.0,4.0,4.0,4.0,4.0,4.0,4.0,4.0,4.0,5.0,5.0,5.0,5.0,5.0,5.0,5.0,5.0,99.0,99.0,99.0,99.0,99.0,99.0,99.0,99.0,99.0,99.0,99.0,99.0,99.0,99.0,99.0,99.0,3.0,3.0,3.0,3.0,3.0,3.0,3.0,5.0,,,,,,,,,,,,,,,1.0,5.0,5.0,5.0,1.0,1.0,1.0,5.0,,,,,,1.0,6.0,4.0,99.0,99.0,99.0,99.0,99.0,99.0,99.0,99.0,99.0,99.0,99.0,99.0,99.0,99.0,99.0,99.0,99.0,99.0,99.0,99.0,99.0,99.0,6.0,5.0,,,,,,,,1.0,8.0,8.0,8.0,8.0,8.0,8.0,8.0,8.0,8.0,5.0,5.0,5.0,5.0,1.0,,,,,,,,1.0,5.0,5.0,3.0,3.0,3.0,3.0,3.0,3.0,3.0,3.0,3.0,3.0,3.0,3.0,3.0,3.0,5.0,5.0,5.0,5.0,5.0,5.0,5.0,,,,1.0,1.0,,1.0,,,,,,,,1.0,,,,,,,,99.0,99.0,99.0,99.0,99.0,99.0,99.0,99.0,99.0,99.0,99.0,99.0,99.0,99.0,99.0,99.0,1.0,6.0,1.0,,,,,1.0,1.0,,1.0,,,3.0,3.0,3.0,13.0,12.0,0.7532788295013771
984.0,2.0,26.0,2.0,5.0,2.0,16.0,7.0,1.0,4.0,1.0,,,,,,,,,,,,,,,,,,,,,,,,1.0,3.0,3.0,2.0,1.0,4.0,4.0,4.0,4.0,4.0,4.0,4.0,4.0,4.0,4.0,4.0,4.0,4.0,5.0,5.0,5.0,5.0,5.0,5.0,5.0,5.0,99.0,99.0,0.0,99.0,99.0,1.0,99.0,99.0,99.0,99.0,99.0,0.0,99.0,99.0,99.0,99.0,3.0,3.0,3.0,3.0,3.0,3.0,3.0,4.0,,,,,,,,,,,,,,,1.0,5.0,5.0,5.0,2.0,1.0,1.0,1.0,,,,,,1.0,5.0,4.0,99.0,99.0,99.0,99.0,99.0,99.0,99.0,99.0,99.0,99.0,99.0,0.0,99.0,99.0,99.0,99.0,99.0,99.0,99.0,99.0,99.0,99.0,6.0,5.0,,,,,,,,1.0,8.0,8.0,8.0,8.0,8.0,8.0,8.0,8.0,8.0,5.0,5.0,5.0,5.0,2.0,,,,,,,,1.0,5.0,5.0,3.0,3.0,3.0,3.0,3.0,3.0,3.0,3.0,3.0,3.0,3.0,3.0,3.0,3.0,5.0,5.0,5.0,5.0,5.0,5.0,5.0,,1.0,,,,1.0,,,,,,,1.0,,,,,,,,,1.0,99.0,99.0,99.0,99.0,99.0,99.0,99.0,99.0,99.0,99.0,99.0,99.0,99.0,99.0,99.0,99.0,8.0,5.0,1.0,,,,1.0,,,,,,,1.0,1.0,1.0,13.0,12.0,0.5383493753231432
985.0,1.0,46.0,4.0,5.0,2.0,16.0,5.0,1.0,3.0,1.0,1.0,1.0,,,,,,,,,,,,,,,,,,,,1.0,,,3.0,2.0,2.0,2.0,1.0,2.0,3.0,4.0,3.0,2.0,1.0,2.0,2.0,3.0,3.0,2.0,3.0,3.0,2.0,1.0,4.0,3.0,3.0,3.0,2.0,5.0,5.0,5.0,7.0,6.0,4.0,4.0,5.0,5.0,5.0,5.0,6.0,6.0,5.0,5.0,4.0,1.0,2.0,2.0,2.0,2.0,1.0,2.0,2.0,,,,,,,1.0,,1.0,,,1.0,,,,3.0,2.0,3.0,3.0,1.0,2.0,2.0,,,,,1.0,,5.0,3.0,5.0,3.0,4.0,4.0,4.0,4.0,3.0,5.0,4.0,5.0,4.0,7.0,3.0,3.0,4.0,6.0,5.0,4.0,5.0,5.0,4.0,5.0,2.0,3.0,,,,,,,1.0,,3.0,2.0,3.0,3.0,3.0,3.0,3.0,1.0,1.0,2.0,4.0,4.0,3.0,1.0,,,,1.0,,,,,4.0,3.0,2.0,2.0,3.0,2.0,3.0,2.0,2.0,2.0,1.0,2.0,3.0,1.0,1.0,2.0,3.0,3.0,2.0,2.0,3.0,1.0,2.0,,1.0,,,,1.0,1.0,,,1.0,1.0,,,1.0,,,,1.0,,,,,3.0,6.0,6.0,6.0,4.0,6.0,5.0,4.0,7.0,4.0,4.0,5.0,6.0,3.0,7.0,4.0,6.0,5.0,1.0,,,,1.0,1.0,1.0,1.0,1.0,,,1.0,1.0,1.0,7.0,6.0,0.33758780270602085
986.0,1.0,20.0,1.0,3.0,2.0,16.0,4.0,4.0,4.0,1.0,1.0,1.0,,,,,,,,,,,,,,,,,,,,,1.0,,3.0,2.0,7.0,,1.0,2.0,1.0,2.0,2.0,1.0,1.0,1.0,3.0,3.0,1.0,2.0,2.0,2.0,3.0,3.0,4.0,2.0,3.0,2.0,2.0,6.0,7.0,5.0,6.0,5.0,5.0,4.0,8.0,5.0,3.0,5.0,3.0,6.0,4.0,6.0,7.0,2.0,1.0,2.0,2.0,1.0,1.0,1.0,1.0,,1.0,,,,,1.0,,,,1.0,,,,,1.0,3.0,2.0,1.0,1.0,5.0,3.0,,,,,1.0,,4.0,3.0,7.0,6.0,5.0,5.0,4.0,4.0,6.0,6.0,4.0,6.0,5.0,6.0,5.0,4.0,5.0,6.0,5.0,5.0,5.0,5.0,4.0,6.0,3.0,3.0,,1.0,,,,,1.0,,5.0,7.0,7.0,7.0,2.0,4.0,5.0,7.0,1.0,3.0,1.0,2.0,3.0,2.0,,,,,,,,1.0,2.0,3.0,1.0,1.0,1.0,2.0,1.0,2.0,2.0,1.0,2.0,2.0,2.0,1.0,2.0,2.0,3.0,1.0,2.0,2.0,1.0,1.0,1.0,,1.0,,,1.0,,1.0,1.0,,1.0,,,,,1.0,1.0,,,1.0,,,,7.0,3.0,5.0,3.0,5.0,5.0,4.0,4.0,6.0,5.0,7.0,5.0,5.0,6.0,6.0,6.0,4.0,1.0,1.0,,,,,1.0,1.0,,,,,2.0,2.0,2.0,5.0,3.0,1.6612815578427427
987.0,1.0,23.0,1.0,5.0,1.0,16.0,6.0,1.0,1.0,1.0,,,,,,,1.0,,,1.0,,,,,,,,,,,,1.0,,,1.0,1.0,1.0,3.0,2.0,1.0,3.0,2.0,2.0,2.0,1.0,2.0,2.0,2.0,2.0,2.0,1.0,3.0,2.0,2.0,1.0,2.0,2.0,2.0,3.0,8.0,8.0,7.0,8.0,7.0,8.0,8.0,8.0,8.0,9.0,8.0,9.0,9.0,8.0,9.0,7.0,2.0,1.0,2.0,1.0,1.0,1.0,1.0,3.0,,1.0,1.0,,,,,,,,,,1.0,,,2.0,3.0,2.0,4.0,2.0,,2.0,1.0,,,,,,1.0,2.0,7.0,8.0,7.0,6.0,8.0,8.0,6.0,8.0,8.0,8.0,8.0,6.0,6.0,7.0,8.0,7.0,7.0,2.0,7.0,8.0,7.0,7.0,3.0,2.0,,,1.0,,1.0,,,,2.0,2.0,2.0,2.0,2.0,2.0,2.0,2.0,2.0,2.0,2.0,2.0,2.0,2.0,,,,,,,1.0,,1.0,1.0,3.0,2.0,1.0,1.0,1.0,1.0,1.0,1.0,1.0,1.0,1.0,2.0,2.0,1.0,2.0,3.0,1.0,2.0,2.0,2.0,1.0,,1.0,1.0,,,,1.0,,1.0,,,,,,,,1.0,,1.0,,,,4.0,6.0,0.0,3.0,1.0,2.0,8.0,10.0,6.0,6.0,6.0,7.0,7.0,7.0,6.0,5.0,8.0,3.0,1.0,,,,,1.0,1.0,,1.0,,,1.0,1.0,1.0,3.0,10.0,2.0000112180155987
988.0,1.0,36.0,3.0,5.0,2.0,16.0,7.0,5.0,6.0,1.0,,,,,,,,,,,,,1.0,,,,,,,,,,,,2.0,2.0,1.0,3.0,3.0,2.0,1.0,1.0,4.0,1.0,3.0,2.0,4.0,3.0,3.0,2.0,3.0,4.0,4.0,4.0,1.0,4.0,2.0,4.0,4.0,1.0,6.0,2.0,3.0,4.0,8.0,6.0,3.0,7.0,3.0,7.0,5.0,7.0,7.0,9.0,6.0,2.0,2.0,2.0,1.0,1.0,2.0,1.0,2.0,,,,,,,,1.0,,1.0,,,1.0,,,1.0,3.0,4.0,2.0,1.0,1.0,1.0,,1.0,,,,,2.0,2.0,2.0,7.0,3.0,8.0,9.0,9.0,3.0,2.0,6.0,2.0,3.0,1.0,7.0,5.0,6.0,2.0,2.0,4.0,7.0,4.0,8.0,7.0,1.0,1.0,,1.0,,,,,,,4.0,2.0,3.0,5.0,2.0,4.0,6.0,4.0,3.0,4.0,1.0,1.0,5.0,1.0,,1.0,,,,,,,2.0,4.0,3.0,2.0,3.0,3.0,3.0,1.0,1.0,3.0,1.0,3.0,2.0,2.0,2.0,1.0,1.0,4.0,1.0,3.0,1.0,5.0,4.0,1.0,1.0,,,,,,,,,1.0,,,,,,,1.0,,,,,5.0,6.0,8.0,9.0,5.0,9.0,7.0,1.0,4.0,6.0,1.0,8.0,8.0,3.0,8.0,4.0,2.0,4.0,2.0,3.0,,,1.0,,,,,,,2.0,2.0,1.0,1.0,3.0,0.5536020371708549
989.0,2.0,19.0,1.0,5.0,3.0,16.0,4.0,5.0,6.0,1.0,,,,,,,,,,,,,,,,,,,,,,,,1.0,3.0,2.0,9.0,,1.0,1.0,1.0,1.0,3.0,1.0,1.0,1.0,1.0,1.0,1.0,4.0,1.0,1.0,1.0,1.0,1.0,2.0,2.0,1.0,1.0,3.0,4.0,1.0,4.0,4.0,4.0,4.0,3.0,5.0,4.0,99.0,4.0,4.0,5.0,4.0,4.0,1.0,1.0,1.0,1.0,1.0,1.0,1.0,3.0,1.0,,1.0,,,,,,,,1.0,,,,,3.0,2.0,5.0,3.0,2.0,,5.0,,,,,,1.0,2.0,2.0,5.0,99.0,2.0,1.0,3.0,3.0,2.0,2.0,2.0,2.0,2.0,2.0,2.0,2.0,3.0,2.0,3.0,2.0,3.0,2.0,4.0,2.0,6.0,5.0,,,,,,,,1.0,8.0,8.0,8.0,8.0,8.0,8.0,8.0,8.0,8.0,4.0,5.0,5.0,5.0,1.0,,,,,,,,1.0,5.0,5.0,2.0,3.0,3.0,3.0,3.0,3.0,3.0,3.0,3.0,3.0,3.0,3.0,3.0,3.0,1.0,1.0,1.0,1.0,1.0,1.0,1.0,,1.0,1.0,,,,,,,,,,1.0,,,,,,1.0,,,,2.0,3.0,99.0,3.0,99.0,3.0,7.0,10.0,0.0,99.0,8.0,99.0,99.0,99.0,99.0,0.0,4.0,4.0,2.0,15.0,,,,,,,,1.0,,3.0,3.0,3.0,11.0,12.0,0.6326236637524408
990.0,2.0,47.0,4.0,2.0,3.0,16.0,4.0,1.0,6.0,1.0,,,,,,,,,,,,,,,,,,,,,,,,1.0,6.0,4.0,12.0,,4.0,4.0,4.0,4.0,4.0,4.0,4.0,4.0,4.0,4.0,4.0,4.0,4.0,5.0,5.0,5.0,5.0,5.0,5.0,5.0,5.0,7.0,2.0,5.0,6.0,5.0,8.0,4.0,3.0,5.0,5.0,5.0,7.0,5.0,6.0,8.0,5.0,3.0,2.0,3.0,2.0,3.0,3.0,3.0,5.0,,,,,,,,,,,,,,,1.0,5.0,4.0,4.0,3.0,2.0,,3.0,,,1.0,,,,6.0,4.0,6.0,8.0,1.0,3.0,6.0,4.0,3.0,8.0,1.0,7.0,1.0,2.0,7.0,1.0,8.0,1.0,5.0,4.0,2.0,7.0,9.0,2.0,6.0,5.0,,1.0,,,,,,,7.0,3.0,5.0,7.0,8.0,3.0,8.0,8.0,2.0,5.0,5.0,5.0,4.0,2.0,,,,,,,,1.0,4.0,5.0,3.0,1.0,1.0,3.0,3.0,2.0,2.0,3.0,3.0,3.0,1.0,2.0,3.0,3.0,1.0,2.0,5.0,4.0,4.0,4.0,3.0,,1.0,1.0,,,,,1.0,,1.0,,,,,,,,,,,,1.0,99.0,9.0,9.0,2.0,2.0,99.0,1.0,0.0,7.0,3.0,8.0,9.0,3.0,99.0,9.0,99.0,3.0,1.0,1.0,,,,1.0,,,,,,,1.0,1.0,3.0,13.0,12.0,0.889894843382371
991.0,1.0,29.0,2.0,1.0,2.0,16.0,4.0,1.0,6.0,1.0,,,,,,,,,,,,,,,,,,,,,,,,1.0,6.0,4.0,3.0,4.0,4.0,3.0,3.0,2.0,4.0,3.0,1.0,3.0,4.0,3.0,2.0,1.0,4.0,2.0,5.0,1.0,3.0,4.0,4.0,5.0,4.0,9.0,99.0,99.0,8.0,10.0,10.0,8.0,6.0,7.0,6.0,6.0,7.0,7.0,10.0,9.0,7.0,3.0,2.0,2.0,1.0,3.0,3.0,2.0,5.0,,,,,,,,,,,,,,,1.0,4.0,3.0,5.0,4.0,2.0,,5.0,,,1.0,,,,6.0,4.0,8.0,7.0,10.0,8.0,9.0,8.0,99.0,6.0,7.0,8.0,10.0,99.0,10.0,5.0,4.0,8.0,5.0,10.0,8.0,10.0,4.0,6.0,6.0,5.0,,,,,,,,1.0,8.0,8.0,1.0,1.0,2.0,2.0,6.0,6.0,7.0,5.0,2.0,3.0,2.0,3.0,,,,,1.0,,,,4.0,2.0,3.0,2.0,2.0,2.0,2.0,2.0,2.0,3.0,3.0,2.0,2.0,3.0,2.0,3.0,4.0,5.0,3.0,5.0,4.0,4.0,4.0,,,,,1.0,1.0,,,,,,,1.0,,,,,,,1.0,,,3.0,6.0,99.0,9.0,99.0,5.0,8.0,3.0,8.0,99.0,8.0,10.0,99.0,7.0,3.0,9.0,6.0,6.0,3.0,,92.0,,1.0,,,,,,,2.0,3.0,1.0,10.0,11.0,1.9981719352415555
992.0,2.0,51.0,4.0,5.0,2.0,16.0,4.0,1.0,2.0,1.0,,,,,,,1.0,,,,1.0,,,,,,,,,,,,1.0,,2.0,1.0,2.0,1.0,1.0,1.0,1.0,1.0,1.0,1.0,1.0,1.0,1.0,1.0,1.0,1.0,1.0,1.0,2.0,2.0,2.0,2.0,2.0,2.0,2.0,7.0,8.0,7.0,7.0,7.0,6.0,7.0,8.0,6.0,8.0,5.0,8.0,7.0,7.0,8.0,7.0,2.0,1.0,3.0,1.0,1.0,2.0,1.0,4.0,,1.0,,,,,,,,1.0,,,,1.0,,1.0,1.0,1.0,2.0,2.0,,2.0,,,,1.0,1.0,,2.0,2.0,5.0,8.0,6.0,8.0,8.0,8.0,7.0,6.0,6.0,7.0,8.0,8.0,7.0,6.0,7.0,7.0,8.0,8.0,8.0,7.0,7.0,8.0,2.0,2.0,,,,,,,1.0,,5.0,5.0,5.0,2.0,3.0,4.0,4.0,3.0,3.0,2.0,1.0,2.0,2.0,2.0,1.0,,,,,,,,2.0,2.0,3.0,3.0,3.0,3.0,3.0,3.0,3.0,3.0,3.0,3.0,3.0,3.0,3.0,3.0,2.0,2.0,2.0,3.0,2.0,2.0,3.0,,1.0,,1.0,,,,,,1.0,,,,,,1.0,,,,,,,10.0,7.0,8.0,6.0,8.0,8.0,7.0,8.0,9.0,8.0,5.0,8.0,8.0,8.0,7.0,5.0,6.0,1.0,1.0,,,,1.0,,,1.0,,,,1.0,1.0,1.0,12.0,2.0,0.3772530801280392
993.0,1.0,25.0,2.0,5.0,3.0,16.0,3.0,6.0,6.0,1.0,1.0,,,,,,,,,,,,,,,,,,,,,,,,3.0,4.0,11.0,5.0,2.0,2.0,1.0,1.0,2.0,2.0,3.0,2.0,2.0,1.0,3.0,1.0,3.0,2.0,2.0,1.0,3.0,2.0,5.0,3.0,5.0,6.0,6.0,0.0,8.0,7.0,0.0,6.0,2.0,2.0,2.0,7.0,1.0,4.0,6.0,8.0,8.0,1.0,2.0,2.0,2.0,2.0,1.0,3.0,3.0,,,,,,,,,,,,,,,1.0,5.0,1.0,2.0,4.0,1.0,7.0,1.0,1.0,,,,,,4.0,2.0,10.0,3.0,10.0,3.0,5.0,0.0,6.0,0.0,8.0,10.0,5.0,2.0,10.0,5.0,0.0,5.0,3.0,4.0,3.0,4.0,3.0,0.0,3.0,4.0,,,,,,,1.0,,7.0,7.0,7.0,7.0,7.0,7.0,7.0,7.0,7.0,5.0,5.0,5.0,5.0,1.0,,,,,,,1.0,,2.0,1.0,1.0,2.0,2.0,1.0,2.0,1.0,1.0,1.0,1.0,1.0,1.0,1.0,1.0,1.0,5.0,5.0,5.0,5.0,5.0,4.0,5.0,1.0,,1.0,,,,,,,1.0,,,,,,1.0,,,,,,,4.0,0.0,0.0,0.0,0.0,0.0,0.0,10.0,10.0,0.0,0.0,0.0,0.0,0.0,5.0,10.0,3.0,1.0,1.0,,,1.0,,,,,,,,2.0,2.0,2.0,7.0,6.0,1.0289000580731475
994.0,2.0,30.0,2.0,5.0,2.0,16.0,6.0,1.0,1.0,1.0,,,,,1.0,,,,,1.0,,,,,1.0,,,,,,,,,,2.0,2.0,1.0,1.0,1.0,1.0,2.0,2.0,1.0,2.0,1.0,1.0,1.0,2.0,2.0,2.0,2.0,2.0,1.0,2.0,2.0,2.0,3.0,2.0,1.0,8.0,7.0,9.0,6.0,9.0,8.0,7.0,8.0,9.0,7.0,8.0,8.0,9.0,8.0,9.0,10.0,1.0,2.0,2.0,1.0,1.0,2.0,2.0,2.0,1.0,,,1.0,,,,,,,,,,1.0,,4.0,2.0,1.0,2.0,1.0,2.0,1.0,1.0,,1.0,1.0,,,1.0,1.0,8.0,9.0,8.0,7.0,10.0,8.0,7.0,8.0,9.0,9.0,8.0,8.0,9.0,8.0,8.0,8.0,10.0,10.0,8.0,8.0,8.0,8.0,2.0,2.0,,,1.0,,1.0,,,,1.0,1.0,1.0,1.0,1.0,1.0,1.0,1.0,1.0,1.0,2.0,2.0,3.0,1.0,,,,,1.0,1.0,,,3.0,1.0,1.0,2.0,1.0,1.0,2.0,2.0,1.0,1.0,1.0,1.0,1.0,2.0,2.0,2.0,2.0,1.0,1.0,3.0,1.0,2.0,2.0,,1.0,,,,1.0,1.0,,,1.0,,,,,1.0,,,,,1.0,,,4.0,4.0,1.0,4.0,4.0,4.0,7.0,10.0,4.0,10.0,10.0,6.0,8.0,5.0,4.0,1.0,8.0,1.0,1.0,,,,1.0,,,1.0,,,,1.0,1.0,1.0,1.0,1.0,1.1835291400535344
995.0,2.0,44.0,3.0,5.0,2.0,16.0,5.0,6.0,5.0,1.0,,,,,,,,,1.0,,1.0,,,,,,,,,,1.0,,,,3.0,2.0,11.0,3.0,3.0,3.0,2.0,3.0,2.0,3.0,3.0,3.0,3.0,3.0,3.0,1.0,2.0,4.0,4.0,3.0,3.0,4.0,2.0,3.0,4.0,2.0,2.0,6.0,3.0,3.0,2.0,2.0,5.0,2.0,4.0,3.0,3.0,5.0,4.0,4.0,3.0,3.0,3.0,3.0,3.0,3.0,3.0,3.0,3.0,,,,1.0,,,,,1.0,,1.0,,,,,4.0,3.0,4.0,4.0,2.0,,3.0,1.0,1.0,,,,,5.0,2.0,2.0,6.0,5.0,4.0,6.0,4.0,6.0,3.0,4.0,3.0,3.0,4.0,4.0,3.0,3.0,3.0,3.0,2.0,5.0,2.0,2.0,6.0,2.0,2.0,1.0,,1.0,,,,,,8.0,8.0,8.0,8.0,8.0,8.0,8.0,8.0,8.0,5.0,5.0,5.0,5.0,3.0,,,,,,,,1.0,5.0,5.0,3.0,3.0,3.0,3.0,3.0,3.0,3.0,3.0,3.0,3.0,3.0,3.0,3.0,3.0,5.0,2.0,5.0,5.0,5.0,5.0,5.0,1.0,,,,,1.0,,,1.0,,1.0,,,,,1.0,1.0,,1.0,,,,4.0,4.0,5.0,6.0,4.0,3.0,6.0,6.0,3.0,5.0,5.0,4.0,6.0,6.0,5.0,6.0,6.0,6.0,1.0,,,,1.0,,,1.0,,,,1.0,1.0,1.0,3.0,7.0,0.42516233614514704
996.0,2.0,22.0,1.0,5.0,3.0,16.0,5.0,5.0,3.0,2.0,,,,,,,,1.0,,,,,,,,,,,,,,,,,5.0,3.0,3.0,5.0,2.0,3.0,3.0,3.0,3.0,2.0,3.0,4.0,3.0,2.0,3.0,3.0,2.0,3.0,3.0,3.0,4.0,2.0,2.0,2.0,3.0,4.0,5.0,7.0,5.0,4.0,5.0,7.0,5.0,5.0,4.0,6.0,6.0,5.0,4.0,5.0,4.0,2.0,2.0,2.0,2.0,2.0,1.0,2.0,3.0,,,1.0,,,1.0,,1.0,,,,,,,,4.0,4.0,4.0,3.0,2.0,,2.0,,,,1.0,,,5.0,4.0,2.0,6.0,6.0,6.0,6.0,6.0,4.0,6.0,6.0,6.0,7.0,7.0,6.0,7.0,7.0,8.0,7.0,5.0,8.0,5.0,6.0,7.0,4.0,3.0,,,,,1.0,,,,1.0,1.0,3.0,1.0,3.0,5.0,5.0,3.0,1.0,4.0,4.0,4.0,4.0,3.0,,1.0,,,,,,,4.0,3.0,3.0,2.0,3.0,3.0,3.0,2.0,3.0,2.0,3.0,3.0,3.0,3.0,3.0,2.0,4.0,2.0,2.0,4.0,4.0,2.0,4.0,,1.0,,1.0,,,,,1.0,,,,,,,,1.0,,,,,,3.0,6.0,5.0,3.0,4.0,6.0,7.0,6.0,2.0,5.0,5.0,6.0,6.0,3.0,6.0,2.0,7.0,3.0,1.0,,,,,,1.0,,,,,1.0,1.0,1.0,2.0,12.0,0.6109821506475526
997.0,1.0,35.0,3.0,5.0,3.0,16.0,2.0,3.0,4.0,1.0,,,,,,,1.0,,,,,,,,,,,,,,,,,,3.0,2.0,3.0,2.0,3.0,3.0,2.0,3.0,2.0,2.0,3.0,3.0,3.0,4.0,3.0,3.0,3.0,1.0,3.0,2.0,3.0,2.0,3.0,5.0,4.0,4.0,4.0,6.0,7.0,7.0,7.0,99.0,5.0,7.0,7.0,99.0,10.0,4.0,5.0,4.0,99.0,2.0,1.0,2.0,3.0,2.0,2.0,2.0,3.0,,,1.0,,1.0,,1.0,,,,,,,,,3.0,4.0,2.0,2.0,1.0,4.0,1.0,,1.0,,,,,4.0,2.0,3.0,5.0,6.0,3.0,6.0,6.0,6.0,6.0,5.0,6.0,5.0,5.0,5.0,5.0,6.0,5.0,4.0,7.0,6.0,5.0,5.0,5.0,2.0,2.0,,,1.0,,,,,,6.0,6.0,4.0,2.0,6.0,1.0,5.0,8.0,5.0,2.0,3.0,5.0,3.0,1.0,1.0,,,,,,,,2.0,2.0,2.0,2.0,1.0,2.0,1.0,1.0,2.0,1.0,3.0,1.0,1.0,2.0,3.0,2.0,1.0,1.0,3.0,3.0,3.0,3.0,4.0,,,,,1.0,1.0,1.0,,,,,,,,,,,,1.0,,,,2.0,4.0,4.0,5.0,6.0,5.0,3.0,10.0,4.0,5.0,6.0,6.0,6.0,3.0,4.0,6.0,2.0,3.0,2.0,16.0,,,,,1.0,,,,,2.0,2.0,1.0,2.0,2.0,0.7818485918208353
998.0,1.0,30.0,2.0,4.0,3.0,16.0,6.0,1.0,2.0,1.0,,,1.0,,,,,,,,,,1.0,,,,1.0,,,,,,,,3.0,2.0,3.0,3.0,2.0,3.0,1.0,3.0,1.0,3.0,1.0,4.0,2.0,3.0,2.0,4.0,3.0,4.0,2.0,4.0,1.0,3.0,4.0,1.0,3.0,8.0,7.0,9.0,8.0,7.0,8.0,9.0,7.0,10.0,9.0,6.0,9.0,7.0,8.0,5.0,6.0,1.0,2.0,3.0,1.0,1.0,2.0,1.0,4.0,,,,,,,,1.0,,,,,1.0,1.0,,4.0,2.0,2.0,2.0,2.0,,2.0,,,1.0,,,,3.0,1.0,8.0,10.0,8.0,6.0,9.0,9.0,10.0,8.0,8.0,7.0,8.0,9.0,6.0,7.0,9.0,6.0,6.0,7.0,7.0,7.0,7.0,5.0,2.0,2.0,1.0,1.0,,,,1.0,,,6.0,2.0,6.0,5.0,7.0,2.0,6.0,1.0,2.0,1.0,3.0,2.0,3.0,1.0,,,,,1.0,,,,2.0,2.0,1.0,2.0,3.0,3.0,3.0,1.0,2.0,1.0,2.0,3.0,3.0,1.0,1.0,3.0,1.0,4.0,2.0,4.0,2.0,1.0,4.0,1.0,,,,1.0,,,,1.0,,1.0,,,,,,,,1.0,,,,8.0,3.0,8.0,10.0,8.0,5.0,6.0,7.0,8.0,10.0,9.0,7.0,7.0,4.0,5.0,7.0,7.0,1.0,1.0,,,,1.0,,,,,,,1.0,1.0,2.0,6.0,3.0,1.523241220014127
999.0,2.0,20.0,1.0,1.0,3.0,16.0,1.0,2.0,4.0,1.0,,,,,,1.0,,,,,,,1.0,,,,,,,1.0,,,,,1.0,4.0,12.0,,3.0,3.0,3.0,3.0,3.0,4.0,1.0,4.0,2.0,2.0,3.0,3.0,3.0,2.0,1.0,1.0,2.0,4.0,5.0,2.0,2.0,0.0,7.0,1.0,2.0,7.0,3.0,7.0,8.0,5.0,9.0,2.0,4.0,7.0,1.0,3.0,8.0,2.0,1.0,2.0,2.0,2.0,2.0,2.0,2.0,1.0,,,1.0,,,,,,,,,,1.0,,4.0,2.0,4.0,3.0,2.0,,2.0,,,,,,1.0,3.0,2.0,1.0,8.0,5.0,2.0,8.0,2.0,3.0,4.0,7.0,1.0,6.0,10.0,3.0,5.0,7.0,1.0,1.0,2.0,7.0,8.0,7.0,8.0,5.0,2.0,1.0,,1.0,,,,1.0,,5.0,3.0,6.0,1.0,4.0,5.0,6.0,4.0,6.0,5.0,4.0,3.0,2.0,2.0,,,,,1.0,,,,1.0,2.0,3.0,2.0,3.0,2.0,1.0,3.0,1.0,3.0,3.0,2.0,2.0,2.0,1.0,1.0,4.0,2.0,1.0,4.0,2.0,2.0,1.0,1.0,,,,,1.0,,1.0,,,1.0,,,,,,,,,,,1.0,1.0,8.0,9.0,2.0,3.0,8.0,10.0,10.0,2.0,7.0,4.0,2.0,3.0,3.0,4.0,3.0,2.0,1.0,1.0,,,,,,,,,1.0,,1.0,2.0,1.0,2.0,1.0,1.75301316882077
1000.0,2.0,21.0,1.0,2.0,2.0,16.0,4.0,1.0,4.0,1.0,,,,,,,,,,,,,,,,1.0,,,,,,,,,1.0,1.0,10.0,,1.0,2.0,3.0,1.0,1.0,1.0,2.0,1.0,4.0,1.0,2.0,3.0,1.0,2.0,2.0,4.0,3.0,4.0,3.0,3.0,4.0,8.0,8.0,9.0,9.0,9.0,8.0,9.0,9.0,9.0,7.0,8.0,7.0,9.0,8.0,8.0,9.0,2.0,2.0,2.0,3.0,2.0,3.0,2.0,4.0,,,,,,1.0,1.0,,,,,,1.0,,,4.0,4.0,5.0,4.0,2.0,,3.0,,,1.0,,1.0,,5.0,2.0,2.0,7.0,7.0,8.0,8.0,10.0,7.0,8.0,8.0,10.0,8.0,8.0,8.0,8.0,9.0,7.0,7.0,7.0,8.0,8.0,8.0,9.0,4.0,4.0,,,,1.0,,,,,7.0,4.0,6.0,6.0,7.0,5.0,7.0,4.0,4.0,4.0,3.0,2.0,3.0,3.0,,,1.0,,,,,,4.0,5.0,1.0,2.0,3.0,2.0,3.0,2.0,3.0,3.0,3.0,3.0,3.0,2.0,2.0,3.0,4.0,2.0,4.0,3.0,5.0,2.0,5.0,,1.0,,1.0,,,,1.0,,1.0,,,,1.0,,1.0,,,,,,,2.0,9.0,8.0,6.0,7.0,7.0,2.0,8.0,4.0,8.0,8.0,8.0,8.0,8.0,7.0,8.0,6.0,4.0,2.0,1.0,,,,,,,,1.0,,1.0,2.0,3.0,2.0,7.0,1.0122968997188853
